TIC,tess_eb_period,tess_eb_morph
185259483,0.310564,0.837
307990280,2.3159117,0.932
387178621,8.1871258,0.545
300560295,20.588776,0.044
318185328,0.3683055,0.745
363326796,11.3956206,0.16
73764693,0.139296,0.657
31273263,22.5729583,0.081
279955276,0.5768497,0.636
144167463,2.1466378,0.899
364325969,0.4198945,0.798
302038263,1.5472603,0.528
176983267,0.4180924,0.991
308751185,1.3616205,0.94
341550561,1.1057183,0.847
140757590,0.4184041,0.865
140084919,0.8450043,1.011
177118376,0.4112904,0.878
388179896,0.3098493,0.721
177308817,23.8960519,0.067
142013583,0.3220011,0.964
31415131,0.7896026,0.63
146530594,27.0879453,0.132
167719897,0.5133215,0.941
391906858,1.1471897,0.933
349911034,0.5384816,0.553
349642881,1.4735083,0.346
150101472,3.2785242,0.352
22221233,1.8623447,0.686
93997745,1.124485,0.905
177258700,0.6879647,0.811
189639080,3.1337762,0.162
382069441,5.4786639,0.615
349518145,8.2798747,0.15
289801742,1.3896275,0.63
106309554,1.1031609,0.638
468997317,3.7500535,0.325
167005326,0.7204063,0.689
321312438,1.1847683,0.507
450276745,1.266478,0.585
135244338,0.6149767,0.963
181226974,1.9353781,0.538
5981829,1.799076,0.607
293081694,1.2561019,0.659
457427613,1.2228117,0.599
167722431,0.5411687,0.689
167692491,0.4208575,0.973
294206967,2.7580575,0.483
228760807,0.7779784,0.511
295885511,5.0547566,0.475
38586438,1.1112853,0.368
398850090,13.1813342,0.107
73177813,8.8160188,0.608
30313682,5.7273674,0.422
308085294,4.3329138,0.807
300293197,13.1176103,0.443
364302118,1.3453456,0.56
272357134,4.1969492,0.497
318986273,3.1070197,0.532
261677352,1.1467472,0.873
355151781,1.5807272,0.978
276935987,4.2507272,0.663
349480507,1.5620192,0.552
72121778,6.0117788,0.162
390549095,1.8695387,0.644
300443831,0.8474457,0.883
167338355,0.2883619,0.748
294784522,0.4956179,0.848
347752831,2.164663,0.26
149473467,1.0948857,0.606
278822321,0.6391327,0.806
421191260,2.6857639,0.493
229889119,0.8875197,0.75
434515577,0.3166313,0.88
149976187,0.8968788,0.674
33715938,1.4392968,0.529
294092960,0.9022575,0.671
149629043,2.1881105,0.455
93000166,2.8570926,0.332
167891342,0.6335889,0.797
451960523,2.4461201,0.552
107012110,3.0311832,0.349
135050395,6.7599877,0.123
167123437,0.767151,0.518
23555025,4.7456775,0.346
320228013,6.8002103,0.55
458859193,1.149914,0.608
391643922,17.7969142,0.197
151826930,2.6952751,0.485
141606986,0.3438411,0.731
260161144,2.2341666,0.458
355152640,22.1189597,0.212
22390773,11.3051195,0.109
279569718,3.9794037,0.353
454013359,5.147686,0.345
176937887,0.6574974,0.539
349832824,1.0407309,0.519
294261093,2.6583152,0.614
391927558,0.5429778,0.641
350518984,23.9165758,0.021
293109489,1.2650517,0.453
350478924,0.4370846,0.741
423530755,4.6843069,0.242
294273900,0.4722803,0.829
309659126,0.2482701,0.772
157175641,0.3702377,0.789
302043038,16.7212031,0.131
320855910,2.7546793,0.487
405387285,0.9879181,0.925
278988794,7.5923552,0.173
378885645,4.2261769,0.592
103777040,0.473221,0.652
150361911,2.4938523,0.461
280738935,1.5132067,0.541
294092966,0.9022624,0.673
466323338,21.3389511,0.07
372909935,3.6111184,0.215
382266319,0.3442883,0.769
38462522,1.3570883,0.363
408512382,4.0317118,0.272
231093356,3.4703404,0.405
132298139,35.968161,0.107
380127556,0.4510887,0.947
32000625,0.7017512,0.535
162305237,0.3371859,0.882
345899523,6.7185621,0.548
165456443,4.3139651,0.301
278861826,1.0676262,0.533
229811538,11.5402195,0.182
458808688,1.3509634,0.542
392113518,4.3636178,0.393
467062613,1.516281,0.565
321947833,5.4212965,0.6
294191640,1.5939127,0.511
350030939,1.2209606,0.585
181150051,1.0401227,0.513
415783540,0.4337532,0.562
167304040,5.8191329,0.346
137136194,3.1306539,0.405
141975903,0.2577022,0.758
124205037,0.3327345,0.794
307488184,10.0668842,0.142
82580956,1.8942674,0.466
271701447,1.6388205,0.525
141622065,2.9279902,0.577
398763011,9.3189094,0.452
308851582,4.9124269,0.193
260162199,0.2680682,0.754
25078924,0.9043827,0.556
124604724,0.1169202,0.697
381948745,1.5957514,0.535
181159386,5.6316349,0.44
306130391,4.6452833,0.402
220474209,0.9801495,0.489
141766191,0.3735113,1.002
279615979,0.2407307,0.777
176910080,1.8573592,0.52
102764828,0.6726622,0.701
468162834,2.617318,0.64
142105466,0.4332051,0.868
141127435,3.2422209,0.825
57652994,4.2785301,0.367
266845051,1.4697047,0.958
462267926,10.9399897,0.389
55524055,2.649443,0.269
307433122,27.8513812,0.031
452500843,8.4502808,0.712
349790953,1.5520821,0.423
150442264,2.9816876,0.671
32449963,6.5204909,0.156
92902951,2.2464835,0.583
467167691,0.359403,0.933
415873588,3.4913476,0.5
288027491,32.2082685,0.116
141685465,7.8074225,0.22
178859380,0.3307902,0.746
29777922,0.5305975,0.876
55404385,2.9520513,0.324
124282575,4.8103945,0.314
303441920,0.9176657,0.885
163648025,1.7301722,0.625
355152971,8.0760327,0.452
271596290,1.282475,0.576
459809633,0.5094438,0.632
308184924,4.1284274,0.311
167654878,0.4939027,0.961
1630690,0.4136605,0.965
437322147,10.6151213,0.317
124095230,10.6190279,0.159
452631268,22.122466,0.025
370101325,0.5090886,0.897
350480660,4.4638235,0.302
300871545,4.8170762,0.197
219699532,1.0810901,0.594
309658221,7.5949887,0.247
167692429,10.2628479,0.172
459293335,1.2092164,0.486
458859364,2.2997312,0.59
462785373,31.8437697,0.162
446832107,6.1945476,0.217
433277449,6.2020381,0.376
298700310,0.7130761,0.735
279089927,1.9059241,0.772
382517745,10.4410548,0.069
453097744,1.0572138,0.782
402447670,4.3536788,0.868
458474559,1.3905824,0.524
348897766,0.4420565,0.81
140659980,9.4400721,0.085
23328912,2.5640164,0.52
165458777,0.2926701,0.759
29778064,0.4946419,0.635
410654298,19.9520732,0.05
349308842,3.5827778,0.384
303811839,6.9206307,0.123
219912046,1.7797694,0.516
302995864,1.2814346,0.617
5868998,0.6356447,0.443
370101492,1.6318813,0.766
422327572,0.4095596,0.857
97908039,5.1397073,0.6
341193555,9.7242239,0.134
260536927,5.729652,0.335
317642317,1.3872943,0.72
278956474,5.4880499,0.314
260132330,17.2987798,0.075
55497281,14.9053608,0.07
401227592,1.3990757,0.477
386166904,12.3556695,0.189
425064757,0.2615397,0.447
177077475,23.4262368,0.051
238196979,9.4228509,0.313
287328866,2.0767992,0.4
149573659,4.373719,0.175
399144800,27.2154167,0.124
162585265,0.5123344,0.593
22457438,0.3606758,0.717
98628827,0.4908602,0.921
158713903,3.5943016,0.481
321455348,7.6818847,0.213
450637853,0.4971263,0.784
142109430,0.6141031,0.821
231075361,0.3197352,1.002
280667311,1.627885,0.935
167890109,0.3769767,0.709
319936228,9.6464394,0.321
30034081,2.3446089,0.506
309257814,1.2383848,0.362
308457026,0.6439002,1.01
399423563,0.8841726,0.685
147026702,2.0728219,0.456
158673914,0.3733744,0.751
318825030,5.1848468,0.266
347809861,1.811452,0.54
296449358,0.3351379,0.943
349154435,4.4321625,0.192
260128333,14.6085828,0.123
282051803,2.4636031,0.414
363149298,3.1756342,0.542
382067804,26.1313581,0.164
399253092,8.7212403,0.294
15445546,1.6827975,0.445
452734608,1.9944549,0.565
298079609,0.495386,0.834
382028425,8.846201,0.353
279569707,3.9794091,0.384
308451526,0.7896583,0.596
231810776,0.2327289,0.704
147214032,2.4877086,0.488
443494454,3.575533,0.41
350622185,1.1685719,0.585
408552008,0.5234448,0.41
437297176,4.3960301,0.544
21827849,0.9426368,0.458
382512330,0.8911385,0.866
141333573,4.2473074,0.378
131625230,2.2134409,0.491
220359766,1.7598716,0.506
260131665,1.6725346,0.661
278683641,4.2418211,0.314
309146836,5.4279442,0.255
439519959,2.4468506,0.555
83135408,1.8017221,0.531
260502102,7.3152083,0.125
318512022,4.8242518,0.291
299702740,1.4652035,0.616
390554357,3.6473992,0.579
118313102,9.255727,0.18
248111238,4.6551796,0.347
142262969,15.5149339,0.086
388129029,0.2972816,0.81
141914317,0.4371692,0.784
94637805,0.2768891,0.786
167526485,5.0114962,0.547
141809359,12.15756,0.089
258314976,4.9662683,0.437
324675819,3.3029374,0.456
350479101,11.9168906,0.127
141268467,4.1810902,0.337
382188882,4.8000945,0.161
89787778,1.0826341,0.662
358111274,43.8434276,0.01
248074315,15.7235135,0.103
178889597,1.884499,0.515
162585282,0.512331,0.594
438942374,1.709134,0.489
467238286,3.4143331,0.608
333127661,7.8942715,0.29
281924357,15.0403573,0.044
142148228,1.5612094,0.46
356524567,1.153964,0.531
405177882,13.7148969,0.132
364392434,1.721769,0.777
286191384,3.6118208,0.449
350443417,1.2167214,0.514
458199516,3.0172063,0.429
178723395,1.7615731,0.385
77557473,0.5815637,0.513
322078735,0.7316135,0.653
349156098,1.2014857,0.551
22481474,0.4403005,0.433
403757320,1.0025046,0.263
364395234,1.3757531,0.505
99028324,9.40434,0.256
1630438,0.3905231,0.989
58466459,3.8716104,0.294
167694820,0.5221897,0.707
391550834,3.6056426,0.34
397361078,2.2077215,0.759
219373406,0.8618965,0.601
23559851,0.3248137,0.611
271999940,0.5642229,0.713
279323859,1.0799812,0.572
38423705,0.5336538,0.809
158450472,1.3530058,0.566
443494351,0.5158002,0.723
384031569,20.8219638,0.135
376915487,2.5395591,0.55
269347089,8.2596821,0.496
102169275,13.099714,0.196
374859582,1.3049652,0.559
152147549,0.2294902,0.746
167554898,4.4537006,0.367
349480752,77.7343273,0.145
349762699,31.3956354,0.106
32150630,1.4920361,0.349
99028319,9.4045943,0.263
181862539,3.1445398,0.564
452575636,2.0422585,0.425
402107145,0.2923328,0.721
303427297,4.2973723,0.193
131239334,0.5698003,0.729
81702112,7.7359444,0.316
309402205,0.7444099,0.709
452172479,0.738522,0.685
452406965,0.255532,0.716
142105299,80.0528937,0.03
399421408,2.0455544,0.429
41170667,0.9740942,0.917
272058503,3.7355485,0.499
380117288,1.4177203,0.646
307216760,0.7340051,0.847
308991822,8.2243833,0.161
349484636,0.3719685,0.756
167795859,6.2128172,0.196
32050581,3.1131466,0.224
55652785,1.6941403,0.566
306580215,3.499005,0.256
237915523,0.3322736,0.797
323292655,1.6698839,0.595
394657952,0.8723736,0.594
358022169,0.1516228,0.553
150101799,1.577227,0.341
149160359,1.1207351,0.694
425594181,8.6904726,0.253
453095485,0.3082996,0.792
312907176,0.7579494,0.622
360205899,0.4285519,0.659
148158540,1.8495522,0.544
405533713,0.2799592,0.763
308828048,1.0692161,0.749
438682877,0.921935,0.671
159864583,3.6404884,0.492
460820330,5.0739877,0.199
309528896,1.8956622,0.291
159493588,0.3534062,0.769
243475355,1.0957854,0.558
323727556,4.0073128,0.558
179410793,7.8327444,0.328
361388647,0.9815337,0.533
453784977,0.4097216,0.776
383858742,0.3211244,0.943
373844472,1.8391274,0.352
150101476,3.2785754,0.411
260192157,4.3718388,0.316
434664688,16.8578433,0.077
461271719,3.8127029,0.512
141978095,12.8339767,0.222
166319733,0.2822073,0.719
338465029,1.1981517,0.531
365717153,11.9094253,0.139
242323067,2.0454899,0.587
141943694,1.8345625,0.38
38707340,0.5638978,0.857
243643549,1.7922626,0.615
177118177,2.5041961,0.648
242149417,1.8200771,0.832
319936861,2.090676,0.578
160159932,0.7991886,0.798
75490265,3.7384026,0.246
307085577,4.2812441,0.596
243391171,1.5169916,0.554
243662768,1.628796,0.355
278895603,0.7409491,0.757
270507305,1.2282336,0.327
291651765,0.8274292,0.562
306410072,2.3620345,0.551
176871438,15.1382159,0.239
394452884,0.3026648,0.719
407661994,25.1117023,0.037
219201178,2.416991,0.484
451112995,9.3056453,0.282
418295363,1.0468808,0.537
307783750,0.5644946,0.796
280909668,1.9379919,0.536
323255579,0.8611959,0.524
120016,0.3263708,0.849
404927661,18.5362828,0.108
393491149,0.5543533,0.595
370085638,10.7713548,0.248
48227278,2.8963311,0.37
332607409,13.0509244,0.342
369506001,4.1529469,0.272
404804908,4.4140873,0.203
60735803,21.1444727,0.052
418532689,0.3803666,0.62
363847487,2.4012395,0.304
394099697,0.7652936,0.49
83391903,2.4772474,0.284
350298314,47.7191149,0.002
394728064,42.6178946,0.157
438790187,2.0919391,0.361
337370789,0.8380236,0.561
306635088,17.0043351,0.138
83833793,2.1734806,0.583
210636260,0.8688272,0.803
31511621,2.629486,0.633
260659986,3.5700897,0.406
61120063,1.3195968,0.966
278289141,5.8672921,0.375
332600127,0.560476,0.676
420581415,1.3157195,0.408
167722708,35.297151,0.112
412942849,0.1903048,0.624
140760434,30.9767086,0.128
128886984,1.6339861,0.782
107548305,0.048979,0.949
323968843,2.6995287,0.517
370678161,7.5556123,0.366
453785266,5.4400952,0.343
47831368,0.3659521,0.835
220029715,3.1874984,0.275
401626459,1.5129236,0.411
454855280,7.9612445,0.16
448852739,1.1746333,0.526
112099606,10.2868251,0.166
379783522,2.4500945,0.486
357911163,4.7818281,0.236
272467271,1.3475265,0.544
129116176,2.017322,0.429
83939434,0.9210253,0.77
73455146,0.6693594,0.855
83449549,3.4284422,0.531
287669537,1.2950907,0.579
160150808,0.3740459,0.594
159864610,3.6398863,0.449
166624433,2.4827232,0.399
260504147,8.4183061,0.179
55383975,48.0513013,0.034
451282261,1.3330077,0.841
112098034,3.9102627,0.394
141124793,5.887035,0.266
127955334,3.0825801,0.39
48227288,2.8965088,0.359
394272819,2.9881577,0.891
179637488,3.2969808,0.679
394508465,5.4021729,0.469
166660531,0.3431742,0.766
411712609,0.2902786,0.969
309434176,3.8187935,0.348
160484494,2.8601083,0.451
310556491,1.5553632,0.495
203387944,3.3108416,0.477
261089147,0.4616656,0.793
260541250,0.3359386,0.815
350743714,7.7575749,0.17
451211626,2.4525335,0.277
359308549,1.2227943,0.499
311925584,3.64597,0.151
258519658,0.8877353,0.388
91961,5.2826248,0.175
55659311,31.1134188,0.049
158979332,1.5321936,0.926
396004353,0.1315314,0.502
30540538,1.599844,0.726
30382918,0.5719608,0.536
271225404,2.1194569,0.345
278296621,2.500483,0.489
31134762,3.7872526,0.455
185466937,0.2743782,0.838
75969405,4.6107416,0.306
76658755,1.0498694,0.341
261335113,8.1305944,0.065
261105201,0.95557,0.792
359618989,1.8746789,0.606
300161053,13.3068164,0.122
404144841,0.4477342,0.651
30287190,3.1243419,0.237
278413303,1.842653,0.899
30993392,5.7945445,0.289
450798369,1.1585309,0.607
76698707,0.5278686,0.545
350445771,3.1904288,0.232
122285268,0.7208626,0.644
357713892,7.1001327,0.216
270348090,2.8194632,0.23
359767082,3.0692448,0.762
35349987,42.9559995,0.018
179966966,1.5481001,0.797
55602946,4.9386468,0.313
363885457,0.3517662,0.901
150187916,1.1162148,0.92
309598681,0.8485798,0.504
410578942,5.9026635,0.583
258837989,0.8870531,0.659
331183881,4.283982,0.254
307927495,20.5564876,0.157
243642384,1.7468124,0.744
449650980,1.2783847,0.78
160697480,2.9844975,0.708
83914837,0.9118507,0.649
312102715,0.9936833,0.8
48318875,0.3028388,0.746
260708271,0.3588283,0.895
243192504,2.2871298,0.352
398363472,3.0580323,0.319
307610438,1.5623674,0.36
300104749,5.5777022,0.263
150300654,5.4498972,0.366
304458680,1.0387194,0.796
357512000,0.8797054,0.697
270288280,0.3057097,0.879
179368346,0.2626685,0.731
309350921,4.982654,0.24
306576384,3.2146434,0.253
241532550,2.0572216,0.284
150357064,2.9787011,0.303
47309500,0.3868075,0.773
323020176,11.9758852,0.182
255350388,1.6905379,0.433
338104678,1.4466495,0.679
294200378,2.9855276,0.574
16288184,4.3596973,0.471
323442776,1.1493927,0.775
384534266,0.9877761,0.937
279087522,4.2407153,0.373
341258182,4.4899092,0.433
263035184,0.3033046,0.727
291320884,0.3717522,0.57
279217728,8.730563,0.345
167201539,9.4689278,0.152
41561453,1.513786,0.607
177631209,2.1442081,0.36
271893367,5.8574622,0.338
374447935,15.5144882,0.375
384742846,6.356936,0.25
298372701,1.6642684,0.267
430263572,1.2482139,0.554
151300352,0.6214257,0.71
301160638,16.0184397,0.109
30450412,1.2538431,0.355
284783117,11.243486,0.219
348555861,2.1609242,0.318
407147727,0.5996011,0.596
279692257,2.6168348,0.419
349059354,1.6646631,0.522
198076334,0.7826006,0.545
357040925,0.5140399,0.812
402918060,2.5622873,0.365
305674644,0.3142173,0.945
306987941,0.4710207,0.605
381979901,3.2541357,0.501
255319384,2.2965187,0.542
206912019,0.3572646,0.913
423987361,5.5332324,0.141
454058066,6.4562843,0.667
389070884,8.5425301,0.66
343757299,5.8192347,0.26
342782002,1.0971318,0.547
418720347,1.8038465,0.455
202445608,3.3692498,0.622
357662316,3.6126873,0.232
125115082,1.3010635,0.544
262614966,1.1545645,0.953
280055342,0.7865936,0.628
341029467,13.2085964,0.207
125857387,2.494762,0.68
38494096,4.8944544,0.522
301247295,4.2558821,0.441
257737073,1.330149,0.51
220402294,0.7852427,0.641
300324638,2.6413906,0.458
442829369,3.8623246,0.405
309619055,10.5509286,0.163
25078120,0.8232098,0.952
167656297,2.2656055,0.319
220397947,3.5520271,0.328
342694097,4.3433237,0.647
124350360,17.1162213,0.007
306272819,2.5461439,0.445
370676773,1.7986396,0.903
447493530,3.3007849,0.551
379865347,0.9328606,0.47
279323519,4.0927845,0.332
24133365,7.0690407,0.338
293151358,2.3129764,0.571
379806358,0.4307893,0.722
67267845,2.0253143,0.586
238229705,31.4722935,0.136
272086869,3.9826984,0.193
388128308,1.1939728,0.41
190863171,0.2043994,0.62
207511576,1.3680135,0.608
214716930,8.5251621,0.261
261138857,1.8415276,0.664
102643159,1.7769154,0.559
396655059,7.9771837,0.186
388244501,2.1187553,0.959
336931938,0.379872,0.788
24194061,1.2624534,0.561
465088681,12.0413734,0.296
426541180,4.6975343,0.199
90836525,0.3138837,0.892
125958765,0.6173582,1.025
305675525,0.2965474,0.853
207693951,2.7164452,0.53
349763482,15.6295651,0.125
255513991,2.1983926,0.719
159803421,0.5522213,0.435
255567460,13.7963311,0.08
394699148,0.4124419,0.934
388203226,0.8139276,0.579
455463415,5.852051,0.349
350025490,0.6268532,0.502
304071827,1.5916127,0.523
360571125,2.4624055,0.355
426422372,14.3094876,0.182
149030418,1.7402013,0.443
349521875,37.4100847,0.113
297701617,18.5478532,0.307
316207527,3.0131225,0.287
216728030,3.1972282,0.703
121455954,3.5148061,0.671
407824089,17.9447363,0.077
410418820,8.569526,0.231
217059369,5.6820851,0.679
446872386,13.0812872,0.085
261136311,8.8717027,0.31
278826516,14.0836051,0.082
32959497,2.5034399,0.524
306107122,7.759831,0.389
269852699,5.136511,0.262
348717439,0.4794003,0.85
359987981,1.0655783,0.943
213514265,2.3277105,0.556
363933313,4.6866172,0.194
395429348,1.6513533,0.395
290410988,0.2858823,0.737
216995338,4.974134,0.217
189084771,15.0798097,0.34
133701671,4.6955429,0.235
222945452,0.7482019,0.595
293480903,7.5694596,0.117
279156705,0.7228749,0.885
407823917,10.6152073,0.143
448727889,4.3914487,0.841
222173967,2.013641,0.384
294197236,1.9345402,0.607
141708335,4.7603435,0.251
294059372,0.6667438,0.605
303264387,1.7811271,0.572
276836579,0.3814965,0.768
418527327,2.0457806,0.825
339566276,4.2403186,0.646
421285598,2.3581131,0.326
402918064,1.2811614,0.426
349643889,26.6794629,0.032
343285974,16.0457664,0.337
167812449,4.2356768,0.141
325564366,0.8886966,0.509
306981513,2.770777,0.48
267239205,0.8303664,0.608
245527958,0.9415949,0.967
216190934,2.6749712,0.567
247145147,12.9536819,0.071
152377056,0.943262,0.571
94257578,1.1911554,0.465
218821972,3.5378793,0.462
455509774,3.9034251,0.618
161988269,2.513944,0.592
442567883,0.6258737,0.579
301956407,1.8312572,0.451
340100436,2.9382126,0.239
448913059,0.3677722,0.986
122645363,0.5339372,0.532
311103813,0.5278588,0.681
50380257,1.3482851,0.598
456609929,4.5671749,0.273
464422047,2.7484161,0.492
254003502,0.5914569,0.824
238197709,13.7256533,0.074
112401201,1.1157894,0.68
265435357,2.8775044,0.861
396170777,6.5656577,0.468
303909865,2.1266729,0.425
344031627,4.0184211,0.727
360824561,1.4952488,0.459
339666028,1.0070898,0.921
422038373,8.222261,0.148
380645083,4.3886488,0.171
279322914,18.8676842,0.118
6667908,14.4434464,0.298
201747686,1.3456287,0.5
167792080,3.2532219,0.444
280052690,2.8504361,0.433
31690845,0.5995535,0.708
278866211,2.1940517,0.238
196954401,3.7499836,0.611
407584737,5.6505968,0.194
382308684,9.0737123,0.168
306723230,2.5257948,0.519
424796997,13.8773593,0.125
280095254,10.2930439,0.515
380659334,0.3494674,0.914
113567527,6.6547256,0.274
91246422,18.7739778,0.087
254045302,2.8888736,0.43
219967673,0.8586386,0.827
254258206,8.0168719,0.511
113061684,0.6932295,0.882
181341926,1.0054508,0.585
253715855,1.1320096,0.588
263925187,0.6662304,0.529
383427491,5.8005723,0.462
396903513,3.1686041,0.522
341309569,7.3465817,0.107
270341486,7.4601658,0.48
25858367,2.2744901,0.558
61724376,1.9078996,0.603
101233501,14.54574,0.394
394230860,28.9649092,0.024
211116547,1.2769701,0.436
98064760,9.8980902,0.097
87260967,1.0905536,0.504
292474331,0.3666917,0.921
61898904,2.8760119,0.442
55652896,34.5183353,0.057
167697604,6.8965116,0.211
270204401,2.2381574,0.497
365366508,1.9645947,0.565
219927211,2.6933066,0.511
253826623,18.3530326,0.123
182894226,0.4086712,0.762
371839073,3.7959422,0.274
253749178,1.8376667,0.506
327785134,2.4786897,0.503
30816076,4.0831801,0.265
120393264,0.2093105,0.648
404156386,2.3444525,0.304
425675208,3.4083681,0.407
390996644,1.919436,0.574
319606464,1.4960875,0.395
419744996,7.0049837,0.503
358108063,5.9716437,0.249
407165509,1.4712922,0.529
113565705,1.6583723,0.89
280685089,3.385219,0.377
292013448,4.3281368,0.403
231081369,7.6314514,0.162
118271404,0.399752,0.851
339752629,0.397421,0.865
382312052,0.7972678,0.475
90911675,3.962421,0.448
49534600,7.9490097,0.166
181233908,2.7975315,0.633
380783252,9.9653085,0.716
318649597,0.926883,0.588
253844234,1.182335,0.541
2372579,9.9210976,0.082
380822025,8.480957,0.223
61381436,3.8884334,0.328
351336681,5.4182627,0.241
6400274,1.211232,0.512
238892775,0.4826575,0.935
349797905,3.545013,0.405
246745789,1.5370723,0.853
409934687,5.8727135,0.403
193831684,1.2933235,0.561
259901124,0.4560838,0.883
253657883,0.7905225,0.495
169316288,0.5591511,0.654
261746657,1.3169859,0.52
229810745,0.4975237,0.564
120341889,0.5010343,0.544
401606923,13.9175979,0.139
396215041,2.830784,0.394
200135791,21.9877425,0.234
97833468,2.2836154,0.803
211215485,1.7015012,0.605
316582319,1.4372009,0.63
118200081,0.9529892,0.522
56777828,1.6322573,0.948
118271395,0.3997855,0.848
300446210,7.8658514,0.151
61135882,5.6402419,0.233
320264006,9.2758197,0.202
345170707,4.0571153,0.312
80059889,3.0319176,0.342
253781040,0.2887024,0.944
276315375,2.0486948,0.496
320054835,5.8991823,0.404
76758733,14.6309618,0.197
304101379,3.2143602,0.81
180416826,2.1895269,0.27
370134610,14.4888418,0.163
365956683,5.7311592,0.552
128790976,3.5187572,0.212
404123632,3.3655398,0.423
211170874,1.8040897,0.367
387107961,2.7146603,0.457
425549135,5.0206961,0.211
101845679,1.2811036,0.405
273697554,11.8781034,0.158
161083755,0.3139064,0.913
169573910,1.4398097,0.603
469441650,1.6835965,0.596
61730680,0.3365551,0.818
101654574,18.459294,0.168
394657039,3.7628528,0.34
263074592,8.0693981,0.454
80252615,2.694707,0.639
340110295,1.6544428,0.897
50273697,0.3320699,0.977
303843296,1.7117262,0.937
30914235,3.0199529,0.414
320173862,0.1980963,0.544
277373390,1.1678694,0.528
180412528,4.5870046,0.16
60433558,10.8004431,0.368
90716944,16.050526,0.028
158301961,7.7615593,0.225
142783746,6.1512217,0.205
184008771,11.0251081,0.283
164458426,4.6932624,0.398
26543048,2.0051206,1.073
164558072,2.427493,0.526
377307592,1.1928601,0.579
158389967,0.3927173,0.735
280033934,0.2787725,0.761
41870248,2.8261627,0.31
232965249,3.7268563,0.311
233208885,0.4937368,0.616
350987976,1.2975694,0.577
121273032,3.4755735,0.414
27845677,33.16094,0.048
272489351,5.800498,0.35
229766985,0.4313565,0.867
159298033,1.724836,0.571
120499528,0.369151,0.772
7849727,0.993305,0.635
160195393,0.5728941,0.672
123014200,0.68456,0.653
288735205,3.477984,0.252
362104293,28.9620253,0.026
269126567,13.6752164,0.261
273376048,12.5688999,0.069
48191564,9.5689982,0.248
63451547,0.9791375,0.67
362187226,0.7939721,0.592
121945407,0.9055703,0.495
352165018,4.9045156,0.459
263635510,1.7537727,0.336
198280388,0.4884028,0.793
273778807,1.1109005,0.973
290035575,0.9523769,0.616
268610013,1.6796617,0.575
193867475,1.7771916,0.484
27843942,1.5218739,0.472
158393140,0.8768263,0.62
259006174,1.939628,0.322
202442974,2.738921,0.383
147950620,2.3106307,0.221
301072091,7.9062585,0.323
203001339,9.0673009,0.104
170344769,11.259333,0.16
159105847,1.3147148,0.765
158728853,1.6564461,0.474
164554097,9.726541,0.161
356198153,0.4681811,0.86
240178198,1.3826032,0.788
272176884,0.4177289,0.774
281948821,0.1121159,0.507
160228595,2.0922296,0.459
113098812,4.8960145,0.287
441808796,15.4713374,0.244
198537349,9.5785564,0.106
272720444,14.1690365,0.144
356896561,2.2533509,0.455
1883519478,7.6407461,0.125
256368884,4.1991759,0.508
120362128,1.6439225,0.567
273574141,1.0756491,0.522
272781956,1.6504237,0.515
165310952,1.8052185,0.598
137975907,1.7032721,0.453
219435542,7.1989808,0.233
198382838,94.1259026,0.024
99982385,18.5665156,0.504
295803225,6.5603139,0.32
138639253,17.5281048,0.072
120258315,2.9115348,0.54
120576722,0.7891762,0.62
266920154,4.7083128,0.434
138971570,1.5018739,0.533
15795549,0.8911946,0.597
441734144,0.3254052,0.718
122375269,1.8912424,0.56
28304399,0.9526907,0.722
273042299,1.5883099,0.53
170735592,4.2029176,0.537
264508409,0.9744478,0.52
230478637,0.6676539,0.717
263930790,1.1247811,0.647
288312840,0.7592418,0.733
356820646,0.7943807,0.636
229776076,11.2110117,0.154
158660631,2.1781296,0.434
274347939,4.8534171,0.291
121020626,1.5403936,0.505
138098461,1.1600306,0.88
165307617,2.4315122,0.799
12029932,10.5542613,0.733
102929927,5.5293298,0.17
159644070,4.5641925,0.623
121016578,14.0841391,0.19
233546272,1.6591378,0.59
40219040,0.5247287,0.764
199688409,0.8682633,0.627
229910746,2.5063335,0.412
48356677,10.7614629,0.142
103743317,1.5396688,0.543
99920728,2.3585278,0.341
329246824,0.5876813,0.649
138888894,1.3535876,0.822
48450535,4.233826,0.233
377253090,0.4245313,0.672
47757785,15.6793194,0.335
233282561,1.6027527,0.721
424719589,7.6407457,0.124
63454475,1.8674768,0.598
272489100,1.7905209,0.501
170246850,8.4002404,0.203
235718636,1.1888538,0.521
199716496,1.0458364,0.568
28449295,2.3779664,0.279
155894704,1.3574343,0.554
12672792,4.2116316,0.576
154570928,42.6536288,0.047
41998476,2.7809831,0.36
138578906,1.2347531,0.527
298008052,4.363359,0.425
268383780,2.618377,0.487
219096494,8.0741923,0.24
224605072,0.6648758,0.756
270704947,2.6598094,0.481
159105713,0.5749414,0.962
1400770435,13.7432308,0.038
356240274,2.3475876,0.547
258773798,0.3364697,0.849
120684604,2.189082,0.479
14207118,2.7046116,0.626
243319567,0.4392638,0.752
1713419350,0.1296923,0.572
427041696,4.0051767,0.473
237130278,0.4130443,0.856
399788405,0.4304368,0.76
110428269,0.6496575,0.5
377190161,3.7863949,0.428
92774987,24.2391808,0.094
154840461,6.0361565,0.745
120689878,7.40447,0.221
199420503,2.3858567,0.524
121598562,3.3488462,0.309
120893542,11.2580485,0.571
377912676,5.2150825,0.78
164674435,1.7418186,1.003
40038743,7.1681194,0.322
352718668,1.0560424,0.59
121213501,0.4738341,0.83
103605167,8.4568659,0.149
273372402,2.2488952,0.562
158635832,1.9855808,0.323
273042650,6.1533649,0.222
164527723,2.7398679,0.528
378275454,7.6560697,0.395
298969838,10.1205584,0.233
153991851,0.5249268,0.663
27006880,9.7631328,0.192
219765652,0.6659493,0.647
161710825,15.9627044,0.459
138893145,1.8753441,0.591
255904363,0.4190036,0.593
359675849,3.6771119,0.338
198242676,4.6297895,0.507
258351350,0.7729454,0.619
406947878,1.2313642,0.626
159510109,16.9487028,0.053
103573024,21.5587749,0.678
258826816,41.6423416,0.038
273582296,28.021551,0.149
137341354,5.4072775,0.266
202490797,3.3924643,0.386
121457732,1.9666235,0.671
158113583,1.3872088,0.529
236714379,2.0359839,0.334
219107776,0.2099379,0.622
407594410,3.8168919,0.552
198408416,0.3647341,0.709
272843045,4.8559205,0.313
202291965,1.529739,0.94
185403173,4.5730357,0.55
158988347,2.496258,0.392
353871287,3.1756886,0.975
271158877,0.7862557,0.652
407000096,2.2745951,0.497
219771660,14.4945368,0.15
408474216,1.9319221,0.309
272074664,10.4761388,0.223
198242678,4.6297902,0.507
14617089,1.6689463,0.633
284364590,1.2174657,0.621
40378419,4.7460209,0.53
69559020,0.2908637,0.633
360661624,10.9804655,0.169
350738423,2.6160305,0.649
164413080,9.3307063,0.394
320323992,0.2428955,0.743
147686743,16.1688794,0.155
352012002,0.6671181,0.869
259126645,3.261302,0.361
159464498,11.3298056,0.222
123311124,0.8715843,0.751
161563111,0.7177675,0.701
272944291,1.4186942,0.735
274348764,0.8320495,0.828
1551345500,47.3858687,0.085
27312189,4.1779073,0.259
155657581,0.3681396,0.585
283193372,12.0307122,0.206
27767184,3.5129573,0.359
160585813,2.7638181,0.332
158218818,0.4239216,0.741
441806350,0.5041297,0.672
185059488,0.7397428,0.533
27844498,4.4214428,0.676
353854078,5.16969,0.594
121460104,0.3783745,0.742
121604042,4.4423249,0.183
356340346,23.8543071,0.103
122606463,6.9433642,0.25
84628518,2.7707179,0.439
298734307,0.9442714,0.659
271548206,7.4487459,0.215
230386284,0.3414933,0.559
199688472,1.4412123,0.368
158794976,0.7728167,0.705
27307817,14.5841729,0.685
351287412,10.1335397,0.083
184947995,3.4792304,0.323
121124831,4.2308781,0.435
441739153,3.2100707,0.387
159220329,1.7304031,0.616
137408317,3.723624,0.589
122070918,1.0648122,0.697
27915909,10.6742332,0.111
269696438,2.9789099,0.298
160268882,1.2709971,0.922
123416563,0.5807305,0.642
362259855,0.8847618,0.672
424439457,11.5549155,0.08
121119758,2.302614,0.755
138430438,5.7768454,0.327
389916225,0.550877,0.666
233679640,4.3980286,0.66
85711393,2.0629492,0.483
198555959,4.1920513,0.266
358613523,1.3283366,0.545
229914020,0.6760076,0.605
159716878,16.6002043,0.143
90349611,3.8896054,0.599
295802147,1.6537537,0.488
268305489,1.2621621,0.463
148914403,18.2901954,0.081
356630364,0.5567699,0.512
229476285,1.0964623,0.433
164524541,0.3150328,0.844
93316328,0.5157767,0.594
256512446,8.0561111,0.207
271773721,21.5732146,0.2
165991532,51.4178453,0.064
394131772,0.8190913,0.435
458481461,2.8067683,0.572
137152301,0.4919965,0.767
123357952,0.4277815,0.685
122446076,1.5194849,0.572
420114772,3.2350644,0.274
26489741,4.9334845,0.388
229940491,37.4597626,0.064
237200747,14.3034955,0.061
353650675,1.2461864,0.51
272839425,0.3602724,0.908
147625755,0.6758391,0.627
41536849,1.9144331,0.441
288391801,0.3905846,0.784
356199330,0.3466258,0.965
158561566,6.7899645,0.332
392536805,8.4097582,0.19
267990226,3.2819533,0.917
123042728,1.3128307,0.635
48507019,5.3953039,0.297
273373712,3.4039084,0.469
375160191,0.790414,0.526
120626764,0.9612907,0.616
416264037,1.159962,0.625
365936982,5.221787,0.232
377251803,0.5713695,0.931
233574062,0.2995439,0.904
169814134,0.7078464,0.827
219707463,4.507086,0.181
63071165,13.6839133,0.085
13968858,3.4855938,0.625
272598447,2.7770349,0.324
406951407,0.3618184,0.759
229687624,0.6176007,0.808
311945765,0.4979736,0.646
279918206,1.0837379,0.398
155657579,0.1840702,0.602
270700608,23.8710646,0.205
122224804,2.9764739,0.412
312230566,1.9506652,0.597
268380299,8.4808361,0.283
417126296,10.0364773,0.209
275576176,15.6440504,0.19
86385104,2.3232208,0.511
159444225,0.2839962,0.697
120315082,2.873597,0.275
47762157,1.0690084,0.674
273501820,1.6554549,0.576
377296926,0.4313879,0.844
63291675,8.0982073,0.188
372758722,1.9780973,0.418
272368236,5.3044546,0.693
355978205,0.89109,0.5
237114978,0.3240331,0.973
185060842,0.8248662,0.502
301063488,7.3583242,0.23
394179202,7.4241532,0.211
159723646,1.0731048,0.627
158272742,1.4009849,0.608
272650576,16.256743,0.077
164461124,1.3862532,0.565
272369124,27.8007538,0.08
287151976,1.5709936,0.612
40288117,1.6948229,0.669
198416591,0.3387332,0.865
138505004,2.2992573,0.469
272841995,0.4452789,0.703
219109908,0.4240272,0.855
229751802,0.5162551,0.622
275658545,2.9846113,0.987
71531463,15.336607,0.204
256298934,0.5225054,0.719
299160301,5.9369062,0.289
435715608,2.3886147,0.321
356015357,11.2594893,0.122
273131564,7.8631235,0.164
273885188,0.9427823,0.674
164463075,0.3846784,0.692
229771234,0.8209585,0.722
16740101,1.4811061,0.575
156169159,0.7452159,0.629
160472514,6.168627,0.579
233532554,2.8312777,0.548
284461108,0.3495299,0.644
121022559,1.297756,0.496
233904049,0.3112479,0.734
270616815,3.0447351,0.546
274129522,8.2093983,0.134
239290086,0.3681596,0.77
232629077,3.6550019,0.159
239291500,1.6130338,0.562
273373040,0.8431663,0.547
104909909,2.5737914,0.472
310994603,1.1611667,0.934
121121622,4.1007475,0.493
268387175,2.1639195,0.621
219900027,0.5152647,0.684
290032774,0.5778514,0.673
121463130,0.5085862,0.617
280033918,0.2787728,0.799
159573299,10.8828219,0.131
90616971,1.6736565,0.424
184089083,0.3784421,0.784
171970567,1.9213507,0.307
48084398,2.1218069,0.554
164557531,2.6963007,0.493
336405638,7.3251549,0.169
160618494,4.2618619,0.205
147576476,2.2195336,0.578
164674992,2.2139641,0.571
164646288,0.7337361,0.657
120826084,3.3021605,0.484
356896550,1.9013188,0.746
342025025,0.4650738,0.518
288471108,3.1325803,0.421
359677968,0.617472,0.752
420137341,0.3758511,0.883
405685992,9.5741104,0.183
137551461,0.9790534,0.564
378089068,3.8996152,0.4
243352373,0.3342969,0.783
229975095,5.1853753,0.272
110981024,1.9793094,0.623
122304494,2.9216405,0.426
164677806,2.2236991,0.71
273629437,3.1463303,0.619
272609309,1.5592014,0.634
416635004,19.406274,0.041
259006185,1.9396542,0.346
219750638,0.4075024,0.77
268299560,8.7526476,0.142
377192659,1.8172398,0.507
121108244,0.3951054,0.703
224607716,0.5107739,0.885
12915124,3.1642751,0.524
123201406,2.4064013,0.33
158431889,0.5725308,0.663
376067182,3.1777595,0.234
239309691,0.321014,0.718
282368998,0.5689828,0.627
256327585,13.4947763,0.165
357719182,2.6225919,0.44
28306907,0.3453998,0.93
229495981,9.0416491,0.204
63006634,1.9948817,0.644
229585356,1.4195973,0.557
137310514,4.0534101,0.408
184298625,9.5412426,0.142
353939279,4.527293,0.737
339185356,5.2903608,0.195
313025849,0.3209361,0.894
270698296,1.2193384,0.611
172422394,4.8085483,0.417
364965655,0.2642641,0.742
63449090,2.4419957,0.36
239262664,2.0214744,0.368
288507910,16.6954722,0.078
193537392,0.1647381,0.537
172431974,1.1722583,0.583
219807735,21.7328313,0.673
198388252,0.395161,0.798
164552564,5.5889647,0.466
268289462,3.5050448,0.447
184246521,2.4702848,0.576
270517432,33.8587708,0.333
89522181,2.3470297,0.371
362791996,4.0629365,0.362
271877841,4.0749389,0.375
157999789,26.141053,0.015
268297677,0.8851284,0.644
99813351,16.373828,0.21
356150515,0.6121521,0.771
421334320,17.805892,0.034
441804674,4.2699202,0.777
12494582,0.8309453,0.648
229461186,0.4026659,0.756
219859691,0.4457637,0.678
122446960,18.6112781,0.07
159047480,11.6041297,0.158
157889314,1.4327737,0.581
26656583,0.5276908,0.628
138650903,2.5274296,0.317
42244951,4.2820417,0.6
271040768,20.7353455,0.139
157770450,3.289459,0.575
230530979,2.8220198,0.515
273874851,2.0451585,0.555
137408962,0.7770084,0.518
312486827,3.8341504,0.616
271164763,0.1257648,0.604
40102236,0.3816918,0.976
164784457,1.2503663,0.533
378395625,2.560754,0.753
48499902,7.5811853,0.572
232634196,1.251103,0.661
30714849,15.0688612,0.118
273872891,0.6606801,0.762
136732283,1.2918663,0.424
269031095,7.0094462,0.365
379215982,6.772373,0.18
233735068,7.6868682,0.209
164781045,4.7038964,0.372
121122016,13.850315,0.224
89761288,6.5232288,0.714
63126950,30.2993098,0.132
377192675,1.8183809,0.401
298421458,1.4993827,0.589
273583841,1.169539,0.824
353894978,3.3418257,0.43
63074282,5.3318272,0.408
289722957,2.2183026,0.536
277473207,2.5285319,0.483
367681735,0.2567958,0.796
40244907,3.3178238,0.548
121866154,9.4556658,0.26
73884611,1.6400715,0.548
158491288,12.0835487,0.204
233079659,0.2418013,0.823
273043307,3.5563519,0.541
11119600,1.2211942,0.532
230063769,8.2614364,0.149
257002707,0.3770863,1.023
295804815,1.528515,0.535
329248002,3.108905,0.498
115481900,3.3060948,0.604
42705187,2.1303275,0.62
142308209,4.5518823,0.363
16728252,4.8506288,0.541
336267424,1.4821917,0.384
233569141,8.2329493,0.142
270615728,0.9982151,0.547
420947520,1.8045544,0.601
271547896,1.3325398,0.609
159169838,0.9184306,0.679
230114503,11.518327,0.195
291145873,3.2394062,0.505
243352809,0.5124522,0.75
237277760,1.6820057,0.514
271040947,19.2308468,0.068
27397122,12.7335564,0.148
390021728,0.3020324,0.788
120251815,1.5102144,0.576
142979644,4.1790314,0.11
394179296,0.7309274,0.648
194132691,11.6436879,0.259
275575030,1.045879,0.755
330998582,5.2586207,0.43
441804888,2.7375021,0.474
26542657,11.0047721,0.175
159386347,0.8079928,0.859
137687487,0.5134829,0.713
436168322,1.5520028,0.58
160648169,5.7749844,0.369
288778712,0.4988917,0.78
12673900,1.9102172,0.635
185236439,0.6537903,0.901
282925798,2.4440191,0.571
165453878,2.7076214,0.4
207384197,0.5353066,0.767
17451194,2.9784,0.484
375506058,2.6501668,0.296
278678404,4.5662046,0.331
190885165,3.2975355,0.242
230065962,15.956959,0.114
344376832,1.2358008,0.582
232643392,9.8689258,0.166
169819162,17.7444016,0.082
299032481,0.7770872,0.749
150326668,2.9578471,0.449
193545446,0.6286265,0.594
359676320,0.4975785,0.504
63459761,4.3633096,0.387
14844585,1.8630983,0.585
63368767,0.6461027,0.605
364628248,1.9195885,0.506
405526704,4.9948694,0.673
162173122,0.3721521,0.744
171419257,1.7138027,0.502
381009148,8.4266413,0.549
316333039,0.8252373,0.855
199661915,8.399901,0.339
294601335,12.4588278,0.734
233720276,2.1983907,0.473
11793277,1.5069611,0.61
236537131,0.6311411,0.561
927579,6.0705574,0.331
63916460,2.6305989,0.442
63820329,4.6765443,0.729
63370066,5.5541695,0.262
295111026,4.2633465,0.544
380298140,1.7943809,0.645
166773165,5.0316864,0.238
55778901,0.3545554,0.756
169175441,0.4787275,0.938
383676981,2.0037757,0.754
272846131,0.5926691,0.785
233866651,,-1.0
312160410,0.3023308,0.74
458478250,2.2552934,0.329
207496824,0.8027002,0.764
92776364,0.8462567,0.683
284891601,0.3102838,0.823
233390838,12.8955415,0.172
160104585,4.8618817,0.29
287234729,4.2904944,0.357
233233639,0.4403065,0.831
356974629,1.9385441,0.25
315777423,4.9319438,0.535
314459000,0.8578359,0.852
99013269,6.5346855,0.321
356974639,1.9386036,0.248
259671983,1.8737817,0.496
158324245,3.5271651,0.403
452544997,2.2452871,0.531
309720946,4.6071355,0.427
331377569,0.4542885,0.841
11113164,2.8391805,0.629
207493152,9.1276498,0.221
417497545,4.7586296,0.575
233080133,0.7916603,0.726
158417251,0.5189985,0.92
193391232,3.4510694,0.522
161687311,0.8166028,0.652
55753802,0.4155664,0.83
193538686,0.4050058,0.711
275537496,0.8562521,0.644
255993777,0.3085178,0.651
158565141,0.2751824,0.795
278075650,0.7603524,0.68
405504882,3.8283802,0.371
233681149,8.5859279,0.189
11704852,6.7712427,0.548
193545440,0.6369221,0.593
117234769,2.0575137,0.533
365034219,0.3777057,0.907
150388753,1.4135516,0.869
344456744,1.2523912,0.695
158579379,1.0144775,0.587
230088370,14.0076888,0.184
357685999,0.9368597,0.645
13974582,4.8607921,0.334
273594336,2.0436414,0.855
247205466,1.1528047,0.391
322845246,3.6027672,0.353
429251781,3.709533,0.711
375422201,4.0768471,0.387
166090445,5.3246121,0.129
303351921,5.8898076,0.713
286923464,6.1351002,0.33
336434532,7.7753455,0.34
170937974,0.8061295,0.683
224303753,2.1772311,0.88
312286761,0.5099985,0.802
267556582,5.3758893,0.56
198354443,0.1534342,0.74
162035117,13.150359,0.155
154511165,0.8403778,0.598
352954787,0.7385986,0.733
356701798,1.0725533,0.673
311070085,2.3897097,0.551
290034099,0.5921833,0.782
332277332,0.1966711,0.541
424461577,0.7448233,0.654
233731070,1.1072299,0.857
264301570,4.9355505,0.286
233211759,100.2057315,0.031
126336928,0.6980385,0.656
148963419,0.5681639,0.635
314340550,3.3539505,0.437
276162169,2.5500664,0.514
165470014,18.9511081,0.048
219033506,4.6692844,0.594
277848666,1.4276145,0.893
169467727,19.6332942,0.168
426803687,1.4749376,0.659
16617827,0.2906367,0.72
269701147,8.8801324,0.166
274645120,0.9009169,0.763
276914715,1.052049,0.691
195549306,14.3584795,0.255
136317809,2.7913652,0.404
452563490,4.4276236,0.523
136879755,1.5015498,0.375
16316642,4.0218798,0.758
357979050,2.3466216,0.484
335720078,0.3779939,0.908
305386053,1.242012,0.552
331201939,0.5545263,0.785
236973844,5.2980308,0.401
469460566,0.7612417,0.587
258777137,5.9294398,0.196
63644417,6.2124706,0.377
381011161,1.3125371,0.583
298559217,0.3301871,0.922
11480757,0.404167,0.862
273566363,2.4039943,0.478
169458450,6.9287941,0.272
257060367,0.526485,0.743
2003333263,0.220418,0.435
84069091,2.6625298,0.458
28359831,0.8905095,0.829
351297515,3.1462184,0.424
161287859,0.566328,0.752
441641972,5.1251466,0.168
392536812,0.5909951,0.925
88589037,1.1716656,0.489
163965682,0.7858484,0.775
159720778,7.7360166,0.173
417277789,6.0104709,0.544
352762746,3.1422228,0.635
278068108,1.6259226,0.64
299156852,0.7450968,0.752
441687696,2.2263682,0.545
352964170,2.4004738,0.481
230086768,34.9269461,0.029
406421379,2.0250078,0.524
28159019,4.619043,0.5
154067797,0.2365802,0.757
229412873,0.4184052,0.773
198313291,0.3067214,0.784
190693377,0.3618034,0.669
445836238,2.0007797,0.534
202444594,15.9891803,0.155
138951779,11.9413036,0.409
190734021,3.7644061,0.569
202299805,1.545686,0.524
330829235,1.0117969,0.676
169815759,12.4274859,0.546
305466446,6.5998431,0.194
63328020,1.1057442,0.671
303833577,0.278512,0.784
277565268,1.0960589,0.739
275119073,0.7430297,0.619
148081650,0.3775014,0.577
316450573,2.4688767,0.353
198457457,0.4034692,0.917
429044383,2.3724472,0.323
272079818,0.4423686,0.972
169815918,0.9628206,0.608
207496306,0.3293302,0.769
14842303,0.7725964,0.674
372366518,0.5586036,0.82
11480287,2.3168078,0.6
243248327,1.2696081,0.502
199709055,3.0546291,0.316
365787759,0.8073952,0.585
394881270,4.8312879,0.65
441732151,2.0998863,0.46
64904640,4.6638539,0.322
166074503,2.3288589,0.708
229788204,187.6752114,0.028
356978132,60.1840812,0.045
332334202,8.6714114,0.094
278076037,1.2337008,0.712
273173532,1.5130931,0.608
63315565,0.8553523,0.604
236046394,2.9962602,0.678
219738202,0.5790386,0.801
441690583,5.6463928,0.288
441694629,7.3299868,0.078
167196599,0.6405872,0.65
84070123,1.7563202,0.625
417052182,0.3134128,0.929
252668569,0.4629094,0.62
165721304,69.7691461,-0.005
305167549,0.4528908,0.26
415469752,42.6305665,0.01
120602501,14.8655966,0.078
68032870,1.0335323,0.593
404103665,4.9806174,0.321
286169068,0.4146188,0.803
328866871,1.6963664,0.488
371066950,0.6312793,0.78
153987857,1.0141966,0.466
337886863,5.6924883,0.55
148781497,2.5399053,0.487
193948188,5.6181129,0.272
404113676,45.8896573,0.059
66545120,10.8521597,0.624
431338625,0.6000513,0.793
64366964,4.459427,0.638
165626871,8.2570926,0.117
295121410,2.890365,0.427
199612934,0.6014874,0.916
387834907,12.6526261,0.199
329277372,2.8878569,0.352
371480725,1.4716278,0.539
430808126,6.4794593,0.449
129409890,7.3514052,0.397
418998975,0.2769786,0.928
275051466,4.7850357,0.277
173419202,1.8758068,0.608
161665775,0.2783256,0.959
325901255,3.0747273,0.477
387901176,3.7155912,0.234
345710962,2.0865938,0.492
310004006,0.6450414,0.628
364186197,4.4245701,0.136
428003183,0.7425756,0.643
413746112,1.0242898,0.511
193971913,3.7928444,0.365
316783284,3.0442237,0.836
316182273,11.2219952,0.313
336823975,4.6642856,0.292
330234754,2.7531605,0.606
331532483,5.0742671,0.64
316660881,1.2506842,0.632
421718004,4.4465728,0.553
322390461,0.3868962,0.619
326374705,5.4051507,0.631
331221558,1.6046597,0.51
286169292,0.4404348,0.823
64951042,8.2390329,0.584
23753424,0.3455705,0.94
315060984,1.095509,0.43
388196465,1.7427351,0.701
420116962,1.9831998,0.6
374265995,0.3318931,0.718
410522328,1.4957895,0.704
458461293,1.806496,0.344
430677414,0.934925,0.617
388705796,0.5162611,0.755
288434140,2.710042,0.506
459252372,1.3054555,0.548
288434781,6.3345861,0.2
353863850,2.1291808,0.786
199574211,1.2683879,0.219
2046417955,0.2358838,0.522
431159508,11.0674407,0.201
414019028,8.7183021,0.27
66355834,10.3692683,0.174
335484090,7.4987563,0.399
173797509,4.2790406,0.264
276119305,2.5784859,0.6
352951628,0.707084,0.633
174157888,0.3804571,0.77
428102518,10.9206219,0.272
338071673,3.3784202,0.574
260703820,27.0977052,0.236
341327281,4.3183028,0.248
322055767,0.3775009,0.769
305399325,6.1001972,0.218
286900208,0.5399899,0.598
357372327,0.4205147,0.778
198410480,1.1233451,0.739
66080183,0.4011578,0.745
377192658,1.817236,0.509
233460141,1.6279794,0.3
159854358,0.3266562,0.731
359497418,6.3320719,0.216
343553606,0.8050707,0.787
427147238,4.2262696,0.529
125442121,3.0183503,0.382
66786762,16.6888008,0.246
352979549,1.1619751,0.538
197755658,3.1586975,0.368
274575202,9.2035894,0.091
255806138,23.4251318,0.345
232572560,2.2695484,0.679
373932701,5.9503545,0.295
421714420,41.1246562,0.043
198152578,0.4546775,0.563
417436387,1.9623359,0.575
128927089,1.8823806,0.565
284595199,3.4727638,0.498
1981434198,0.3062443,0.89
128927088,1.8822251,0.564
153826685,0.326996,0.824
427240420,1.3884254,0.32
323301918,10.6909404,0.158
233195058,2.6793155,0.455
335265326,3.8084529,0.555
430530755,0.5181558,0.618
161744580,3.7718907,0.527
367691816,2.0201928,0.682
341679932,1.7099865,0.539
364120439,9.3202772,0.2
329770815,3.8703001,0.399
337544122,4.7077619,0.161
165371937,0.7956265,0.603
324596129,2.3469244,0.603
157273321,5.5201001,0.535
428186617,0.7516098,0.609
329864959,9.045662,0.291
376023519,0.3643775,0.829
128721058,5.791456,0.337
417118871,0.2822315,0.785
129538133,12.0919522,0.237
293954660,2.8136869,0.468
173795590,0.3327207,0.812
309809572,0.3268057,0.852
173424364,1.4790434,0.642
430846854,1.3601153,0.466
343667351,1.5422069,0.57
233169434,0.1757517,0.926
168809669,1.004711,0.6
138136997,2.3343622,0.322
252788517,5.0081903,0.282
176752680,1.5574461,0.5
310169616,0.4116638,0.74
199010369,4.0990887,0.26
455991789,9.1764269,0.433
305399324,6.1002225,0.21
409455615,3.2192142,0.645
321857016,6.9561293,0.198
298183671,0.56787,0.428
343127696,4.6721493,0.652
342334344,0.9013952,0.688
305633328,2.5034441,0.622
322129367,2.7192976,0.552
199574208,1.2683892,0.264
350132371,1.0318392,0.367
277566482,49.3787693,0.23
176551075,25.7781919,0.111
455824124,12.9149294,0.084
155915231,0.8668953,0.717
176854066,4.0462111,0.486
127365016,20.8542116,0.178
298246821,0.3524517,0.774
173340408,0.4949673,0.696
197757000,2.2065214,0.541
311035838,5.7994855,0.203
199662929,2.2935708,0.406
290003896,1.4430769,0.405
468792279,3.7815761,0.304
283819432,0.2678155,0.75
387259626,3.6233194,0.249
418257102,0.4188147,0.747
186337556,0.5255514,0.672
376891085,2.1417938,0.584
240911239,0.4124257,0.797
343661464,1.0554091,0.676
252140076,1.7008985,0.408
256640207,1.1833653,0.542
242843658,4.9812382,0.22
365962806,2.1613279,0.338
196740034,1.8276701,0.523
240911922,12.0982702,0.047
28224552,9.9265876,0.123
455790537,0.9350886,0.657
445287089,1.2737135,0.596
18225199,1.8827519,0.543
271529113,2.3373656,0.537
396201681,7.0384034,0.22
343320735,96.2626719,0.162
26568753,5.1477775,0.213
276105676,0.6586383,0.619
343326909,1.4075811,0.583
267651492,0.8669407,0.933
431486590,3.158618,0.443
336778418,0.693403,0.625
65628544,12.1561888,0.188
338159479,1.4143483,0.616
28351918,0.5150875,0.55
28763683,0.8917124,0.744
272532173,3.2739721,0.535
439943228,10.5156732,0.432
470710327,0.5523474,0.792
240947891,2.4947746,0.544
17005768,6.8397291,0.19
434437489,1.8519706,0.529
388245308,0.3546867,0.733
469863969,2.6897486,0.502
83222019,11.6376922,0.281
255802749,2.3977691,0.54
375854079,27.3289296,0.1
288296337,0.559184,0.528
312060302,0.9804999,0.599
413738130,2.2008699,0.517
12790306,1.1847291,0.609
375853985,2.3337045,0.516
346073081,0.6958249,0.751
317470793,0.4174331,0.749
63972389,3.037679,0.478
230069712,1.9674069,0.485
13037534,30.1826945,0.542
427312571,6.0662821,0.474
331069412,12.9460797,0.698
279871974,6.5619449,0.438
396134795,2.5885417,0.51
366517337,1.6886433,0.546
601366244,4.7185238,0.343
435863262,3.6576008,0.34
53847727,3.0112586,0.29
323143096,8.4393269,0.395
268944966,2.3911612,0.615
431423983,8.4751232,0.102
13389059,30.551402,0.101
241017747,2.3293971,0.544
279605117,2.5779104,0.578
177644756,11.3407028,0.341
376499580,2.8747738,0.411
252096958,1.1642311,0.823
83812531,3.9537503,0.559
191463077,4.7185237,0.343
467181063,15.5194227,0.342
434214393,3.4597964,0.264
189397763,12.7746423,0.203
417585921,4.9419625,0.541
312471472,1.5519276,0.469
453012065,13.3886087,0.617
445133704,0.3239555,0.814
44631965,3.5685735,0.254
414579577,2.0794196,0.471
57963765,0.3210187,0.925
359132040,11.072083,0.605
242799145,5.0017653,0.254
327583823,1.8125835,0.592
455755453,3.3464127,0.481
455947620,1.9277589,0.231
269609504,1.8589227,0.592
196776171,2.4259113,0.472
174266604,1.7174984,0.362
327121759,2.9898655,0.554
432761331,0.359619,0.786
354246759,7.1196088,0.224
326812358,5.6758097,0.404
396300606,4.2923404,0.672
455769191,4.5426236,0.339
326630342,1.4734376,0.672
352077081,2.5210242,0.545
356015361,11.2599309,0.18
18250189,0.1396417,0.556
396235258,2.6760858,0.66
269238622,1.2216006,0.681
219882262,1.032726,0.402
427385758,4.9085288,0.589
467354611,13.9142034,0.147
366517381,0.5446193,0.666
272622914,1.3156583,0.675
611402948,0.0933697,0.472
284925600,1.2457081,0.532
283476365,2.6647007,0.74
331860062,6.6022112,0.515
238626074,5.1580315,0.188
358908226,1.0005991,0.32
194303300,2.5019697,0.348
283640314,5.5054613,0.422
177315555,0.8152513,0.518
197587400,2.4776908,0.331
270665642,1.5745708,0.645
284611896,16.3676063,0.201
421782795,6.6729899,0.583
1981621672,0.2783084,0.824
26801525,3.8966513,0.25
377611329,0.921582,0.635
326149070,1.9514945,0.388
287085893,0.9350152,0.791
431633352,0.592456,0.468
305832152,1.5430462,0.604
371738956,0.2687508,0.725
317839169,4.6688711,0.329
433977629,6.5596851,0.111
196896001,0.6108151,0.341
174310085,3.6533097,0.411
337470211,1.3238004,0.303
202601061,0.6609503,0.534
233193944,2.5055407,0.358
271241950,4.3080395,0.39
269696430,2.9787944,0.326
186514178,15.9038388,0.221
58018570,2.0288129,0.436
201693184,3.0836984,0.445
196433833,23.8403023,0.075
256352113,0.4680768,0.752
366557556,0.4487763,0.951
252725557,0.3568422,0.964
427767269,6.5600242,0.486
455732776,1.3850806,0.54
272822330,4.5013345,0.367
346934659,4.3335584,0.867
315287999,1.7504712,0.579
177057901,0.6846849,0.99
241013310,2.1448943,0.524
434893323,1.3645751,0.635
173521768,2.7650763,0.539
272324340,0.4333571,0.885
600037491,2.0714015,0.567
336296852,1.6089124,0.526
240706234,0.2336936,0.726
28391714,0.9715449,0.592
440003271,2.6394345,0.406
263968694,1.5325047,0.724
306955469,11.9503667,0.217
434625997,2.0583075,0.628
365663227,13.7364979,0.476
51955546,1.8160334,0.593
267803830,3.3847696,0.55
376963666,1.2490919,0.672
15613315,0.7166323,0.65
342332827,4.2304675,0.689
440051305,0.3296757,0.757
421110675,0.3188568,0.73
377506471,1.7747462,0.649
368319105,2.7745752,0.55
320268279,0.4507372,0.772
155114483,5.2652557,0.234
317015040,19.847796,0.096
352378412,0.6760259,0.668
405764176,0.3701756,0.885
469857617,1.6304856,0.643
61505537,2.825623,0.408
343549114,6.3552415,0.303
202088205,3.3740134,0.563
44631957,15.3114276,0.202
63972440,3.0374949,0.527
60987622,0.269598,0.874
271529021,6.0684145,0.29
377278259,2.5221183,0.326
232985036,1.4656068,0.668
189414606,1.2366986,0.553
44560801,2.7935345,0.444
327121928,7.0465247,0.259
61386324,0.7318433,0.847
267805178,1.4863702,0.59
341983711,2.5152406,0.401
283390331,1.7802353,0.552
366072761,7.6596081,0.098
456905229,1.6928824,0.489
412638697,0.9859108,0.601
445181450,5.962343,0.467
315810194,0.5433678,0.581
440657189,0.2601454,0.888
376891083,2.1417938,0.585
83905462,9.6529258,0.339
313506357,3.0757557,0.391
380784511,1.0138363,0.375
306956190,9.8292587,0.608
333868181,15.6154549,0.045
414807623,2.1191162,0.448
336767770,0.9398177,0.53
366972961,2.5127197,0.455
269411609,11.5591434,0.297
272539879,2.1420485,0.676
427063387,3.6732282,0.478
191769621,16.9850358,0.145
434723918,16.2056892,0.255
50849800,1.4283347,0.587
285161229,1.4976793,0.578
353565609,0.3804039,0.771
279202406,4.9216633,0.534
12824209,1.0711624,0.527
11437325,0.5733566,0.521
373702832,4.0339349,0.32
428257299,0.6389826,0.79
240962482,4.4744608,0.262
316250867,0.6851096,0.78
279186939,18.3557648,0.231
280626089,2.8054245,0.532
240873079,0.8056326,0.799
369283035,9.5348094,0.154
284050381,1.3590618,0.538
390408482,2.9268983,0.697
289044378,24.8495338,0.074
139378834,0.5147505,0.52
301264684,9.3622535,0.225
302089933,13.4235454,0.201
101302325,2.1980121,0.564
280321964,2.1733723,0.339
388436487,1.5491348,0.37
388602832,1.4790633,0.686
139460937,4.0635072,0.276
256640561,1.7202707,0.62
470124714,5.5193943,0.171
301909087,2.2300403,0.529
409527600,1.1483467,0.55
348021286,6.5904241,0.322
390661644,5.0860805,0.524
299443090,1.174586,0.976
293066086,0.4654317,0.848
352110251,6.0616439,0.191
13840107,2.766084,0.47
396059992,9.1022293,0.389
116991977,1.9008884,0.505
436869712,1.4937971,0.434
116374184,1.7889812,0.497
353077789,1.8390292,0.546
51024887,8.2674452,0.284
192587088,2.4054872,0.494
29053989,1.3230918,0.543
116890331,1.5225427,0.784
409523757,3.7275273,0.453
117397619,8.0310059,0.384
200921621,4.8641013,0.583
286358203,4.6699278,0.488
279204281,2.3741383,0.368
202839485,0.412856,0.628
458875828,2.3110325,0.615
354926863,1.4366316,0.431
301741204,6.6790284,0.433
468343249,0.3716205,0.766
384654908,4.4531601,0.588
410477617,7.0292201,0.287
186595806,0.3873824,0.693
315937374,0.6057959,0.829
389761749,4.1720461,0.771
420448703,1.1733724,0.436
238742795,2.7989601,0.413
14040050,10.2707341,0.273
118389230,4.2744394,0.756
428249301,2.7038918,0.46
177995773,10.6183382,0.195
137205922,3.3001413,0.43
279509403,1.7402138,0.858
428795527,1.3737496,0.601
71847068,2.587426,0.363
396573191,2.4941662,0.553
22843856,1.8497231,0.305
285339013,1.9163685,0.672
63623869,0.7631187,0.552
373328406,6.896544,0.13
388529207,7.3747688,0.184
346541355,8.1611554,0.256
268404844,3.1609021,0.306
470937126,1.0005506,0.5
376971463,1.1374875,0.532
348670544,5.3638852,0.651
428735978,2.7145369,0.55
346627403,3.0097297,0.432
349294422,0.310388,0.977
427654774,10.4528177,0.342
400940488,13.6407327,0.592
384812248,3.3653644,0.663
375599392,4.600865,0.24
250453538,1.6405828,0.787
302771290,1.1952389,0.564
388431706,3.4567713,0.193
77545160,11.2465902,0.128
280564453,6.9149552,0.316
26432264,1.0500526,0.742
63588946,12.7225898,0.163
470152814,24.544836,0.317
275367529,2.5798079,0.398
317507345,3.9400619,0.181
292317374,9.3202138,0.211
117175528,2.2541549,0.562
399737080,0.9106007,0.578
286566392,1.4467198,0.552
417765877,1.2113146,0.473
94368565,15.904527,0.162
186942457,12.7727366,0.177
470677450,4.4931565,0.413
403037785,1.3573219,0.584
249943198,0.798693,0.814
297647356,1.7656247,0.267
312862941,1.8294976,0.722
396713719,2.0818251,0.437
436863045,8.803258,0.454
458847254,2.6060503,0.492
327259175,2.1740913,0.412
53708889,8.4582565,0.276
445646082,2.7260256,0.591
194736844,3.0408347,0.61
354385277,2.9459841,0.526
279081935,2.8568997,0.378
436873913,1.9779044,0.297
322262620,4.42779,0.242
373128383,2.0868325,0.542
241078868,0.6867663,0.908
468754960,14.4982881,0.126
235982927,0.847279,0.583
139378835,1.029524,0.473
63310637,3.2689044,0.593
456130400,0.3517059,0.801
129913061,1.0962675,0.653
385105755,0.8494102,0.579
428784674,2.3867818,0.438
396615018,1.6312488,0.542
230017324,19.3876438,0.235
200792606,0.7545101,0.502
461579405,13.9182101,0.169
292607284,4.1384108,0.294
641169122,1.8234946,0.43
177995472,2.7543229,0.499
81390067,7.7029007,0.246
20876588,3.1497806,0.532
177823340,1.3318801,0.539
441794509,14.8174987,0.442
21174723,0.2318808,0.557
184739277,0.7536607,0.604
50189810,2.237586,0.412
50191648,2.1399867,0.381
399587190,0.5642709,0.929
458842028,7.7124689,0.231
26533207,1.7655668,0.788
259967623,4.5992459,0.532
13351941,1.5806087,0.538
444801274,4.9330363,0.521
348517784,2.1108714,0.485
467574373,1.0768276,0.836
429021446,0.1943339,0.579
275259749,4.4672314,0.448
399832376,13.4347078,0.391
77320223,8.6061014,0.249
379376585,4.5407451,0.612
410620593,1.9170458,0.565
285181196,0.1926343,0.527
422920321,30.8138387,0.081
196920546,1.5360575,0.478
286355915,4.0760526,0.41
470085533,4.7201558,0.158
346783960,2.8661541,0.514
200939418,0.5823027,0.724
379631121,16.2097023,0.087
396486931,1.0237881,0.555
184679932,2.1725511,0.476
440676745,14.9768053,0.129
431124333,1.880653,0.496
44147832,0.7980902,0.499
252554485,9.9429873,0.61
207398432,9.2581804,0.603
273066197,33.4147254,0.093
397679167,3.2490525,0.765
424008045,1.1836626,0.638
24935204,13.443185,0.081
200373531,8.0766059,0.262
159854359,0.3266553,0.752
161668117,15.6398872,0.684
306263608,11.7973633,0.326
125298121,0.6129219,0.711
1102093577,0.2678155,0.734
446175401,0.3641392,0.761
359588615,4.804392,0.993
367448265,1.8654176,0.52
316249183,8.0585308,0.26
275860377,8.8470804,0.258
86081744,4.3388449,0.331
459894730,12.1115509,0.097
82337809,3.5232799,0.214
138476641,0.4480622,0.633
279462605,4.8024494,0.322
468293391,0.3174147,0.77
53085065,2.9330659,0.656
84342725,2.6986983,0.634
313193981,50.8632251,0.12
121966220,6.7154544,0.379
268221892,1.7496593,0.785
171084337,0.4107993,0.753
310897084,0.8191055,0.541
58108085,2.572415,0.512
237116051,2.4629429,0.388
87251422,7.0661708,0.167
470444880,0.7732767,0.56
367106469,1.4228472,0.485
116853937,1.6866367,0.535
105233028,3.6274028,0.345
252294709,7.8595623,0.146
239022536,1.9311072,0.476
274602479,3.9538363,0.361
275911914,0.3856278,0.509
417728778,3.4313492,0.413
104975120,1.1197175,0.566
722865779,11.863559,0.321
317681251,3.8722646,0.31
356641568,11.4947793,0.106
406681360,4.9015088,0.336
265767012,1.7435304,0.526
408937625,4.064631,0.618
407515765,1.2203942,0.442
369334982,6.952103,0.269
322549898,1.7944602,0.459
266394699,5.7755444,0.417
103452621,6.4198319,0.191
397100292,5.0355131,0.3
265579763,1.167942,0.539
270526513,39.4727069,0.352
103566595,4.1944503,0.844
140736015,14.6253941,0.108
267703012,1.3344937,0.847
59739922,0.5543471,0.557
352940699,0.3650807,0.876
445715549,0.6409436,0.674
3311888,4.0010398,0.72
140804999,0.9449783,0.61
229676244,0.1059836,0.629
303255899,2.2714636,0.34
219788401,0.1371852,0.763
85031598,1.1549206,0.384
306059878,11.7875453,0.197
420757505,4.1659314,0.403
347130362,11.5941268,0.187
115980439,2.3077775,0.479
2595273,2.1129222,0.421
174949325,2.2407828,0.293
428767557,2.5287279,0.459
468827257,17.8706449,0.101
8895896,12.8580885,0.198
142047616,0.1487238,0.547
428981401,16.7779298,0.276
368180294,1.247223,0.61
87429086,2.4338594,0.54
376593757,0.4779766,0.888
239004471,1.6042842,0.502
309600985,11.7618228,0.231
281114303,2.9657396,0.334
357744369,0.4843678,0.546
71103363,2.4486089,0.57
59834339,3.7941214,0.218
155479809,2.6989309,0.493
70999666,2.9444457,0.515
467722869,9.481646,0.221
239052494,3.0814946,0.538
239104484,1.6252972,0.615
470275219,0.2707743,0.64
467113954,7.5681699,0.11
58540876,1.3835269,0.58
62257830,0.2060441,0.544
397184624,0.5930529,0.603
141620020,6.229387,0.366
355010562,3.2542737,0.403
313294818,1.2988199,0.844
239661117,0.38353,0.764
140627676,0.2491776,0.766
470283916,0.7934618,0.517
420500461,2.4787678,0.855
428444188,0.9732728,0.649
288979840,1.5286973,0.382
371706494,13.3260359,0.045
28586609,3.8666422,0.314
137501278,2.1353895,0.249
3034524,0.3574713,0.556
2236015,4.1346604,0.373
117101700,2.7385669,0.489
416947584,0.5556918,0.622
28498786,0.7817808,0.598
420645952,1.8465162,0.693
470314334,1.474674,0.497
428942240,1.0521955,0.785
418292424,3.3637583,0.391
354535363,1.7996637,0.278
408651394,2.0481308,0.281
141525324,0.724898,0.441
21319374,1.7609748,0.43
99391575,2.7262669,0.416
661540044,0.461292,0.835
274700641,1.1813646,0.963
297899564,7.9717615,0.112
408651399,2.048089,0.272
420574964,19.6690093,0.024
281486906,3.462772,0.287
85785338,2.2286332,0.442
354023414,1.3532158,0.551
313142195,1.4614588,0.318
266220739,9.8668383,0.202
470391356,5.0255956,0.479
354437781,1.308885,0.543
440459327,0.3022254,0.727
470358759,19.2083565,0.148
155669153,4.8729679,0.569
417885833,4.1165062,0.162
664915372,2.9716118,0.222
320947341,1.033452,0.523
353129911,2.9718172,0.298
143959183,1.56854,0.65
260058315,1.5340805,0.541
418244848,3.4572043,0.459
310785613,6.4549258,0.178
289564387,0.9125527,0.561
138171285,21.4987717,0.169
417728463,0.9557966,0.441
358018612,2.3328912,0.598
312353805,4.9518994,0.306
376595143,6.6764774,0.365
142154041,2.9486974,0.426
237105551,95.6494225,0.031
233205987,0.3640697,0.868
122275115,16.727168,0.109
353962058,1.1516198,0.603
67296459,0.321231,0.582
122104276,3.5427169,0.442
317674257,3.0569931,0.187
117099990,3.1960683,0.424
62702862,2.1513033,0.908
156091346,2.3154933,0.396
174757717,8.6399351,0.101
87094608,12.6709793,0.259
426389397,3.5092612,0.435
104743460,3.193325,0.309
252214164,20.9522022,0.212
232612416,4.3601328,0.197
742037143,0.1872909,0.397
458387660,3.9644119,0.175
802015620,0.5090537,0.376
4164713,0.2747868,0.832
400621146,1.6514433,0.591
252906811,4.5989011,0.616
86396382,1.0913529,0.559
130158363,2.849848,0.346
239187696,0.8143008,0.46
457127187,6.8535197,0.511
445069009,0.559779,0.569
192071095,12.1727418,0.117
189814368,2.7923441,0.308
191965113,20.8289572,0.076
126232983,4.5363155,0.301
149833117,4.0524213,0.246
372759279,1.2383845,0.598
276252961,0.1558772,0.542
359552377,3.4390835,0.554
441608578,1.1157777,0.553
289969374,0.2558883,0.738
16479253,6.9481612,0.347
80929740,4.738775,0.321
16700335,2.8700507,0.521
392068173,2.7895942,0.408
172421004,1.0626485,0.675
470975994,3.9596193,0.346
190332444,1.5945732,0.328
153891668,2.2268301,0.576
156921656,4.3493176,0.549
10048801,3.6987295,0.459
159346490,0.5825923,0.626
130158361,2.850038,0.334
302908037,0.4048561,0.502
88703412,2.8699727,0.352
456307422,2.6121503,0.444
147611197,0.3795969,0.979
160492551,0.6074426,0.708
461662295,20.5400465,0.082
16596302,2.546673,0.871
335564109,4.3894303,0.237
456263109,0.771336,0.642
99641129,0.0956464,0.543
144282524,0.2929314,0.584
4299830,0.5341187,0.427
368779536,3.9570861,0.324
55339898,0.7196603,0.548
160425283,0.2653612,0.756
11799874,4.2579273,0.366
192201543,17.4624961,0.179
192111972,22.8434607,0.076
138333980,17.8883306,0.081
22590328,2.7375935,0.295
10057647,16.26353,0.076
470966839,3.1457956,0.423
16703161,6.003065,0.261
142587827,0.4393982,0.887
71330078,2.4572479,0.442
11491822,9.9465911,0.207
142618244,4.7796864,0.236
445067946,0.4084367,0.909
86232609,2.9219038,0.265
11799872,4.2578574,0.364
99135783,3.2383444,0.776
165797593,0.369721,0.405
396740648,3.7704481,0.267
142258314,0.8441977,0.696
98974882,2.1317486,0.46
90935391,2.6722464,0.262
461662516,0.3732551,0.792
252914221,19.5468227,0.076
459758530,9.8377035,0.172
172171873,2.525087,0.502
240154683,4.0379616,0.495
172036040,1.4252801,0.588
441613385,0.2082523,0.455
172224309,4.1737535,0.794
240122720,0.269378,0.538
318067171,2.1805537,0.325
71266846,0.1336195,0.582
55655482,7.920336,0.169
229538190,0.7325984,0.936
257241363,5.5904852,0.222
137503140,2.9355373,0.319
39643723,1.3131123,0.53
441602378,1.2745998,0.439
103656297,0.2877918,0.905
357111084,0.2528995,0.714
147610499,0.5288505,0.75
139303531,0.5394192,0.57
197183006,0.5663165,0.477
139252264,1.1325693,0.46
191933664,9.8154184,0.163
286917658,0.3216191,0.727
461660512,1.1662118,0.908
16485009,1.0056497,0.829
38215399,2.4335384,0.418
456260162,1.4823328,0.549
81038220,2.0224598,0.532
102841799,5.2629645,0.495
67565466,2.8158925,0.275
371165722,2.2499775,0.508
312865025,2.7349626,0.562
240155327,6.1228947,0.217
16805617,8.4909155,0.074
101547609,21.454335,0.562
285019418,0.1366069,0.554
318230704,3.5553166,0.391
9361438,8.6077407,0.14
289716926,0.5909092,0.647
142441910,2.8796587,0.359
233120979,5.9630913,0.206
157847499,0.1752063,0.619
457139088,3.3255111,0.202
99784331,0.5234661,0.705
8677671,1.1159766,0.564
318210930,0.2277127,0.792
149438705,0.2641329,0.465
219016721,4.2348652,0.688
172933154,5.7872723,0.22
287196418,3.6950194,0.418
8766412,2.319333,0.909
329289186,0.5525069,0.588
172517058,2.4365191,0.242
252791409,17.9413714,0.048
8245065,0.3280228,0.748
458479571,36.6022571,0.028
318217844,1.2222939,0.61
117378874,0.3745944,0.668
99746674,0.2716514,0.584
232524483,0.372987,1.008
172529744,9.0119805,0.223
459789367,0.6873525,0.612
17206122,4.4532299,0.26
82224114,0.3761241,0.781
21499327,14.7836424,0.167
330753460,0.3794957,0.689
307907420,3.2985999,0.33
357133493,4.3438508,0.196
24004619,2.9160743,0.534
4957914,1.2463608,0.503
198507944,0.3422844,0.719
202295392,7.3283043,0.477
39065113,4.6892054,0.32
142865103,13.3344976,0.148
453426326,14.3924107,0.439
311188656,2.3947368,0.293
67949277,1.785531,0.591
88646716,0.4149777,0.793
56912737,20.6894168,0.083
16805628,4.0757598,0.233
21499609,8.4780878,0.205
53479497,0.2712799,0.922
188512866,1.68149,0.531
150251466,12.3875684,0.095
150225473,0.418378,0.605
137905775,0.4031699,0.516
55753808,0.4155585,0.84
157840032,0.5022673,0.546
270491862,0.4487965,0.785
406781370,0.8966773,0.826
445829772,0.205193,0.821
138543573,1.1646797,0.627
8200343,12.9845622,0.086
302668828,5.5076989,0.25
377390037,1.8044896,0.813
16805614,8.4916123,0.098
39074755,1.5689732,0.791
308015513,4.3257042,0.163
166532356,10.5729573,0.117
331947033,3.027673,0.248
453431591,1.0098978,0.445
318290913,15.021469,0.066
142791832,6.5419253,0.246
332064670,0.7363201,0.488
139367232,0.56328,0.523
8769657,0.4264695,0.574
17299918,2.0280582,0.337
4971740,0.8677957,0.36
406758816,3.0633368,0.542
287095354,0.4789819,0.635
233635280,1.3742054,0.532
272672133,3.4939021,0.29
126325291,0.8293766,0.53
39074957,2.0033852,0.501
148656659,1.6566498,0.51
318357083,3.2440114,0.417
284660677,1.5806939,0.627
446127290,0.3336468,0.715
157273362,1.9999011,0.344
101546875,4.6840246,0.299
147611185,0.3683311,0.999
284892951,1.4609218,0.517
260124760,1.0802768,0.59
315120782,0.9337639,0.429
308307606,4.8400269,0.306
400525177,1.8716307,0.686
106055469,0.3646438,0.628
101497151,1.2520502,0.43
437241830,0.9442651,0.616
157754133,2.295572,0.398
179238861,1.1654195,0.566
344175457,3.9251811,0.436
140132301,0.6570841,0.977
55222620,5.1962117,0.21
89787749,0.5413152,0.661
72605231,3.9370184,0.312
167983141,10.4099243,0.173
55222619,5.196159,0.207
286310830,8.3685918,0.316
334886280,12.0007398,0.271
192990023,0.900898,0.702
122330743,0.9163618,0.513
35655828,8.072659,0.241
36077464,0.1728147,0.842
22146154,18.1921987,0.107
269342892,0.4488067,0.707
148612685,5.0101293,0.179
71298511,2.1525597,0.552
374366829,5.6234927,0.164
40534599,0.3567582,0.793
192087959,2.4768652,0.392
29914747,0.7713663,0.622
148544875,3.4879971,0.176
281494100,2.3073972,0.418
157774304,11.7845114,0.11
145116411,1.0188601,0.575
30828562,3.1122867,0.237
5092088,10.125882,0.231
73201833,0.8649434,0.594
193271278,2.1742728,0.506
73386477,2.1803939,0.549
350141132,4.6089439,0.359
275083922,2.9241644,0.204
294327312,0.9185462,0.585
48063034,0.5862504,0.705
30122338,7.0401695,0.349
49003142,2.502933,0.455
45599777,5.3135877,0.22
269562415,1.4545105,0.68
48063032,0.5862463,0.69
437248515,3.4058842,0.262
11561667,3.0876595,0.286
49418981,2.5677451,0.512
437230910,0.380517,0.369
53997651,2.9173324,0.159
31810287,4.7615506,0.233
168384614,2.2676988,0.633
423524230,2.5814001,0.3
53189332,9.2908633,0.271
307488085,1.0045161,0.752
74528318,4.670058,0.215
385231167,2.3675168,0.547
36734222,0.8134735,0.439
140064648,0.5397545,0.888
410392940,0.3628327,0.884
48335665,4.6274812,0.698
193136669,1.5660057,0.65
35009375,1.0713401,0.763
106403786,2.1954573,0.497
140691463,2.0845385,0.3
219310882,0.7542206,0.437
308076113,0.2635613,0.747
393837491,8.573822,0.111
335499997,0.4328032,0.499
410299018,0.3558795,0.998
157788279,0.3552452,0.859
70717462,2.9486252,0.487
49175300,0.2641902,0.888
260609205,4.4617534,0.433
286396160,7.4284966,0.336
340135575,0.582766,0.841
158150633,4.156442,0.276
44988465,7.5638488,0.15
47380518,1.0953775,0.525
22120766,2.496703,0.683
270742379,4.2905344,0.701
158329676,3.0672444,0.397
219187649,2.1540775,0.3
315002523,3.3023722,0.496
75818403,0.5635614,0.712
177175199,1.0404134,0.491
19271382,2.5883459,0.381
193092806,0.1185081,0.516
5703872,16.2814462,0.163
73723286,14.0655737,0.102
23324827,6.1877672,0.312
71546916,9.8598511,0.15
102691227,2.4197641,0.435
375477302,3.0728583,0.251
410359089,0.752322,0.892
149990841,4.453184,0.165
291466214,7.0505819,0.264
48476907,4.7132565,0.224
168312820,6.9341227,0.134
286310836,8.3748025,0.32
308404140,2.3758614,0.758
187930369,4.9365603,0.293
148611095,4.8374698,0.146
48372732,1.0955633,0.553
24972851,4.0217397,0.336
106470229,5.0203952,0.247
102978235,3.6841111,0.471
74627376,2.6136637,0.592
53178352,1.0813531,0.706
102195674,8.7572,0.246
189349514,2.5142319,0.578
400445441,1.0976885,0.839
349970685,1.2567058,0.371
47352608,0.4434482,0.821
322732889,2.9114714,0.859
434479378,1.5663355,1.008
140066660,1.6642292,0.961
105992935,0.7061056,0.306
179295564,7.33385,0.212
436802660,1.5378205,0.613
92743594,4.2253213,0.307
22079739,0.6861425,0.458
281731203,11.6335179,0.23
30562668,3.8522421,0.478
267542728,39.7264662,0.237
328860378,2.167742,0.521
22017780,0.3842047,0.809
22818693,5.6296634,0.128
165982704,0.2976868,0.844
380618882,6.4702019,0.25
459190726,4.108026,0.35
255921197,0.8892865,0.542
161687316,0.8164077,0.643
97472236,0.6384973,0.797
67474119,0.4569562,0.769
386956587,0.4392298,0.885
376524552,3.713301,0.225
86182628,26.5439653,0.091
77139245,1.7371057,0.521
14826027,0.912568,0.747
141148944,0.8652485,0.57
156376126,0.3518407,0.665
95927692,0.6609839,0.527
61285257,0.2345175,0.547
9461737,0.6369756,0.574
18028547,7.399122,0.124
115920747,7.9350688,0.188
138910382,1.1663118,0.341
141148940,1.7303098,0.552
63309085,0.3464973,0.961
328862783,10.1307743,0.191
380618779,1.8120745,0.477
388843945,2.209582,0.368
393894013,0.8158802,0.606
202509016,38.5951605,0.137
207397638,4.0201743,0.519
136995510,2.7539308,0.363
97486585,1.5086417,0.737
341525754,0.1567088,0.61
149470723,1.7368043,0.621
139061135,1.1682788,0.562
139452314,0.3467611,0.785
135085261,4.4868623,0.35
9391285,2.7525411,0.303
393819751,2.0517787,0.803
230061567,0.28798,0.989
39174351,0.5737275,0.997
99254945,7.7078125,0.1
138756003,1.3526452,0.616
138819130,10.7880606,0.239
376689171,0.5210691,0.629
14948284,2.7036866,0.545
157018051,15.0814007,0.079
376606423,0.8545939,0.5
347329162,4.6169803,0.27
180670276,2.3444761,0.281
367683204,0.2206848,0.726
199549116,1.5859642,0.376
180570279,4.7980204,0.533
310170498,0.3222297,0.857
392963260,12.4176103,0.081
258923466,4.8741958,0.279
20239565,6.0211645,0.257
67707406,1.2568011,0.558
159983399,0.4190329,0.782
116503129,0.1712539,0.783
175402069,0.1010169,0.516
71612483,1.2168732,0.431
20212631,0.2971598,0.824
357398957,0.4777678,0.606
156067195,3.5500014,0.176
390651552,1.467189,0.42
339540793,3.7739942,0.418
274509791,1.1988499,0.604
67707714,0.3171474,0.729
409343223,5.1106354,0.316
310170268,8.3173515,0.067
9058724,3.5605419,0.442
232527356,0.3669901,0.835
149566964,4.8135852,0.281
357358259,2.4961588,0.523
359188252,8.0473797,0.119
165987272,15.6888569,0.212
388940613,0.4525991,0.92
28188795,1.2694135,0.672
156563222,0.2711506,0.75
416024040,0.6553237,0.634
445074203,4.3690689,0.192
292115251,3.4926302,0.346
376923942,9.3354434,0.101
422251657,3.9300333,0.244
365089053,0.7755622,0.689
155998626,0.6404518,0.81
158016784,3.1980519,0.662
393639812,1.7381397,0.593
357345626,3.6436594,0.601
28157482,3.2817358,0.358
92132777,13.9294661,0.112
417175621,3.3327249,0.341
68032616,1.0780698,0.55
316317026,3.5507697,0.236
207394908,1.3010871,0.347
309828087,2.5149574,0.41
366786599,1.1317802,0.956
95525589,0.2180114,0.747
116520408,0.2908731,0.783
233722938,10.7579446,0.068
95525590,0.2180114,0.746
198109209,0.9582095,0.917
20299889,7.6062167,0.496
406798603,0.9063451,0.601
92132775,13.9295519,0.112
149583965,0.4627844,0.893
390632932,0.3737141,0.957
9036901,3.4130085,0.599
116502572,3.9329568,0.553
389510663,3.2082555,0.338
229750058,10.1827843,0.146
28290956,6.0036044,0.213
207504663,0.5882432,0.629
165976940,5.9401653,0.218
27112021,0.4079911,0.957
365198355,0.55875,0.775
365070861,0.3776547,0.977
422332463,0.423449,0.87
422246362,2.4231935,0.392
159871619,1.2099549,0.488
365069916,6.3138363,0.427
159202185,0.2835585,0.548
357398958,0.4777631,0.607
149622009,0.255229,0.733
219739347,0.7735263,0.487
156074324,2.9351862,0.25
399181042,3.1442913,0.779
138256097,0.4639323,0.787
155968973,0.3418805,0.868
155988736,6.8489974,0.415
286036831,0.6319581,0.944
72534221,7.2291095,0.197
88118399,0.2478252,0.892
157968186,2.0688135,0.495
365203184,5.2611036,0.18
66715008,0.3984963,0.755
116484192,0.2764742,0.788
393672471,1.3114508,0.556
365070128,7.2527315,0.159
116380226,15.3229639,0.14
198382308,2.3112289,0.426
365059891,14.8991013,0.065
258918831,5.9856044,0.177
138256675,0.5689197,0.709
219843981,0.3016095,0.728
259126549,14.7690385,0.158
392909786,0.2038337,0.632
422252417,0.4932207,0.585
67813700,0.7173662,0.562
51288359,1.8014089,0.574
296672022,3.4668153,0.443
339568213,5.8232942,0.576
67982365,2.4938218,0.364
314527844,2.9479377,0.465
279319810,7.4961062,0.188
177283727,3.95617,0.28
364200513,7.671829,0.313
150031040,9.7627033,0.256
233558430,7.3221517,0.241
399822840,1.0025595,0.579
198181552,2.8224469,0.338
170255099,1.3032304,0.466
137516558,3.8822389,0.291
352915304,3.4938605,0.318
359042174,3.3954348,0.509
177417406,1.9575805,0.583
345324572,5.1572434,0.381
335995445,4.1735463,0.341
26993764,1.8842931,0.394
461318755,1.1404707,0.473
307040154,3.3649953,0.328
53713272,3.9897025,0.341
21175869,2.7393993,0.875
65200579,3.9293052,0.543
59025325,3.8268311,0.496
456260074,16.6532886,0.285
99135781,3.2343265,0.777
220569051,2.778273,0.416
231275247,4.0079017,0.445
270622440,2.44506,0.505
441464221,11.475145,0.134
355601117,4.1519578,0.489
270411008,17.3506499,0.066
231010756,3.7845188,0.161
67559369,14.7103164,0.05
97467902,2.0450862,0.568
29847695,4.9983914,0.283
322493523,1.5323477,0.469
219222201,2.3832589,0.531
115693377,4.9279264,0.238
63785934,1.4701245,0.554
55369219,1.9795959,0.471
52079677,9.030013,0.134
54018297,1.9397502,0.56
98658304,5.9307456,0.171
306773020,1.3773899,0.515
198011271,1.9335604,0.429
279949020,13.0987154,0.1
114471605,6.3869005,0.143
31850842,2.3198144,0.32
300972613,0.7761167,0.479
9054370,3.1899595,0.29
316769815,1.712204,0.557
69888530,10.3516947,0.347
220523550,13.4964231,0.166
219238496,6.5054324,0.238
396721448,29.4183827,0.317
3816260,13.1278709,0.122
308225941,1.5194621,0.558
231061733,2.3982071,0.709
231840927,1.6357575,0.261
382069435,5.4878834,0.579
234518605,5.6784598,0.266
215336287,2.5922851,0.538
259543079,40.3040804,0.01
3921749,5.6112212,0.175
234347951,23.3047751,0.037
279741942,14.2160823,0.091
251858265,1.0572148,0.405
219998089,6.2021457,0.337
142177867,1.4352892,0.396
63941711,1.0387453,0.309
299135660,5.7698052,0.337
38937499,4.0555582,0.113
219984354,1.2382039,0.55
197908268,0.9131569,0.623
123405765,1.1497091,0.521
164681172,4.9053187,0.226
231833061,26.187637,0.013
28051929,13.6346813,0.153
268529943,4.3035024,0.331
10756751,3.4885322,0.571
9209932,3.5225329,0.45
382323697,7.7742733,0.273
220015845,26.3381651,0.033
115275539,1.7630617,0.505
120566395,0.8884682,0.394
350954272,3.3239802,0.631
231851620,3.7168766,0.442
389754103,3.8034748,0.464
197931263,2.5185892,0.497
39018208,6.6493104,0.143
237342298,2.6920849,0.505
49677785,1.5942503,0.485
220567625,19.4266015,0.128
164752991,1.2224224,0.327
389669796,8.4770958,0.134
33912852,1.7050008,0.361
389754101,3.8034403,0.462
197886566,0.8721425,0.496
231279823,5.9684525,0.199
146761368,1.835438,0.628
178171080,6.5011864,0.301
77030554,10.2871845,0.304
100918213,0.5129265,0.574
111267340,1.2703727,0.471
220430912,2.0326671,0.561
234494090,1.9452414,0.266
41865879,6.882728,0.573
91638523,3.1664342,0.484
327996089,2.1739308,0.378
13092260,13.2458144,0.111
402112785,10.9407277,0.075
259675295,2.2322261,0.648
332488398,2.0835732,0.338
33665328,2.0539339,0.442
3815360,19.5810469,0.06
38699825,2.0846441,0.592
244163413,1.7880458,0.407
266735682,1.1352356,0.555
401889117,6.5862074,0.205
159897979,14.0549592,0.109
349835367,3.3408227,0.544
220521199,0.7288498,0.645
197887879,14.5286478,0.07
215403644,2.1963465,0.558
116417661,2.2776724,0.481
10838695,2.3061233,0.527
391902612,4.5521502,0.524
401869914,2.6082825,0.556
100029948,2.7775647,0.337
129764561,2.4348772,0.54
79548760,7.971971,0.173
207200487,2.5043927,0.686
183596242,0.4455952,0.541
206468815,7.3703493,0.181
259589049,9.9682009,0.226
198037741,0.7799848,0.659
287351976,1.9219583,0.555
301022235,1.8722211,0.566
91542943,5.3266949,0.17
266770712,0.7904541,0.653
259373684,21.6867871,0.03
281498280,0.7506328,0.427
117549840,0.6660209,0.485
358232450,1.6697714,0.574
270622446,2.4450689,0.525
24704862,17.2004992,0.213
349907707,5.1331502,0.647
31653503,6.6806299,0.549
300654002,2.7581426,0.563
273792220,1.9879087,0.441
339607421,2.4382283,0.316
114819301,9.7729818,0.109
69949079,13.0559028,0.715
31796120,1.9941899,0.517
4629065,11.794327,0.279
200440270,1.0788761,0.604
121078334,0.9285757,0.643
301407485,2.6641343,0.53
200363295,0.7531866,0.525
77158150,2.4869479,0.466
381167995,0.8242596,0.668
144598282,0.6606694,0.726
231809798,0.9056737,0.408
453828066,9.1345195,0.248
461713146,4.9792349,0.59
404477044,3.5517039,0.448
35743561,2.7207961,0.544
318887874,2.9746798,0.541
261332760,5.6727335,0.304
77209028,1.1377695,0.538
301405723,0.9427072,0.59
65448527,0.6678304,0.74
259701720,3.972003,0.528
347545091,4.3938962,0.569
144539611,3.9809609,0.23
323295967,0.424537,0.721
121156576,7.9497566,0.428
12631605,0.7088063,0.539
425077106,2.2322162,0.577
146688260,0.5030694,0.52
387544749,2.8196171,0.485
200297691,6.9788711,0.534
170635351,13.6518985,0.711
347545020,2.7807107,0.486
302457456,0.9751629,0.58
166874908,2.1893105,0.571
35101462,4.1729015,0.21
318868368,1.8456244,0.509
7695666,17.5537009,0.093
274039311,4.5541186,0.142
161638713,12.6165358,0.311
98853987,2.7284203,0.511
250387838,6.8862416,0.165
143022688,1.5661604,0.325
219362976,15.9543896,0.02
66572840,5.7569119,0.306
142929481,1.1467361,0.504
88479623,0.9182032,0.502
369370898,1.7104489,0.411
219421171,8.302977,0.165
98853990,2.7283715,0.5
279097963,10.5242227,0.104
33834253,3.2320815,0.55
38588414,3.9642364,0.264
178352046,5.7768236,0.339
12529950,2.4004337,0.308
4723156,9.4901054,0.026
259470701,2.5430268,0.54
88571421,3.1905328,0.255
88380001,4.4332324,0.147
121048789,1.288246,0.393
251087387,3.0249036,0.333
178242590,1.3019741,0.545
422844353,13.2693897,0.191
178284729,2.2359849,0.201
4742129,2.0720163,0.375
142852841,3.4208469,0.185
153742549,6.0704815,0.309
361993750,1.5991689,0.416
44890224,10.62318,0.081
453828065,9.138309,0.231
161577376,8.2844594,0.182
358335586,1.2212853,0.564
89045042,12.6427516,0.088
231293332,3.5757198,0.319
257691369,85.8515645,0.029
153709888,2.1663476,0.391
279454212,11.761213,0.075
153741139,16.588177,0.166
170749770,5.3055493,0.444
302384263,6.7112322,0.161
159984211,3.659904,0.486
35744583,2.0689326,0.548
64108432,2.7787077,0.41
237944385,4.4250091,0.163
317411334,2.8973082,0.333
201497357,2.8721398,0.451
291385340,15.7196245,0.093
124033255,3.3673406,0.333
11286209,1.1909336,0.572
238162238,2.4374384,0.375
264594193,2.2289026,0.481
142677613,6.1826413,0.298
301485937,10.6546526,0.329
124199788,2.3521756,0.152
96799506,6.5457001,0.213
264537668,4.0307037,0.253
156577475,3.1257385,0.389
142409400,1.386915,0.332
255587619,9.4274907,0.196
238896431,16.2461726,0.155
167671107,3.6497948,0.377
60479151,0.8378759,0.528
53059882,8.9582177,0.223
207004093,1.2475564,0.295
12158853,1.2623791,0.361
50528312,5.273489,0.169
264592553,4.5552015,0.329
365694569,9.034968,0.222
39818458,3.8156995,0.194
35481236,1.8434407,0.618
37248140,11.5067903,0.15
172361463,17.9417712,0.17
299906906,1.536928,0.265
52641430,1.6700757,0.536
255744818,3.0472948,0.603
220315592,1.9711998,0.426
427398881,13.5495751,0.113
464838153,3.8729188,0.395
42991745,1.4218117,0.502
157751050,2.5798993,0.31
143117999,5.7007498,0.189
443174527,9.4252907,0.672
32759110,4.0770359,0.128
172462064,23.89345,0.03
435936714,2.3409375,0.323
427394772,6.4707838,0.489
25188036,3.3928521,0.4
231972938,1.5508496,0.429
140212820,0.7776763,0.499
143171265,1.1411026,0.719
33742428,4.9782121,0.519
14081980,2.9191488,0.326
52276229,2.5155553,0.243
156241056,1.7801492,0.507
117739806,5.6203686,0.224
317191077,2.1917865,0.565
267195931,4.3701553,0.424
322650462,0.9792734,0.469
443117794,6.2939598,0.247
168191566,4.1187613,0.568
436158814,7.2148954,0.094
11756637,4.3064103,0.191
156758188,2.0973245,0.53
176406202,1.5144824,0.452
220318793,2.7760941,0.302
282270717,2.7405123,0.636
53122807,17.8525026,0.181
38678931,6.2847533,0.133
72782654,6.6314323,0.215
42828781,2.9429254,0.557
167747439,6.1309716,0.462
123902605,6.2166988,0.235
231822771,2.0147971,0.461
232030067,3.9690316,0.471
160328766,10.3176495,0.199
49701947,5.7779484,0.176
255700967,6.8512341,0.228
279640088,5.9268456,0.369
24397947,10.190907,0.26
290044434,1.0891498,0.371
52641431,1.6712974,0.442
33864821,0.810465,0.495
220082557,2.2570772,0.525
287841093,17.7032481,0.083
176591772,7.7585814,0.141
31303242,7.05507,0.29
180943676,8.4182186,0.101
231205049,3.0970887,0.483
443055162,8.1675395,0.21
33419790,2.0162719,0.546
172742334,7.5647799,0.169
78568736,8.2197877,0.159
38023570,1.2215651,0.426
37606218,7.8358545,0.21
234211934,1.0649345,0.489
355357949,1.4604273,0.537
31054255,0.873872,0.295
322900369,6.2516338,0.396
52924466,37.268309,0.01
232185093,4.4691554,0.185
123573766,6.6350711,0.15
365570620,0.8583147,0.527
124106762,4.1869104,0.358
146879345,3.013558,0.434
100917608,4.1237901,0.447
255565860,2.2059179,0.44
436243444,1.3584399,0.401
438071843,5.2415016,0.311
119461266,2.9462458,0.467
147185619,32.2753745,0.284
436103335,7.7042854,0.424
317330474,12.2076544,0.081
319467578,2.3650004,0.302
284909275,4.5972204,0.385
33689349,3.4978978,0.401
140659978,9.4400954,0.09
350297040,10.8739196,0.101
345835653,0.9242404,0.397
153166843,1.9316637,0.474
346429188,0.3311382,0.534
37601240,0.7313791,0.623
424992973,6.9253457,0.147
234933888,6.911349,0.308
144695651,5.2978379,0.352
48658291,3.1757735,0.4
147975720,2.8502226,0.179
255548311,4.9638409,0.163
138857475,12.9392878,0.156
234874474,1.3159894,0.641
235073057,3.4891943,0.733
143234741,1.9178734,0.389
219403686,0.7602518,0.435
307016006,3.3066352,0.45
134283998,0.6188381,0.619
88916475,11.2994767,0.129
125497512,1.2731167,0.611
32932888,1.5338696,0.628
51155192,3.2240579,0.529
155813907,2.2432062,0.515
388086679,5.5922027,0.298
443969553,2.4541385,0.84
173432542,5.0551084,0.569
143318403,0.7252496,0.538
425223388,3.6218864,0.519
33194538,6.0502389,0.56
55489734,13.0151347,0.241
150282779,5.7593793,0.588
6518047,1.8513319,0.489
262696097,0.9112219,0.53
149319411,4.7521262,0.366
440796977,0.7820745,0.528
98478039,0.6682271,0.465
80659292,1.9925092,0.547
112236473,10.278941,0.241
142080812,1.0580716,0.6
78450017,1.887501,0.334
128902999,3.3791588,0.307
124651221,7.4215887,0.325
318573150,5.7404517,0.386
169770571,1.8461945,0.515
177723489,2.1989146,0.398
155884454,0.9797834,0.572
22766107,1.7262794,0.408
51104846,2.9043012,0.396
468958384,1.5351684,0.539
126446153,4.2102754,0.581
134522557,5.7275413,0.294
126586580,3.9273332,0.553
125501325,4.3837501,0.211
155884449,0.9797213,0.534
124712820,0.8256717,0.325
124712813,0.825658,0.381
319558164,8.9798845,0.115
27654882,2.231301,0.479
455178154,8.2894768,0.459
132448273,2.2550488,0.273
296184440,3.7441905,0.363
114547549,3.8679801,0.524
11070365,0.9020851,0.56
259070502,11.2008349,0.25
19193162,5.6916577,0.384
14709809,9.3910703,0.605
165148663,1.9614239,0.59
173756330,1.7534658,0.535
271013213,0.6195432,0.645
440788366,1.5482769,0.609
177960771,22.4150065,0.192
66102144,2.2927291,0.541
18915591,6.9856401,0.434
319011894,8.2909378,0.334
306651396,2.7149973,0.44
452895993,3.3374515,0.755
7211118,1.4462609,0.534
21184505,5.2919898,0.876
278826996,19.1689746,0.088
125175122,9.6476573,0.386
80556181,2.8195817,0.481
319863494,5.135475,0.124
60284401,10.1290735,0.423
425166925,5.7282944,0.595
124950413,5.7898897,0.219
50758245,4.5147347,0.561
281341249,4.3811449,0.467
148920245,0.6853446,0.373
64608449,2.2502465,0.793
93681365,0.3960371,0.42
437212966,3.1313903,0.491
173077938,0.6485283,0.419
306763456,1.8331199,0.516
262758522,12.3237552,0.282
173038281,4.3080481,0.164
468948126,2.3064104,0.517
452845139,3.3488261,0.352
80650858,1.9158693,0.517
130876312,7.9399755,0.397
129268651,5.9631945,0.361
66509654,5.289573,0.224
64783257,3.8551178,0.263
284613090,11.5548386,0.14
168426455,3.8671518,0.329
63579446,5.5828949,0.382
425172025,3.2690037,0.451
182469311,6.0298614,0.2
468958374,1.5351063,0.545
307304908,2.8278718,0.516
150284425,3.0044462,0.377
332079835,6.9564269,0.153
455153566,0.5997514,0.547
409319605,1.1359601,0.576
66602813,2.764074,0.352
123153249,5.8784238,0.674
147102369,4.1270975,0.332
173756896,11.3408662,0.139
22937402,1.3826827,0.484
175969976,6.6976452,0.479
63192395,3.064939,0.528
156325724,11.7250907,0.272
145762697,9.0663975,0.276
178051504,1.4631077,0.554
56023695,8.1783355,0.578
48880872,2.1874975,0.463
238896417,16.2442349,0.153
18914916,11.2840942,0.081
1190662,0.8879691,0.281
398221405,2.1089351,0.329
12012992,0.9011729,0.626
60655023,1.1156523,0.673
415345299,3.1869225,0.309
38125059,4.2299211,0.36
453059861,0.7720541,0.606
182776916,1.2262887,0.737
81609273,4.8387759,0.75
423363853,8.8298231,0.155
386431674,17.4804458,0.039
60979860,2.3870631,0.488
290476605,5.7442589,0.158
2020964,2.9423359,0.559
289670788,1.9557549,0.56
176774858,0.6188506,0.449
271864083,1.1661516,0.509
185805011,2.0052089,0.458
22538139,4.6328668,0.321
62761513,2.0943241,0.494
56332484,0.9225558,0.634
80025900,4.0582743,0.302
175182754,3.8093294,0.337
410245402,3.0005282,0.413
405391996,1.2854909,0.497
283698250,1.0036573,0.48
2353789,1.8717,0.425
289596375,7.2599752,0.206
146601322,0.986995,0.576
413024324,1.1511769,0.549
270648838,7.6353274,0.133
93911780,16.8430226,0.28
393344055,1.509342,0.6
408351795,3.6761526,0.366
348759510,3.7161348,0.167
186544053,8.911256,0.144
78151317,1.4391229,0.521
46908113,3.0116262,0.34
377060843,20.9321754,0.213
386437695,3.5744215,0.346
74528791,1.8020755,0.588
1202347,4.1505025,0.354
55252407,2.4504235,0.515
415434817,1.6622143,0.585
262605041,3.6663285,0.211
146039664,17.8368584,0.11
312111256,1.1518696,0.829
423279462,3.0724445,0.37
119058688,1.3483333,0.266
47175622,1.5233777,0.412
51947865,7.4016964,0.257
185980914,3.4915999,0.545
51325134,1.5996147,0.595
277712294,2.892281,0.409
415528958,11.0423645,0.128
347506869,10.3149658,0.413
142742998,3.0962043,0.332
14307980,0.8974226,0.503
146601318,0.9869836,0.566
386262459,2.6672303,0.271
5364915,11.1448055,0.159
55408994,13.2542617,0.295
305536358,0.5464738,0.522
78234838,1.9743377,0.306
408351887,1.0731803,0.689
289597948,5.5129009,0.241
29697290,0.8352303,0.645
96106862,5.3797936,0.161
145586291,4.0167459,0.347
191926695,1.9350003,0.413
95867802,2.2816984,0.536
449351034,2.1862334,0.324
83113607,4.4437807,0.381
21639186,4.7297276,0.467
389667572,6.3711019,0.291
371108287,0.8686293,0.429
450918869,4.2247759,0.384
141663326,6.6546536,0.198
275697259,0.5792545,0.768
101462,4.1739815,0.166
258839862,4.6539954,0.534
438790188,2.0947894,0.37
276458481,2.2544606,0.416
243391162,1.5171517,0.481
412941718,0.858977,0.481
423220124,1.5051152,0.514
47402214,1.293387,0.389
349483495,1.9978092,0.449
124912666,8.1119042,0.461
407067592,7.7718804,0.462
327850372,3.2769861,0.419
254039358,1.4956248,0.354
410276444,1.0166611,0.383
406238813,29.2303053,0.241
113501026,3.268932,0.541
377325711,12.9973471,0.273
10891640,6.1819688,0.522
258271315,2.6436389,0.41
311062274,8.1900688,0.21
58229181,2.1672832,0.507
148392309,2.7915561,0.513
313028417,8.0259764,0.707
409056401,5.0056136,0.261
274601313,6.1334745,0.622
67360334,3.4278817,0.274
252890740,3.9200195,0.318
202442982,2.7387205,0.342
25226885,1.6320461,0.52
229057817,8.1821018,0.585
126602778,0.7121198,0.644
143924219,2.8201001,0.376
279314488,1.8325567,0.53
403153647,5.3377447,0.277
139188326,0.5883808,0.533
441422220,3.700142,0.319
139699256,5.952715,0.455
33862174,1.4145298,0.592
214198381,10.6816724,0.606
394585218,3.9642829,0.297
265591866,2.2807588,0.546
265489698,1.1554696,0.636
277649549,14.4904608,0.063
262958558,3.5360981,0.53
389476160,1.6287089,0.49
253928535,2.249268,0.425
265613590,4.8180133,0.33
389726435,2.0861822,0.63
139825840,7.6881634,0.507
201256771,3.7617401,0.495
234491752,0.8658398,0.604
79225651,1.785578,0.441
278784173,1.4948338,0.196
219308281,2.8573698,0.553
144000467,8.8831592,0.149
139841210,1.4890015,0.499
394006752,0.4548849,0.583
126945917,1.3410547,0.597
139721086,8.9737351,0.178
441406061,3.0182392,0.594
152223725,4.4361742,0.542
89018905,3.1430341,0.34
70442570,11.5269229,0.303
92628706,18.4050167,0.032
269762258,1.3245939,0.327
201234926,14.0946283,0.05
115115136,3.9569949,0.414
181043970,0.8709147,0.579
92349924,8.799394,0.115
144462697,1.2340071,0.555
63280198,2.0482546,0.876
253922296,3.141546,0.53
269829384,1.2498031,0.588
220388567,3.6453465,0.435
206556127,2.2110155,0.363
266996791,2.1238668,0.546
326356701,1.1121569,0.568
201176965,1.3640185,0.565
231828370,1.3720167,0.639
237332597,2.9274303,0.396
160036449,1.8931745,0.54
126763885,4.3573928,0.304
278706358,6.9025229,0.225
126944775,2.6958895,0.496
139128537,1.578059,0.35
261656371,7.1953094,0.143
406276109,7.5470488,0.139
214517366,24.9530583,0.048
197760286,0.6013042,0.456
219328784,1.9681031,0.604
204497617,1.589172,0.496
201293780,0.9377426,0.447
206462116,2.9674214,0.444
358457398,2.2756668,0.586
270166263,15.3125412,0.047
214299966,3.0671767,0.245
121420805,1.7168857,0.53
197570458,7.6179156,0.105
147201138,1.8805348,0.557
301980639,4.7830501,0.211
44623916,0.9447294,0.616
62762261,19.158835,0.106
219322317,8.5448393,0.168
381854774,1.6445293,0.299
300903537,5.8232216,0.214
117544915,2.968452,0.513
197766143,5.2059361,0.551
54001270,2.3490994,0.551
29478974,12.4532873,0.135
231714759,5.4613059,0.524
229808144,11.6102781,0.12
97402522,0.8007241,0.412
92594505,22.8699705,0.06
325205605,4.2484918,0.4
207080350,9.1073059,0.183
350190639,1.8672567,0.349
231860752,1.9597412,0.513
219338651,1.2658396,0.588
401926767,13.6020534,0.059
279537689,11.5527497,0.1
56127811,3.7236125,0.305
445921773,2.4309689,0.574
231973885,2.8946583,0.542
231921891,1.6992714,0.527
31107108,4.0481965,0.644
244252435,1.8871288,0.409
9381557,11.8221481,0.48
310308203,2.694234,0.593
117879940,2.261994,0.58
117925262,0.6012889,0.508
220402290,0.7852364,0.637
213047427,8.8001062,0.151
333642126,9.6532269,0.125
146522930,1.0876046,0.435
245863693,1.077403,0.487
117648603,9.2982863,0.521
250196734,7.7039539,0.103
167673218,17.9651049,0.552
146439804,28.5065844,0.077
139701741,2.6303776,0.549
426588729,2.4258551,0.539
219173590,7.6506857,0.562
13325340,0.8930911,0.578
464772659,9.7376099,0.532
121595243,1.0575909,0.307
248403190,1.5509572,0.538
32702481,1.8977979,0.339
9380768,1.6222184,0.459
20176492,2.2213018,0.557
178858648,8.946456,0.319
37817410,2.6061393,0.536
146597035,4.4001488,0.304
1220444,7.1620656,0.173
362043085,6.8615943,0.249
146344020,2.493918,0.266
299096773,7.407127,0.406
283677584,1.8592369,0.554
442918617,1.6642507,0.487
393803650,6.7674706,0.648
167756615,19.4296795,0.159
67719432,1.0017063,0.522
24522770,2.1313403,0.596
399664959,2.07753,0.526
179034615,0.6621642,0.55
471013547,3.5404318,0.39
178996712,2.9822422,0.34
468887783,4.5294335,0.305
167717848,5.064015,0.657
55999432,1.8555335,0.579
149861542,3.6586352,0.444
43648757,2.6989629,0.434
20095466,0.2118497,0.437
38677487,4.0809305,0.343
316918055,0.8084718,0.426
77437462,0.6079304,0.453
399729481,0.803801,0.741
146559015,2.6403709,0.459
432610098,3.5615086,0.483
24433067,6.1864071,0.466
311128363,3.38741,0.539
373364179,3.7476127,0.259
9433212,5.013448,0.2
56128191,6.2238601,0.194
13062697,4.8487676,0.784
178938417,6.2653192,0.424
67688552,1.4621434,0.459
200440175,1.8260039,0.537
146559012,5.2819523,0.21
13957444,3.7404363,0.257
67186251,1.1494576,0.591
262173985,1.1127725,0.601
239673325,2.5408989,0.524
210116141,0.724345,0.534
408068720,0.5797644,0.524
198051336,0.6419055,0.633
79565128,1.6231744,0.58
70555928,6.1140814,0.548
63818344,1.577272,0.582
287175225,0.4859539,0.683
219244444,0.3037035,0.344
180724703,1.1226132,0.604
41896812,1.2608353,0.577
346338553,4.465494,0.226
430000969,,-1.0
395459736,3.6081353,0.399
139256217,2.1992267,0.554
95778110,1.5324408,0.443
233058265,26.2811517,0.116
256865831,4.0605257,0.25
364186087,2.4523555,0.339
8592033,4.3435903,0.629
258177999,5.3968072,0.207
57229803,3.6497411,0.253
24077469,5.2959861,0.297
283939331,3.5200155,0.235
237234024,1.8959765,0.403
233006806,1.5112536,0.534
17468122,4.933897,0.26
232617358,2.2293293,0.415
161685680,3.7392234,0.211
431555426,1.7786393,0.526
275423476,2.9289407,0.373
388431711,3.7538106,0.264
232632890,1.3492615,0.508
445879719,5.1167271,0.499
456033358,12.0570484,0.055
39903672,3.0312219,0.228
321864797,13.2351885,0.101
233531814,2.7040556,0.272
320524751,8.9522212,0.13
265274458,2.9979151,0.458
230016502,2.9604932,0.321
256516208,3.5725365,0.258
445882146,3.7526702,0.231
198366673,1.7599204,0.499
284350181,18.8944038,0.039
371991062,8.9060154,0.364
418221292,3.3955461,0.371
368334916,23.5141059,0.038
355792204,1.1729557,0.622
229503517,3.9757512,0.345
219095755,8.9066489,0.201
378042585,3.261067,0.619
459278502,15.8522773,0.249
441794509,14.9398487,0.186
314702305,2.929962,0.363
236387002,7.2009313,0.083
420114776,3.2350874,0.236
157376469,1.3412056,0.417
329118239,0.5633637,0.556
298264838,3.2259045,0.394
364964726,2.0604317,0.441
229481183,4.3444946,0.263
255908136,3.8258346,0.402
330847328,13.2390279,0.13
387562256,5.1861841,0.305
199708835,10.1201374,0.193
165531514,3.1055072,0.336
467294853,1.0881088,0.512
237290473,0.8324161,0.526
320333641,4.6706765,0.267
233058262,26.2781296,0.085
444827931,6.3991197,0.616
310516902,1.6136022,0.56
57258016,19.6982759,0.075
68901798,3.8601386,0.39
274945059,17.3600805,0.263
237117591,6.7966898,0.305
387356770,3.4765463,0.33
417734853,11.4462212,0.148
43273020,1.8412191,0.364
284457791,2.3588246,0.397
428962300,2.9416515,0.495
229597404,6.3725902,0.174
57232909,3.4098944,0.425
377055044,1.4956561,0.429
229465075,14.2637441,0.295
305466425,3.2910538,0.287
229616860,5.6932747,0.158
359631418,1.3761485,0.321
311236477,3.1325011,0.414
354119540,1.7634653,0.441
337094559,1.7808158,0.607
229740848,3.0859294,0.234
53963396,2.7336262,0.507
193994472,6.35215,0.246
188590080,6.4949555,0.181
224308601,1.1949629,0.426
160603897,1.1100952,0.467
387261279,8.4403624,0.219
230050959,2.2344936,0.447
368452480,0.5495789,0.583
274238240,6.2062535,0.371
219780464,2.0008691,0.307
237069277,2.9003466,0.351
371989318,3.8191478,0.582
8624617,4.9057067,0.602
233650330,5.218655,0.249
258108067,12.9687125,0.108
233576872,1.5178214,0.619
219474870,3.8668793,0.201
57256934,7.0631807,0.26
346599599,1.5022776,0.475
470208013,5.5430262,0.34
31655792,0.4161053,0.788
32200310,0.3604377,0.726
51912829,0.8354048,0.503
52368472,0.3259718,0.807
79403459,0.4353347,0.583
89428764,0.3766095,0.841
91369561,3.9831064,0.552
91448148,0.9863543,0.617
99465976,0.6243709,0.631
99646802,0.7155582,0.751
115105140,0.410686,0.766
117515123,0.2595402,0.818
126637765,0.2734502,0.835
139148071,0.7007948,0.615
139207681,0.4936816,0.649
139700621,0.3467937,0.763
144194304,0.483469,0.717
147083089,0.3627438,0.739
147131974,0.8016887,0.593
152825521,0.743132,0.583
152926069,0.8032433,0.7
161262226,0.3073041,0.742
183979262,3.4308011,0.297
197735761,0.601957,0.745
200645730,0.2917217,0.806
201291281,0.8103627,0.671
206508611,14.6704381,0.312
206544316,0.3219472,0.437
211412634,0.7535755,0.845
212344482,1.5050701,0.639
214299836,1.7424607,0.865
219328400,0.3390354,0.802
229804573,1.4640938,0.629
231629787,0.2665624,0.864
232063593,1.2349865,0.718
234284556,1.1066197,0.762
234523599,3.7955235,0.205
235000060,0.3577154,0.782
235000061,0.3577153,0.777
235009317,7.4572529,0.184
259864042,0.4607861,0.374
260756218,1.9563636,0.357
263078276,0.2840349,0.711
267043786,0.5948355,0.788
276935996,4.2508447,0.655
279254042,0.5968517,0.624
290547036,0.9031481,0.604
355544723,0.1545267,0.539
355601553,0.4299469,0.952
355635441,0.392583,0.771
355651035,0.5842278,0.777
355703913,2.1061527,0.244
369218857,0.3275155,0.746
381857817,0.7024238,0.545
389658055,0.3283473,0.769
393978805,0.4217724,0.79
402065927,0.6314729,0.706
403136932,0.3028548,0.75
410187905,0.953676,0.751
410354930,2.5994436,0.554
412063998,0.3265817,0.763
419635446,0.3908187,0.743
441105436,0.3688966,0.759
441183795,0.6338895,0.729
441422527,2.9362612,0.898
469970988,1.3520399,0.861
469979014,1.1625978,0.718
471013508,1.1625863,0.72
8989778,0.6127979,0.791
9033144,14.1451608,0.122
9727392,4.5345679,0.376
12723924,22.0004004,0.038
13068361,0.3073681,0.808
43398254,0.3016875,0.793
49735506,0.3300894,0.879
69838619,0.3833245,0.949
69889494,0.5090071,0.666
70761941,0.2654127,0.734
89543393,0.4707912,0.691
100100827,0.9414549,0.537
115443990,0.7553465,0.627
118826280,0.246525,0.72
120414806,2.553051,0.522
120607386,0.4136144,0.878
155540827,3.6505249,0.44
155989956,17.8592472,0.045
158536052,19.9756911,0.093
158582801,1.0801048,0.516
158582802,1.0800929,0.513
160065970,1.3681857,0.486
160081043,0.7687018,0.652
160085375,1.4029856,0.553
167086201,2.1964144,0.824
175405906,2.012949,0.573
175458611,0.336029,0.757
179985566,11.034992,0.159
183537458,0.4557865,0.59
188594653,0.3741055,0.765
188630094,0.8627317,0.621
201776479,0.3671508,0.76
201924791,13.6332784,0.099
204325855,0.484342,0.757
204327008,0.3232092,0.742
206539783,8.6681789,0.152
207085748,0.3623789,0.741
207091008,0.2460469,0.742
207174531,0.6250975,0.689
240764987,1.0272832,0.597
251829135,0.2686421,0.737
251857120,0.5053431,0.638
254298146,0.3879395,0.771
281728276,0.2733184,0.75
313934040,3.1467896,0.787
340704073,0.3136675,0.733
340782794,0.3799152,0.75
349519544,18.7537886,0.62
369586828,0.0820144,0.629
372816629,0.909088,0.801
382425148,0.3650911,0.813
389728831,0.260882,0.744
393943031,0.4497978,0.869
399577123,0.3119793,0.91
402130407,0.2991373,0.726
402319281,0.309847,0.756
402324760,0.3614124,0.808
402339590,6.6262203,0.646
415969184,0.9475646,0.84
425864141,0.2183845,0.57
434097226,0.4455874,0.774
434106760,0.2806312,0.769
11487334,0.3840273,0.809
11546041,0.4068856,0.778
11598102,0.4229058,0.779
29848012,0.3491737,0.779
32268776,0.4762141,0.607
32284829,0.4642528,0.692
32551761,1.0850104,0.925
33576348,0.4438332,0.665
49558810,6.7093594,0.162
75352949,0.4720387,0.749
114500611,0.4887741,0.816
123337161,0.3681651,0.879
140493525,0.3089662,0.754
146637697,0.2717596,0.743
146712645,1.521464,0.242
160196709,0.3066134,0.764
164720673,0.3659915,0.889
164775666,0.3168471,0.714
212377300,0.2830396,0.842
215258019,0.46323,0.545
229143092,0.351034,0.921
241393039,0.3711218,0.748
241578867,0.3441001,0.756
248348545,0.1946039,0.771
266769521,0.5361672,0.797
266769522,0.536159,0.735
266816672,0.3031493,0.726
268652258,0.2564874,0.721
268686000,0.4454122,0.793
268686130,0.4667023,0.826
268766053,6.6196826,0.205
269505148,0.5224015,0.745
287174076,0.3247485,0.748
293619461,0.310655,0.853
299199358,3.8400846,0.49
396720998,32.2683241,0.269
398673007,0.5432684,0.804
423358373,0.4282947,0.83
439458951,0.3111498,0.969
1045298,1.4634139,0.641
7724421,0.6405998,0.822
9845586,0.3601126,0.719
9945183,1.5575895,0.531
12632044,0.2016308,0.849
23139612,0.4113067,0.799
23221002,0.4452879,0.745
25195864,0.7435968,0.725
30028394,0.4571032,0.895
35744707,0.3464465,0.709
36729364,0.327482,0.892
36883123,0.3352718,0.744
38399380,0.5680974,0.734
38541473,6.0613451,0.147
44737596,2.7886705,0.278
44790502,0.6384866,0.699
44797681,0.4009503,0.93
49799894,0.2709015,0.914
65348716,0.4948549,0.708
66573768,1.653169,0.83
89239251,0.3144381,0.824
92234970,0.7719217,0.638
98828631,1.0156881,0.793
101070833,0.8276644,0.7
120956236,0.3270847,0.752
121009628,0.2820421,0.721
121092386,0.4215599,0.661
121134517,0.3351707,0.814
129810365,0.2923476,0.869
129888462,0.7224241,0.595
141126559,0.7766603,0.717
141332108,0.3816202,0.709
152507230,0.3116403,0.707
152592870,0.5138514,0.662
153834085,6.1584435,0.408
156215585,2.9597294,0.545
159950145,0.3950963,0.728
165184400,0.6637027,0.589
166833457,2.9626499,0.223
168674931,0.9013817,0.599
168675489,0.4606649,0.815
168697816,0.6921086,0.677
168851294,0.6431832,0.634
170637811,3.0643486,0.636
170676440,0.6341928,0.747
178284730,2.2359828,0.198
179244391,0.2854639,0.733
197933923,0.4901067,0.799
198008281,0.1315587,0.741
219145901,0.2729386,0.88
219176881,0.4636711,0.843
219346326,0.4257389,0.743
220042007,1.8381161,0.588
220420534,1.8360895,0.53
250386181,1.4703473,0.279
251078096,0.5846354,0.67
251094451,0.3631136,0.785
256775514,0.2976541,0.66
257525627,0.4566193,0.847
257567854,3.5334303,0.342
260370454,0.7951027,0.697
270371961,2.3681891,0.378
270380593,3.8769908,0.238
274039489,0.3052865,0.376
274088422,0.3414905,0.795
277104322,0.2821634,0.926
279181220,0.8232815,0.631
279224984,1.0642167,0.797
279401848,0.3521565,0.724
279484342,0.6322016,0.671
318868129,0.3751679,0.795
318966048,0.2306676,0.775
319291434,0.3512605,0.818
322512913,0.4588608,0.785
326242641,0.1824645,0.813
332910947,0.914434,0.606
332910986,0.643465,0.805
347552724,0.5360809,0.765
365301387,0.2753563,0.766
369362290,2.1123879,0.559
387463207,0.3799213,0.76
387513120,0.3036332,0.862
387513384,0.2974686,0.782
387586260,0.880467,0.813
419994778,0.4306794,0.79
422914426,0.5494178,0.715
423387084,0.7408448,0.684
423439467,3.4172794,0.593
423833748,0.4269438,0.855
441128066,0.4407791,0.765
445924091,0.4639754,0.915
627436,0.5789058,0.817
737546,3.0677452,0.568
1449640,3.5017948,0.396
1450518,0.3337474,0.65
9172417,0.2451915,0.655
11002748,0.778715,0.669
13062255,1.651213,0.571
13070701,0.4140761,0.9
13135572,0.3983886,0.739
13345143,0.6723508,0.784
14091704,0.7650591,0.429
21729403,0.405346,0.69
24450633,0.22867,0.617
24586751,0.5128316,0.639
24606516,0.4019809,0.857
31118189,0.275773,0.773
32543789,0.3191196,0.826
34107676,0.34015,0.799
34145330,0.6404922,0.61
38589392,0.3777198,0.715
38686737,2.2471308,0.44
38687360,0.5080177,0.739
43533897,0.3133685,0.666
43712632,0.9264966,0.743
43846099,0.4234074,0.725
43864479,0.5944452,0.868
55896456,0.4647737,0.788
56001210,0.1893725,0.845
59038877,0.3053691,0.726
59038880,0.3053725,0.722
59091000,14.7894291,0.238
67686223,0.4169261,0.71
67686556,0.3215666,0.735
67687692,0.664172,0.623
67807856,3.3733443,0.587
67808952,0.3279029,0.806
71026173,0.6795061,0.833
71107089,0.3576366,0.847
77703308,0.7462729,0.526
77951245,10.7148124,0.075
78055054,4.3887454,0.241
92938279,0.2750419,0.72
92938280,0.2750374,0.729
93053299,0.4110905,0.871
115046240,0.3458225,0.832
117978580,0.5272631,0.767
121568625,8.4652048,0.247
139703005,0.331924,0.737
139732428,6.6637267,0.31
140209204,2.7520682,0.528
143350469,0.6608393,0.564
146520491,0.4486455,0.829
146539195,0.2801374,0.736
146557531,0.2708487,0.771
150443185,2.5936476,0.52
151587650,4.9516489,0.946
152362660,0.3958655,0.841
161570793,0.2762364,0.753
165186801,1.0495707,0.571
167673754,0.565193,0.704
169532369,7.2100032,0.286
169532543,0.9154337,0.627
178857934,1.4265941,0.54
178938437,0.6235871,0.737
188989177,1.1741025,0.458
213046690,0.2258437,0.744
213067604,0.3219872,0.728
219164808,3.3546037,0.257
219203188,0.2319362,0.604
229082842,0.3762035,0.692
231922417,0.6872144,0.627
231922739,0.3565535,0.762
238917338,4.0758373,0.633
242944454,0.4048724,0.801
242991317,3.9531584,0.593
244207973,0.6140578,0.794
244208023,1.8227783,0.577
244250449,1.7460727,0.54
248394273,0.1485855,0.725
248394276,0.1486144,0.689
248399337,0.4319151,0.92
248410138,0.8219642,0.663
250195155,6.476398,0.244
262412046,2.0433617,0.563
262434790,0.3143965,0.751
262465161,0.9509325,0.641
269077015,4.1437883,0.657
269078565,2.4555486,0.526
294206429,1.0550702,0.633
303682287,2.1084547,0.764
311183180,13.2498121,0.086
316916655,2.8747759,0.269
345451479,0.4430221,0.756
373414766,0.6851178,0.691
374828411,0.2828824,0.727
396934949,0.3774342,0.757
396953669,0.3327633,0.595
396954096,0.3026573,0.978
397048159,1.6054836,0.564
399814051,1.102438,0.601
401925979,0.4801571,0.798
401928563,0.3625976,0.935
404854539,0.3622144,0.786
408256672,0.2548968,0.727
420962954,0.9970006,0.667
436592342,4.4219884,0.418
436660156,0.4150278,0.803
445932196,0.5654404,0.669
450089997,2.4617875,0.663
450104319,1.5105708,0.538
450109281,10.8901816,0.593
452786194,1.0198892,0.724
453831755,20.2077121,0.32
454190342,0.3326118,0.676
454222105,0.6327929,0.802
455064763,0.2957064,0.767
457173024,0.7989162,0.643
464806209,18.9528711,0.67
4254645,4.0387948,0.535
7418947,1.007808,0.732
33521996,3.3252654,0.224
34082428,0.4338925,0.568
36352297,3.0179355,0.363
46313508,1.0328804,0.628
47911178,3.5857021,0.254
49547177,0.6169876,0.768
49671442,4.2026197,0.3
50743469,5.7344094,0.574
50897998,1.4853749,0.621
52280468,1.1365198,0.312
53603189,0.4186371,0.937
53900480,0.8939467,0.738
61351519,0.2048657,0.619
66563761,3.4057562,0.578
78740218,5.1192821,0.235
78817217,17.7775277,0.094
144700903,2.3237787,0.297
147314529,0.9256059,0.601
148274098,4.0532497,0.636
149603524,8.823882,0.246
170102285,2.9444214,0.3
172464366,2.9215537,0.493
234840976,2.4085455,0.585
235385233,0.409656,0.55
264540478,2.5263921,0.805
265614546,5.137673,0.226
299903137,18.3001229,0.139
306362738,5.5634778,0.209
309908721,2.8338351,0.532
333247721,4.1739304,0.466
350618622,52.9784542,0.015
393414358,8.7561839,0.317
427348923,9.4570322,0.303
438490744,1.666112,0.411
32008233,0.1416123,0.588
54637745,8.9702618,0.253
88977253,2.7679934,0.217
125267683,1.6102295,0.633
140661916,0.5219397,0.596
143669444,1.1038823,0.842
151267228,9.1601819,0.297
169168102,2.4996012,0.454
172193428,2.9412329,0.243
176874060,8.7250003,0.314
178168644,1.0926557,0.536
218795833,1.2652253,0.305
255586667,0.4064729,0.801
265015162,0.3278391,0.951
265139391,3.5872979,0.514
268772301,1.4214705,0.677
271799672,0.3282683,0.889
279481568,0.3165456,0.771
294396726,0.8995044,0.657
318937509,1.0505729,0.325
320536498,0.4106313,0.89
332202405,4.7492496,0.365
348538431,0.899466,0.311
366622912,3.1149197,0.276
405034090,0.7295017,0.933
425206121,4.611214,0.341
440777904,3.3565037,0.349
452955107,0.3879922,0.762
455206965,0.0962362,0.529
1003831,1.651149,0.235
1103432,3.7260484,0.319
1230647,1.1897403,0.586
11748495,4.1615575,0.514
13349647,1.5370594,0.376
24733359,0.3785419,0.903
25156751,1.7431151,0.445
26273760,4.557467,0.275
37435039,3.1985692,0.473
53292822,3.2898896,0.538
54957535,0.7928444,0.656
55727842,16.4698673,0.214
60657338,0.2996869,0.904
60658382,7.7504819,0.243
62573638,4.7160152,0.373
77630842,0.2698741,0.565
82362447,2.8236737,0.307
123222370,8.9671621,0.146
133105082,0.4463651,0.789
144804862,2.3848496,0.688
180730928,1.1349354,0.699
183469904,3.5114994,0.663
184176428,0.7468293,0.603
255682622,0.3215756,0.953
265353588,2.2270091,0.542
271924412,4.1506128,0.377
283308831,3.0336765,0.288
293605127,0.1207862,0.637
296780789,13.5773533,0.02
305536347,0.5452216,0.636
347448707,2.1996271,0.871
348759511,3.7160694,0.159
358465355,0.5706513,0.674
401309413,7.9537224,0.221
408310006,5.4435063,0.275
409900613,2.2063796,0.183
413162396,2.6729633,0.355
413248763,3.9305684,0.288
423275733,2.0521769,0.385
5506314,8.2539175,1.016
29684896,1.6053784,0.453
35516889,0.7888385,0.515
55092869,4.7380948,0.494
81604794,2.2575762,0.352
105802318,0.2781131,0.876
190390679,6.0515344,0.538
190990336,11.0968971,0.251
308050066,11.1755633,0.203
382631664,0.3324723,0.766
396902326,15.9243623,0.247
432168104,2.5528847,0.372
437242640,8.6353794,0.112
5969274,1.0579672,0.528
14614418,0.8379827,0.519
14679411,6.0499502,0.363
15445551,1.6827917,0.506
92995573,16.5355551,0.29
103683084,3.0569948,0.273
229679814,10.5936893,0.586
280206394,11.2366232,0.087
306900161,3.5628965,0.29
370960295,1.0940821,0.873
376339249,6.2768689,0.419
391051349,6.0038847,0.713
413376180,2.7088407,0.332
48184317,0.2379106,0.4
165725822,11.6906423,0.539
406336313,2.033021,0.411
36594985,0.9879676,0.54
77468221,0.7025997,0.369
124369049,0.2917354,0.759
167570131,2.6395686,0.81
364107753,7.7739061,0.338
119159743,0.4119512,0.849
269450900,4.6501858,0.379
280097543,9.4596523,0.302
291572619,1.4998328,0.361
348770361,2.7684404,0.489
456517808,0.8765077,0.909
122682776,2.8579768,0.342
123201494,0.2868434,0.56
137549183,10.2659573,0.141
164782264,0.4439891,0.734
164883253,0.3152043,0.785
232967440,7.0643648,0.143
284990199,4.0937214,0.384
467187065,0.0641622,0.499
13976604,3.2053727,0.89
136656542,0.652407,0.813
236445129,0.9690269,0.533
274762761,1.0333694,0.442
1957912171,0.1185566,0.463
129455317,0.3207265,0.744
159636127,0.8146941,0.631
173710176,1.6188466,0.76
199978301,3.2947265,0.306
333473672,13.0049593,0.514
365613123,0.4849286,0.59
440666925,0.1463486,0.524
469924870,3.0725582,0.894
5674169,0.3182028,0.854
101220458,7.3127626,0.494
129979528,1.220106,0.542
138017750,2.4765255,0.675
229741985,0.1739313,0.675
264615805,0.1201045,0.6
292321872,8.6649282,0.216
301741193,6.8685665,0.322
326815804,1.0428095,0.535
396339551,0.2515667,0.731
2234723,2.462069,0.594
156414921,0.7158579,0.779
266958963,2.3628171,0.141
286031430,0.3170016,0.69
417705690,2.3636513,0.445
428534573,0.3765313,0.877
459173473,0.9850258,0.455
4247738,1.3022557,0.347
39011225,2.628162,0.36
88459699,0.1451026,0.463
252949892,0.2553831,0.482
356473029,2.6153632,0.309
67646988,1.8817457,0.217
100100829,0.9419795,0.404
72588909,0.5731825,0.922
231048083,0.317909,1.008
350716073,0.3931603,0.867
53842685,0.3738842,0.961
306578324,1.2947789,0.842
201796819,0.2853729,0.906
224283342,0.8874258,0.55
4206238,14.9741075,0.267
181463644,2.7273558,0.6
29983149,3.8489291,0.316
231826813,0.9007543,0.593
149837469,0.3855918,0.748
332517282,0.402493,0.699
369639876,0.2894613,0.76
129781743,0.40249,0.75
164776925,0.3407947,0.716
1129452,0.7140171,0.988
120585579,6.3410985,0.26
170729895,1.4907993,0.83
200282468,0.8520161,0.918
219423316,1.1968783,0.847
65479458,3.1962242,0.879
66646031,4.4780699,0.911
66668289,13.9261861,0.208
77031414,1.3866544,0.512
77044471,2.6574728,0.31
89502706,0.4794193,0.801
98777963,0.8447669,0.861
121714982,0.8601619,0.89
139419658,1.8467987,0.968
140288359,2.7661331,0.893
151516273,1.1780815,0.936
20072363,0.5160955,0.859
21442712,0.349539,0.951
220397127,0.4795038,0.708
24588623,2.7402142,0.634
245950209,0.9931781,0.909
284703623,0.3879463,0.831
284863911,0.3427999,0.887
34236395,0.8793064,0.526
345482340,0.36507,0.746
345535359,0.4247954,0.875
38021254,0.5126235,0.904
401946845,0.4907309,0.929
457172621,0.4518857,0.906
459971813,0.376723,0.862
123625970,0.3171272,0.904
260370473,0.7950522,0.753
264594607,0.8168185,0.756
271550131,0.3549805,0.824
280110726,15.8896273,0.285
307379977,0.8362568,0.612
333620087,0.3793248,0.813
42827646,0.6780302,0.858
434395855,5.8217521,0.279
443171652,6.627653,0.217
79635841,0.4654716,0.761
165493409,9.1065193,0.208
280278364,0.7938791,0.477
307490686,1.9587305,0.456
413395842,0.8970932,0.808
72229825,1.7955911,0.543
92902907,2.2467104,0.488
201601338,0.4505807,0.707
137151074,0.3536262,0.917
273782052,2.5790678,0.958
273865522,0.788603,0.917
29706981,0.5228847,0.66
314294022,0.6222627,0.854
391663438,0.1994027,0.396
405687343,0.5330735,0.717
41431247,1.0199009,0.713
13684720,12.4378148,0.196
128344724,0.7299716,0.781
350131674,2.6454301,0.63
44222598,2.1618647,0.768
432549364,1.2175103,0.58
453152562,16.033289,0.191
322347559,0.4800216,0.465
307734817,2.1080173,0.339
98337456,11.6159619,0.099
135088521,17.1141414,0.459
156380098,0.3454378,0.945
373693175,1.3275163,0.502
25155310,3.288791,0.349
25375553,2.3109655,0.447
92352621,7.8963939,0.287
206609630,0.3352714,0.49
211380233,26.6606389,0.258
309791156,19.5716486,0.153
439366537,8.6289386,0.292
38846515,2.8493839,0.446
120610833,3.1261267,0.233
76923707,4.5304746,0.202
76989773,3.5383541,0.226
77044472,2.6857078,0.391
144440290,15.0147438,0.281
149010208,3.4372911,0.489
160148385,6.8505104,0.226
183529462,14.9844937,0.239
382474101,2.6519924,0.477
120896927,4.7565589,0.334
12862119,11.2077438,0.254
1129033,1.3600996,0.497
170634116,3.6623971,0.337
328350926,1.6981403,0.288
35857242,3.6344345,0.363
382391899,1.9550953,0.288
117979897,3.3106801,0.365
13021029,3.8523922,0.323
139704026,25.7566928,0.281
192826603,2.6473106,0.219
24400247,7.2179641,0.235
43647325,6.3231318,0.27
94986319,16.0675528,0.115
140346195,1.7290744,0.412
206856569,8.0171338,0.327
264679887,13.785452,0.266
293689266,14.8104372,0.234
293689267,14.8056241,0.227
300932479,3.5085343,0.266
33742828,0.3769712,0.398
309792357,314.6167372,0.199
354518617,9.4357683,0.8
438212183,3.800239,0.343
46627823,6.004967,0.333
52449797,2.4511251,0.357
11046410,8.1226211,0.439
2758565,3.7685478,0.658
10467747,0.3026197,0.53
18319090,15.4251764,0.057
19570530,12.4471515,0.286
25354620,5.0180904,0.165
31743416,0.6228886,0.496
31779608,0.5056946,0.387
31961007,4.2537236,0.259
32830028,0.516153,0.606
34142502,0.2082084,0.703
38936062,1.8547426,0.319
39046291,1.8365858,0.57
41591173,81.0599147,0.005
49899799,7.0113985,0.265
53896096,0.7410489,0.691
53993965,1.1538562,0.427
55746262,3.5598046,0.622
66356824,1.8390308,0.334
70914192,0.6095223,0.415
75377304,0.4026334,0.842
77031413,1.3866799,0.415
79328890,0.7440359,0.673
79492099,4.6034924,0.3
92320552,1.6225021,0.398
92350408,2.9574264,0.252
92359850,4.1499585,0.395
99086567,11.845732,0.288
99931724,0.8079015,0.435
100099031,1.2981369,0.306
100508429,3.2180802,0.715
101395259,7.5746218,0.173
115244268,2.0089279,0.383
115771549,9.435472,0.253
117516791,19.4501262,0.119
118586896,12.1136299,0.154
119327278,1.0845944,0.753
120490566,0.6541021,0.323
120826158,5.179905,0.321
122707747,10.166223,0.262
124642273,1.2341048,0.415
139349813,8.9996607,0.22
139468902,0.4547342,0.741
140830390,12.8382058,0.279
140867345,12.0207167,0.371
142875987,2.4719288,0.281
143100813,0.3877488,0.806
143350972,1.081762,0.491
143848624,5.4320497,0.329
144149848,0.7233873,0.338
144336221,1.9711675,0.832
147406559,21.6219603,0.072
148081648,0.3770891,0.403
150390189,1.2694631,0.461
151681127,10.1987241,0.175
153077619,16.3536764,0.449
159638876,2.3988603,0.795
161840630,2.1303265,0.595
166421485,15.015979,0.053
166606391,0.7673139,0.372
167208380,18.3195555,0.069
169443390,2.247489,0.325
176797815,1.3597945,0.586
177350401,12.0753454,0.191
179308939,1.8838938,0.585
179440289,2.0522958,0.278
193822785,0.9667583,0.458
201233610,21.0578466,0.203
202134374,3.0378023,0.376
206439308,5.5270087,0.226
206537129,1.5255228,0.709
206537272,0.4893306,0.832
207081058,14.7768213,0.152
207528978,1.2232834,0.289
209313886,1.2912873,0.338
218878052,0.5982113,0.319
219865181,1.1178055,0.382
220435095,3.4230917,0.208
229115650,2.2594714,0.647
229675762,1.4471416,0.289
229715760,11.5744983,0.229
229864787,0.651009,0.695
231833204,0.208977,0.642
233964642,17.9157671,0.054
234290005,6.3292638,0.338
238872494,1.0589856,0.342
253929719,6.6868705,0.405
257648522,2.6947299,0.25
258389327,26.5478508,0.156
258918835,5.9864612,0.265
260003467,2.6044827,0.246
260269456,10.7963546,0.169
260273161,17.7873771,0.14
260353841,0.4202732,0.635
261261490,113.0648644,0.254
262020326,3.2139293,0.536
262530873,2.240628,0.49
263078716,2.911017,0.302
268482699,5.0841848,0.373
270219706,0.513098,0.463
270421262,4.9428087,0.316
271058763,0.1854963,0.726
271799457,1.9084725,0.499
273571987,0.7514777,0.327
277069829,2.0260091,0.724
277683130,6.1982348,0.165
278829112,0.2457785,0.792
279855551,3.6873415,0.254
280794372,0.6877683,0.404
281666783,8.5137427,0.153
285233646,3.9994108,0.403
290170195,0.2089138,0.735
291116020,14.4641037,0.215
293844307,14.9430765,0.642
296012680,1.0867381,0.398
296084068,20.4812155,0.024
300141210,1.9272489,0.666
306828113,0.4252819,0.454
307084982,19.2686875,0.035
307435285,1.9585345,0.54
308091162,3.3545702,0.445
309627556,1.7366624,0.366
314826949,2.0377413,0.441
320913313,5.4687886,0.251
325412896,0.7386687,0.609
327668243,3.0797938,0.42
348762908,2.0442294,0.468
349444267,7.4562521,0.107
358049707,0.9131123,0.329
362103921,10.0954209,0.625
364398410,1.5874946,0.53
369988687,2.406082,0.34
373915220,6.4706807,0.149
381856446,1.7690585,0.229
389525208,6.7444284,0.231
394340319,3.0375069,0.317
399864405,2.6188571,0.597
406631696,1.5120523,0.424
408618999,7.0751201,0.322
409469477,0.6805034,0.681
410154584,2.4969908,0.313
421361060,1.0289448,0.494
441026718,10.3500328,0.361
441387582,2.5479524,0.369
441567967,4.8224338,0.56
1992266045,6.6177363,0.391
394596952,0.2838156,0.923
9070070,0.4814247,0.831
404460906,0.5866367,0.95
409942986,0.559258,0.967
308018120,0.1905198,0.779
458259927,4.5840432,0.801
138726174,3.5077253,0.807
122303843,2.1001474,0.949
122712115,0.7314944,0.984
158726046,0.8269418,0.913
28230919,4.8880424,0.227
269697721,0.13717,0.682
415165528,3.6099001,0.989
444062991,1.3176742,0.815
141179506,0.3791582,0.958
17539192,0.5318301,0.667
17562290,0.3081868,0.756
255907472,0.3370433,0.749
310519261,0.3188151,0.754
458490358,0.380675,0.866
8673277,0.4211697,0.804
236313673,0.4954296,0.577
236327696,0.5888841,0.662
236338880,0.5308225,0.607
356001283,0.2687247,0.744
198410119,0.2938984,0.899
159939533,0.2822546,0.777
193553960,0.4140905,0.773
198560607,0.3701469,0.787
274676647,0.354332,0.782
57229962,0.4237741,0.82
57297550,0.3822356,1.058
424723563,0.3697875,0.845
236884425,0.1939255,0.796
376162807,5.1002498,0.642
10393493,0.3604604,0.789
18269802,0.3431555,0.74
18271803,0.8180907,0.594
18433724,0.4076033,0.819
18534775,0.3358641,0.757
18636142,0.4315181,0.899
257273424,0.3985663,0.762
286338346,0.3732684,0.763
286380389,1.2752055,0.545
298498697,0.1804254,0.808
359390362,4.7256503,0.492
39576803,8.59777,0.269
405543959,0.3935661,0.904
9473243,2.2669595,0.536
9825731,0.5907443,0.7
72839144,1.7556962,0.615
8669966,3.3944543,0.9
154664604,0.4215231,0.752
165618747,0.6481988,0.66
230233157,0.5895456,0.657
233043818,0.3708289,0.765
287321618,18.4363656,0.058
298541138,0.7490567,0.644
311431771,0.3473144,0.956
356064345,4.1513337,0.585
356192212,0.7273306,0.803
21126323,1.8416171,0.525
7854182,0.866021,0.615
101645013,0.4712987,0.851
101719607,1.0461329,0.528
101767283,1.8759542,0.666
115971584,0.3469337,0.834
116161302,2.5320807,0.572
116163356,1.1814961,0.824
157448336,0.337142,0.684
164375251,0.5396176,0.729
193580427,0.394304,0.744
193627658,0.7871829,0.633
193635719,0.4866178,0.763
193728983,0.4549953,0.769
193770329,0.3163093,0.902
193774939,1.3057478,0.565
193823999,0.3698731,0.826
85585153,0.4976325,0.708
85600400,1.4726271,0.603
159510983,0.3242724,0.782
302627455,0.4332015,0.607
5205367,3.9928126,0.485
7851729,1.2526446,0.614
122891349,0.3302671,0.832
123038007,0.4226879,0.907
123492200,0.4084753,0.961
135443051,0.8793067,0.584
164558055,2.427002,0.519
180770456,2.8813735,0.672
285392907,8.4647572,0.589
288882010,2.5924356,0.513
289166536,0.4688123,0.834
289370888,0.8607976,0.703
289379110,1.9487604,0.531
298544913,2.1447041,0.46
299091036,0.9720554,0.566
316633520,4.6419811,0.535
333057755,1.6609344,0.515
336208030,0.5776499,0.801
336485975,0.318923,0.736
342010156,7.9605275,0.359
358517121,10.5497757,0.231
383722507,0.533588,0.789
399860444,4.9411561,0.163
424508303,2.0833359,0.527
441764197,0.2728818,0.727
63459761,4.3638776,0.054
318210930,0.2277167,0.921
251094451,0.3631129,0.959
266958963,2.3639261,0.074
375422201,4.075987,0.477
