TIC,toi,toi_tess_disp,toi_tfopwg_disp,toi_period
231663901,101.01,KP,KP,1.43036994965074
149603524,102.01,KP,KP,4.411937227697335
336732616,103.01,KP,KP,3.547854
231670397,104.01,KP,KP,4.0872956
144065872,105.01,KP,KP,2.1846669193825514
38846515,106.01,KP,KP,2.849382725978083
92352620,107.01,KP,KP,3.9502008
289793076,108.01,KP,KP,3.0440494555695627
29344935,109.01,KP,KP,2.76676000983202
281459670,110.01,KP,KP,3.17435042404771
355703913,111.01,KP,KP,2.10615687963452
388104525,112.01,KP,KP,2.49979959810286
97409519,113.01,KP,KP,3.372877
25155310,114.01,KP,KP,3.28878982693448
281541555,115.01,KP,KP,4.74237090118084
238176110,116.01,KP,KP,2.79858018416552
322307342,117.01,KP,KP,3.58629619986471
266980320,118.01,CP,CP,6.034463389519887
278683844,119.01,PC,PC,5.541111261791256
278683844,119.02,PC,PC,10.691729973801827
394137592,120.01,CP,CP,11.535076
207081058,121.01,PC,APC,14.7741056
231702397,122.01,CP,CP,5.07803253491997
290131778,123.01,CP,CP,3.3088922
29831208,124.01,PC,APC,1.8428078
52368076,125.01,CP,CP,4.6517186
52368076,125.02,CP,CP,9.1549418
52368076,125.03,CP,CP,19.9815709
52368076,125.04,PC,PC,0.0
70440470,126.01,KP,KP,3.0354016524572702
234523599,127.01,CP,CP,3.79551778380905
391949880,128.01,CP,CP,4.940480117380858
201248411,129.01,CP,CP,0.980972
263003176,130.01,CP,CP,14.339138666866829
235037761,131.01,PC,APC,6.2407826
89020549,132.01,CP,CP,2.1096804606002526
219338557,133.01,EB,FP,8.199663908088771
234994474,134.01,CP,CP,1.40151826016575
267263253,135.01,CP,CP,4.1269046
410153553,136.01,CP,CP,0.4629303673466454
176957796,137.01,IS,FA,4.8173797
277683130,138.01,PC,APC,6.1982658
62483237,139.01,CP,CP,11.0708575296637
140068425,140.01,PC,APC,2.28134318322299
403224672,141.01,CP,CP,1.0082361
425934411,142.01,PC,PC,0.853353400370258
25375553,143.01,KP,KP,2.31096889835692
261136679,144.01,CP,CP,6.267813919637232
265612438,145.01,PC,PC,5.13002
355636844,146.01,EB,FP,6.30556
220435095,147.01,EB,FP,3.42310017313899
393940766,148.01,CP,CP,4.8670758049795095
260985861,149.01,PC,PC,3.33994317642266
271893367,150.01,CP,CP,5.85740753759727
382302241,151.01,EB,FP,1.59782
403287048,152.01,EB,FP,7.00776
231081369,153.01,PC,APC,7.6316384
389525208,154.01,EB,FP,6.74657
129637892,155.01,PC,PC,5.4499753
220518305,156.01,EB,FP,14.152037719003577
140691463,157.01,CP,CP,2.08454341779798
403136413,158.01,EB,FP,2.51266
394657039,159.01,PC,CP,3.7628372
253917293,160.01,EB,FP,4.608
348770361,161.01,PC,PC,2.7684331
99493790,162.01,PC,APC,7.764691
179317684,163.01,CP,CP,4.2311172621589
79395355,164.01,EB,FP,7.31898
350743714,165.01,EB,FP,7.757643018862346
147203645,166.01,PC,PC,5.06113147515493
149990841,167.01,PC,PC,4.4531846
369457671,168.01,PC,PC,2.31446
183120439,169.01,CP,CP,2.25544592236528
394698182,170.01,PC,PC,3.7115129
309257814,171.01,PC,PC,1.23860103460573
309257814,171.02,EB,FP,1.81357672556142
29857954,172.01,CP,CP,9.47686
270341214,173.01,PC,PC,29.7537451413829
270341214,173.02,PC,PC,9.17022647673136
425997655,174.01,CP,CP,17.667173473428804
425997655,174.02,CP,CP,29.797538628778412
425997655,174.03,CP,CP,12.162304641895906
425997655,174.04,CP,CP,3.9766833
425997655,174.05,CP,CP,7.907630060628806
307210830,175.01,CP,CP,3.690675857802184
307210830,175.02,CP,CP,7.4507305
307210830,175.03,CP,CP,2.253106161749305
272086159,176.01,EB,FP,16.155373
262530407,177.01,CP,CP,2.8531016
251848941,178.01,CP,CP,6.5578513
251848941,178.02,CP,CP,20.708504
251848941,178.03,CP,CP,9.96163468923298
251848941,178.04,CP,KP,3.23842531547921
251848941,178.05,CP,KP,15.2321842764
207141131,179.01,CP,CP,4.137440333354324
51912829,180.01,EB,APC,0.835389856074935
76923707,181.01,CP,CP,4.532050172920823
76989773,182.01,PC,APC,1.7691703026302423
183979262,183.01,EB,FP,3.4308072079728853
300871545,184.01,EB,FP,4.817068725295287
100100827,185.01,KP,KP,0.9414525
279741379,186.01,CP,CP,35.61338894967539
279741379,186.02,CP,CP,7.789788618656058
260304296,187.01,EB,FP,1.0251821787095334
280830734,188.01,EB,FP,1.1619448085327084
278866211,189.01,EB,FP,2.1940617709339647
166739520,190.01,KP,KP,10.020593207375375
183532609,191.01,KP,KP,8.1587261
183537452,192.01,KP,KP,3.922711331243955
183985250,193.01,CP,CP,0.7920645022021054
211438925,194.01,KP,KP,4.8996461
230982885,195.01,KP,KP,2.0727598
234519192,196.01,PC,PC,1.16303717557098
441462736,197.01,CP,CP,14.28117312608152
12421862,198.01,CP,CP,10.21520251255381
309792357,199.01,CP,CP,104.87242523178372
410214986,200.01,CP,CP,8.13822304107226
350618622,201.01,CP,CP,52.97873920258801
350618622,201.02,PC,PC,5.8492379
355509914,202.01,PC,PC,1.73866945118569
259962054,203.01,V,FA,51.94509
281781375,204.01,PC,PC,43.8297862506947
281575427,205.01,PC,PC,4.252985694067112
55650590,206.01,CP,CP,0.736313219931196
260271203,207.01,EB,FP,5.64928534420493
314865962,208.01,PC,PC,22.458619597002
52204645,209.01,PC,CP,4.37942977855793
141608198,210.01,PC,PC,9.01054136695366
300293197,211.01,PC,APC,6.563865142331111
206609630,212.01,PC,APC,0.335271544311346
234345288,213.01,PC,CP,23.519923508341275
234345288,213.02,PC,PC,7.75655337070455
167415965,214.01,PC,PC,18.55368017549928
167415965,214.02,PC,PC,9.695984127540886
231912935,215.01,PC,PC,26.285140386071
55652896,216.01,CP,CP,34.5059318313029
55652896,216.02,CP,CP,17.3890453870803
260043723,217.01,EB,FP,3.138585602920343
32090583,218.01,PC,PC,0.4384814340106602
32090583,218.02,PC,PC,8.35221428760477
260609205,219.01,EB,FP,4.46177548270279
150098860,220.01,CP,CP,10.695306511724072
316937670,221.01,EB,FP,0.62425
144440290,222.01,EB,FP,0.0
326453034,223.01,IS,FA,14.445918
70797900,224.01,PC,APC,705.584465845
47525799,225.01,PC,PC,0.0
47484268,226.01,EB,FP,0.0
2760710,227.01,V,FA,0.0
77044471,228.01,KP,KP,2.68650638568274
120610833,229.01,KP,KP,3.126075095855992
160074939,230.01,V,FA,13.340145
204376737,231.01,KP,KP,3.36100125300996
402026209,232.01,KP,KP,1.33823135800679
415969908,233.01,PC,PC,11.6700285246663
415969908,233.02,PC,PC,7.20113832861414
12423815,234.01,PC,PC,2.83927933447518
280095254,235.01,PC,PC,10.0902589746917
9727392,236.01,EB,FP,4.534451
305048087,237.01,CP,CP,5.436166729046963
9006668,238.01,CP,CP,1.2730965
9725627,239.01,KP,KP,4.15678335726899
101948569,240.01,PC,PC,19.472301648488
77031414,241.01,KP,KP,1.38665190413455
120585579,242.01,EB,FP,6.340315
149010208,243.01,PC,APC,3.43730925605269
118327550,244.01,CP,CP,7.397215983556253
154618248,245.01,PC,PC,8.7709021
158623531,246.01,KP,KP,7.8728936787037
160148385,247.01,KP,KP,3.42525631340766
201793781,248.01,PC,CP,5.991077253903264
179985715,249.01,PC,PC,6.61531875224234
184240683,250.01,KP,KP,1.62842883309799
224225541,251.01,CP,CP,4.93772273227235
237924601,252.01,PC,APC,1.00218525235705
322063810,253.01,PC,PC,3.5104148387909
49687222,254.01,IS,FA,20.186539
204317710,255.01,KP,KP,2.81264847067326
92226327,256.01,KP,KP,24.73734116
92226327,256.02,KP,KP,3.77794175247263
200723869,257.01,CP,CP,18.3877080853847
350445771,258.01,EB,FP,3.1901568769397
12862099,259.01,KP,KP,2.42382258353343
37749396,260.01,CP,CP,13.475847841798752
63898957,261.01,PC,CP,3.3639253966859
63898957,261.02,CP,CP,13.0393586213526
70513361,262.01,CP,CP,11.14527843820667
120916706,263.01,CP,CP,0.5568212477245754
122612091,264.01,KP,KP,2.216743559386217
159951311,265.01,KP,KP,5.92426613248315
164767175,266.01,CP,CP,10.751124783434165
164767175,266.02,CP,CP,19.60509660339157
166836920,267.01,KP,KP,5.752580381164854
219253008,268.01,PC,PC,5.066180251255082
220479565,269.01,CP,CP,3.69771670923474
259377017,270.01,CP,CP,5.660477325087717
259377017,270.02,CP,CP,11.37969912165753
259377017,270.03,CP,CP,3.3601670547055087
259511357,271.01,PC,APC,2.475986984477568
268766053,272.01,KP,KP,3.30984575478706
279740441,273.01,EB,FP,0.741859449402693
281979481,274.01,EB,FP,0.5417947272272686
373844472,275.01,PC,APC,0.9195617
382188882,276.01,EB,FP,4.80009527427101
439456714,277.01,PC,CP,3.99344182704717
244161191,278.01,PC,PC,0.299039032681341
122613513,279.01,PC,PC,11.4707838
42054565,280.01,PC,PC,10.1843061384695
38696105,281.01,PC,PC,5.57653635665928
29781292,282.01,CP,CP,56.0045056484392
29781292,282.02,IS,FA,31.32312
29781292,282.03,CP,CP,84.2607644501296
29781292,282.04,CP,CP,22.89098971760328
382626661,283.01,CP,CP,17.617471587286758
277103955,284.01,EB,FP,1.3090665
220459976,285.01,PC,PC,0.0
150030205,286.01,CP,CP,4.511729450820531
150030205,286.02,PC,CP,39.36178493965582
2758565,287.01,EB,FP,3.781568327083024
47316976,288.01,PC,PC,711.747396305337
201292545,289.01,PC,PC,0.0
201233610,290.01,EB,FP,21.05271
49710555,291.01,EB,FP,12.08837
180285396,292.01,PC,PC,10.3688701729557
355637190,293.01,PC,APC,0.8054361
188570092,294.01,CP,CP,7.327945
327952677,295.01,KP,KP,3.396944097608
382463648,296.01,PC,PC,25.2580074558748
115242351,297.01,EB,FP,5.674832673194568
206686292,298.01,PC,APC,1.32871823316226
156075294,299.01,PC,PC,5.7217123812393
166697854,300.01,EB,FP,2.75753
144301052,301.01,PC,PC,3.74401434756361
229111835,302.01,PC,PC,6.70145
145750719,303.01,KP,KP,3.5608112
262530873,304.01,EB,FP,2.24172
102030574,305.01,PC,PC,9.94915
114749636,306.01,KP,KP,4.60274981778029
9100874,307.01,EB,FP,6.16683440688974
281710229,308.01,PC,APC,8.3092965
228507250,309.01,PC,PC,6.15733002410606
175477257,310.01,PC,PC,4.26956745271824
434105231,311.01,PC,APC,0.7963207412645589
180145006,312.01,PC,APC,3.54123103711607
9102327,313.01,EB,FP,3.2615
316769613,314.01,PC,PC,10.18108
66356824,315.01,EB,FP,3.55562
8988289,316.01,PC,APC,13.32379
402319411,317.01,PC,PC,3.32629767967537
206352378,318.01,PC,PC,3.74637647040525
389753172,319.01,PC,APC,0.7135373
188593930,320.01,EB,FP,1.46503
175476629,321.01,EB,FP,1.14057
198077394,322.01,PC,PC,3.99053299831953
251852984,323.01,PC,PC,2.77239154333576
156002449,324.01,EB,PC,5.284869067171003
66413476,325.01,PC,PC,4.36907
144336525,326.01,PC,APC,0.2473249751755886
206669860,327.01,PC,PC,10.0550763889805
139357541,328.01,PC,PC,4.47816033405173
169765334,329.01,PC,CP,5.70428581412041
27966179,330.01,PC,PC,4.27946689459111
262531275,331.01,EB,FP,2.4843369
139285832,332.01,PC,CP,0.77685
224245334,333.01,PC,CP,3.78523282768119
233964642,334.01,PC,APC,17.9160113
41865539,335.01,EB,FP,1.26092
55452495,336.01,EB,FP,17.707589246879714
155986102,337.01,EB,FP,6.87168
116156517,338.01,KP,KP,5.36777
69838258,339.01,EB,FP,6.73069
80439101,340.01,PC,PC,14.849971681312
33911302,341.01,PC,PC,1.81383
415969574,342.01,EB,FP,10.45776
66497310,343.01,EB,FP,1.7563115764498374
13023378,344.01,PC,PC,6.06721865125346
308208458,345.01,PC,PC,11.2237372087197
118327533,346.01,PC,PC,16.56308
224271611,347.01,PC,PC,4.040002958951882
70785910,348.01,EB,FP,0.4947937878818667
382474101,349.01,EB,FP,2.6520851
199731190,350.01,PC,APC,2.5130547
228381868,351.01,KP,KP,3.46549525168069
47423120,352.01,PC,APC,11.6235
100099031,353.01,EB,FP,1.2979921009592308
100097716,354.01,PC,APC,3.0002084
183593642,355.01,PC,APC,1.03725865930056
369336146,356.01,PC,PC,5.76943725567924
220016044,357.01,EB,FP,0.939966443907959
321982642,358.01,PC,PC,9.10326
80432617,359.01,PC,PC,16.45209
13023738,360.01,EB,FP,8.0635
144276942,361.01,PC,APC,1.53516515472807
305048116,362.01,PC,PC,14.2337615300677
262530780,363.01,PC,APC,8.22388
47425697,364.01,PC,PC,0.4941631
118586896,365.01,PC,APC,12.11028
251878904,366.01,EB,FP,1.7025848217704769
9033144,367.01,EB,FP,4.7150255
77031413,368.01,EB,FP,1.38665
175482273,369.01,PC,PC,5.4640119
251855940,370.01,PC,PC,4.04637087525256
156016136,371.01,PC,PC,3.48138137236069
441075486,372.01,PC,APC,1.1202752
9032368,373.01,O,FP,1.632
183675732,374.01,PC,PC,5.48209536150249
280097543,375.01,PC,PC,9.45464777661071
144301273,376.01,PC,PC,2.75098632758932
139285736,377.01,EB,FP,1.55028
20892672,378.01,EB,FP,3.10926
220396259,379.01,EB,FP,0.91677
100014359,380.01,PC,PC,0.5045539217545257
207084429,381.01,EB,FP,4.89577
229091748,382.01,EB,FP,0.4568
167418898,383.01,EB,FP,10.9803025
155995204,384.01,EB,FP,9.30734
300810086,385.01,EB,FP,0.6680062860771792
238059180,386.01,PC,PC,5.111977761291672
92359850,387.01,EB,FP,4.155
422655579,388.01,KP,KP,2.9036857613259768
271900960,389.01,EB,FP,13.45913
250386181,390.01,EB,FP,1.470258
382391899,391.01,KP,KP,1.95509315621449
328350926,392.01,PC,APC,0.849067358326307
29960109,393.01,EB,FP,2.49221
9858404,394.01,EB,APC,0.39149
38541473,395.01,PC,APC,6.06134411974424
178155732,396.01,CP,CP,5.9739124488142
178155732,396.02,PC,CP,3.58529
178155732,396.03,CP,CP,11.2304604770758
219379012,397.01,EB,FP,1.5464949
1129033,398.01,KP,KP,1.36002827981971
219388773,399.01,EB,FP,1.57168192465091
35857242,400.01,KP,KP,3.6344447
259701242,401.01,EB,FP,2.485488701808075
120896927,402.01,CP,CP,4.755999519737232
120896927,402.02,CP,CP,17.179667273346798
257567854,403.01,KP,KP,3.532822
166833457,404.01,KP,KP,2.96264019750485
176984236,405.01,EB,FP,1.7560902
153065527,406.01,PC,CP,13.1757294345325
153065527,406.02,PC,CP,6.61491101611225
349518800,407.01,PC,APC,2.1654694
176778112,408.01,EB,FP,1.33679
167754523,409.01,EB,FP,6.7992776
206466531,410.01,EB,FP,1.42744
100990000,411.01,CP,CP,9.573078691323715
100990000,411.02,CP,CP,4.040300730939458
7624182,412.01,EB,FP,1.1096992
170634116,413.01,KP,KP,3.66239178108442
325680697,414.01,EB,FP,1.82488
152476657,415.01,KP,KP,3.61126205809684
49899799,416.01,EB,FP,7.0114
339733013,417.01,EB,FP,5.621545844279456
178284730,418.01,KP,KP,2.23598645523921
279251651,419.01,EB,FP,0.403842579347559
408159788,420.01,EB,FP,2.300698
94986319,421.01,CP,CP,16.067522015214
94986319,421.02,CP,CP,5.19768583560535
117979455,422.01,PC,APC,0.633337173732163
43647325,423.01,KP,KP,3.16156970080926
117979694,424.01,EB,FP,1.9784257
169532369,425.01,EB,FP,3.60364
189013224,426.01,PC,CP,1.32050371000698
70914192,427.01,EB,APC,0.6090253
117979850,428.01,EB,APC,0.6333315
259592689,429.01,PC,PC,0.0
459942762,430.01,EB,FP,0.58644
31374837,431.01,CP,CP,12.4610086397464
31374837,431.02,CP,CP,0.490058941306193
38686737,432.01,EB,FP,2.24704
188989177,433.01,EB,FP,1.17409
78055054,434.01,KP,KP,4.388851647462
44647437,435.01,PC,CP,3.35290698241063
44745077,436.01,EB,FP,1.8756
32499655,437.01,KP,KP,2.74390294216269
468880077,438.01,PC,PC,5.81235080348536
13021029,439.01,KP,KP,3.85588998096666
143350972,440.01,EB,FP,1.0817
316916655,441.01,EB,FP,2.87436
70899085,442.01,CP,CP,4.0520368
117979897,443.01,KP,KP,3.3106692005591
179034327,444.01,PC,CP,17.9635082681689
14091704,445.01,PC,PC,0.7649571
1449640,446.01,EB,APC,3.50180229367037
14091633,447.01,EB,APC,5.52927430958881
1528696,448.01,CP,CP,0.882062425827087
139528693,449.01,KP,KP,2.17517287669693
77951245,450.01,PC,APC,10.7148661287126
257605131,451.01,CP,CP,16.3648730373237
257605131,451.02,CP,CP,1.85866242291198
257605131,451.03,CP,CP,9.19107915062941
139733308,452.01,KP,KP,4.76339524215734
452808876,453.01,KP,KP,2.70582
153077621,454.01,PC,APC,18.08262201562618
98796344,455.01,CP,CP,5.35877595248221
77228304,456.01,EB,FP,0.336826
89256802,457.01,PC,PC,1.17598344924082
64071894,458.01,PC,PC,17.5288346530473
38603673,459.01,EB,FP,4.4291257144863945
9804616,460.01,EB,FP,0.516834685451029
4646810,461.01,PC,CP,10.924547796491108
420049884,462.01,PC,PC,4.10742911381342
176831592,463.01,EB,FP,2.53405
398733009,464.01,PC,FP,0.8185671730978292
270380593,465.01,KP,KP,3.83616232983683
4616072,466.01,KP,KP,4.18761538150302
20178111,467.01,EB,FP,1.734422
33521996,468.01,KP,KP,3.32527029011256
33692729,469.01,CP,CP,13.6308024056266
37770169,470.01,CP,CP,12.1914558295666
47911178,471.01,KP,KP,3.58570760706554
52280468,472.01,PC,APC,0.5682596
52640302,473.01,KP,KP,1.57328484098308
59843967,474.01,KP,KP,2.51672571567235
100608026,475.01,PC,PC,8.26176630022218
156987351,476.01,PC,PC,3.062978325436687
170102285,477.01,KP,KP,2.94442730106294
172464366,478.01,EB,FP,2.921685
306362738,479.01,KP,KP,2.78173786418568
317548889,480.01,CP,CP,6.86595824422574
339672028,481.01,CP,CP,10.331162106222148
365639282,482.01,EB,FP,10.8717
393414358,483.01,KP,KP,4.37808065212245
427348923,484.01,EB,FP,4.728681
427352241,485.01,EB,FP,1.2667147
260708537,486.01,CP,CP,1.7446983660002615
31852980,487.01,PC,PC,24.33218446275
31852980,487.02,PC,PC,7.4144849
452866790,488.01,CP,CP,1.19799956041588
455096220,489.01,KP,KP,3.64666120530808
455135327,490.01,KP,KP,2.81060132492775
468987719,491.01,KP,KP,3.3326812
17746821,492.01,KP,KP,3.12201660495001
19025965,493.01,PC,PC,5.9444410026453
19519368,494.01,PC,PC,1.7018818
22529346,495.01,KP,KP,1.2749246
88977253,496.01,PC,APC,2.767691
108645766,497.01,EB,FP,2.974175
121338379,498.01,PC,APC,0.275047829249589
123702439,499.01,PC,APC,8.5334865
134200185,500.01,CP,CP,0.548157295169223
134537478,501.01,KP,KP,1.7100122
172193428,502.01,PC,APC,2.94126939125399
186812530,503.01,CP,CP,3.6773543
219164808,504.01,EB,FP,1.6773063
268644785,505.01,KP,KP,3.32946492386429
274138511,506.01,EB,FP,2.774207
348538431,507.01,PC,PC,0.89946770091991
425206121,508.01,KP,KP,4.6117328
453211454,509.01,CP,CP,9.0588209
453211454,509.02,CP,CP,21.4003129
238086647,510.01,PC,APC,1.3523942
440777904,511.01,KP,KP,3.35524440732639
119292328,512.01,PC,CP,7.18873321303685
119292328,512.02,PC,APC,20.2749388
431999925,513.01,PC,FP,1.445433
366576758,514.01,KP,KP,11.3909685289739
366622912,515.01,CP,CP,3.11489307594055
318937509,516.01,EB,APC,1.04855
308307606,517.01,EB,FP,9.88502437905873
264979636,518.01,PC,PC,17.87897
218795833,519.01,CP,CP,1.26523376763187
148479278,520.01,PC,PC,0.5236130194615874
27649847,521.01,PC,CP,1.54284863301638
19451711,522.01,V,FA,0.3969687253133949
93125144,523.01,PC,FA,9.91102
365690646,524.01,PC,FA,12.983175
71512186,525.01,PC,PC,14.8608018601838
200593988,526.01,EB,FP,7.678746159140782
148228019,527.01,PC,APC,18.0892102901344
403693875,528.01,O,FP,3.524869262768182
438490744,529.01,PC,FP,1.665878
387690507,530.01,CP,CP,6.38757391099972
302895996,531.01,PC,FP,0.567995
144700903,532.01,CP,CP,2.32663999020569
309791156,533.01,PC,PC,19.5715862327011
281909674,534.01,KP,KP,4.03504443843292
280210963,535.01,KP,KP,2.82803914988691
234825296,536.01,KP,KP,9.24323029360052
234112540,537.01,KP,KP,4.03790124330741
237751146,538.01,PC,FP,1.66976904090466
238004786,539.01,PC,PC,0.309606164048421
200322593,540.01,CP,CP,1.23915336351242
143271144,541.01,PC,APC,1.35340841811146
49771092,542.01,PC,PC,1.631828231988
53593457,543.01,PC,FP,0.530893
50618703,544.01,PC,CP,1.54835416755448
37168957,545.01,KP,KP,1.90008624738961
36440357,546.01,KP,KP,9.20164964153958
36352297,547.01,KP,KP,1.5089635
42821097,548.01,KP,KP,3.89712026061546
32830028,549.01,PC,FP,0.516278
311183180,550.01,EB,FP,13.24981
311183180,550.02,PC,FP,10.043245
192826603,551.01,KP,KP,2.64730512494267
44737596,552.01,CP,CP,2.78865403242748
161477033,553.01,O,FA,14.058151
161477033,553.02,PC,PC,11.9234819437747
161477033,553.03,PC,PC,40.8905116602099
407966340,554.01,PC,CP,7.04916084121811
407966340,554.02,PC,CP,3.04404408205131
170849515,555.01,CP,CP,1.94163656751314
59003115,556.01,EB,FP,2.294185
55488511,557.01,PC,PC,3.34490399270253
207110080,558.01,CP,CP,14.5728985428105
209459275,559.01,CP,CP,6.9839072
101011575,560.01,CP,CP,6.3980642
101011575,560.02,CP,CP,18.8792871
377064495,561.01,CP,CP,10.778833
377064495,561.02,CP,CP,0.4465713
377064495,561.03,CP,CP,25.7122157303
377064495,561.04,CP,CP,0.0
413248763,562.01,CP,CP,3.9306027
405454160,563.01,PC,PC,731.9380939054
1003831,564.01,CP,CP,1.65114558034976
1103432,565.01,PC,APC,3.72716413173295
1133072,566.01,EB,FP,0.846542
13349647,567.01,KP,KP,1.53736434898399
37575651,568.01,PC,FP,9.59719766745206
123482865,569.01,CP,CP,6.5562078
126733133,570.01,EB,FP,1.4687098110902312
270468559,571.01,KP,KP,4.64184345360601
289535142,572.01,EB,APC,2.3382708901841
296780789,573.01,PC,APC,13.5773431105489
315002523,574.01,KP,KP,3.30239073049626
386435344,575.01,EB,FP,19.3721050588841
408310006,576.01,CP,CP,5.4435354
410094645,577.01,PC,APC,3.329754
423275733,578.01,KP,KP,2.05286837159852
238061845,579.01,PC,PC,1.6843068
81419525,580.01,PC,PC,1.5498373
180987952,581.01,EB,FP,1.3891700475342974
287474726,582.01,EB,FP,3.74420073543415
131743355,583.01,PC,PC,6.5604227
74482749,584.01,EB,FP,1.2622657765960106
190990336,585.01,PC,APC,5.547255
131979339,586.01,EB,FP,22.6384642
294090620,587.01,PC,FP,8.0442389870715
130415266,588.01,PC,PC,39.4718663
412961700,589.01,EB,FP,2.51838455597415
270841724,590.01,PC,FP,18.90372
146261607,591.01,EB,FP,8.4915117
196286587,592.01,PC,FP,10.4137962
128463355,593.01,EB,FP,13.9086
146406806,594.01,PC,PC,13.9492616855279
287329267,595.01,EB,FP,7.643442319371688
144956678,596.01,EB,FP,1.51360034493789
146208651,597.01,PC,FP,6.519778102722013
81429971,598.01,EB,FP,3.0432421
145982812,599.01,PC,FP,0.82967
134396419,600.01,EB,FP,4.3652608
141363913,601.01,PC,PC,3.477756
175176327,602.01,EB,APC,11.09987454798298
262746281,603.01,PC,CP,16.1798603
145027461,604.01,EB,FP,1.07242
181304295,605.01,PC,PC,3.3840629
122262940,606.01,EB,FP,2.0034063
153651591,607.01,EB,FP,2.14563244308398
186547153,608.01,PC,APC,1.1908287
134404603,609.01,PC,APC,4.9699991
80275202,610.01,EB,FP,3.6649528
154459165,611.01,EB,FP,3.1471655
284738182,612.01,PC,PC,0.9136081
77527511,613.01,PC,PC,0.7784962
118021229,614.01,PC,FP,0.88501
190496853,615.01,CP,CP,4.6616079
145879095,616.01,PC,PC,2.8056739
141227133,617.01,PC,FP,2.42232
173640199,618.01,PC,PC,7.7614672
267527924,619.01,EB,FP,1.8080364
296739893,620.01,CP,CP,5.09880377727698
30828562,621.01,PC,APC,3.1123343
83092282,622.01,CP,CP,6.40252947289262
101395259,623.01,EB,FP,7.57467495428118
399870368,624.01,CP,CP,2.7443216
379929661,625.01,CP,CP,4.786958
65412605,626.01,CP,CP,4.4010465
365781372,627.01,PC,FP,1.13889
281408474,628.01,PC,CP,3.4076
293853437,629.01,CP,CP,8.7179665
123898871,630.01,PC,APC,4.9091704
97158538,631.01,EB,FP,2.59507471269952
349790953,632.01,EB,FP,1.5521101
348755723,633.01,PC,FP,4.503645
344926234,634.01,PC,FA,0.49359
286132427,635.01,O,FA,0.493379
146463781,636.01,PC,FP,0.417921
133334108,637.01,PC,PC,2.8579169
78154865,638.01,O,FA,0.493826
82362447,639.01,PC,FP,2.819817
147977348,640.01,CP,CP,5.0037758
49079670,641.01,PC,APC,1.8930707
79292541,642.01,PC,PC,2.2786049
432008938,643.01,EB,FP,9.653456
63303499,644.01,EB,FP,1.92713275821747
157568289,645.01,EB,FP,1.8361503
238197709,646.01,EB,FP,13.725252177625
92992033,647.01,PC,PC,4.90765
78672342,648.01,EB,FP,2.979535783062748
35582553,649.01,PC,PC,0.9370901
349373192,650.01,EB,FP,0.76983
72090501,651.01,PC,PC,1.0697877
22221375,652.01,CP,CP,3.9846589
33153766,653.01,EB,FP,0.68831
35009898,654.01,PC,CP,1.52756389781336
35516889,655.01,KP,KP,0.788838926489372
36734222,656.01,KP,KP,0.813473271080055
48103627,657.01,CP,CP,4.56966980334873
48476907,658.01,PC,FP,4.7192734
48476908,659.01,PC,PC,4.7192771
53189332,660.01,KP,KP,9.28970063288851
53735810,661.01,KP,KP,4.08604953569308
54085154,662.01,EB,FP,1.0014437
54962195,663.01,PC,CP,2.59890311538331
54962195,663.02,PC,CP,4.695598604092814
54962195,663.03,PC,CP,7.1024748585508
55092869,664.01,KP,KP,4.73592318960559
73723286,665.01,EB,FP,14.0661090046965
82128636,666.01,PC,APC,7.4760688730521
101955023,667.01,KP,KP,1.6289321997705
102195674,668.01,EB,APC,4.37873023118368
124573851,669.01,PC,CP,3.9451359
147660201,670.01,O,FP,0.579398
151681127,671.01,PC,APC,10.1970284
151825527,672.01,PC,CP,3.633583417231769
151959065,673.01,EB,FP,10.5426253749189
158588995,674.01,CP,CP,1.97716584192518
169226822,675.01,KP,KP,4.17806371387911
219187649,676.01,PC,PC,2.15030072321996
280206394,677.01,CP,CP,11.2365977
294395926,678.01,PC,PC,11.3298459144625
308050066,679.01,PC,FP,11.1755425
335499997,680.01,PC,APC,0.433569047470839
410450228,681.01,EB,FP,15.77850314504366
429304876,682.01,CP,CP,6.8392388
437248515,683.01,KP,KP,3.40588950341447
462162948,684.01,PC,PC,19.8507621
281731203,685.01,KP,KP,11.6332127
339857675,686.01,PC,PC,3.51376091187919
74534430,687.01,PC,PC,36.299512914018
339636032,688.01,EB,FP,6.8787507
445822015,689.01,EB,FP,1.66402
101497191,690.01,EB,FP,3.64376
156991337,691.01,EB,FP,6.905590826350174
320417762,692.01,V,FA,1.03604
458589703,693.01,IS,FA,0.0
55383975,694.01,EB,FP,48.0511988477664
55559618,695.01,PC,PC,21.3764236639928
77156829,696.01,CP,CP,0.860240578952471
77156829,696.02,PC,CP,3.69426040883462
77156829,696.03,CP,CP,4.96520685527644
77253676,697.01,PC,APC,8.60786030434519
141527579,698.01,PC,PC,15.0867737832821
149302744,699.01,PC,PC,14.801137701439838
149302744,699.02,PC,PC,33.633592487237706
149302744,699.03,PC,PC,672.636623636504
150428135,700.01,CP,CP,16.0511059784547
150428135,700.02,CP,CP,37.4236838274161
150428135,700.03,CP,CP,9.97727296315733
150428135,700.04,CP,CP,27.8096897573547
219239945,701.01,PC,FP,13.697384
237914496,702.01,PC,PC,3.56814098980163
237928815,703.01,PC,PC,8.67296825078752
237928815,703.02,PC,PC,22.568271144748
260004324,704.01,CP,CP,3.814313556250217
391904697,705.01,PC,PC,47.0196372337033
219345200,706.01,PC,PC,719.038132676296
167342439,707.01,CP,PC,52.79920330010539
167342439,707.02,PC,PC,17.4757465422298
391821647,708.01,EB,FP,1.9958369872090749
396720998,709.01,PC,APC,32.3766006435432
396720998,709.02,PC,PC,777.051674199127
309402106,710.01,EB,FP,216.24584
38510224,711.01,PC,PC,18.3841259244733
38510224,711.02,PC,PC,35.9432773389046
150151262,712.01,CP,CP,9.531380096663016
150151262,712.02,CP,CP,51.69919052044755
150151262,712.03,IS,FA,53.746482
150151262,712.04,CP,CP,84.83869
167600516,713.01,PC,PC,35.9993587582566
167600516,713.02,PC,PC,1.87152088357231
219195044,714.01,PC,PC,4.32393293697599
219195044,714.02,PC,PC,10.1775474811488
271971130,715.01,PC,CP,19.287957909893205
119081096,716.01,PC,FP,0.83707
275248683,717.01,EB,FP,0.53079
150247134,718.01,V,FA,12.8650769
184952758,719.01,EB,FP,4.109953
131419878,720.01,EB,FP,3.16043
38571020,721.01,PC,PC,12.287712239813688
38509907,722.01,PC,PC,15.3004891804993
177077336,723.01,PC,PC,1.417860900970205
339961200,724.01,PC,PC,3.21263998771009
410245915,725.01,EB,FP,0.9889446
174143743,726.01,PC,FP,0.46132
149788158,727.01,PC,PC,4.7244442
149788158,727.02,PC,PC,0.749971114993437
96097215,728.01,IS,FA,1.60245
144138509,729.01,IS,FA,0.0
11561667,730.01,CP,CP,3.08762973344209
34068865,731.01,CP,CP,0.3219233
36724087,732.01,CP,CP,0.768390381110759
36724087,732.02,CP,CP,12.2534308202424
106402532,733.01,CP,CP,4.8847937
146846569,734.01,EB,FP,4.7535387557656765
150271680,735.01,EB,FP,2.593694
181804752,736.01,CP,CP,4.98991757887488
181804752,736.02,CP,CP,0.947994543578216
219189765,737.01,CP,CP,1.73185293964858
260304800,738.01,PC,PC,3.44059463556857
279425357,739.01,PC,PC,9.01504390204782
310009611,740.01,PC,PC,2.131225
359271092,741.01,PC,CP,7.5768334
373424049,742.01,EB,FP,0.9619169928420026
434486077,743.01,PC,PC,2.22846710545914
437242640,744.01,KP,KP,4.3176859
444842193,745.01,PC,APC,1.07909283186751
167418903,746.01,PC,PC,10.9803113904834
15445551,747.01,KP,KP,1.68279170176108
104024556,748.01,KP,KP,2.0219583
5868998,749.01,PC,APC,0.63554
14614418,750.01,KP,KP,0.837845275042965
14661418,751.01,KP,KP,4.72281595735881
61538902,752.01,KP,KP,5.74813229287704
61988212,753.01,PC,APC,0.555255
72985822,754.01,PC,PC,3.86396812073424
73228647,755.01,CP,CP,2.5404679
73228647,755.02,KP,KP,6.74187956279909
73649615,756.01,PC,CP,1.23925693308305
130924120,757.01,PC,CP,17.4682298
131081852,758.01,EB,FP,13.27359135243401
152147232,759.01,PC,APC,4.2135662
162362398,760.01,PC,APC,12.3396367619307
165317334,761.01,PC,PC,10.5557332233111
165317334,761.02,PC,PC,1.83208628307646
178709444,762.01,PC,CP,3.47168080203191
178819686,763.01,CP,CP,5.60577479918703
178819686,763.02,CP,CP,12.2772444237427
181159386,764.01,PC,APC,5.63166625878689
219401954,765.01,IS,FA,0.861484
219698950,766.01,KP,KP,3.44645291290583
229047362,767.01,KP,KP,3.764873
229811538,768.01,PC,APC,11.5294381
248075138,769.01,KP,KP,4.9816784
248111245,770.01,KP,KP,4.63704787370184
277634430,771.01,PC,CP,2.32600773508212
286864983,772.01,PC,PC,11.0163421104748
286864983,772.02,PC,PC,744.20076033013
286864983,772.03,PC,PC,2.79123654535156
286865921,773.01,KP,KP,4.971298
294301883,774.01,KP,KP,4.465630615555316
304042899,775.01,PC,FP,12.4458741183019
306996324,776.01,CP,CP,15.6653321885248
306996324,776.02,CP,CP,8.24661326950136
334305570,777.01,PC,PC,8.30085618626684
335630746,778.01,CP,CP,4.6336155
374095457,779.01,PC,PC,0.783914853627034
398943781,780.01,KP,KP,3.0524018
413376180,781.01,KP,KP,1.35413417418112
429358906,782.01,PC,CP,8.02398114683646
451645081,783.01,PC,CP,8.11251468650529
460984940,784.01,PC,CP,2.7970316
374829238,785.01,PC,PC,18.628610243557645
375059587,786.01,PC,CP,12.669384659044042
375059587,786.02,PC,CP,38.553934433102114
350584963,787.01,PC,PC,2.1263165070945256
349829627,788.01,PC,PC,6.48723622288655
300710077,789.01,PC,CP,5.44706477562336
300710077,789.02,PC,PC,12.9707041096505
300710077,789.03,PC,PC,8.04323434410059
308994098,790.01,PC,PC,199.577907313167
308994098,790.02,PC,PC,41.0175173752646
308994098,790.03,PC,PC,0.0
306472057,791.01,PC,CP,139.304851230353
306472057,791.02,PC,CP,928.045581387
294780517,792.01,EB,FP,15.6477055442229
300013921,793.01,EB,FP,54.6616036
299945285,794.01,PC,PC,52.4072665375743
278895705,795.01,PC,PC,8.760976217828196
277099925,796.01,V,FA,0.808630838484359
271596225,797.01,PC,CP,1.80079353378185
271596225,797.02,PC,PC,4.14000615470571
271596225,797.03,PC,PC,2.73094491160295
260640693,798.01,PC,APC,95.2391755068645
255685030,799.01,PC,PC,5.54516606201839
179308757,800.01,PC,APC,0.965730347079937
177258735,801.01,PC,PC,0.7757009693013109
167303382,802.01,PC,PC,3.6939120429709593
143526444,803.01,EB,FP,15.3050693
41227743,804.01,EB,FP,1.4188152815023043
38460940,805.01,PC,PC,4.11776485649483
33831980,806.01,PC,PC,21.9166429038876
30853470,807.01,PC,PC,5.27025571189486
30122649,808.01,PC,PC,9.73940894242068
149301575,809.01,PC,APC,183.458919
388106759,810.01,PC,PC,28.3057041912443
388106759,810.02,PC,PC,90.8479190542589
100757807,811.01,PC,PC,25.1760133
363914762,812.01,PC,PC,13.8665912
55525572,813.01,CP,CP,83.896243409579
255760319,814.01,EB,FP,7.21048
102840239,815.01,PC,CP,11.1972769
102840239,815.02,PC,CP,734.4987702
175180796,816.01,EB,FP,1.55747
30312676,817.01,EB,FP,1.10223
46096489,818.01,KP,KP,3.118536
73717937,819.01,KP,KP,16.2546802
111991770,820.01,KP,KP,3.752062
125405602,821.01,IS,FA,13.82330349209304
127530399,822.01,KP,KP,7.13351486121618
127530399,822.02,PC,CP,1.01153358850429
158978373,823.01,PC,APC,13.5337578786176
193641523,824.01,CP,CP,1.39297212730928
220029715,825.01,KP,KP,3.18531859906294
243200602,826.01,KP,KP,11.5509742
270507305,827.01,PC,APC,1.22827060851192
271168962,828.01,KP,KP,5.32205050954846
276128561,829.01,PC,PC,3.2877916038872
281924357,830.01,PC,PC,15.0405220596149
307610438,831.01,PC,APC,1.56173569422379
350332997,832.01,EB,FP,1.9160221
362249359,833.01,CP,CP,1.0418890027079
404340025,834.01,KP,KP,2.67555212374423
405700729,835.01,PC,PC,4.79201526653141
440887364,836.01,CP,CP,8.5954792
440887364,836.02,CP,CP,3.8167262
460205581,837.01,CP,CP,8.3249172
461271719,838.01,EB,FP,7.6246239065786
466840711,839.01,KP,KP,2.4855427750558228
287563610,840.01,KP,KP,3.7993182
238932509,841.01,PC,PC,3.4934316
141768070,842.01,PC,PC,2.78638126227973
437333618,843.01,KP,KP,4.29864661021436
380886535,844.01,PC,FP,8.90662508791763
32283946,845.01,EB,FP,7.06181
229141709,846.01,PC,FP,14.20489
231289421,847.01,PC,PC,3.20631071743491
42015200,848.01,EB,FP,9.77742
33595516,849.01,PC,CP,0.76566
423670610,850.01,PC,APC,10.32103
40083958,851.01,PC,APC,0.6296
29918916,852.01,PC,PC,4.943336
138727432,853.01,PC,PC,6.8646554
160222069,854.01,EB,FP,5.850823732020047
269558487,855.01,PC,PC,1.8301156
306338882,856.01,PC,APC,5.4014
404467699,857.01,KP,KP,3.9080236
198008005,858.01,CP,CP,3.279720612190629
150430484,859.01,PC,PC,5.154326461018767
321011127,860.01,PC,PC,6.4535152
372913430,861.01,EB,FP,6.7391601
309254930,862.01,PC,PC,3.3102158563415047
238898571,863.01,PC,PC,0.525125102653592
231728511,864.01,PC,PC,0.52067099987634
44797824,865.01,PC,APC,0.745578662038763
381976956,866.01,V,FA,22.338916
358460246,867.01,PC,PC,15.4043768049889
271596418,868.01,PC,FP,0.556109
200807066,869.01,V,FA,26.2588239358169
219229644,870.01,PC,PC,22.0379546514083
219344917,871.01,PC,CP,14.3627380327299
220459826,872.01,PC,PC,2.23955439271954
220459826,872.02,PC,PC,4.97277106509116
237920046,873.01,PC,CP,5.93120031973402
232025086,874.01,PC,PC,5.904973267238251
14165625,875.01,PC,PC,11.020153
32497972,876.01,PC,PC,29.4829022033204
255704097,877.01,PC,APC,6.01580197427529
219380235,878.01,V,FA,3.9773904
37084932,879.01,PC,FP,6.58454
34077285,880.01,PC,PC,6.3872524
34077285,880.02,PC,CP,2.573594282135692
34077285,880.03,PC,PC,14.3318853
237808867,881.01,PC,FP,0.56708
92013169,882.01,EB,FP,2.3552639
123846039,883.01,PC,PC,10.0577297
167031605,884.01,EB,FP,2.7809
25334160,885.01,PC,APC,2.56876
120269103,886.01,EB,FP,20.4276726510281
437984134,887.01,PC,APC,5.77114
438295981,888.01,PC,FP,3.96643
284288080,889.01,PC,FP,1.83485
333607525,890.01,PC,APC,3.2022978
33690636,891.01,EB,FP,4.99915
66561343,892.01,PC,CP,10.6265837
123958679,893.01,PC,FA,5.6148305
42755801,894.01,EB,FP,4.3433389
250484865,895.01,PC,FP,0.76189
102283403,896.01,V,FA,3.52985
229384040,897.01,EB,FP,1.2980202
124543547,898.01,PC,FP,0.0
177162886,899.01,PC,PC,12.8461943256507
210873792,900.01,PC,PC,4.849523592590762
214361331,901.01,PC,PC,3.2310603046333624
216935214,902.01,PC,APC,18.2592673000657
238197638,903.01,PC,PC,7.2766004
261257684,904.01,CP,CP,10.8772748198649
261257684,904.02,CP,CP,83.999399068768
261867566,905.01,CP,CP,3.73957156086643
298372701,906.01,PC,PC,1.6647888
305424003,907.01,CP,CP,4.584910986733534
350153977,908.01,CP,CP,3.18377891634004
364107753,909.01,EB,FP,3.9043855
369327947,910.01,CP,CP,2.029107654153224
389070884,911.01,PC,APC,8.584180570106597
406941612,912.01,CP,CP,4.678065931722675
407126408,913.01,CP,CP,11.099364636971735
407126408,913.02,PC,PC,1469.851203856572
153027658,914.01,EB,FP,2.3374921
259389219,915.01,EB,FP,2.3250156
348844154,916.01,EB,FP,29.17362
207237016,917.01,PC,PC,26.4126516686795
294869729,918.01,PC,FP,1.1140067
150167117,919.01,PC,APC,20.0272717054862
271722899,920.01,PC,FP,19.2998
278775625,921.01,PC,PC,5.12872650603197
278199349,922.01,PC,FP,9.46516
301051430,923.01,EB,FP,3.2744665179962
382068562,924.01,PC,PC,12.1272702009343
300599466,925.01,EB,FP,13.17741
176796997,926.01,PC,PC,1.7957918
261258875,927.01,PC,FP,2.5852
300557619,928.01,EB,FP,30.57908
175532955,929.01,PC,PC,5.830149
100921768,930.01,PC,PC,4.90038
206474443,931.01,PC,PC,3.2452094
260417932,932.01,PC,PC,19.3106015346572
260417932,932.02,PC,PC,7.9856481
260130483,933.01,PC,PC,88.9350636883315
220475245,934.01,PC,PC,3.78173832724934
260476837,935.01,EB,FP,2.23294
278198753,936.01,PC,PC,7.93653302586295
425163745,937.01,EB,FP,0.27664
332660150,938.01,PC,PC,8.8073507
67772767,939.01,PC,PC,7.6107227
248434716,940.01,PC,APC,0.7386689
408137826,941.01,PC,PC,8.5145626
408137826,941.02,PC,PC,0.0
146520535,942.01,PC,CP,4.32765
399871011,943.01,PC,PC,12.35611
434234955,944.01,EB,FP,6.0588453
167714792,945.01,PC,PC,0.9298045
219205407,946.01,EB,FP,6.1253092
262330063,947.01,PC,APC,7.31523
146438872,948.01,PC,APC,12.7009
189013222,949.01,O,FP,1.3228701
245947683,950.01,PC,FA,1.14288
449050247,951.01,EB,FP,2.96845
319312479,952.01,PC,PC,1.79011
449050248,953.01,EB,FP,2.96844
44792534,954.01,CP,CP,3.68497
146467675,955.01,EB,FP,1.6375303
146434840,956.01,EB,FP,17.95473
249067445,957.01,EB,FP,0.8317937
92880568,958.01,PC,APC,0.5875044
279999655,959.01,PC,FP,1.54104
5109298,960.01,EB,FP,1.6187106687918
265077027,961.01,PC,FP,4.79586
141776043,962.01,PC,FP,4.06269
25799609,963.01,PC,PC,11.1178463945943
179155220,964.01,PC,FP,0.60274
179159972,965.01,PC,FP,1.37101
178367144,966.01,KP,KP,3.40915679219223
445586472,967.01,EB,FP,1.73936314934075
453209605,968.01,PC,FP,2.80944
280437559,969.01,PC,CP,1.8237371
174599051,970.01,PC,PC,4.985780839048749
177722855,971.01,EB,FP,2.3960724
125894957,972.01,EB,FP,2.67425
409459226,973.01,EB,FP,1.27997
333821572,974.01,EB,FP,2.8259491
133654092,975.01,EB,FP,1.97353
347098457,976.01,EB,FP,3.15104083676292
268371979,977.01,PC,FP,2.78102
73038411,978.01,PC,PC,13.1660135
5772442,979.01,PC,FP,1.10578
93594834,980.01,EB,FP,1.33875545356474
127476180,981.01,EB,FP,1.6038092756614903
177126182,982.01,EB,FP,6.3037582
148659924,983.01,EB,FP,7.3816254
33091633,984.01,PC,FP,7.52118
425220920,985.01,PC,FP,8.76905
320536216,986.01,EB,FP,0.547669905919751
52548453,987.01,EB,FP,5.214675715212412
113553629,988.01,PC,FP,4.30438
207277638,989.01,PC,APC,3.121181
88684250,990.01,PC,PC,4.587386
7561203,991.01,PC,PC,2.4843225
108835813,992.01,PC,FP,4.76516
259353953,993.01,PC,PC,1.4635019
93963408,994.01,PC,FP,2.39672202661878
317951248,995.01,PC,FP,3.4438
142918609,996.01,PC,FP,14.5378
341729521,997.01,EB,FP,8.41348556875335
54390047,998.01,EB,FP,0.94143596330583
341186896,999.01,EB,FP,1.5078959
50365310,1000.01,EB,FP,2.17134838715744
88863718,1001.01,PC,PC,1.9316462
124709665,1002.01,EB,FP,1.8675574
106997505,1003.01,EB,FP,2.74323
238597883,1004.01,EB,FP,3.5730141
169904935,1005.01,EB,FP,4.5505945
156115721,1006.01,EB,FP,2.50479182514848
65212867,1007.01,PC,PC,6.9989206
440801822,1008.01,EB,FP,2.0483755
107782586,1009.01,PC,PC,1.96002767390881
139853601,1010.01,EB,FP,0.680870199603779
114018671,1011.01,CP,PC,2.4705035914424167
427508467,1012.01,PC,APC,0.884182
97700520,1013.01,EB,FP,5.42555479046561
96246348,1014.01,EB,FP,1.40951841053404
155044736,1015.01,EB,FP,1.37304663334161
175310067,1016.01,EB,FP,12.6889414936027
182943944,1017.01,PC,FP,1.10422
291555748,1018.01,PC,FP,4.95912
341420329,1019.01,PC,PC,5.23410075833135
140706664,1020.01,PC,FP,3.28892
143994283,1021.01,PC,FP,1.90879
47384844,1022.01,PC,FA,3.09574
238374636,1023.01,EB,FP,1.3214483
141482386,1024.01,EB,FP,18.0157
297967252,1025.01,EB,FP,9.683790810595978
388624270,1026.01,EB,FP,14.26287566348697
20318757,1027.01,PC,PC,3.2834565
20318757,1027.02,PC,PC,11.02875
20318757,1027.03,PC,PC,5.0113292
447283466,1028.01,PC,FP,1.01606
374908020,1029.01,EB,FP,36.22214
464296022,1030.01,EB,FP,12.1246519
304021498,1031.01,EB,FP,5.652623
146589986,1032.01,PC,PC,5.66437044019291
149601557,1033.01,EB,FP,29.01616456187401
400595342,1034.01,EB,FP,3.640438932521522
361413119,1035.01,PC,PC,6.07444769856783
146172354,1036.01,PC,PC,3.7795212
363260203,1037.01,EB,FP,1.2025238
90544017,1038.01,EB,FP,3.2235985
461867584,1039.01,PC,APC,4.420125
310483807,1040.01,EB,FP,2.55555
385624852,1041.01,EB,FP,8.30792
360286627,1042.01,EB,FP,0.7580819680137397
90448944,1043.01,EB,FP,1.4415577
463402815,1044.01,PC,PC,1.0085089
54044474,1045.01,EB,FP,3.7039994
309787037,1046.01,EB,FP,1.3042553
370745311,1047.01,PC,FP,0.62627
384549882,1048.01,PC,FP,0.30412
16288184,1049.01,KP,KP,2.180533271444878
66818296,1050.01,KP,KP,3.7354838
259863352,1051.01,IS,FA,21.7016689605131
317060587,1052.01,PC,CP,9.13980396599197
112395568,1053.01,EB,FP,5.742625
366989877,1054.01,CP,CP,15.5077855
320004517,1055.01,CP,CP,17.4713078237805
421894914,1056.01,PC,PC,5.30795065970583
323132914,1057.01,PC,PC,51.1701500609708
31553893,1058.01,EB,FP,11.1296406216321
380783252,1059.01,PC,PC,9.449654213950383
101230735,1060.01,PC,APC,2.0685633
253990973,1061.01,EB,FP,0.5407427179398678
299799658,1062.01,CP,CP,4.115052715418582
406976746,1063.01,PC,PC,10.066551745563736
79748331,1064.01,CP,CP,6.44386574740406
79748331,1064.02,CP,CP,12.2265595188652
7088246,1065.01,KP,KP,2.1605155443871817
201604954,1066.01,KP,KP,4.606184
201642601,1067.01,KP,KP,3.13167354483516
6663331,1068.01,KP,KP,3.180362
31858843,1069.01,KP,KP,2.9776446
31858844,1070.01,EB,FP,2.97761517335173
120247528,1071.01,KP,KP,3.5544026006774296
140830390,1072.01,EB,FP,12.8379689423837
158297421,1073.01,CP,CP,3.92280161106811
327301957,1074.01,PC,PC,13.9428704633619
351601843,1075.01,CP,CP,0.604739240679989
360742636,1076.01,KP,KP,2.54956107674285
369960846,1077.01,PC,PC,1.60626933707657
370133522,1078.01,CP,CP,0.518242460936129
379240073,1079.01,PC,PC,3.16440749046008
161032923,1080.01,PC,CP,3.96524845539638
253728991,1081.01,PC,PC,2.9840865599028183
261108236,1082.01,PC,PC,16.3469052629848
322270620,1083.01,PC,PC,12.980295277053
380589029,1084.01,KP,KP,1.34849612641642
381979901,1085.01,PC,APC,3.2541181
468148930,1086.01,PC,PC,3.71788284000029
426077080,1087.01,PC,FP,9.30992
343648136,1088.01,PC,FA,1.15395
129319156,1089.01,PC,FP,4.73703
361034196,1090.01,PC,FP,2.19296
193413306,1091.01,PC,PC,1.725841
387079085,1092.01,PC,FP,1.1923
382331352,1093.01,PC,FP,11.47606
136274063,1094.01,PC,APC,0.5971314
375223080,1095.01,PC,PC,1.4821380067184766
375225453,1096.01,PC,FP,0.920952632017001
360630575,1097.01,CP,CP,9.188506
360630575,1097.02,PC,CP,13.9028390651789
383390264,1098.01,CP,CP,10.1826982735026
290348383,1099.01,PC,CP,6.441006
318608749,1100.01,EB,FP,20.073158774214
271581073,1101.01,EB,FP,2.66903
311890977,1102.01,EB,FP,6.63371
351603103,1103.01,PC,PC,2.94308
451599528,1104.01,EB,FP,341.2791675905754
274151135,1105.01,PC,PC,10.867979777414543
384513078,1106.01,PC,PC,11.1149
394561119,1107.01,CP,CP,4.078238766496566
295599256,1108.01,EB,FP,7.143952663874908
50309953,1109.01,EB,FP,7.04083
446549905,1110.01,O,FP,2.4545635
412014494,1111.01,EB,FP,11.4756978
369864738,1112.01,EB,FP,2.781795572913256
290348382,1113.01,O,FP,6.4410082
409934330,1114.01,PC,APC,2.488771655318735
379286801,1115.01,PC,APC,4.45199
304100538,1116.01,PC,PC,5.01007081494614
295541511,1117.01,PC,PC,2.2281625
90919952,1118.01,PC,FP,4.13812
261369656,1119.01,PC,APC,10.95663
143257766,1120.01,EB,FP,1.66226
24094603,1121.01,EB,FP,4.07611
304774444,1122.01,EB,FP,3.6245513
469782185,1123.01,PC,APC,1.20928
128790976,1124.01,PC,APC,3.5187707
80166433,1125.01,PC,PC,0.772482487094112
405862830,1126.01,EB,FP,1.6268695
269450900,1127.01,EB,FP,2.32439
425721385,1128.01,PC,FP,13.5499
91576611,1129.01,PC,FP,4.43651
254113311,1130.01,CP,CP,8.34998
254113311,1130.02,CP,CP,4.06864049280981
198213332,1131.01,PC,PC,0.586036569221392
267489265,1132.01,EB,FP,1.5502952
69997672,1133.01,PC,FP,1.80709
122220263,1134.01,EB,FP,18.6922101
154872375,1135.01,CP,CP,8.027729987569712
142276270,1136.01,CP,CP,12.5187279
142276270,1136.02,CP,CP,6.2586065
142276270,1136.03,CP,CP,26.3208756
142276270,1136.04,CP,CP,18.795546965368
89389197,1137.01,PC,PC,1.32063557110728
110428269,1138.01,EB,FP,0.6499595032491877
202563254,1139.01,PC,PC,4.4780798
320525204,1140.01,EB,FP,13.7431084
159510109,1141.01,EB,FP,16.9487087166685
284450803,1142.01,EB,FP,3.3686634
160268701,1143.01,EB,FP,11.2071839
28230919,1144.01,KP,KP,4.8878037
350995812,1145.01,PC,FP,2.97164
21755546,1146.01,EB,FP,0.660178983608815
288391628,1147.01,EB,FP,10.9278415
349827430,1148.01,KP,KP,5.5514888
117789567,1149.01,PC,APC,2.32014869290073
16740101,1150.01,KP,KP,1.48109028542409
69679391,1151.01,KP,KP,3.4741012
237184773,1152.01,O,FA,6.50119111922293
154840461,1153.01,PC,APC,6.0360758
459970307,1154.01,PC,CP,21.745537
161450762,1155.01,PC,FP,1.32003
117256577,1156.01,EB,FP,1.6865822
147576037,1157.01,PC,FP,13.0727479
379931600,1158.01,EB,FP,2.9258727
48188920,1159.01,PC,FP,0.73774
89510024,1160.01,EB,FP,2.3664127
158324245,1161.01,KP,KP,1.7635881
13419950,1162.01,PC,PC,7.3166682
375542276,1163.01,PC,PC,3.07716123135664
16102323,1164.01,EB,FP,3.2077145
458478250,1165.01,KP,KP,2.2552845
138361973,1166.01,EB,FP,1.8824539
232967666,1167.01,PC,FP,15.196
41330864,1168.01,EB,FP,2.1358631
302518439,1169.01,PC,PC,6.7075429
294176967,1170.01,EB,FP,1.8296155
101929303,1171.01,EB,FP,11.1876137
1717732429,1172.01,EB,FP,7.8513949
232967440,1173.01,CP,CP,7.0643978
154089169,1174.01,PC,CP,8.9534775
30329585,1175.01,EB,FP,7.5022708
230088370,1176.01,PC,PC,14.0077666
169177766,1177.01,EB,FP,1.692892
359496368,1178.01,EB,FP,2.6652007
148914726,1179.01,PC,APC,1.2615323
158002130,1180.01,PC,CP,9.6867516
229510866,1181.01,CP,CP,2.1031647
341544930,1182.01,EB,FP,7.6416041
258777137,1183.01,EB,FP,5.9294088
233087860,1184.01,PC,CP,5.7484439
83210867,1185.01,EB,FP,1.1967018
289539327,1186.01,EB,FP,11.2464616
372757221,1187.01,PC,PC,2.5941968
15247229,1188.01,PC,FP,8.5112
112026224,1189.01,PC,PC,3.9687994
287196418,1190.01,PC,APC,3.694982022576505
237185205,1191.01,EB,FP,15.7335693
158276040,1192.01,PC,APC,45.9403293
89643259,1193.01,EB,FP,2.2219839
147950620,1194.01,CP,CP,2.3106428
24364065,1195.01,EB,FP,4.050265080941426
69068526,1196.01,PC,PC,5.5376617
92677094,1197.01,PC,PC,4.5960377
203189770,1198.01,KP,KP,3.612771
99869022,1199.01,CP,CP,3.6714717
288185138,1200.01,EB,FP,0.8352406
29960110,1201.01,CP,CP,2.49197708495188
327017634,1202.01,EB,FP,0.0
23434737,1203.01,CP,CP,25.5195306914712
467666275,1204.01,PC,PC,1.3812114657147263
287776397,1205.01,PC,PC,2.39227028059072
308034948,1206.01,PC,FP,0.831542
364393429,1207.01,PC,PC,2.62825531501523
273985865,1208.01,PC,PC,3.42394363145001
273985865,1208.02,PC,PC,10.9830419885588
273985865,1208.03,PC,PC,17.7264490394487
30037565,1209.01,PC,PC,40.7199388018802
33878688,1210.01,EB,FP,79.3739596
50312495,1211.01,PC,PC,18.1663644
389924075,1212.01,PC,PC,105.585089257481
399144800,1213.01,EB,FP,27.214962165765
451606970,1214.01,PC,PC,19.18065687860086
453260209,1215.01,PC,PC,1.212444577420713
141527965,1216.01,PC,PC,4.55418311586475
248092710,1217.01,PC,PC,41.4856124503181
294781547,1218.01,PC,PC,13.773945495968611
294981566,1219.01,PC,PC,1.914269340223032
319259194,1220.01,PC,APC,70.3607264582396
349095149,1221.01,CP,CP,91.6827832276194
374997123,1222.01,PC,PC,10.194499257178
382437043,1223.01,EB,FP,14.6431900156867
299798795,1224.01,PC,CP,4.17826560315297
299798795,1224.02,PC,CP,17.9453644920181
150428703,1225.01,PC,PC,13.8963960402975
150428703,1225.02,PC,PC,8.12131015476004
177115354,1226.01,PC,PC,3.92878505676442
360156606,1227.01,CP,CP,27.3613778368434
300038935,1228.01,CP,CP,29.04968014389765
140760434,1229.01,PC,APC,31.8132264129237
287156968,1230.01,CP,CP,25.057346618423637
447061717,1231.01,CP,CP,24.245496692
364395234,1232.01,CP,CP,14.254562319115456
260647166,1233.01,CP,CP,14.1758947254494
260647166,1233.02,CP,CP,19.5901578092393
260647166,1233.03,CP,CP,6.20362188553473
260647166,1233.04,CP,CP,3.79588997084369
90504905,1234.01,EB,FP,2.268647680504539
103633434,1235.01,CP,CP,3.4447015
120757718,1236.01,KP,KP,3.03007145826677
120960812,1237.01,KP,KP,12.72038
120960812,1237.02,KP,KP,6.23875501334555
153951307,1238.01,CP,CP,3.294768919743886
153951307,1238.02,CP,CP,0.7645806584932745
154716798,1239.01,CP,PC,12.6396981809105
158170594,1240.01,KP,KP,1.72085545094936
159107668,1241.01,PC,PC,4.78025969477922
198212955,1242.01,PC,PC,0.3814849
219698776,1243.01,PC,CP,4.65951692268813
219850915,1244.01,PC,CP,6.40028074824178
229781583,1245.01,PC,CP,4.8204512
230127302,1246.01,CP,CP,18.65548152135253
230127302,1246.02,CP,CP,4.30745132484352
230127302,1246.03,CP,CP,5.904153392689971
230127302,1246.04,CP,CP,37.9251983365383
232540264,1247.01,PC,CP,15.9234883
232612416,1248.01,PC,CP,4.36015363069142
232976128,1249.01,PC,CP,13.0791581
233059608,1250.01,V,FA,1.44150441658437
233120979,1251.01,PC,APC,5.9630544
233211762,1252.01,PC,PC,1.12197149508784
233684822,1253.01,O,FP,4.6756655
236714379,1254.01,PC,APC,1.01801139006513
237222864,1255.01,CP,CP,10.288886
274762761,1256.01,PC,FP,1.03324411383409
278348461,1257.01,KP,KP,5.4526479
288132261,1258.01,PC,PC,10.2613397
288735205,1259.01,CP,CP,3.47797762846933
355867695,1260.01,CP,CP,3.12746344589069
355867695,1260.02,CP,CP,7.49316133323679
355867695,1260.03,PC,CP,49.8251659648395
356311210,1261.01,PC,PC,18.0574016082718
365938305,1262.01,PC,CP,20.8774413
406672232,1263.01,PC,PC,1.0214555
416195870,1264.01,PC,PC,2.7441672
424865156,1265.01,KP,KP,2.2047452
467179528,1266.01,CP,CP,10.8948420981743
467179528,1266.02,CP,CP,18.8016111099805
158561566,1267.01,KP,KP,6.79009811134125
142394656,1268.01,CP,CP,8.157721
198241702,1269.01,PC,CP,4.25296414061114
198241702,1269.02,PC,PC,9.2378703
237200747,1270.01,PC,FP,14.3034613
286923464,1271.01,KP,KP,6.1349783
417948359,1272.01,PC,CP,3.3159772
445859771,1273.01,PC,CP,4.6313014
459969957,1274.01,PC,PC,19.3203478
13499636,1275.01,PC,FA,11.3246821431207
43064903,1276.01,EB,FA,6.26116895033486
153949511,1277.01,IS,FA,0.0
153949511,1277.02,PC,PC,14.8559691
163539739,1278.01,CP,CP,14.4751062310922
224297258,1279.01,PC,CP,9.61416356821561
230017324,1280.01,PC,PC,9.692639245720294
232971294,1281.01,PC,CP,6.390888
236445129,1282.01,KP,KP,0.968992717542034
266593143,1283.01,KP,KP,10.338505
267561446,1284.01,PC,FP,1.283251
274662200,1285.01,EB,FP,1.22925582215524
277507814,1286.01,PC,APC,0.616695299121633
352764091,1287.01,PC,PC,9.60011256163921
365733349,1288.01,CP,CP,2.6998294
408203470,1289.01,PC,FP,0.581321957121083
417676622,1290.01,KP,KP,5.3987355
198186769,1291.01,PC,PC,7.16199
199688472,1292.01,EB,FP,1.4412175
202504234,1293.01,PC,PC,1.6849938
219015370,1294.01,PC,CP,3.9152737
219852584,1295.01,PC,CP,3.19688379720634
219854185,1296.01,CP,CP,3.944371177866278
229536616,1297.01,PC,FP,3.93034
237104103,1298.01,CP,CP,4.53713613061262
258777134,1299.01,EB,FP,5.929405
293687315,1300.01,KP,KP,2.8716983
356867115,1301.01,PC,CP,6.09640744087736
356867115,1301.02,PC,PC,0.0
441797803,1302.01,PC,PC,5.6666168
185405474,1303.01,PC,FP,1.56029
186000935,1304.01,EB,FP,8.8735214
232679662,1305.01,EB,FP,7.8513774
233735068,1306.01,EB,FP,7.6869063
236815160,1307.01,PC,APC,2.534623169981408
277014266,1308.01,PC,FP,1.3797091
287190564,1309.01,PC,FP,1.49861
294179389,1310.01,O,FP,2.67941292046765
378159598,1311.01,PC,APC,6.140714555925152
405904232,1312.01,EB,FP,11.076508089784404
11111899,1313.01,EB,FP,0.6193401
136848581,1314.01,EB,FP,2.6400663
137284119,1315.01,EB,FP,2.571698
15565627,1316.01,PC,FP,3.80509
165523947,1317.01,EB,FP,2.99041
167092385,1318.01,PC,PC,4.9865029
167098530,1319.01,EB,FP,0.890967
167403519,1320.01,PC,PC,3.9729429
195199644,1321.01,PC,FP,1.19888
240450679,1322.01,PC,APC,3.37644
256886630,1323.01,EB,FP,2.03905
266688542,1324.01,EB,FP,2.9424142
274942910,1325.01,EB,FP,1.0793011
275111900,1326.01,EB,FP,8.0428575
312083267,1327.01,PC,APC,3.9392205512152536
330332501,1328.01,PC,FP,4.0157492
345996087,1329.01,EB,FP,2.0219700171366246
357457104,1330.01,EB,FP,1.748054
387664866,1331.01,EB,FP,2.655187762520709
387664868,1332.01,PC,FP,2.65688
395171208,1333.01,CP,CP,4.7201912
42123111,1334.01,PC,FP,4.03349
89759617,1335.01,EB,FP,3.3295346
92783821,1336.01,PC,FP,3.8615978
160708862,1337.01,KP,KP,3.3448312
260128333,1338.01,CP,CP,95.174
269701147,1339.01,CP,CP,8.8803281
269701147,1339.02,CP,CP,28.580474
269701147,1339.03,CP,CP,38.3511223
233681149,1340.01,EB,FP,8.586550895639057
233390838,1341.01,EB,FP,6.4474918
256621916,1342.01,EB,FP,1.4136455
358631536,1343.01,EB,FP,3.4040139
1400770435,1344.01,EB,FP,13.7432169
160487753,1345.01,PC,PC,8.47134
219852882,1346.01,PC,CP,5.50255772450521
219852882,1346.02,PC,CP,1.76225372590622
229747848,1347.01,PC,CP,0.847421801745099
229747848,1347.02,PC,CP,4.84204381617427
229770036,1348.01,EB,FP,2.140349836931907
272635712,1349.01,PC,APC,12.71672
233953967,1350.01,PC,PC,5.5402372
1718201850,1351.01,PC,APC,5.9294089
336740528,1352.01,PC,APC,5.2958813
279177746,1353.01,EB,FP,4.4350025
365683032,1354.01,EB,FP,1.4287976
372264750,1355.01,PC,CP,2.17027250858943
277566483,1356.01,PC,PC,24.2544697
357972447,1357.01,EB,FP,0.33759
275501623,1358.01,EB,FP,1.67346
416624606,1359.01,EB,FP,2.5152549
330468175,1360.01,PC,FP,0.70902
277447970,1361.01,PC,PC,2.237462
395142888,1362.01,PC,PC,1.9173816
230017325,1363.01,O,FP,9.6926509
26880783,1364.01,PC,PC,1.7753644
367099243,1365.01,EB,FP,1.8286961
120602501,1366.01,EB,FP,14.8626982035114
129539786,1367.01,EB,FP,2.0881134
136971594,1368.01,PC,FP,1.25562
155005217,1369.01,PC,FP,7.6047417
155114483,1370.01,EB,FP,5.2651271
162130054,1371.01,PC,APC,5.009523532246167
164150539,1372.01,O,FP,6.1600888
176899385,1373.01,KP,KP,3.8529998
190430205,1374.01,EB,FP,1.06884
190442486,1375.01,EB,FP,5.4561177
190743990,1376.01,EB,FP,1.7380504
240613164,1377.01,PC,FP,1.99143
249812036,1378.01,EB,FP,5.7785318
252490659,1379.01,PC,APC,1132.02446857086
274170255,1380.01,EB,FP,1.41072
275722992,1381.01,PC,PC,6.5601782
276360911,1382.01,PC,FA,0.44482
313506357,1383.01,EB,FP,1.532703
328167090,1384.01,EB,FP,0.7131492
329864959,1385.01,EB,FP,4.522878085862466
343019899,1386.01,CP,CP,25.8386422
343442463,1387.01,PC,FP,0.78381
346338552,1388.01,KP,KP,4.4652986
353038705,1389.01,PC,PC,3.062624
365389353,1390.01,EB,FP,2.6380089
389182138,1391.01,EB,FP,2.7260173
416987878,1392.01,PC,FP,2.86876
430528566,1393.01,EB,FP,0.5590256
431156009,1394.01,EB,FP,2.958148
468472950,1395.01,EB,FP,0.9872436219483915
468845640,1396.01,EB,FP,3.991487707432413
64553698,1397.01,EB,FP,8.6795072
66445643,1398.01,PC,APC,6.556015576835642
66783360,1399.01,PC,FP,1.3812787
258801269,1400.01,PC,FP,5.48923
259126549,1401.01,EB,FP,7.3845072
259129875,1402.01,PC,FP,0.43889
328750515,1403.01,EB,FP,2.33596224707241
352239069,1404.01,PC,PC,6.8674054
352239069,1404.02,PC,PC,14.431887
387834907,1405.01,EB,FP,12.64001
231736113,1406.01,PC,CP,10.5739824
69747919,1407.01,KP,KP,9.97833192740438
364186197,1408.01,CP,CP,4.4247042
364186197,1408.02,CP,KP,2.2222094
115771549,1409.01,PC,APC,4.718286622397837
199444169,1410.01,PC,CP,1.2168732
116483514,1411.01,CP,CP,1.4520486
116483734,1412.01,PC,APC,4.731977
119700084,1413.01,PC,PC,6.11821285129936
125442121,1414.01,PC,APC,3.019625426596553
148782377,1415.01,PC,PC,14.420489610653885
158025009,1416.01,CP,CP,1.0697621
164173105,1417.01,CP,CP,3.0726433986671284
224600500,1418.01,V,FA,0.6763235099057
311035838,1419.01,KP,KP,2.8997405
321857016,1420.01,PC,CP,6.95611336692387
329277372,1421.01,EB,FP,2.887937545765308
333473672,1422.01,CP,CP,13.001789009595
333473672,1422.02,CP,,0.0
346418409,1423.01,EB,FP,2.7563940624080074
418959198,1424.01,EB,FP,4.896276915480327
350132371,1425.01,PC,APC,1.0318262987269038
128501004,1426.01,PC,FP,0.78999
2041563029,1427.01,PC,FP,12.80758
377304435,1428.01,PC,FP,11.35626
138968089,1429.01,PC,FP,0.64125576252515
293954617,1430.01,CP,CP,7.4341456
375506058,1431.01,CP,CP,2.650232
256783784,1432.01,PC,CP,6.1095756
13684720,1433.01,PC,APC,12.43797704361194
138588540,1434.01,PC,PC,29.871852972519797
153976959,1435.01,PC,CP,0.685817831603683
154383539,1436.01,PC,PC,0.867588348400582
198356533,1437.01,CP,CP,18.840891
229650439,1438.01,PC,CP,5.1396666
229650439,1438.02,PC,CP,9.4280902
232982558,1439.01,CP,CP,27.6438617
233617847,1440.01,PC,PC,15.5174519
233617847,1440.02,PC,PC,4.62742058605696
233951353,1441.01,PC,CP,22.092974
235683377,1442.01,CP,CP,0.4090674830756468
237232044,1443.01,CP,CP,23.5407467
258514800,1444.01,CP,CP,0.4702718938030589
259172391,1445.01,PC,PC,9.8130697
259172391,1445.02,PC,PC,4.7842093
294471966,1446.01,PC,PC,6.3170656618624
294471966,1446.02,PC,PC,4.50573867941481
298073824,1447.01,V,FA,1.22730790636151
343628284,1448.01,PC,CP,8.09708185596449
356158613,1449.01,PC,PC,21.38858963247948
356158613,1449.02,PC,PC,2.36918487736744
377293776,1450.01,PC,CP,2.04392678076552
417931607,1451.01,PC,CP,16.5379864
420112589,1452.01,CP,CP,11.061903711612064
198390247,1453.01,PC,CP,6.5886877
198390247,1453.02,PC,CP,4.3135263
294179385,1454.01,PC,PC,2.679412490587904
387259626,1455.01,PC,APC,3.6231364
199376584,1456.01,CP,CP,18.712253
176860064,1457.01,PC,APC,6.3768174
191284318,1458.01,KP,KP,2.7759678
16920150,1459.01,PC,FA,9.15593402361673
17005768,1460.01,PC,FP,6.84249829503256
44631965,1461.01,PC,APC,3.5685944915848897
188768068,1462.01,CP,CP,2.1779407
190998418,1463.01,KP,KP,2.87910228613891
229944666,1464.01,PC,PC,11.3125265509726
236887394,1465.01,KP,KP,1.4200248
237086564,1466.01,PC,PC,1.8718991
240968774,1467.01,PC,CP,5.97113566694453
243185500,1468.01,PC,CP,15.5324384891986
243185500,1468.02,PC,CP,1.88053101731743
283722336,1469.01,KP,KP,3.0929386
283722336,1469.02,KP,KP,6.7650398
284441182,1470.01,PC,CP,2.52728224243905
306263608,1471.01,CP,CP,20.7724316
306263608,1471.02,CP,CP,52.5637056215207
306263608,1471.03,PC,,5.440961486588517
306263608,1471.04,PC,,30.72009341816842
306955329,1472.01,PC,CP,6.36341055157919
352413427,1473.01,CP,CP,5.2544884
427654774,1474.01,PC,FP,5.222621
431514478,1475.01,PC,PC,8.49535132634527
432549364,1476.01,KP,KP,1.2174936
240681314,1477.01,KP,KP,2.73248092340943
409794137,1478.01,CP,CP,10.1802014
421308357,1479.01,EB,FP,16.6828999
335483600,1480.01,EB,FP,3.35405297209971
197650870,1481.01,EB,FP,2.1853174
252616865,1482.01,PC,PC,5.7121916
452803785,1483.01,EB,FP,5.0037857
67309890,1484.01,EB,FP,1.1623941
377191482,1485.01,PC,FA,2.9551881
233541860,1486.01,EB,FP,0.2666485
459978312,1487.01,IS,FA,23.28798
198457103,1488.01,V,FA,0.472105418556428
219751469,1489.01,PC,FA,6.98301
283474780,1490.01,PC,APC,3.9943
53875855,1491.01,PC,PC,4.4902667
354594208,1492.01,PC,FP,0.86673
15692883,1493.01,CP,CP,5.147905
411608801,1494.01,CP,CP,5.02679955085562
431148743,1495.01,EB,FP,2.6277641
384045439,1496.01,PC,FP,10.82661
371673488,1497.01,EB,FP,0.8165295
316402246,1498.01,EB,FP,1.4014167
414870287,1499.01,PC,FP,4.95898
377420580,1500.01,EB,FP,1.4147363
329145325,1501.01,EB,FP,1.077774
410528770,1502.01,EB,FP,2.7536237
428065977,1503.01,EB,FP,1.6534102
326114850,1504.01,EB,FP,1.2456423
331034236,1505.01,EB,FP,3.42725489399743
64836837,1506.01,EB,FP,10.9115374
430677414,1507.01,EB,FP,0.4674104884371763
415741431,1508.01,PC,FP,2.1575124
272828463,1509.01,EB,FP,1.577609
377739433,1510.01,EB,FP,1.23852
376682699,1511.01,EB,FP,1.1025238
434718964,1512.01,EB,FP,1.59722602032646
269509393,1513.01,PC,FP,1.76589
270238522,1514.01,EB,FP,1.36991
470709084,1515.01,EB,FP,3.66505
376637093,1516.01,CP,CP,2.0560153
455962313,1517.01,EB,FP,2.25505
427761355,1518.01,CP,CP,1.90260596148192
272049972,1519.01,EB,FP,1.0960111
269238073,1520.01,EB,FP,6.14640669380515
366074069,1521.01,O,FP,4.1812866
367102581,1522.01,EB,FP,2.9798592
387413037,1523.01,PC,FP,6.72694
314338017,1524.01,EB,FP,10.9554897
276380902,1525.01,EB,FP,0.6171788
313761775,1526.01,EB,FP,1.5309799
202375913,1527.01,PC,PC,5.0625809
285543785,1528.01,PC,APC,9.9385371
312259170,1529.01,PC,FP,0.8229
312469860,1530.01,PC,FP,0.50261
312678993,1531.01,PC,APC,0.517520353372638
327579226,1532.01,PC,PC,8.905407
345143460,1533.01,PC,CP,3.6458046
345143460,1533.02,PC,PC,8.0637954
354600221,1534.01,PC,FP,1.41853
420288086,1535.01,EB,FP,6.5344463
445137888,1536.01,EB,FP,2.01365303367417
173612049,1537.01,PC,PC,6.4902646
177244357,1538.01,PC,PC,6.54692
252636888,1539.01,EB,FP,2.590266
318746829,1540.01,EB,FP,5.2273176
319068154,1541.01,EB,FP,3.7983639
367607434,1542.01,IS,FA,8.2916
431585347,1543.01,PC,FP,5.13664
455791689,1544.01,PC,PC,1.2918334
127425841,1545.01,EB,FP,1.5166573
194203348,1546.01,PC,PC,1.13345
409520860,1547.01,PC,FP,0.71933
440100539,1548.01,PC,FA,12.6017
191146556,1549.01,EB,FP,2.5798051
241065596,1550.01,PC,FP,1.6256942
288348498,1551.01,PC,PC,1.67546
326919774,1552.01,PC,FP,7.57193
327341626,1553.01,PC,APC,5.9382163
299158887,1554.01,KP,KP,9.43415890796681
441732151,1555.01,EB,FP,2.09989
405794804,1556.01,EB,FP,1.44127
320506985,1557.01,EB,FP,1.08697
117322779,1558.01,PC,FP,0.68601
241040309,1559.01,PC,PC,3.4648951
241076290,1560.01,PC,PC,0.258000647136198
245462406,1561.01,PC,FP,2.27456
249862365,1562.01,PC,FP,0.98999
249945230,1563.01,PC,PC,1098.2258586
250724252,1564.01,PC,APC,0.5596691
251384275,1565.01,PC,PC,1099.25603849035
256414077,1566.01,PC,FP,3.01106
259151170,1567.01,PC,FP,0.0
284050395,1568.01,PC,FP,1.35932
285666479,1569.01,PC,FP,1.71614
285674856,1570.01,PC,FP,1.74626
285677945,1571.01,PC,FP,1.2427
292321872,1572.01,PC,FP,8.66698
302773669,1573.01,KP,KP,21.216464
307111282,1574.01,PC,FP,0.0
316254876,1575.01,EB,FP,2.4611008
327011842,1576.01,EB,FP,0.784012054267496
332154944,1577.01,PC,FP,0.99837
348135793,1578.01,PC,FP,1.97741
354400186,1579.01,PC,FP,9.07768
354469661,1580.01,CP,KP,4.7947749
370759867,1581.01,PC,FP,0.0
374400599,1582.01,PC,FP,1.8932775
403256331,1583.01,PC,FP,3.77188
418987806,1584.01,PC,FP,0.88654
444415148,1585.01,PC,FP,1.83641
445144327,1586.01,PC,PC,1.80794
458914949,1587.01,EB,FP,12.5343031
50120414,1588.01,PC,PC,3.581083
52041724,1589.01,EB,FP,35.4028219
71854745,1590.01,PC,FP,3.10315
82010657,1591.01,PC,FP,0.0
186599508,1592.01,PC,FP,5.63180736609691
192372961,1593.01,PC,FP,2.06313
201154493,1594.01,PC,FP,1.51233
385105624,1595.01,PC,FP,1.7498117
431899140,1596.01,O,FP,1.9734615
68152139,1597.01,PC,FP,0.73772
67418624,1598.01,PC,PC,1.1020719
129979528,1599.01,KP,KP,1.21983821253186
187029841,1600.01,PC,FP,0.361112
139375960,1601.01,PC,CP,5.33155
129991079,1602.01,PC,FA,6.15952
73448352,1603.01,KP,KP,4.7321735
118301361,1604.01,PC,FP,3.46608
101037590,1605.01,PC,CP,8.7094632
125735470,1606.01,PC,APC,4.7126743
26433869,1607.01,EB,FP,1.0357235
138017750,1608.01,EB,FP,2.4727494357866444
229951289,1609.01,PC,FA,13.3118
219776325,1610.01,PC,PC,2.5287981
264678534,1611.01,CP,CP,16.2016817
268403451,1612.01,KP,KP,2.8641388
272625214,1613.01,EB,FP,5.2469991
317397615,1614.01,EB,FP,0.7438074
317507345,1615.01,EB,FP,3.9401791
322054600,1616.01,PC,PC,1.3433022
322202434,1617.01,EB,FP,1.4013505
376838000,1618.01,PC,FP,2.1679
377144784,1619.01,EB,FP,2.3866952
378291076,1620.01,PC,PC,1.5982014
387260717,1621.01,PC,PC,6.453624
388076005,1622.01,EB,FP,1.7126115
407394748,1623.01,EB,FP,0.7522775
461387302,1624.01,EB,FP,5.8089284
470852531,1625.01,PC,FP,1.49446
157586003,1626.01,KP,KP,3.33261886913099
424435940,1627.01,KP,KP,5.0172146023149
284475976,1628.01,KP,KP,2.14363640030623
310003988,1629.01,KP,KP,4.5421594
317597583,1630.01,PC,CP,12.0557353
29054413,1631.01,PC,APC,15.2521891769035
51024887,1632.01,PC,FP,8.24918714462144
165551882,1633.01,IS,FA,12.158280380607051
201186294,1634.01,PC,CP,0.989330011005163
230086768,1635.01,EB,FP,34.9270482759269
269892793,1636.01,EB,FP,1.77292394746986
286355915,1637.01,EB,FP,4.076682089033624
312862941,1638.01,PC,PC,0.915062301311702
348673213,1639.01,PC,FP,0.901465043293428
396562848,1640.01,CP,CP,1.949541480835308
422923265,1641.01,PC,PC,1.8646725
229940491,1642.01,PC,APC,37.45905258759024
298647682,1643.01,PC,PC,20.0795217156577
22843856,1644.01,EB,FP,1.8497201
184679932,1645.01,EB,FP,2.17214162392028
387527558,1646.01,IS,FA,3.6239090118
154927364,1647.01,EB,FP,6.9744232
376353509,1648.01,PC,CP,7.3315684
116608612,1649.01,PC,FP,3.4557863
122485078,1650.01,PC,FP,9.1505
138168780,1651.01,KP,KP,3.7649949
154867950,1652.01,EB,FP,0.6664881693846669
156724719,1653.01,PC,PC,10.9568722
258829450,1654.01,PC,PC,1.8347892
266500992,1655.01,PC,PC,3.2786617
267694283,1656.01,PC,APC,1112.7562924
27677846,1657.01,EB,FP,5.6309047
286561122,1658.01,PC,FP,0.680343277777045
288631580,1659.01,PC,CP,5.87755477968584
288631580,1659.02,PC,PC,3.3985674
311121985,1660.01,EB,FP,1.3561596
312122956,1661.01,PC,FP,2.0492064
339538183,1662.01,EB,FP,2.6093167
353367071,1663.01,PC,FP,2.37532
353782445,1664.01,PC,PC,11.835079
354006740,1665.01,PC,FP,1.76406
368536386,1666.01,PC,FP,1.69433
409183335,1667.01,PC,FP,3.32125
417705690,1668.01,EB,FP,2.363311
428679607,1669.01,CP,CP,2.6800536
441739020,1670.01,CP,CP,40.7501028
441739020,1670.02,CP,CP,10.9836724
441739020,1670.03,PC,PC,123.0507510250211
459903429,1671.01,PC,FA,8.13664
468828873,1672.01,EB,FP,3.8954139
470315428,1673.01,PC,FP,1.08625
73104318,1674.01,PC,FP,7.45494
81831095,1675.01,PC,PC,3.133084
8400842,1676.01,KP,KP,3.1915257
87090944,1677.01,PC,PC,0.643580709863076
96291218,1678.01,EB,FP,13.7058173
9837861,1679.01,EB,FP,0.6565741
259168516,1680.01,PC,CP,4.80265608124775
321041369,1681.01,PC,PC,1.5379237
367366318,1682.01,KP,KP,2.7347651
58542531,1683.01,PC,CP,3.05752396361381
85031598,1684.01,PC,PC,1.1549925
28900646,1685.01,CP,CP,0.6691445196560234
102672709,1686.01,PC,PC,6.7053949406900575
103448870,1687.01,PC,PC,10.2596321705401
121966220,1688.01,PC,FP,6.71719125367884
198384408,1689.01,V,FA,9.12381011959331
267574918,1690.01,CP,CP,1.40793693333245
268334473,1691.01,CP,CP,16.7368995
288636342,1692.01,PC,PC,17.7286607938036
288636342,1692.02,PC,PC,32.2079697882339
353475866,1693.01,CP,CP,1.76669200948258
396740648,1694.01,PC,CP,3.77012960886973
422756130,1695.01,CP,CP,3.1342948669961315
470381900,1696.01,CP,CP,2.50052909832679
1884091865,1697.01,PC,PC,10.716524
190223929,1698.01,PC,PC,17.04198
22705558,1699.01,PC,PC,4.54700553104027
23650642,1700.01,PC,FP,1.12355
274215536,1701.01,PC,PC,1.33417383441493
371210825,1702.01,PC,FP,0.40312
453387619,1703.01,PC,PC,1.20161049762591
95129101,1704.01,PC,FP,3.929983
137500798,1705.01,EB,FP,13.2054538
230377505,1706.01,PC,PC,4.5156072
230377505,1706.02,PC,PC,7.4057777
240148934,1707.01,EB,FP,2.02365
241173474,1708.01,PC,APC,11.44192
29119552,1709.01,PC,PC,7.6288424
445805961,1710.01,CP,CP,24.2833782
461662295,1711.01,PC,FP,10.2558
67926921,1712.01,PC,FP,3.566276
15863518,1713.01,PC,PC,0.557256453479509
239154970,1714.01,KP,KP,3.4744763
142090065,1715.01,EB,FP,2.8269456223206277
14336130,1716.01,PC,CP,8.082354
149833117,1717.01,PC,PC,4.052389
257241363,1718.01,PC,PC,5.5870396
293617835,1719.01,PC,PC,2.7552586
356473034,1720.01,KP,KP,2.6158597
51234631,1721.01,KP,KP,4.1250429
85242435,1722.01,PC,PC,9.6052235
71431780,1723.01,PC,CP,13.7270395
81212286,1724.01,PC,FP,0.685080805288586
86396382,1725.01,KP,KP,1.09143044695785
130181866,1726.01,CP,CP,7.10793404397391
130181866,1726.02,CP,CP,20.5438153321812
241225337,1727.01,PC,PC,1.83087816125574
285048486,1728.01,CP,CP,3.4913952
298666530,1729.01,EB,FP,0.5732797249602617
318022259,1730.01,PC,CP,6.2262315
318022259,1730.02,PC,CP,2.1555232
318022259,1730.03,PC,CP,12.5739572
371234684,1731.01,KP,KP,3.9228042
470987100,1732.01,PC,PC,4.11922311925856
53427308,1733.01,PC,FP,5.80322
224596152,1734.01,PC,PC,28.8745077780318
365673804,1735.01,PC,PC,10.3857602
408618999,1736.01,CP,CP,7.0731057
233009109,1737.01,PC,PC,14.4479828
104208182,1738.01,PC,PC,3.69858165052609
159418353,1739.01,PC,CP,8.3033493
174041208,1740.01,PC,PC,19.4284190322106
198206613,1741.01,PC,PC,10.9406641
219857012,1742.01,PC,CP,21.2690422
219860288,1743.01,PC,CP,4.2660553
229455001,1744.01,PC,CP,22.3417286
232635922,1745.01,PC,PC,5.9848710165382
232650365,1746.01,PC,PC,2.52533226920333
232650365,1746.02,PC,PC,3.87768154096526
233071822,1747.01,PC,PC,2.7546548
233071926,1748.01,PC,PC,1.83186225535088
233602827,1749.01,CP,CP,4.48913668477699
233602827,1749.02,CP,CP,9.044698155937668
233602827,1749.03,CP,KP,2.388891090082206
237099296,1750.01,PC,PC,11.3373613975694
287080092,1751.01,CP,CP,37.4685042
287139872,1752.01,PC,CP,0.935189077550389
287139872,1752.02,PC,CP,32.7135406170529
289580577,1753.01,PC,CP,5.38462389660919
332477926,1754.01,PC,PC,16.2143216884247
356978132,1755.01,PC,APC,60.18509718042622
364074068,1756.01,PC,PC,2.78301136608212
367753709,1757.01,PC,PC,2.12568697665264
367753709,1757.02,PC,PC,5.00971134077727
367858035,1758.01,CP,CP,20.7051499
408636441,1759.01,CP,CP,18.8500438
408636441,1759.02,PC,,0.0
420112587,1760.01,O,FP,11.0618986928294
424391516,1761.01,PC,PC,11.5922513199797
435680451,1762.01,PC,PC,24.1412289941159
441739871,1763.01,PC,PC,3.7978720127906
1551345500,1764.01,PC,PC,47.3860753
272672133,1765.01,PC,PC,3.493958
67666096,1766.01,KP,KP,2.7033942
8767448,1767.01,KP,KP,4.3532339
137906197,1768.01,PC,CP,7.3377236
287225295,1769.01,PC,APC,0.6097554
457138169,1770.01,PC,FP,1.09245357642221
252479260,1771.01,KP,KP,3.2122302
85293053,1772.01,PC,CP,8.05422072638224
85293053,1772.02,PC,PC,0.0
332064670,1773.01,KP,KP,0.736546250262761
4897275,1774.01,PC,CP,16.710042174913
9348006,1775.01,PC,CP,10.2405483
21535395,1776.01,PC,CP,2.8009914707958
29191624,1777.01,PC,CP,14.6503935
39699648,1778.01,PC,CP,6.527388413746004
67646988,1779.01,KP,KP,1.8817191
99834717,1780.01,KP,KP,1.7063264
137881699,1781.01,KP,KP,2.9720774
160045097,1782.01,PC,CP,4.9877056237819
160045097,1782.02,PC,CP,1.82902939880296
160045097,1782.03,PC,PC,18.7559764648518
229938290,1783.01,PC,PC,1.41986588683862
241196395,1784.01,PC,APC,2.0937563
230386259,1785.01,PC,PC,11.0023133
86280613,1786.01,EB,FP,9.573548
372730331,1787.01,PC,PC,8.7046669
450327768,1788.01,PC,FP,5.34326
172518755,1789.01,CP,CP,3.2087149
310981412,1790.01,PC,FA,9.62517
233684293,1791.01,V,FA,48.4808217
29191596,1792.01,PC,PC,8.8164887
304142124,1793.01,CP,CP,55.087
286916251,1794.01,CP,CP,8.765546848738802
135083444,1795.01,PC,FP,2.79179110271932
138819293,1796.01,KP,KP,2.64388561055203
368435330,1797.01,PC,CP,3.6451549
368435330,1797.02,PC,CP,1.0376109
198153540,1798.01,CP,CP,8.021473489493966
198153540,1798.02,CP,CP,0.4378083364617078
8967242,1799.01,PC,CP,7.09385304707861
17993892,1800.01,KP,KP,4.1244833
119584412,1801.01,PC,CP,10.6439385
138762614,1802.01,PC,PC,16.7961107288908
144401492,1803.01,PC,PC,12.8858629
144401492,1803.02,PC,PC,6.2932111
148679712,1804.01,PC,PC,4.9246365
165763244,1805.01,PC,PC,24.051045317207876
166648874,1806.01,PC,CP,15.1512050879928
166648874,1806.02,PC,CP,8.19607576215462
166648874,1806.03,PC,CP,0.501903071830712
180695581,1807.01,CP,CP,0.54937
307734817,1808.01,O,FP,2.1075001246516
347329162,1809.01,KP,KP,4.6170519
373693175,1810.01,KP,KP,1.3273482
376524552,1811.01,CP,CP,3.7130701
207425167,1812.01,PC,PC,0.0
207425167,1812.02,PC,PC,11.6098181580488
207425167,1812.03,PC,PC,48.33202231625
377290815,1813.01,PC,FP,0.798
160440924,1814.01,PC,PC,6.36846268332472
233720539,1815.01,EB,FP,2.555332
237108272,1816.01,IS,FA,22.7873
285094173,1817.01,PC,PC,13.398372414199883
330799746,1818.01,PC,PC,5.511511364619423
341815767,1819.01,PC,FA,3.09374
393831507,1820.01,PC,CP,4.860673
82308728,1821.01,KP,KP,9.4893231
9392421,1822.01,PC,APC,9.6136615
142381532,1823.01,PC,CP,38.8135498
142387023,1824.01,PC,CP,22.8085719
229750058,1825.01,PC,PC,10.1824299
229400092,1826.01,CP,CP,4.14198051011935
390651552,1827.01,CP,CP,1.46711903473069
232982938,1828.01,PC,CP,9.0941239
235905185,1829.01,PC,PC,6.2895835
20182165,1830.01,EB,FP,9.7815625
27194429,1831.01,PC,APC,0.555324438209709
307956397,1832.01,PC,PC,4.1508569
61098812,1833.01,KP,KP,3.69359967416772
71612483,1834.01,PC,APC,1.2164402
347332255,1835.01,PC,PC,5.64195983597199
347332255,1835.02,PC,PC,0.0
207468071,1836.01,CP,CP,20.38078237417593
207468071,1836.02,EB,FP,1.77275810301063
144441148,1837.01,PC,FP,5.81822387671979
162689341,1838.01,KP,KP,2.17470623850458
381714186,1839.01,PC,CP,1.42380665982722
165987272,1840.01,KP,KP,7.8456075
168699373,1841.01,KP,KP,4.3011975
404505029,1842.01,CP,CP,9.5739531
258871793,1843.01,EB,FP,9.146835533280864
198108326,1844.01,KP,KP,3.2130578
272758199,1845.01,PC,PC,3.66100257104256
198385543,1846.01,PC,CP,3.93067462792567
54002556,1847.01,KP,KP,35.4557945
54002556,1847.02,PC,PC,12.7645811
219824469,1848.01,PC,FP,5.4809161
23740089,1849.01,PC,APC,9.862756
149577217,1850.01,PC,APC,7.39143
378976682,1851.01,PC,APC,6.0179742
219728669,1852.01,PC,PC,2.3601883
73540072,1853.01,PC,CP,1.2436239
157225097,1854.01,PC,PC,2.52673526406798
81247740,1855.01,PC,CP,1.3641482
224313733,1856.01,EB,FP,197.0336254
180652891,1857.01,PC,APC,0.7759895
424733642,1858.01,PC,PC,2.0912089
229742722,1859.01,CP,CP,63.4839358
202426247,1860.01,CP,CP,1.0662082
323295479,1861.01,PC,PC,742.512660117
321668398,1862.01,CP,CP,5.64421124174708
356919658,1863.01,EB,FP,1.426076600931543
229791084,1864.01,KP,KP,1.6453265
207425203,1865.01,PC,APC,1.2238901960342363
400430915,1866.01,PC,PC,2.18630947984743
400476523,1867.01,EB,FP,18.10612600810125
230087585,1868.01,PC,PC,8.82635791612815
299780329,1869.01,PC,PC,1.60243874712251
230375747,1870.01,PC,PC,2.76339168970877
233503636,1871.01,EB,FP,3.405849283154669
229490898,1872.01,PC,PC,2.2349708
328933398,1873.01,PC,PC,24.9341884
328933398,1873.02,PC,PC,900.193098724326
328933398,1873.03,PC,PC,7.00568049251826
232641326,1874.01,PC,APC,17.86843275882854
233047097,1875.01,PC,PC,11.3091849
233078665,1876.01,PC,PC,6.4827646827791
233497719,1877.01,EB,FP,3.801591
219762508,1878.01,PC,PC,3.2351012718965
243335710,1879.01,PC,PC,13.7045951306737
359357695,1880.01,PC,PC,1.7263781210827944
59859387,1881.01,EB,FP,1.1203828
396368313,1882.01,PC,PC,3.08988355292512
348755728,1883.01,PC,CP,4.50638380838065
219879302,1884.01,PC,PC,6.78227805016519
258510872,1885.01,PC,CP,6.5440665
403136415,1886.01,PC,PC,2.51284831360378
229586455,1887.01,PC,PC,2.20015834819389
459997997,1888.01,EB,FP,5.547485
139771134,1889.01,PC,APC,0.913449513075635
288636599,1890.01,PC,PC,19.9676936259445
139198430,1891.01,PC,APC,15.3617729
63698669,1892.01,PC,PC,1837.88973129423
264544388,1893.01,PC,PC,0.0
280865159,1894.01,PC,PC,739.238983206357
384159646,1895.01,PC,PC,748.073941620923
174302697,1896.01,PC,PC,0.0
420645189,1897.01,EB,FP,48.534039473
420645189,1897.02,EB,FP,48.533862575
91987762,1898.01,CP,CP,45.5221455560606
172370679,1899.01,CP,CP,29.09023727744343
178879588,1900.01,KP,KP,3.05662771115638
19684256,1901.01,KP,KP,1.3666563
272212970,1902.01,KP,KP,1.6091845
77156657,1903.01,KP,KP,3.8404319
272213425,1904.01,KP,KP,4.3247708
429302040,1905.01,KP,KP,5.72226
308098254,1906.01,KP,KP,9.6246665
453789494,1907.01,KP,KP,5.4774433
37718056,1908.01,KP,KP,3.65688
232038798,1909.01,KP,KP,4.1536624
437261733,1910.01,KP,KP,5.4161129
44745133,1911.01,KP,KP,7.8181434
50712784,1912.01,KP,KP,5.4053583
53458803,1913.01,KP,KP,3.34890381843444
53750200,1914.01,KP,KP,4.19334220896773
98283926,1915.01,KP,KP,2.29203483324914
98545929,1916.01,KP,KP,1.88823101642076
339522221,1917.01,KP,KP,1.82069
308425348,1918.01,EB,FP,3.39829
102192004,1919.01,KP,KP,4.2337078
363851359,1920.01,KP,KP,2.5441537
112099249,1921.01,KP,KP,5.17958
112604564,1922.01,KP,KP,4.5768651482226
114299824,1923.01,KP,KP,4.204207807731861
371443216,1924.01,KP,KP,2.8240691
118956453,1925.01,KP,KP,2.3447752
143143769,1926.01,KP,KP,1.3372349230815
14344979,1927.01,KP,KP,4.11177308955965
207077681,1928.01,KP,KP,2.27857495182227
157266693,1929.01,KP,KP,3.8537616
160578764,1930.01,KP,KP,2.8786641
162922904,1931.01,KP,KP,3.8186276
386259537,1932.01,KP,KP,5.61077370946175
172598832,1933.01,KP,KP,3.26331647416721
125739286,1934.01,KP,KP,4.5111234
176685457,1935.01,KP,KP,4.4352884
178289267,1936.01,KP,KP,2.3506186
268301217,1937.01,PC,CP,0.9466787
128449971,1938.01,PC,APC,12.7060865895739
325172035,1939.01,PC,FP,2.89702019618578
7413227,1940.01,PC,APC,3.41586675557478
167009792,1941.01,EB,FP,1.1330519701151485
308919449,1942.01,EB,FP,1.6563738
382980571,1943.01,PC,PC,1.742573
461080504,1944.01,PC,FP,6.09884706393276
357536526,1945.01,PC,FP,1.57363
127315102,1946.01,EB,FP,10.8458712
460140752,1947.01,EB,FP,12.0077462
31268146,1948.01,EB,FP,3.6473383151473
334125713,1949.01,PC,PC,4.6211026
327663613,1950.01,EB,FP,1.41144
356590734,1951.01,PC,PC,4.82940600405631
394509844,1952.01,PC,FP,6.89132
242536549,1953.01,EB,FP,0.6923563
466113537,1954.01,PC,PC,4.9064174957841
166184426,1955.01,PC,FP,16.3152
334911765,1956.01,PC,FP,0.88958
302659412,1957.01,EB,FP,14.5187891
356747847,1958.01,PC,PC,14.64838498862992
400323948,1959.01,EB,FP,3.22428082457996
318828309,1960.01,PC,PC,5.3418199
179319057,1961.01,PC,PC,6.7018963
141663464,1962.01,PC,FP,1.76447
190271688,1963.01,EB,FP,12.653466413328816
242083025,1964.01,PC,FP,0.646698774476465
295354126,1965.01,EB,FP,2.2778177
242120884,1966.01,PC,PC,0.622725708774479
320079492,1967.01,PC,APC,0.4262222958530929
210445631,1968.01,PC,APC,3.97195
293708935,1969.01,PC,FP,2.68559148108602
162695785,1970.01,PC,PC,2.55996665143006
253132689,1971.01,EB,FP,3.217824
267414551,1972.01,PC,PC,4.7631
47617161,1973.01,PC,PC,3.9194855529563855
295562522,1974.01,PC,APC,5.438218
467281353,1975.01,PC,FP,2.8319354
329888006,1976.01,PC,APC,7.6943096
383531859,1977.01,EB,FP,17.0614756
458856474,1978.01,EB,FP,6.081043046196433
458857720,1979.01,PC,FP,1.30924
127793615,1980.01,PC,FP,9.27898
378613125,1981.01,PC,PC,2.4763492
437329044,1982.01,PC,PC,17.1725007
89535068,1983.01,EB,FP,6.11109450729485
162246865,1984.01,EB,FP,0.5646193
469212332,1985.01,PC,APC,30.7864669
468997317,1986.01,EB,APC,7.50438291556428
349088467,1987.01,PC,APC,2.58615620743448
161156159,1988.01,EB,FP,2.2818488
324395151,1989.01,PC,FP,3.45514790437396
457939414,1990.01,PC,FP,3.78995239619699
82707763,1991.01,EB,FP,6.6570835
147340931,1992.01,O,FP,4.3114812
453464017,1993.01,EB,FP,3.9416903
445903569,1994.01,PC,CP,4.0337201
299023386,1995.01,PC,PC,3.1056464
275384718,1996.01,PC,FP,7.72433
142378043,1997.01,PC,PC,1.8359766
429295277,1998.01,PC,FP,1.10833
447206604,1999.01,PC,APC,7.2133579
371188886,2000.01,CP,CP,9.1270519
371188886,2000.02,CP,CP,3.098367
118084044,2001.01,PC,PC,2.7435213250068
356453768,2002.01,EB,FP,2.3330349
58463434,2003.01,PC,PC,0.0
439610306,2004.01,PC,FP,1.79988
147660886,2005.01,PC,PC,17.305792317706473
41173048,2006.01,V,FA,6.40938
219466784,2007.01,PC,PC,0.0
70887357,2008.01,EB,FP,723.834500848934
243187830,2009.01,PC,PC,1071.08984480293
26547036,2010.01,PC,CP,1134.67239633331
136916387,2011.01,KP,KP,11.5778362083528
136916387,2011.02,KP,KP,27.5920717535465
136916387,2011.03,KP,KP,0.0
138294130,2012.01,KP,KP,3.0565259
188589164,2013.01,CP,CP,2.61627687236315
198588220,2014.01,KP,KP,4.8099755
368287008,2015.01,PC,CP,3.3491408
219508169,2016.01,PC,PC,6.8161105
219508169,2016.02,PC,PC,2.4590369
219508169,2016.03,PC,PC,25.3369848
357416482,2017.01,EB,FP,5.49826
357501308,2018.01,CP,CP,7.43557089552366
159781361,2019.01,CP,CP,15.3468182
39903405,2020.01,KP,KP,5.633477
236312126,2021.01,KP,KP,3.9415041
11996814,2022.01,PC,FP,0.448734913893695
16884216,2023.01,PC,APC,11.1900485650944
255930614,2024.01,KP,KP,2.8758831
394050135,2025.01,CP,CP,8.872088644961796
407059875,2026.01,PC,PC,7.1925327
335996558,2027.01,PC,FP,1.46329
336456596,2028.01,PC,FP,0.77871
445254275,2029.01,PC,FP,2.57134
422656370,2030.01,PC,APC,1.3254452290799286
470127886,2031.01,PC,PC,5.71560747457573
470159478,2032.01,PC,APC,17.009683058729102
53617134,2033.01,PC,PC,18.8243063
427279997,2034.01,PC,FP,2.89453
53709089,2035.01,PC,PC,8.51226
368320811,2036.01,PC,PC,1.261045
405559035,2037.01,PC,PC,11.151666779780795
405559035,2037.02,PC,PC,5.547093701856258
235937532,2038.01,PC,APC,3.732128579952163
237071229,2039.01,PC,PC,11.2479927
427730490,2040.01,PC,PC,3.8608551
54364414,2041.01,PC,FP,1.37477
269424395,2042.01,PC,FP,2.41872
346929661,2043.01,PC,PC,12.0135752
270333769,2044.01,EB,FP,4.1207509
347013211,2045.01,PC,PC,9.07763
468574941,2046.01,CP,CP,1.49714467191895
363761216,2047.01,EB,FP,7.4072602
159873822,2048.01,PC,CP,13.7905315
314835525,2049.01,PC,PC,5.30329
316468545,2050.01,PC,PC,13.5970194
375850439,2051.01,PC,PC,1.16333254424128
1100766816,2052.01,PC,FP,1.62263
315755496,2053.01,EB,FP,4.27808
378355116,2054.01,EB,FP,3.5684459
322062001,2055.01,PC,APC,4.6981739
396356111,2056.01,PC,APC,10.2207
229888286,2057.01,PC,PC,5.598633670777159
326732851,2058.01,PC,FP,1.51567
403308915,2059.01,EB,FP,3.7543552
285542903,2060.01,EB,FP,2.2657506
327577308,2061.01,PC,FP,1.45655
373785851,2062.01,PC,FP,4.04163
334811204,2063.01,PC,PC,21.07626
115524421,2064.01,KP,KP,8.8036803
356710041,2065.01,PC,APC,0.0
141663460,2066.01,PC,FP,1.76442
147951030,2067.01,PC,PC,8.8128067
417931300,2068.01,CP,CP,7.769088748267731
198187049,2069.01,PC,PC,5.92142287655623
233182695,2070.01,PC,PC,6.383924664807752
198360694,2071.01,PC,PC,5.67393360151783
900715901,2072.01,PC,PC,3.167981
441642457,2073.01,PC,PC,53.1991438907095
158075010,2074.01,PC,PC,177.58305122878
23814735,2075.01,PC,PC,4.79816944690219
27491137,2076.01,CP,CP,10.356359551487
27491137,2076.02,CP,CP,35.1257472
27491137,2076.03,CP,CP,21.0153047
230075227,2077.01,PC,PC,6.1155829
159244568,2078.01,PC,FA,6.27724777675108
224298134,2079.01,PC,PC,1.492317938123963
224298134,2079.02,PC,PC,9.317411310501797
367739494,2080.01,PC,PC,63.5809449009002
321669174,2081.01,CP,CP,10.5054361713606
321669174,2081.02,PC,PC,5.109656149006509
160039081,2082.01,PC,PC,30.2004765
233633993,2083.01,PC,PC,17.9696390475004
441738827,2084.01,CP,CP,6.078474808284731
441738827,2084.02,EB,FP,8.148521808406587
103633672,2085.01,PC,PC,0.0
230387153,2086.01,PC,PC,41.7540004
230387153,2086.02,PC,PC,20.2616549832581
219462190,2087.01,PC,PC,0.0
441765914,2088.01,PC,CP,124.729870031257
341815197,2089.01,PC,PC,49.9950015
233721037,2090.01,PC,PC,230.922119983671
219778329,2091.01,PC,PC,177.21888710776
393965778,2092.01,PC,PC,4.303264160073913
402898317,2093.01,PC,CP,53.8108713039137
356016119,2094.01,PC,PC,18.793174918788
235678745,2095.01,CP,CP,17.664866001981
235678745,2095.02,CP,CP,28.1722500657948
235678745,2095.03,PC,,57.68690191706112
142748283,2096.01,PC,CP,3.11907156163725
142748283,2096.02,PC,CP,6.38782015732006
279982557,2097.01,EB,FP,1.789117725178543
356700488,2098.01,PC,PC,0.0
230386397,2099.01,EB,FP,19.5078657
219436394,2100.01,PC,PC,23.6573994144733
165527918,2101.01,PC,PC,9.07532712811804
289590465,2102.01,PC,PC,6.70602377486723
289590465,2102.02,PC,PC,0.0
160491359,2103.01,PC,PC,2.66207276935833
160491359,2103.02,PC,PC,20.2926467815124
367630162,2104.01,PC,PC,3.2723118
367630162,2104.02,PC,PC,5.904369
367630162,2104.03,PC,PC,15.1808746
367630162,2104.04,PC,PC,1.9803146
367630162,2104.05,PC,PC,9.56110995932098
156199502,2105.01,PC,PC,15.9152686047112
393911494,2106.01,PC,FP,0.633259258492003
446549906,2107.01,PC,CP,2.45457
347538174,2108.01,PC,APC,6.802646185857878
392476080,2109.01,CP,CP,0.6724742290573411
394029948,2110.01,IS,FA,32.76639
356235833,2111.01,EB,FP,1.2680452
427320001,2112.01,PC,PC,14.0120582207748
427320001,2112.02,PC,PC,155.8237
1400212743,2113.01,PC,FP,5.24612
9828416,2114.01,PC,CP,6.2099619
54464870,2115.01,EB,FP,3.6944323
422838133,2116.01,EB,FP,5.3089937
279212407,2117.01,EB,FP,28.6620782
17416749,2118.01,PC,FP,2.34483
236387002,2119.01,CP,CP,7.2008611
389900760,2120.01,PC,CP,5.79981888817589
88996391,2121.01,PC,APC,2.319565383747797
311408969,2122.01,KP,KP,3.58522837273409
105840719,2123.01,PC,PC,10.308851387651774
159742538,2124.01,KP,KP,3.5539283440893
116242971,2125.01,KP,KP,5.0316347
116264089,2126.01,KP,KP,1.30618801690067
21744120,2127.01,KP,KP,5.50806821746442
21832928,2128.01,PC,CP,16.3413889020981
101721385,2129.01,KP,KP,4.627664
320798691,2130.01,KP,KP,5.00526050340238
27848472,2131.01,KP,KP,1.8468345
358516596,2132.01,KP,KP,3.24404536626308
39200363,2133.01,PC,PC,3.82665866538661
75878355,2134.01,CP,CP,9.2292078
75878355,2134.02,PC,CP,95.8531625
76419763,2135.01,KP,KP,2.78847226599223
336128819,2136.01,PC,CP,7.85190820404635
23059280,2137.01,PC,APC,14.150257255906878
336267424,2138.01,EB,FP,1.48218448305313
308172249,2139.01,KP,KP,1.4013784006976
399860444,2140.01,KP,KP,2.47061141800205
287256467,2141.01,CP,CP,18.2616878
44313455,2142.01,PC,PC,9.30043505367734
103195323,2143.01,PC,PC,5.5899401
428988981,2144.01,PC,PC,37.3415931
88992642,2145.01,CP,CP,10.2611329
158916431,2146.01,EB,FP,5.8924856
341630071,2147.01,PC,CP,26.204978226299
233569098,2148.01,EB,FP,23.48522
1716467085,2149.01,PC,PC,0.5842495
230267547,2150.01,EB,FP,2.2263798
23389848,2151.01,PC,FP,15.64643
395393265,2152.01,CP,CP,3.3773562123786456
406855039,2153.01,EB,FP,2.71808350809971
428787891,2154.01,CP,CP,3.824081689143599
461591646,2155.01,PC,CP,3.7246883
258402425,2156.01,EB,FP,0.67554
298495970,2157.01,EB,FP,8.424924107374787
342642208,2158.01,PC,CP,8.6007557
270515566,2159.01,PC,APC,10.050958388627754
284477310,2160.01,PC,PC,2.2390502
366563452,2161.01,EB,FP,1.5873866
284564230,2162.01,EB,FP,12.9773004
43429656,2163.01,PC,PC,5.2132496
49967354,2164.01,PC,FP,1.09333
73560357,2165.01,PC,APC,0.9499984703183288
233680651,2166.01,PC,PC,5.1354577
160162987,2167.01,EB,FP,23.0531698
364075352,2168.01,EB,FP,37.83633
8516795,2169.01,PC,PC,8.2148505
154741689,2170.01,PC,PC,9.2786686
75656058,2171.01,PC,FA,1.78166
76197937,2172.01,PC,FA,1.78252
293567206,2173.01,EB,FP,0.6856225
159815224,2174.01,PC,PC,2.9601848
405717754,2175.01,KP,KP,4.43797265828439
123495874,2176.01,KP,KP,7.89142712367569
123233041,2177.01,KP,KP,3.52247509699986
164892194,2178.01,KP,KP,3.02411095068699
237913194,2179.01,PC,CP,15.1689722976844
298663873,2180.01,CP,CP,260.174006087125
233068569,2181.01,PC,PC,8.379057
268823307,2182.01,KP,KP,3.5484480742597
1715469662,2183.01,PC,PC,6.5011256
176956893,2184.01,CP,CP,6.906786841151312
355096431,2185.01,PC,PC,7.2147717511923
238171173,2186.01,PC,PC,4.47692198132627
270472265,2187.01,PC,PC,2.7492277
260797169,2188.01,PC,PC,3.73505095359745
270342589,2189.01,PC,PC,4.4343276899594
389421473,2190.01,PC,PC,5.31607043601077
262471759,2191.01,PC,PC,4.01153937452335
277890574,2192.01,PC,PC,6.26434417045185
401604346,2193.01,PC,CP,2.12236725100755
271478281,2194.01,CP,CP,15.3419095
24695044,2195.01,PC,PC,4.16451397110436
372172128,2196.01,PC,CP,1.19539683680827
389352124,2197.01,KP,KP,4.954648657375356
100566492,2198.01,KP,KP,4.9549631089896
369455629,2199.01,KP,KP,3.3771113715336
142105158,2200.01,PC,PC,2.9360281
219306934,2201.01,PC,PC,1.3477642
358107516,2202.01,CP,CP,11.9124941865364
355600246,2203.01,PC,APC,3.05630996854852
467971286,2204.01,KP,KP,2.22505138138042
260298958,2205.01,PC,FP,0.88914831054054
381856447,2206.01,KP,KP,1.76901210452915
90850770,2207.01,CP,CP,8.00048904123634
38680052,2208.01,EB,FP,0.6743497717337342
271806353,2209.01,PC,PC,3.43911519812222
317089588,2210.01,PC,PC,12.7846809204303
212253390,2211.01,PC,CP,3.09268584419493
280803917,2212.01,PC,PC,5.12938553688559
406318573,2213.01,PC,PC,5.17928198135919
272236017,2214.01,PC,PC,2.4156482
425561347,2215.01,PC,PC,5.7772122377363
39018923,2216.01,PC,PC,5.68074123010948
234330672,2217.01,PC,PC,3.8300358542173
348995212,2218.01,PC,APC,0.3456911
278138619,2219.01,PC,PC,10.168872190536
150437346,2220.01,PC,PC,1.39265494226559
441420236,2221.01,CP,CP,8.453677658218298
306510653,2222.01,PC,PC,2.2456860314362737
273695332,2223.01,PC,PC,6.93096567369197
388198242,2224.01,PC,PC,0.505510515897485
271891552,2225.01,PC,PC,3.5775562
403135192,2226.01,PC,PC,0.9017673139027604
405425498,2227.01,PC,APC,4.221777648280811
405425498,2227.02,PC,APC,11.5472008617581
61733521,2228.01,PC,FP,3.36296
143410850,2229.01,PC,PC,4.98668
129432342,2230.01,PC,FP,1.79217
100504381,2231.01,O,FA,5.46278
439444938,2232.01,PC,PC,11.45959
421455387,2233.01,PC,APC,2.50876
271491157,2234.01,PC,APC,2.91615
267093376,2235.01,PC,APC,17.14012
394722182,2236.01,PC,CP,3.5315897
389238529,2237.01,PC,FP,0.49642
231077395,2238.01,PC,CP,3.3904897
388130235,2239.01,EB,FP,92.1950921
98494121,2240.01,PC,FP,3.06555
96973930,2241.01,PC,PC,3.3243
92562123,2242.01,PC,PC,6.53144
1990842033,2243.01,PC,APC,5.41418
1989628303,2244.01,PC,PC,5.46377
278415929,2245.01,PC,CP,3.7981107
349786918,2246.01,EB,FP,2.966338873534049
376168473,2247.01,PC,FA,5.41402
179580045,2248.01,PC,PC,62.1624516
152714791,2249.01,EB,FP,0.636677040573393
264303333,2250.01,EB,FP,0.8153098
229715760,2251.01,PC,PC,11.574356091506
233066156,2252.01,PC,PC,12.3796490097452
367855829,2253.01,IS,FA,85.4244796256553
233688779,2254.01,PC,PC,26.4579842
265146266,2255.01,PC,PC,11.9526103
262880065,2256.01,PC,PC,13.963192913511962
198485881,2257.01,CP,CP,35.1896444375252
219821826,2258.01,EB,FP,9.6799809
219501568,2259.01,PC,PC,16.5899262763607
232568235,2260.01,CP,CP,0.3524597
229787062,2261.01,PC,PC,1.90114521638404
165530380,2262.01,PC,PC,1.493734216967645
159400561,2263.01,PC,PC,0.0
235943205,2264.01,PC,PC,121.334290754359
310231275,2265.01,PC,PC,0.829408439616925
8348911,2266.01,PC,CP,2.32634296639119
459837008,2267.01,PC,CP,3.49504222192781
459837008,2267.02,PC,PC,2.03443663362686
459837008,2267.03,PC,CP,2.28910266826545
20203297,2268.01,PC,PC,7.15660245111388
441798995,2269.01,PC,FA,1.42060361110023
441798995,2269.02,PC,PC,2.8411415
441798995,2269.03,PC,PC,10.4029110825691
198178505,2270.01,PC,PC,0.0
258389327,2271.01,PC,APC,26.54568126779936
265460043,2272.01,PC,APC,32.8236817374048
142117976,2273.01,PC,PC,46.5710978116565
289164482,2274.01,PC,CP,2.67961636447417
289164482,2274.02,PC,PC,1.1188024
272679240,2275.01,PC,PC,20.1546939441831
198456933,2276.01,PC,PC,76.8663962192284
288516853,2277.01,PC,PC,0.0
243313296,2278.01,PC,PC,1.4663344
115623434,2279.01,PC,PC,3.1434463
115583726,2280.01,PC,PC,18.6016753935511
264171144,2281.01,PC,PC,210.668358011183
237211410,2282.01,PC,PC,12.552076555844
198211976,2283.01,V,FA,0.401858632647585
115446313,2284.01,EB,FP,4.9707023
329148988,2285.01,CP,CP,27.267201584602
329148988,2285.02,PC,,9.673204627114677
237201858,2286.01,PC,PC,179.403171245581
160077104,2287.01,PC,CP,11.8120707353106
462615350,2288.01,PC,PC,8.917221145137
82452140,2289.01,PC,PC,63.3954500376275
321688498,2290.01,PC,PC,0.386219721665312
236934937,2291.01,PC,PC,9.40587695355499
236934268,2292.01,PC,PC,7.0767314
71347873,2293.01,PC,CP,6.06833180313888
284361752,2294.01,PC,PC,340.387731103326
48018596,2295.01,PC,PC,60.06632
165554103,2296.01,PC,PC,139.263228550495
233500935,2297.01,PC,PC,22.048774974215
229608594,2298.01,PC,PC,0.0
362220495,2299.01,O,FA,165.003158311622
280031353,2300.01,PC,PC,4.85666563854993
280031353,2300.02,PC,PC,15.4432661360726
280031353,2300.03,PC,PC,0.0
283829553,2301.01,PC,PC,6.0541622
144000801,2302.01,PC,APC,1.31038317126745
197959526,2303.01,PC,FP,0.719629069762069
70420766,2304.01,PC,PC,9.40705151466345
232079930,2305.01,PC,APC,0.918902041812105
147284470,2306.01,PC,PC,2.99057446855419
270219048,2307.01,PC,PC,2.68200609465495
234489976,2308.01,PC,PC,3.86865999070258
328012209,2309.01,PC,PC,20.2656358195482
38467100,2310.01,PC,PC,2.9432073
25139786,2311.01,PC,APC,1.59337716445375
147425389,2312.01,PC,PC,3.18568674788958
325468685,2313.01,PC,PC,1.89053041157317
355446093,2314.01,PC,PC,15.9375459619767
302333151,2315.01,PC,APC,1.440707017712051
61980227,2316.01,PC,FP,3.09589846346997
274599700,2317.01,PC,FP,0.0
88840705,2318.01,PC,APC,0.0
349488688,2319.01,CP,CP,0.0
349488688,2319.02,CP,KP,11.6207543996685
207501148,2320.01,PC,FP,0.0
138126035,2321.01,PC,PC,716.3497402
300812741,2322.01,CP,CP,20.225591018633107
300812741,2322.02,CP,CP,11.307167365171
293527670,2323.01,PC,FP,0.98656
69819610,2324.01,PC,PC,1.0371671871499426
152800085,2325.01,PC,APC,4.26991
175456679,2326.01,PC,PC,58.9970907
177308364,2327.01,PC,PC,82.7899762995719
394287035,2328.01,PC,CP,17.1019622
238920875,2329.01,PC,PC,6.5346715
180991313,2330.01,KP,KP,2.2088214
168751223,2331.01,PC,PC,4.7150942
286000547,2332.01,PC,PC,7.4972297
358579111,2333.01,PC,PC,14.2197641
200743403,2334.01,PC,PC,7.9980831
160003961,2335.01,PC,APC,1.4492052
88902249,2336.01,PC,CP,7.7119842
230001847,2337.01,CP,CP,2.9942630371248
24358417,2338.01,PC,CP,22.6539607
279514271,2339.01,PC,PC,9.7728388
29959761,2340.01,PC,FP,1.6471574
100267480,2341.01,PC,FP,0.87741
100589632,2342.01,PC,FP,3.9471567
166834768,2343.01,PC,PC,3.2553185
311179742,2344.01,PC,PC,8.3129806
91555165,2345.01,PC,CP,1.05261565408191
91555165,2345.02,PC,CP,42.1289893255497
317483660,2346.01,PC,PC,3.3311975
301343785,2347.01,PC,APC,1.1736318
317019074,2348.01,PC,PC,1.2043785
405452527,2349.01,PC,APC,11.5738497
47601197,2350.01,PC,PC,8.6251769
47601197,2350.02,PC,PC,4.8714085
290036495,2351.01,PC,APC,5.252480850559924
32925763,2352.01,PC,PC,1.6804461
177079323,2353.01,PC,PC,5.75179694783204
219766989,2354.01,EB,FP,0.5109902
124515764,2355.01,PC,PC,1.2709769
30947715,2356.01,PC,PC,3.66275
124206468,2357.01,PC,PC,7.0924883
124095888,2358.01,PC,FP,1.1258127
436102447,2359.01,PC,PC,5.1858
31656385,2360.01,EB,FP,22.84518
204671232,2361.01,PC,PC,8.71546
302924206,2362.01,PC,PC,6.9444047
445456888,2363.01,PC,PC,5.5436298
39414571,2364.01,PC,CP,4.0197555
344085117,2365.01,PC,FP,0.659752
39218269,2366.01,PC,APC,17.1869882
441159680,2367.01,PC,PC,5.74984
401125028,2368.01,PC,CP,5.1750108
220068921,2369.01,PC,PC,3.3651586
347357977,2370.01,PC,PC,12.6826724
432132155,2371.01,PC,PC,4.8984239
189620016,2372.01,EB,FP,1.1793395
332558858,2373.01,PC,CP,13.3368173
439366538,2374.01,CP,CP,4.313591705794025
164150537,2375.01,PC,PC,6.1600755
326522874,2376.01,PC,PC,3.18219694310204
146165619,2377.01,PC,APC,1.6766685626912416
231063955,2378.01,PC,PC,3.49727687585447
201177276,2379.01,PC,CP,5.46938875417453
176220787,2380.01,KP,KP,5.21536178778205
39080923,2381.01,PC,PC,5.04511880660568
2760219,2382.01,PC,PC,4.66120249660893
20897611,2383.01,PC,APC,3.1353643361628465
382602147,2384.01,PC,CP,2.13570257297007
231850364,2385.01,PC,PC,3.15812880619724
32487566,2386.01,KP,KP,2.75673948742882
237885040,2387.01,PC,APC,5.66010975408214
382625239,2388.01,PC,PC,1.34427244459883
89544985,2389.01,PC,PC,2.33724227226616
369965258,2390.01,PC,PC,2.11928655873725
299897516,2391.01,PC,PC,7.836984182862345
149349867,2392.01,PC,PC,5.912356513519777
149349867,2392.02,PC,PC,3.4072162493047204
149349867,2392.03,PC,CP,9.16964977160216
231071138,2393.01,PC,PC,18.84184
144297844,2394.01,PC,PC,3.4978002232523107
144124187,2395.01,PC,PC,7.86867619514664
333734769,2396.01,PC,APC,1.5099302
306337838,2397.01,PC,PC,6.00327
322807675,2398.01,PC,PC,19.4061437
219701535,2399.01,PC,PC,5.4681892
260849386,2400.01,PC,FP,1.0339
11521555,2401.01,PC,PC,5.8681984
1525480,2402.01,PC,PC,5.5094951
293435336,2403.01,KP,KP,1.8098811293497352
142087638,2404.01,PC,PC,20.362741018424
142087638,2404.02,EB,FP,74.60689649434026
142087638,2404.03,EB,FP,74.60651924297976
231297123,2405.01,PC,PC,1.97925726724432
212957629,2406.01,CP,CP,3.07668346844733
153078576,2407.01,PC,CP,2.7029186753149
67630845,2408.01,PC,PC,9.4636148
321068176,2409.01,PC,FA,12.9696927164963
248391319,2410.01,PC,APC,0.7988525
10837041,2411.01,CP,CP,0.7827074550330908
10837041,2411.02,PC,PC,13.051211536126672
10837041,2411.03,PC,PC,19.88898922787425
684936227,2412.01,PC,FA,15.29859
206498307,2413.01,PC,FP,13.4190392345475
237320326,2414.01,KP,KP,1.77711087925076
161223358,2415.01,EB,FP,0.5153654217720032
237922465,2416.01,PC,CP,8.2754608
49617263,2417.01,PC,FP,4.83266
65347776,2418.01,EB,FP,25.86696
358248442,2419.01,PC,PC,18.8812961
268532343,2420.01,PC,CP,5.84259
70524163,2421.01,PC,CP,4.3474
29919341,2422.01,PC,APC,18.23603
197807043,2423.01,PC,PC,0.0
313891529,2424.01,PC,FP,12.3750536935672
248387177,2425.01,PC,PC,50.6939885
97486178,2426.01,PC,CP,4.08165
142937186,2427.01,PC,CP,1.30613
274193763,2428.01,PC,APC,7.57017
420051632,2429.01,PC,PC,7.084649186194501
23170835,2430.01,PC,PC,1.10071
258804746,2431.01,PC,CP,0.224195
347553438,2432.01,PC,PC,1.82738
405763009,2433.01,PC,PC,0.0
155001079,2434.01,PC,APC,1.3805990301475457
298164705,2435.01,PC,PC,0.0
154568734,2436.01,PC,PC,0.0
251094370,2437.01,PC,PC,5.1660126889228
686072378,2438.01,PC,FP,1.94260032314713
274194927,2439.01,PC,PC,14.361478873089
129839175,2440.01,PC,APC,0.646157091483488
219175972,2441.01,PC,CP,12.8900899311885
219175972,2441.02,PC,PC,5.55148569021324
168871868,2442.01,EB,FP,17.1217196
318753380,2443.01,PC,CP,15.6692322098987
29959760,2444.01,PC,APC,1.64738872642782
439867639,2445.01,PC,CP,0.371133443173804
142868621,2446.01,PC,PC,18.6858620467112
1167538,2447.01,PC,CP,0.0
231721005,2448.01,O,FP,9.0182016
231721005,2448.02,PC,PC,19.757918013119127
170729775,2449.01,PC,CP,16.6542431
408114363,2450.01,PC,PC,17.8832414144624
4294779,2451.01,PC,FP,0.343889185962649
219208037,2452.01,EB,FP,0.977680523622344
59128183,2453.01,PC,PC,4.44142754515861
67782629,2454.01,PC,PC,8.50636868265066
434260570,2455.01,PC,PC,4.72048898787499
311271011,2456.01,PC,PC,0.0
117799904,2457.01,PC,PC,14.1993537532126
449197831,2458.01,PC,CP,3.73696893919192
192790476,2459.01,PC,CP,19.1047019158395
454224694,2460.01,PC,APC,0.515460975114944
411839167,2461.01,KP,KP,6.18026138745213
248434780,2462.01,PC,APC,12.8643168035823
452375478,2463.01,PC,PC,10.6079444641655
32949762,2464.01,KP,KP,3.7684981
146523262,2465.01,PC,PC,3.75920503924659
293612446,2466.01,KP,KP,2.6266983
71013298,2467.01,PC,PC,1.75566155975583
31114545,2468.01,EB,FP,24.4232697
117843067,2469.01,PC,FP,2.3767548
298981199,2470.01,PC,PC,7.1853092
298981199,2470.02,PC,PC,15.50583632645128
71088556,2471.01,PC,PC,6.5857043
248650906,2472.01,PC,PC,0.0
399868187,2473.01,PC,PC,1.2311781
449257028,2474.01,PC,PC,4.278752
373453507,2475.01,PC,FP,15.7925628
43868600,2476.01,PC,APC,3.8865992
412054152,2477.01,PC,FP,34.7769296
262435954,2478.01,PC,PC,2.64739164988521
167661160,2479.01,PC,PC,36.838242873162
1449756,2480.01,PC,FP,11.3543085
262258341,2481.01,PC,PC,11.994832
117938087,2482.01,PC,PC,14.9315582
219151731,2483.01,EB,FP,1.4853364
68035559,2484.01,PC,PC,8.3272872
328934463,2485.01,PC,CP,11.2347982
369376388,2486.01,PC,PC,1.5411764
394346745,2487.01,PC,PC,3.4024655
139251123,2488.01,PC,PC,10.7668398355297
279327604,2489.01,PC,APC,1.42695100862602
77437543,2490.01,PC,PC,0.0
80567842,2491.01,PC,APC,5.92777000494769
282498590,2492.01,PC,FP,10.1004307
123664207,2493.01,PC,PC,0.0
282576340,2494.01,PC,PC,8.3761316
282576340,2494.02,PC,PC,2.4087648
33091590,2495.01,PC,PC,7.79538495313736
160328683,2496.01,PC,PC,1.57468281072073
97568467,2497.01,CP,CP,10.655694026032
263179590,2498.01,CP,CP,3.73823810637544
67196573,2499.01,PC,APC,2.5574812
206785987,2500.01,PC,PC,2.955314
134471108,2501.01,PC,PC,5.32629217828526
52689469,2502.01,KP,KP,3.14138245312697
124778445,2503.01,KP,KP,1.67515675725508
206906112,2504.01,PC,PC,13.5853506415519
443127052,2505.01,PC,PC,2.8972041
393298446,2506.01,PC,APC,14.9695925
354519019,2507.01,PC,PC,17.3051475676313
147430118,2508.01,PC,FP,1.6951056
143282930,2509.01,PC,APC,1.5339665
170103435,2510.01,EB,FP,1.9785151
124702477,2511.01,PC,FP,0.7951534
124491883,2512.01,PC,PC,2.3933087
59842822,2513.01,PC,PC,2.5577037
317134140,2514.01,PC,PC,6.3951381
123627908,2515.01,PC,FP,5.9016526
295947393,2516.01,PC,APC,5.4927168
48178229,2517.01,EB,FP,2.6788253
96925186,2518.01,PC,PC,6.8979432
47720259,2519.01,PC,PC,6.955124172032086
177414713,2520.01,PC,PC,2.0944084
72556406,2521.01,PC,APC,5.563087
148883384,2522.01,PC,PC,2.0988541
443213925,2523.01,PC,PC,4.6410823
169249234,2524.01,CP,CP,7.18580291998416
149601126,2525.01,CP,CP,23.3418535686557
149601126,2525.02,CP,CP,49.2445598765684
380836882,2526.01,PC,PC,8.011385
126572546,2527.01,PC,PC,2.3018922
83154030,2528.01,PC,PC,11.7248927
269333648,2529.01,CP,CP,64.5947
52059926,2530.01,PC,PC,0.0
262843259,2531.01,PC,PC,8.1484094
20579360,2532.01,PC,PC,16.7224532
418012030,2533.01,PC,PC,6.6857865
219332978,2534.01,PC,PC,0.0
204698337,2535.01,PC,PC,16.4452725
20299658,2536.01,PC,PC,31.9919594977179
399967279,2537.01,PC,CP,94.0997954107861
443115574,2538.01,PC,PC,2.9103781
201508515,2539.01,PC,PC,0.985586044150403
354518617,2540.01,PC,CP,12.7187254998559
354518617,2540.02,PC,APC,22.0819969
31054498,2541.01,PC,PC,1.4118418
431971818,2542.01,PC,PC,4.11339283351431
270604417,2543.01,CP,CP,7.54275088638434
341419787,2544.01,EB,FP,21.06899349047507
149845414,2545.01,PC,CP,7.99403671773964
388089437,2546.01,PC,APC,2.1811989
444013020,2547.01,KP,KP,2.31142033564241
350293646,2548.01,KP,KP,8.5234958
350293646,2548.02,PC,CP,1.4468993
80711765,2549.01,PC,PC,4.85805009831501
294500964,2550.01,EB,FP,9.07025308892934
6276559,2551.01,PC,PC,5.436841
31515092,2552.01,PC,PC,2.37011194725775
238542895,2553.01,PC,PC,8.384806661831044
144043410,2554.01,PC,FP,6.26365006546498
155491828,2555.01,PC,FP,16.0475029
468981993,2556.01,PC,APC,8.01493233360304
269400980,2557.01,PC,PC,9.830230932781298
283307274,2558.01,PC,PC,17.785915224089244
441453629,2559.01,PC,PC,4.2002507
441155146,2560.01,PC,PC,3.5511203
422385684,2561.01,PC,PC,2.7754004
420177051,2562.01,PC,PC,4.0483695
387409975,2563.01,PC,PC,5.0182311
334482103,2564.01,PC,PC,3.725723704053223
321086563,2565.01,PC,PC,3.97044571500736
284679064,2566.01,PC,PC,4.21024246353249
258920431,2567.01,CP,CP,5.9839451
257067559,2568.01,PC,PC,3.4843271
248655556,2569.01,PC,PC,13.1147744
239816546,2570.01,CP,CP,2.98876544175608
239638934,2571.01,PC,FP,6.0027375
234489133,2572.01,PC,PC,3.5985851
160037058,2573.01,PC,PC,4.5815438
159332859,2574.01,PC,PC,4.4817684
142784687,2575.01,PC,PC,3.17112066665232
115453244,2576.01,PC,PC,3.8229149
112316665,2577.01,PC,PC,3.7494409
104986789,2578.01,PC,PC,3.45800184153865
103751498,2579.01,KP,KP,3.7146478
102713734,2580.01,PC,CP,3.397862
37862966,2581.01,PC,PC,3.5838508
21279791,2582.01,PC,PC,3.0183134
7548817,2583.01,PC,CP,4.52074
458641144,2584.01,PC,PC,4.6965638
62530991,2585.01,EB,FP,4.0266483
458647887,2586.01,PC,PC,9.5835608
68007716,2587.01,PC,CP,5.4566563
284418751,2588.01,PC,PC,3.587158
157698565,2589.01,CP,CP,61.6277
234832821,2590.01,PC,PC,0.7460577
229285649,2591.01,PC,FP,8.493027
284122875,2592.01,PC,PC,3.4559382
258983679,2593.01,PC,PC,1.4711386
229167359,2594.01,PC,PC,2.682814
151284882,2595.01,PC,APC,3.817421
37089434,2596.01,PC,APC,16.2709828
220139435,2597.01,PC,PC,3.6039259
12036590,2598.01,PC,FP,5.73436
235333495,2599.01,PC,PC,4.1554362
234160911,2600.01,PC,PC,5.3376282
456844391,2601.01,PC,PC,6.0210332
191928543,2602.01,PC,APC,7.23406401676843
176772671,2603.01,EB,FP,1.3326579267147995
189625051,2604.01,KP,KP,4.908881919044641
146776480,2605.01,PC,APC,20.6006151
355800238,2606.01,PC,PC,1.4509175
149539158,2607.01,PC,FA,2.23387856670085
269850928,2608.01,PC,PC,4.72466496081221
308883808,2609.01,PC,APC,1.16451408067578
268914377,2610.01,EB,FP,2.153895941085061
234282389,2611.01,PC,FA,0.7320175
149572298,2612.01,PC,PC,13.3572104
52315301,2613.01,PC,PC,15.2010859493248
263075864,2614.01,PC,PC,4.81032136139075
38965512,2615.01,PC,PC,2.2687617
273850708,2616.01,PC,PC,1.8531628
260537454,2617.01,PC,PC,6.3187442
231076038,2618.01,EB,FP,8.2500143
31943299,2619.01,PC,PC,12.4724734
394346647,2620.01,PC,PC,10.3558635
388202128,2621.01,PC,PC,2.4125012
382259755,2622.01,PC,PC,1.2207037
403288821,2623.01,PC,FP,0.5474737
349410350,2624.01,PC,PC,3.0235362
308396509,2625.01,EB,FP,2.1481182
300604770,2626.01,PC,PC,3.45627666072495
262829328,2627.01,PC,PC,1.0649771
260541432,2628.01,PC,PC,0.8715953
259901731,2629.01,PC,PC,11.4856846
391900348,2630.01,PC,PC,9.7130596
140067837,2631.01,PC,PC,6.63143573884952
231703293,2632.01,PC,FP,0.907105
386131764,2633.01,PC,PC,18.1960490983542
318812447,2634.01,PC,PC,0.0
358557578,2635.01,PC,PC,7.4547813172717
119925436,2636.01,PC,PC,3.10549011766991
349408306,2637.01,PC,APC,0.152075994962404
458342769,2638.01,PC,PC,3.929934391848882
98753307,2639.01,PC,PC,15.3281168841797
135036669,2640.01,PC,PC,0.911220601723553
162802770,2641.01,CP,CP,4.88096396158047
448589187,2642.01,KP,KP,3.0652926
152852327,2643.01,KP,KP,9.1720535
385332171,2644.01,PC,APC,9.74397439850972
372818426,2645.01,PC,PC,1.4436706
349966879,2646.01,PC,APC,0.3125737
234527228,2647.01,PC,PC,0.513609637999368
231833236,2648.01,PC,PC,4.77375103271402
230980206,2649.01,PC,PC,3.375591
453100296,2650.01,PC,PC,2.229735
29830212,2651.01,EB,FP,7.3164282
372852036,2652.01,PC,PC,2.484912
149394317,2653.01,PC,APC,0.9270535098519715
200805484,2654.01,PC,PC,2.967599
166851829,2655.01,PC,PC,4.7277153
231065398,2656.01,PC,PC,7.7898378
160004025,2657.01,PC,PC,2.7985528
31634579,2658.01,PC,PC,8.8759249
147456499,2659.01,PC,PC,1.2558789
372817671,2660.01,PC,PC,5.0183771
144125079,2661.01,PC,PC,3.6257584
423672208,2662.01,PC,PC,3.790687
423666115,2663.01,PC,APC,0.58228
277871306,2664.01,EB,FP,3.9602774
186936449,2665.01,PC,PC,2.8456505
170889511,2666.01,PC,APC,0.0
348684813,2667.01,O,FP,7.7517472
192076548,2668.01,PC,PC,1.1159326
348835438,2669.01,CP,CP,6.203496
190721237,2670.01,PC,PC,12.9281222839238
190081497,2671.01,EB,FP,3.1630387
129372561,2672.01,PC,APC,10.7189647
1018843,2673.01,PC,PC,1.9126596
434496663,2674.01,PC,APC,7.2972359
179033846,2675.01,PC,FP,1.476869
420016507,2676.01,PC,PC,3.4082154
398736713,2677.01,PC,APC,6.4967452
354517490,2678.01,PC,PC,3.4523955
323295908,2679.01,PC,PC,3.8539027
219366908,2680.01,PC,FP,0.6293198
209408136,2681.01,PC,PC,3.1292868
200803270,2682.01,PC,PC,2.5981987
200320748,2683.01,PC,PC,1.5292851
161568891,2684.01,PC,PC,2.4756487
161479081,2685.01,PC,PC,3.4711465
159989004,2686.01,PC,PC,3.5746058
155993822,2687.01,PC,PC,4.0944492
98728690,2688.01,PC,PC,2.1415519
92363023,2689.01,PC,PC,3.4180406
92359852,2690.01,PC,PC,4.1549988
71345362,2691.01,PC,PC,3.8821916
38399060,2692.01,PC,PC,3.6506781
30016082,2693.01,PC,PC,1.3225635
146467673,2694.01,PC,APC,1.6375324
140284353,2695.01,PC,APC,0.5566811
139445621,2696.01,PC,PC,6.409365
139445453,2697.01,PC,PC,4.3169755
100683605,2698.01,PC,PC,3.270563
77958378,2699.01,PC,PC,5.8259928
56096837,2700.01,PC,PC,4.6636858
44791617,2701.01,PC,PC,2.169466
43604949,2702.01,PC,PC,1.9422802
43475220,2703.01,PC,PC,6.1735306
32677675,2704.01,PC,PC,3.6364993
169448771,2705.01,PC,PC,18.010652
457202957,2706.01,PC,PC,1.8851834
455036659,2707.01,CP,KP,4.007232
452810327,2708.01,PC,FP,2.3540172
452810326,2709.01,PC,PC,2.3540163
408231638,2710.01,PC,PC,10.7448417
396896334,2711.01,PC,PC,5.7604868
362026280,2712.01,PC,PC,3.078479
332660287,2713.01,PC,FP,1.2434016
332534326,2714.01,PC,CP,2.4993895
311239796,2715.01,PC,PC,4.9640641
284859630,2716.01,PC,PC,7.5420435
269077474,2717.01,PC,FP,1.3164901
248655096,2718.01,PC,PC,2.7625084
176314383,2719.01,PC,CP,3.3759446
169448297,2720.01,PC,PC,2.1473577
167714124,2721.01,PC,PC,4.162733
153725446,2722.01,PC,PC,0.708548
152477897,2723.01,PC,PC,3.3843865
119290630,2724.01,PC,PC,1.4875055
100780304,2725.01,PC,APC,0.1846924
100589633,2726.01,PC,PC,3.9471513
51830822,2727.01,PC,PC,0.6711626
42763678,2728.01,PC,FP,1.7246234
39724477,2729.01,PC,PC,4.0350169
37240067,2730.01,PC,PC,2.5082498
34729329,2731.01,PC,PC,0.9953936
34466256,2732.01,PC,FP,0.7029205
34266522,2733.01,PC,PC,3.7170532
21505121,2734.01,PC,PC,4.5879078
20069685,2735.01,PC,PC,1.9663653
91869778,2736.01,PC,FP,3.4771921
445946478,2737.01,PC,PC,3.3328544
445145355,2738.01,PC,PC,1.5174038
319473643,2739.01,PC,PC,3.1474843
301281965,2740.01,PC,APC,0.5348968
283303192,2741.01,PC,PC,2.9884191
282102605,2742.01,PC,PC,1.2541679
280212554,2743.01,PC,FP,1.1472535
279989567,2744.01,PC,FP,0.787177
237770757,2745.01,PC,APC,1.7932884
237736186,2746.01,PC,PC,4.9208778
237632488,2747.01,PC,APC,0.5209929
237552878,2748.01,PC,PC,4.7838171
235448190,2749.01,PC,PC,6.9724832
235300016,2750.01,PC,PC,6.8204309
231157209,2751.01,PC,PC,7.4710819
170367033,2752.01,PC,PC,4.9197461
168191686,2753.01,PC,PC,1.6281719
148233571,2754.01,PC,FP,0.9422588
148004811,2755.01,PC,PC,3.3187528
147437399,2756.01,PC,APC,1.5622382
147125706,2757.01,PC,PC,3.4813976
147034452,2758.01,PC,PC,4.5302876
134315574,2759.01,EB,FP,1.5971584
130611752,2760.01,EB,FP,0.4405893
96736412,2761.01,PC,PC,6.1214801
79431527,2762.01,PC,APC,3.9072351
78441371,2763.01,PC,PC,3.9980153
53122063,2764.01,PC,PC,2.276734
52976395,2765.01,PC,PC,1.0191022
284288093,2766.01,PC,APC,7.2748135
48806546,2767.01,PC,PC,0.934057
443556801,2768.01,PC,CP,1.5080197
443534757,2769.01,PC,PC,3.08858
438057373,2770.01,PC,PC,4.5697688
437893926,2771.01,PC,FP,3.8454384
435934762,2772.01,PC,PC,2.8504334
420962989,2773.01,PC,APC,0.5993364
388934707,2774.01,PC,PC,4.4430866
36574157,2775.01,PC,FP,3.7804749
35636165,2776.01,PC,PC,3.4590552
35483319,2777.01,PC,PC,1.9297769
332860211,2778.01,PC,PC,4.4445101
319735319,2779.01,PC,FP,2.9038027
317546777,2780.01,PC,PC,4.9062135
317417916,2781.01,PC,PC,2.7636665
306903715,2782.01,PC,PC,4.86808047780448
302976834,2783.01,PC,PC,2.3044132
302766000,2784.01,PC,FP,0.2573207
300204369,2785.01,PC,PC,11.5054399
281987399,2786.01,PC,PC,3.7576217
270677031,2787.01,PC,PC,4.3217658
255756918,2788.01,PC,PC,4.0646554
251209368,2789.01,PC,FP,3.0071496
247518629,2790.01,PC,PC,2.3341583
237406657,2791.01,PC,PC,3.7482756
237362186,2792.01,PC,PC,7.1185659
235077268,2793.01,PC,PC,0.3559702
232139628,2794.01,PC,PC,4.7654865
232052748,2795.01,PC,PC,3.6337247
220076110,2796.01,PC,CP,4.808498
206897186,2797.01,PC,PC,4.2380604
160347548,2798.01,PC,PC,3.994474
156887426,2799.01,PC,PC,1.4367914
147804034,2800.01,PC,PC,7.7538288
140287227,2801.01,PC,PC,5.4139736
139444326,2802.01,PC,PC,3.5266608
124379043,2803.01,PC,CP,1.962292
44764338,2804.01,PC,PC,4.8033954
5024743,2805.01,EB,FP,12.4498835
193220940,2806.01,PC,PC,11.4045112
11936042,2807.01,PC,PC,3.9919157
192988021,2808.01,PC,PC,9.4453763
45655786,2809.01,PC,PC,3.16608488341056
80682484,2810.01,PC,PC,8.4035706
78775584,2811.01,PC,FP,5.5553784
105801221,2812.01,PC,FP,3.0750728
133427311,2813.01,PC,PC,4.5654898
268187322,2814.01,PC,PC,5.47933497043227
306663205,2815.01,PC,PC,3.4044402
131581522,2816.01,EB,FP,3.059168
285526706,2817.01,PC,PC,6.2804387
151483286,2818.01,PC,CP,4.0397189
387275908,2819.01,PC,APC,4.39059828031268
130948731,2820.01,PC,PC,13.3454770871986
281489322,2821.01,PC,PC,0.2856701
130349701,2822.01,PC,PC,2.8798613
271035369,2823.01,PC,PC,4.7962078
128135100,2824.01,PC,PC,2.2087864
268496304,2825.01,PC,PC,5.9492615
123462119,2826.01,PC,PC,1.9275568
440775339,2827.01,PC,PC,5.3393042
268042363,2828.01,EB,FP,4.6141256
114103134,2829.01,EB,FP,1.14687078451485
307456716,2830.01,PC,APC,4.2555436
259165246,2831.01,PC,PC,2.6926692
107340585,2832.01,PC,PC,2.6889686
238335094,2833.01,PC,PC,4.3897272
238335094,2833.02,PC,PC,1.89475638704282
156172268,2834.01,PC,PC,4.6391531
98286422,2835.01,EB,FP,2.9646096
144628120,2836.01,PC,PC,3.2379325
238020894,2837.01,PC,APC,0.860246683373966
81231810,2838.01,PC,FP,5.4521068
182470056,2839.01,PC,FP,0.879268
178577607,2840.01,PC,PC,1.532427
79930628,2841.01,PC,PC,2.1663502
178162579,2842.01,PC,CP,3.5514016
79030066,2843.01,PC,PC,1.8882882
387342052,2844.01,PC,CP,3.5524144
177612321,2845.01,PC,FP,3.145502
66151343,2846.01,PC,FP,2.6792695
175604949,2847.01,PC,PC,2.648845
285524410,2848.01,EB,FP,3.02442221717177
61687533,2849.01,PC,PC,2.9510628
453105377,2850.01,PC,PC,6.6329154
174206540,2851.01,PC,PC,4.8257226
52869977,2852.01,PC,PC,0.400777
173818213,2853.01,PC,PC,3.2923881
50989813,2854.01,PC,PC,0.9008643
437156845,2855.01,PC,FP,3.4906402
172630205,2856.01,PC,FP,0.599092
419148828,2857.01,PC,APC,0.621603115386493
47587394,2858.01,PC,PC,2.4181961
157655504,2859.01,PC,PC,3.9589903
419029830,2860.01,PC,PC,4.1849602
157572174,2861.01,PC,PC,6.62699706228714
231937059,2862.01,PC,PC,11.4874782
412257781,2863.01,PC,FP,1.1894812
157011920,2864.01,PC,PC,0.4777885
231337271,2865.01,PC,PC,0.451685
409896170,2866.01,PC,PC,1.5728416
156949982,2867.01,PC,PC,5.6392638
147857396,2868.01,PC,PC,9.3803217
409264172,2869.01,PC,PC,1.7198076
14709225,2870.01,PC,PC,5.7655904
155807906,2871.01,PC,FP,0.4057204
151930063,2872.01,PC,FP,5.2201338
119448220,2873.01,PC,PC,1.252025
123106490,2874.01,EB,FP,3.3004862
385658469,2875.01,PC,PC,3.4142143
10827386,2876.01,PC,PC,6.2996307
348477542,2877.01,PC,PC,3.4074188
4999813,2878.01,PC,FP,2.0849517
146836153,2879.01,EB,FP,2.3252877906374
344140617,2880.01,PC,PC,4.7799716
320541238,2881.01,PC,PC,2.9301843
142405475,2882.01,PC,PC,2.0083269
319932686,2883.01,PC,PC,3.7064049
318413374,2884.01,PC,PC,2.935886
140019355,2885.01,PC,PC,6.3350651
318796593,2886.01,PC,PC,1.6020002
134183038,2887.01,PC,PC,4.91827981616241
80713983,2888.01,PC,PC,4.21865204607513
355796887,2889.01,PC,PC,3.6579148
355655412,2890.01,PC,PC,3.1958886
342167886,2891.01,PC,PC,17.3076615
340559155,2892.01,PC,PC,14.9502738
340144218,2893.01,PC,PC,10.3629429
315120585,2894.01,PC,PC,7.4190257
315117300,2895.01,PC,PC,8.7858955
310537530,2896.01,PC,PC,1.3475728
308987429,2897.01,PC,PC,12.0040505
308612785,2898.01,PC,PC,3.6128161
307366709,2899.01,PC,PC,4.0874138
298206077,2900.01,PC,PC,1.317173
295093397,2901.01,PC,PC,4.6086828
290302097,2902.01,EB,FP,2.9918201
268125229,2903.01,PC,PC,3.5947639
267536225,2904.01,PC,PC,7.5010022
260120451,2905.01,PC,PC,11.8790678
192259856,2906.01,PC,PC,3.7062792
192003741,2907.01,PC,PC,3.168632
191671884,2908.01,PC,PC,5.4631023
191496430,2909.01,PC,PC,3.0688259
141574742,2910.01,PC,PC,3.30806617506158
141141249,2911.01,PC,PC,1.77013214824287
118406995,2912.01,PC,PC,8.7614828
101588793,2913.01,PC,PC,7.0317936
90127880,2914.01,PC,PC,3.05158943579789
89617284,2915.01,PC,PC,5.1304425
76663549,2916.01,PC,PC,3.9216762
75744886,2917.01,PC,PC,7.9018734
74881311,2918.01,PC,PC,9.5680636
74274839,2919.01,PC,PC,4.6957057
48210046,2920.01,PC,PC,3.2003149
45896295,2921.01,PC,PC,3.0044799
45492609,2922.01,PC,PC,1.3605223
45299834,2923.01,PC,PC,4.3226285
45048546,2924.01,PC,PC,7.34983447838548
44510874,2925.01,PC,PC,1.5720089
34499178,2926.01,PC,PC,2.4249041
33651215,2927.01,PC,PC,1.3868302
33159936,2928.01,PC,PC,2.8457134
31975443,2929.01,PC,PC,2.0391352
30300445,2930.01,PC,PC,7.2041454
29505837,2931.01,PC,PC,8.6681997
29418536,2932.01,PC,PC,3.2569118
29336129,2933.01,EB,FP,1.63638219397965
28945511,2934.01,PC,PC,1.1239749
24837152,2935.01,PC,PC,5.5698287
22020459,2936.01,EB,FP,1.3328042
18794442,2937.01,PC,PC,2.0139493
11417087,2938.01,PC,PC,4.942456
5485318,2939.01,PC,PC,4.8306667
5224772,2940.01,PC,PC,4.5991516
4729001,2941.01,PC,APC,0.7127815
3840990,2942.01,PC,PC,3.525723
3233861,2943.01,PC,PC,0.7123317
340700241,2944.01,EB,FP,7.79254478205127
286152207,2945.01,PC,PC,3.2006677
302798365,2946.01,PC,PC,4.9186433
374847873,2947.01,EB,FP,2.0391741
357896777,2948.01,PC,PC,2.7557652
357299852,2949.01,PC,PC,2.8652288
356206412,2950.01,PC,PC,3.2690486
304025075,2951.01,EB,FP,3.0290563045887824
302527524,2952.01,PC,PC,10.7844934
469184909,2953.01,EB,FP,1.2926975
464328419,2954.01,PC,PC,4.8401948
464326872,2955.01,PC,PC,0.5542332
463508231,2956.01,PC,PC,4.127728
463469906,2957.01,PC,PC,1.53149411898329
463203560,2958.01,EB,FP,1.9905105
462162963,2959.01,PC,FP,1.3550447
462072242,2960.01,PC,PC,2.0916623
446684383,2961.01,PC,PC,4.6259138
444394183,2962.01,PC,PC,4.0211797
441334829,2963.01,EB,FP,4.4433921
439512298,2964.01,PC,PC,3.8331282
146841337,2965.01,PC,PC,4.2672965
136504576,2966.01,PC,PC,1.5252473
103245940,2967.01,PC,FP,3.2517862
103183399,2968.01,PC,PC,0.7327757
36452991,2969.01,PC,PC,1.8237148
461136782,2970.01,PC,PC,4.420983
453452264,2971.01,PC,PC,4.8405428
448536355,2972.01,PC,PC,2.8371201
437259571,2973.01,PC,PC,2.7519326
437253811,2974.01,PC,PC,0.689421
423393242,2975.01,PC,PC,0.426988
413372087,2976.01,PC,PC,3.4859402
361343239,2977.01,CP,CP,2.3506217320545804
315096343,2978.01,PC,PC,4.3497551
311252710,2979.01,PC,PC,5.49133136112302
289931756,2980.01,PC,PC,3.5910692
287145649,2981.01,PC,CP,3.6015056
211446495,2982.01,PC,PC,4.8701613
168449943,2983.01,PC,PC,3.4287311
168405330,2984.01,PC,APC,9.162268
168384845,2985.01,PC,PC,3.8996784
148497855,2986.01,PC,PC,3.2783445
141631253,2987.01,EB,FP,1.67090108438277
105759569,2988.01,PC,PC,1.8865581
97825640,2989.01,PC,PC,3.1228396
73433128,2990.01,PC,PC,7.4659746
49046332,2991.01,PC,PC,5.5809252
49045066,2992.01,PC,PC,3.00782
48768158,2993.01,PC,PC,2.3378096
36718161,2994.01,PC,PC,4.0257967
36381058,2995.01,PC,PC,1.6566182
35855047,2996.01,PC,PC,2.3627442
35652085,2997.01,PC,PC,2.20604414688435
34737413,2998.01,PC,PC,1.5297119
34505005,2999.01,PC,FP,5.1627718
23435610,3000.01,PC,PC,5.20807
468977648,3001.01,PC,FP,2.090218
402053027,3002.01,PC,PC,7.7971071
400762242,3003.01,PC,PC,1.6224281
400395395,3004.01,PC,FP,3.2891219
386297468,3005.01,PC,FP,2.0958074
386161311,3006.01,PC,PC,8.61346
384034837,3007.01,PC,PC,4.2768515
383666033,3008.01,EB,FP,3.9678136
357634632,3009.01,PC,PC,3.365343
357202877,3010.01,PC,PC,9.5537684
356461227,3011.01,EB,FP,1.8418712
437560683,3012.01,PC,PC,3.09202974890872
383949205,3013.01,PC,PC,5.4722557
383806208,3014.01,PC,PC,1.7946783
357801293,3015.01,PC,PC,4.2745762
356200601,3016.01,PC,PC,5.1139634
122418622,3017.01,PC,PC,3.052529
45684223,3018.01,EB,FP,6.5832019
45296362,3019.01,PC,PC,5.9594909
45191604,3020.01,PC,PC,3.0327366
45054849,3021.01,PC,PC,11.2645152
287721202,3022.01,PC,PC,8.990904
454248975,3023.01,PC,CP,3.9014904
452576848,3024.01,PC,PC,2.50717747951749
452464529,3025.01,PC,PC,3.6794732
449491381,3026.01,PC,PC,4.8206566
282091492,3027.01,PC,PC,3.3794034
467955232,3028.01,PC,PC,3.0525705
465540915,3029.01,EB,PC,2.025228514775397
465275307,3030.01,PC,PC,2.1510781
460686828,3031.01,PC,PC,3.9935853
401283491,3032.01,PC,PC,3.4677103
398725538,3033.01,PC,APC,3.9982381
391645374,3034.01,PC,PC,1.4032876
390444761,3035.01,PC,PC,5.2803048
390157607,3036.01,PC,FP,0.3859142
376209245,3037.01,PC,PC,2.1357662
376036292,3038.01,PC,PC,2.96778510604723
373033374,3039.01,PC,PC,3.412893
372596795,3040.01,PC,PC,3.5366051
371864043,3041.01,PC,PC,2.9599541
361219651,3042.01,PC,PC,2.7559464
360706000,3043.01,PC,PC,2.3725483
357538688,3044.01,PC,FP,13.2681095
344568128,3045.01,PC,PC,2.3304358
323966987,3046.01,PC,PC,4.1343989
316652224,3047.01,PC,PC,2.7020875
304426002,3048.01,PC,PC,5.7672677
303867090,3049.01,EB,FP,1.3168344
302003748,3050.01,PC,PC,5.939725
288224503,3051.01,PC,PC,2.9489639
287584141,3052.01,PC,PC,2.3097953
269859655,3053.01,PC,CP,2.9919962
267712001,3054.01,PC,PC,2.8281656
160522555,3055.01,PC,PC,1.3071566
67798337,3056.01,PC,PC,1.8092906
67622702,3057.01,PC,APC,0.58007
464711858,3058.01,PC,PC,2.3483946
464067218,3059.01,EB,FP,1.39345654949148
463681005,3060.01,EB,FP,0.546539104815458
463590116,3061.01,PC,PC,1.3185787
463343283,3062.01,PC,PC,4.86592801463452
463103749,3063.01,PC,PC,1.9512921
463070290,3064.01,PC,PC,0.6771668
462135459,3065.01,PC,PC,1.6995805
461968320,3066.01,PC,PC,12.2027867
459157691,3067.01,PC,APC,7.4365725
458995583,3068.01,PC,PC,1.5959199
457268255,3069.01,PC,PC,3.8277062
452049244,3070.01,PC,PC,0.6587178
452006073,3071.01,PC,CP,1.2669382
451084885,3072.01,PC,PC,2.9828061
448744179,3073.01,PC,PC,3.1420872
447976172,3074.01,PC,PC,5.3583725
447891218,3075.01,PC,PC,1.8030565
447593267,3076.01,PC,PC,7.8595931
443341002,3077.01,PC,PC,6.3599636
443042089,3078.01,EB,FP,0.5496848
441444262,3079.01,PC,PC,1.98924985940794
439926641,3080.01,PC,PC,4.5744909
432467894,3081.01,PC,PC,3.4365075
428699140,3082.01,PC,CP,1.9268037
405620289,3083.01,PC,PC,2.1532179
397423462,3084.01,PC,PC,5.1057571
376740324,3085.01,EB,FP,4.5300175
374158843,3086.01,PC,PC,10.9506335
364427226,3087.01,PC,PC,4.1414861
362607799,3088.01,PC,PC,2.6337971
347715478,3089.01,PC,PC,9.3096136
309913305,3090.01,PC,PC,6.3272169
306255021,3091.01,PC,PC,2.7499877
274911536,3092.01,PC,PC,4.4163989
272885406,3093.01,PC,PC,4.3653308
272645619,3094.01,PC,PC,2.8396238
270075071,3095.01,PC,PC,4.2839945
229465678,3096.01,PC,PC,4.4282303
163262555,3097.01,PC,PC,1.3683875
163260812,3098.01,PC,PC,4.73234332946576
163030461,3099.01,PC,PC,2.5543095
162620529,3100.01,PC,PC,3.2907468
157213708,3101.01,PC,PC,4.0467915
147092818,3102.01,PC,PC,3.8769776
133129971,3103.01,PC,PC,4.3437796
132963419,3104.01,PC,PC,10.3069451
124454726,3105.01,PC,PC,5.3332571
124453339,3106.01,PC,PC,1.485163
124174267,3107.01,PC,PC,4.7343852
124146529,3108.01,PC,PC,6.900352
120723776,3109.01,EB,FP,2.8831285
104022675,3110.01,EB,FP,0.7428708
103832313,3111.01,PC,PC,4.640636
98662211,3112.01,PC,PC,4.2842284
94346376,3113.01,PC,PC,3.1339232
94011343,3114.01,PC,PC,4.407111
93093765,3115.01,PC,PC,2.7961137
80778619,3116.01,PC,PC,1.64849412535488
73082014,3117.01,PC,PC,3.2689953
58461209,3118.01,PC,PC,3.8098324
57793060,3119.01,PC,PC,8.907516
22384839,3120.01,PC,PC,7.0235956
14715294,3121.01,PC,PC,5.5167527
61117473,3122.01,EB,FP,6.183621108141788
60768923,3123.01,PC,APC,1.8703411
454918388,3124.01,PC,PC,2.2545904
160023,3125.01,PC,PC,6.7565519
454876465,3126.01,PC,PC,1.8246123
17361,3127.01,PC,APC,3.606557
453677947,3128.01,PC,PC,2.3155132
4711,3129.01,PC,PC,2.3348152
453396346,3130.01,PC,PC,0.441517358407632
2876,3131.01,PC,PC,2.6274574
448923766,3132.01,PC,PC,2.2664085
448775221,3133.01,PC,PC,4.0902788
448688668,3134.01,PC,PC,2.2308431
448098793,3135.01,PC,PC,3.7065603
418471796,3136.01,PC,PC,2.6841894
395514100,3137.01,EB,FP,1.8823821
270347814,3138.01,PC,PC,2.8740048
48661942,3139.01,PC,PC,3.9628496
394900138,3140.01,PC,PC,3.0932735
394443982,3141.01,PC,PC,4.4338805
387791274,3142.01,PC,PC,1.1536561
384244834,3143.01,PC,PC,2.9902369
361176558,3144.01,PC,PC,3.7724947
360816296,3145.01,PC,PC,3.5505931
360816293,3146.01,PC,FP,3.5506084
359572563,3147.01,PC,PC,1.5256634
323980895,3148.01,PC,PC,4.2814436
296670796,3149.01,PC,PC,1.1542402
195256633,3150.01,PC,PC,5.3430663
36607746,3151.01,PC,PC,1.7257597
467484304,3152.01,PC,PC,0.7815064
466318137,3153.01,PC,FP,1.121602114636
465176038,3154.01,PC,PC,4.03338184971603
457272901,3155.01,PC,APC,4.6492201
457110913,3156.01,PC,APC,0.7463239
456962262,3157.01,PC,PC,2.88231825433013
451254008,3158.01,PC,PC,6.8561604
449549170,3159.01,EB,FP,1.4753526
440872576,3160.01,PC,PC,3.9712794
438777551,3161.01,PC,PC,1.4010338
433546897,3162.01,PC,PC,1.57552516066926
425316308,3163.01,PC,PC,3.0749168
419946164,3164.01,PC,FP,1.7765395
419858461,3165.01,EB,FP,2.54337072704149
412371819,3166.01,PC,PC,1.87502
411796826,3167.01,PC,PC,3.0959309
410554986,3168.01,PC,PC,5.1745185
403911354,3169.01,PC,PC,4.4814049
400712525,3170.01,PC,PC,1.8923031
399058051,3171.01,PC,PC,1.57067041468532
398502253,3172.01,PC,PC,3.00310576703537
398466662,3173.01,PC,PC,8.7719993
392112968,3174.01,PC,FP,1.1960086
391510223,3175.01,PC,PC,1.65462686813683
389999924,3176.01,EB,FP,4.760620669947277
383410746,3177.01,PC,PC,2.114655
381996371,3178.01,PC,PC,2.9331094
378227267,3179.01,PC,PC,4.7076648
372960748,3180.01,PC,PC,2.0963263
372596796,3181.01,PC,FP,3.5366743
372448111,3182.01,PC,PC,5.0700956
370385007,3183.01,PC,PC,4.2174286
366248595,3184.01,PC,PC,3.6071588
363661031,3185.01,PC,PC,3.5601365
363632843,3186.01,PC,PC,3.61308567135909
245027119,3187.01,PC,PC,2.0084283
363202582,3188.01,PC,PC,1.5659063
361998994,3189.01,PC,FP,1.84996
344745774,3190.01,PC,PC,2.669856
342375120,3191.01,PC,PC,4.4367891
336613507,3192.01,PC,PC,2.2350331
334757798,3193.01,PC,PC,2.3019268
333511802,3194.01,PC,PC,3.6179419
332880327,3195.01,PC,PC,0.6676722
331297805,3196.01,PC,PC,4.9816829
331160996,3197.01,PC,PC,2.1972485
121625070,3198.01,PC,PC,2.1271199
330885564,3199.01,PC,PC,0.6756067
330014070,3200.01,PC,PC,6.3087809
329921262,3201.01,PC,PC,2.36318978039675
329691586,3202.01,PC,PC,1.5169786
329609449,3203.01,PC,PC,4.2442882
326662822,3204.01,PC,PC,4.0446543
322862882,3205.01,PC,FP,1.2361087
321802774,3206.01,PC,PC,1.9405161
320994166,3207.01,PC,PC,4.0996864
319949055,3208.01,PC,PC,2.3577049
319806044,3209.01,PC,PC,1.3509356
318668441,3210.01,PC,PC,2.2364485
323002911,3211.01,PC,PC,3.5949457
316236118,3212.01,PC,PC,4.1943867
314013231,3213.01,PC,APC,2.5395579
312508092,3214.01,PC,PC,5.7759952
307888842,3215.01,PC,PC,1.2008331
306547699,3216.01,PC,FP,2.6985136
309436531,3217.01,EB,FP,3.2136333
305739565,3218.01,PC,CP,3.3704313
305492348,3219.01,PC,PC,3.2969977
304950588,3220.01,PC,FP,7.4316274
303883880,3221.01,EB,FP,0.8970184
303686889,3222.01,PC,PC,5.6320791
297668572,3223.01,PC,PC,4.633735
297457992,3224.01,PC,PC,2.8317721
401952328,3225.01,PC,PC,9.1509453
295233473,3226.01,PC,PC,2.3720554
294385899,3227.01,PC,PC,8.9522767
294365631,3228.01,PC,PC,1.8118703
290263093,3229.01,PC,PC,5.21228
289445553,3230.01,PC,PC,1.8200065
280857321,3231.01,PC,PC,2.1738256
269439355,3232.01,PC,PC,3.3898234
265633507,3233.01,PC,APC,0.9787891
260776145,3234.01,PC,PC,10.7012764
243641947,3235.01,PC,CP,2.5926199
242460075,3236.01,EB,FP,2.9098435
242389810,3237.01,PC,PC,3.0271374
241752370,3238.01,PC,PC,3.224746
241569046,3239.01,PC,PC,2.23108025402758
241514551,3240.01,PC,PC,3.8600722
241326434,3241.01,PC,PC,6.8380862
209923610,3242.01,PC,PC,3.0001627
209707800,3243.01,PC,PC,2.0519085
208091447,3244.01,PC,PC,4.6606892
203476998,3245.01,PC,PC,2.8977031
179715231,3246.01,PC,PC,4.319754
167597352,3247.01,PC,PC,5.3305676
165667705,3248.01,PC,PC,3.2782956
159262969,3249.01,PC,PC,3.2420704
125424836,3250.01,PC,PC,3.2806578
121194926,3251.01,PC,PC,2.0694143
112037211,3252.01,PC,PC,4.3636327
112037203,3253.01,PC,FP,4.3622356
107506563,3254.01,PC,PC,1.6832809
83395136,3255.01,PC,PC,2.2458338
322901324,3256.01,PC,PC,6.3096313
76505260,3257.01,EB,FP,2.5336422
369789627,3258.01,PC,PC,1.227961
68523365,3259.01,PC,PC,3.4470312
370138999,3260.01,PC,PC,11.4520097
358070912,3261.01,PC,CP,0.8831279
280096473,3262.01,PC,PC,12.8770844900203
469821652,3263.01,PC,PC,5.6155837
468055102,3264.01,PC,PC,3.3133491
466167563,3265.01,PC,PC,3.3792968
451566438,3266.01,PC,PC,3.7462806
410372968,3267.01,PC,PC,2.7674682
410358456,3268.01,PC,PC,1.8641295
410314178,3269.01,PC,PC,4.132031
407922734,3270.01,PC,PC,6.4751256
406236094,3271.01,PC,PC,4.1394473
388280249,3272.01,PC,PC,3.146714
372443687,3273.01,PC,PC,4.2955192
360822008,3274.01,PC,PC,2.9075077
325275736,3275.01,PC,PC,20.5020769
320327056,3276.01,PC,PC,7.0327412
319568619,3277.01,PC,PC,1.5265889
304130406,3278.01,PC,CP,3.2464257
179987678,3279.01,PC,PC,0.419145097116827
290302491,3280.01,PC,PC,3.8348994
254142310,3281.01,PC,PC,9.3108074
219924802,3282.01,PC,APC,2.9478339
201660996,3283.01,PC,PC,3.502221
166220082,3284.01,PC,PC,0.8102219
114181798,3285.01,PC,PC,2.7022764
113648563,3286.01,PC,PC,2.0325685
113117112,3287.01,PC,PC,2.7176413
79920467,3288.01,PC,PC,1.4338615
31786438,3289.01,PC,PC,1.4259934
31697707,3290.01,PC,FP,3.910946
464593883,3291.01,PC,PC,9.0653768
464481762,3292.01,PC,PC,4.25452081394802
464445045,3293.01,PC,PC,2.589659
464280516,3294.01,PC,PC,2.5658729
456574511,3295.01,PC,PC,3.4379994
456560485,3296.01,PC,PC,5.9493696
451538240,3297.01,PC,PC,3.9349141
407772585,3298.01,PC,PC,3.0537856
390723664,3299.01,PC,PC,2.9264345
384299730,3300.01,PC,PC,6.6926834
384016413,3301.01,PC,PC,5.451593
383299778,3302.01,PC,APC,1.5570251
381982417,3303.01,PC,PC,8.6187455
381789320,3304.01,PC,PC,3.4930546
380775661,3305.01,PC,PC,2.025289
369861731,3306.01,EB,FP,3.8780401
369861728,3307.01,PC,PC,3.8784358
365554300,3308.01,PC,APC,0.7614693
365021641,3309.01,PC,PC,7.4832824
364072092,3310.01,PC,PC,1.3828196
337274055,3311.01,PC,FP,4.8435717
332314607,3312.01,PC,PC,5.3890264
327210623,3313.01,PC,FP,2.128423
315398848,3314.01,PC,PC,1.3677581
312030014,3315.01,PC,PC,5.2330803
311565540,3316.01,PC,PC,4.0668012
311292015,3317.01,PC,PC,2.9519989
310854881,3318.01,PC,PC,12.8777188
310267134,3319.01,PC,FP,0.5438807
307320565,3320.01,PC,PC,2.625748
306648160,3321.01,PC,CP,3.6525305
306357884,3322.01,PC,APC,1.0571733
305512837,3323.01,EB,FP,3.0223957
304695574,3324.01,PC,PC,2.8090597
303617735,3325.01,PC,PC,4.2732096
301455423,3326.01,PC,PC,1.0664194
292477426,3327.01,PC,PC,4.1794516
276647494,3328.01,PC,PC,10.1923252
256158543,3329.01,PC,PC,5.0648278
255768108,3330.01,PC,PC,1.0815202
194795551,3331.01,PC,CP,2.0180196
194179013,3332.01,EB,FP,3.1785277
193782529,3333.01,PC,PC,3.9823479
160930264,3334.01,PC,PC,1.9242952
120033290,3335.01,PC,PC,2.265394
119950057,3336.01,PC,PC,10.1822686
119089245,3337.01,PC,PC,1.2436504
86419190,3338.01,PC,PC,1.4893582
86021841,3339.01,PC,PC,3.7465541
76761591,3340.01,PC,APC,11.968028
75919790,3341.01,PC,PC,8.6369598
75076261,3342.01,PC,PC,5.9709305
58046864,3343.01,PC,FP,2.3651663
57093805,3344.01,PC,PC,3.2229781
21997420,3345.01,PC,PC,2.1917701
6404965,3346.01,PC,PC,4.8692603
131581531,3347.01,PC,FP,3.0591641
131347421,3348.01,PC,PC,2.6156239
50909831,3349.01,PC,APC,2.0272642
4959676,3350.01,PC,PC,2.2358979
941340744,3351.01,PC,PC,4.311529
33840683,3352.01,PC,PC,13.819896605514089
391903064,3353.01,CP,CP,4.66580218707458
391903064,3353.02,PC,PC,8.817642632400565
260367888,3354.01,PC,PC,46.3810093
382045742,3355.01,PC,PC,15.6600896
229138584,3356.01,PC,PC,2.9122454
412259468,3357.01,PC,FP,2.65357769264775
146244533,3358.01,PC,FP,8.8088443
360714300,3359.01,PC,PC,15.8118347
342343963,3360.01,PC,APC,16.7375044
440324561,3361.01,PC,APC,10.5634342
464300749,3362.01,CP,CP,18.0953159
385858569,3363.01,PC,PC,9.7433732
280655495,3364.01,CP,CP,5.87694378398573
34297761,3365.01,PC,PC,5.3928876
220547837,3366.01,PC,PC,8.4562659
131730580,3367.01,PC,PC,3.7493233
131419624,3368.01,PC,PC,7.2611991
190981760,3369.01,PC,FP,3.5463582
131250246,3370.01,PC,PC,2.3506831
186470510,3371.01,PC,PC,3.50718421155907
131036011,3372.01,PC,FP,11.0701242
186459119,3373.01,PC,PC,6.534605
131025778,3374.01,PC,PC,2.6543295
185482513,3375.01,PC,FP,1.2368321
130797885,3376.01,PC,PC,4.7260751
184670625,3377.01,PC,FP,0.5241284
133655284,3378.01,PC,PC,2.6101478
130191319,3379.01,PC,FP,1.6117444
176148945,3380.01,PC,APC,2.0086823
129881395,3381.01,PC,FP,3.3630421
13737885,3382.01,PC,PC,4.4575332
175317833,3383.01,PC,PC,9.73257993241095
118603213,3384.01,PC,PC,1.8592079
175079720,3385.01,PC,FP,2.2623261
174426662,3386.01,PC,PC,0.8855539
118072143,3387.01,PC,PC,2.7678404
173860688,3388.01,PC,FP,0.845657
419419534,3389.01,EB,FP,1.680148
96055535,3390.01,PC,APC,5.4033373
173824688,3391.01,PC,PC,4.71311186535352
80174172,3392.01,PC,FP,1.1104301
173260345,3393.01,PC,PC,5.2059716
59536337,3394.01,PC,PC,7.8373997
170405772,3395.01,PC,PC,3.2730247
56630436,3396.01,PC,PC,6.47000069937236
154616309,3397.01,PC,PC,3.6250244
46999289,3398.01,PC,PC,6.20884046683143
153197346,3399.01,PC,FP,2.642447
437215469,3400.01,PC,PC,3.8036198
26051436,3401.01,PC,PC,3.6689529
152685831,3402.01,PC,FP,3.4714171
133107143,3403.01,PC,PC,11.2205176
18795429,3404.01,PC,PC,2.5087868
152326573,3405.01,PC,PC,6.1458884
410159011,3406.01,PC,PC,2.623354
152005053,3407.01,PC,PC,1.3847905
7904580,3408.01,PC,FP,15.8346011
405485201,3409.01,PC,PC,7.7605254
238012337,3410.01,PC,PC,3.9791023
150424946,3411.01,PC,PC,7.0628019
396794358,3412.01,PC,PC,3.1405783
149745822,3413.01,PC,PC,4.7114264
131348451,3414.01,PC,PC,9.7355768
386456916,3415.01,PC,PC,3.5714448
145910571,3416.01,PC,PC,2.3626917
332710679,3417.01,PC,PC,2.7194615
437144507,3418.01,PC,PC,7.30398688590329
145904365,3419.01,PC,PC,7.9969538
293978434,3420.01,PC,FP,1.5971426
145023816,3421.01,PC,PC,2.8389301
286099128,3422.01,KP,KP,3.77887786423956
144970275,3423.01,PC,FP,2.5313424
283702603,3424.01,PC,FP,0.6691882
144682439,3425.01,PC,PC,0.765415
277833423,3426.01,PC,PC,6.1786733
144467913,3427.01,PC,PC,2.9526508
271486001,3428.01,PC,PC,5.3945125
134551640,3429.01,PC,PC,13.9311096
118329434,3430.01,PC,APC,5.0949767
270649648,3431.01,PC,PC,3.919695
133849258,3432.01,PC,PC,9.14807398521137
270471065,3433.01,PC,PC,2.7765784
270457662,3434.01,PC,PC,3.1510024
238162973,3435.01,PC,FP,11.8885643
132320310,3436.01,PC,FP,1.3955317
132313173,3437.01,PC,PC,4.9873145
455272393,3438.01,PC,PC,1.6660179
394338713,3439.01,PC,PC,5.9349921
208030798,3440.01,PC,FP,1.7167587
393196631,3441.01,PC,PC,4.2594558
207981861,3442.01,PC,PC,3.4569274
392995938,3443.01,PC,PC,1.0078907
161299119,3444.01,PC,PC,2.7188122
364431259,3445.01,PC,PC,2.9866836
149022647,3446.01,PC,PC,1.8528946
363749415,3447.01,PC,PC,3.6562554
143934343,3448.01,PC,PC,2.1642912
363083571,3449.01,PC,PC,3.8249546
126125073,3450.01,PC,PC,3.6387748
361710792,3451.01,PC,PC,8.7234738
360475034,3452.01,PC,PC,2.8372178
360473750,3453.01,PC,PC,4.3618031
359426909,3454.01,PC,PC,3.9415006
358938714,3455.01,PC,APC,0.422425
357661805,3456.01,PC,PC,17.0298529
357312511,3457.01,PC,PC,32.6012979
340228388,3458.01,PC,PC,3.1726875
335860261,3459.01,PC,PC,8.4893234
39858507,3460.01,PC,PC,4.628826591562847
334080358,3461.01,PC,PC,11.4483792
324116813,3462.01,PC,PC,6.3885628
292889298,3463.01,PC,PC,2.2538878
290504044,3464.01,PC,PC,3.6515704
454361389,3465.01,PC,PC,3.9563671
284254253,3466.01,PC,FP,1.862908
453289469,3467.01,PC,FP,0.7799194
282091493,3468.01,PC,FP,3.3789946
447192619,3469.01,PC,PC,2.6566986
277538491,3470.01,PC,PC,3.2404614
407166076,3471.01,PC,PC,8.7520247
275562670,3472.01,PC,FP,1.5810556
406861922,3473.01,PC,PC,4.0358074
274367763,3474.01,PC,PC,3.8795023
403507814,3475.01,PC,PC,2.7812908
272983172,3476.01,PC,PC,4.3205081
402391147,3477.01,PC,PC,3.3626798
255909950,3478.01,PC,PC,1.82856
402219289,3479.01,PC,PC,2.1970052
254909777,3480.01,PC,PC,2.1301227
396316939,3481.01,PC,PC,4.9214799
254629854,3482.01,PC,FP,0.9714298
395926728,3483.01,PC,PC,1.4466788
221882319,3484.01,PC,PC,5.1890769
394672497,3485.01,PC,PC,11.8413467
394672497,3485.02,PC,PC,6.0379203
221861843,3486.01,PC,PC,2.217782
301160638,3487.01,PC,APC,16.0085751
394570569,3488.01,PC,PC,6.9625419
221785300,3489.01,PC,PC,3.7833369
394492339,3490.01,PC,PC,9.1317488
208719443,3491.01,PC,PC,2.4038651
81077799,3492.01,PC,PC,9.222417062942297
203377303,3493.01,PC,PC,8.15948702678735
165827520,3494.01,PC,PC,7.74861196179273
272167060,3495.01,PC,PC,8.41300337898912
448358913,3496.01,PC,PC,1.5505494
21113347,3497.01,KP,KP,4.218075975601352
310294189,3498.01,PC,PC,4.8768783
446370039,3499.01,PC,PC,4.59928437267688
443666343,3500.01,PC,PC,7.34361505602
443666343,3500.02,PC,PC,0.0
98957720,3501.01,PC,APC,15.3502505
452281203,3502.01,PC,PC,3.44680179285374
459850897,3503.01,EB,FP,1.1882681205393175
117689799,3504.01,PC,FP,2.15704617394202
390988385,3505.01,PC,PC,2.9151556
102159710,3506.01,PC,PC,4.49613868278796
86451883,3507.01,PC,FP,1.7561019
278968371,3508.01,PC,FP,1.2997811
244912396,3509.01,PC,PC,5.1108509
57753734,3510.01,PC,PC,2.8724894
416368336,3511.01,PC,APC,1.0847915019022742
40779013,3512.01,PC,FP,1.7113115
244487927,3513.01,PC,PC,2.9817237
1870990135,3514.01,PC,PC,1.5039495
198725468,3515.01,PC,PC,3.0415724
30254887,3516.01,PC,PC,2.501531
123007594,3517.01,PC,PC,3.3687307
1712954983,3518.01,PC,PC,2.9661661
417129824,3519.01,PC,PC,3.500869
120101789,3520.01,PC,PC,3.0086349
429036977,3521.01,PC,PC,3.2440386950370006
106224627,3522.01,PC,PC,3.3412415
417047499,3523.01,PC,PC,2.304583
106224626,3524.01,PC,FP,3.3418892
373576942,3525.01,PC,FP,0.8912218
89876424,3526.01,EB,FP,1.5378739487258293
355748785,3527.01,PC,PC,1.75511501807941
67247610,3528.01,EB,FP,1.97406135772377
326203952,3529.01,PC,PC,2.5850398
64214215,3530.01,PC,APC,1.3570332
316038054,3531.01,PC,APC,3.80998576239559
42484503,3532.01,PC,PC,2.45634558738736
313408643,3533.01,PC,PC,4.3167817
27916356,3534.01,KP,KP,3.23469439654228
304514922,3535.01,PC,PC,1.9115371
27844066,3536.01,PC,FP,1.8532983
294599100,3537.01,EB,FP,5.6133922
27459498,3538.01,PC,PC,7.3105415
294594423,3539.01,PC,PC,6.0978165
17865622,3540.01,CP,CP,3.11984038989874
291147951,3541.01,PC,FP,2.5313956
16187321,3542.01,EB,FP,4.202208162934897
275887811,3543.01,PC,PC,6.481666
15460993,3544.01,PC,PC,2.2020405
274641986,3545.01,PC,PC,3.18720862932088
13424053,3546.01,PC,PC,5.2019364
274075364,3547.01,PC,PC,4.1632657
271167979,3548.01,PC,FP,0.3093954
269269740,3549.01,EB,FP,1.8639524805053664
248058363,3550.01,PC,PC,1.1239202
247283596,3551.01,PC,PC,3.1940809
247283054,3552.01,PC,APC,0.9277787
239628993,3553.01,PC,PC,1.94106346410132
239585909,3554.01,PC,PC,1.6127665
233415701,3555.01,PC,PC,5.271813
230840853,3556.01,PC,APC,4.118418
271042173,3557.01,EB,FP,0.476873
195750008,3558.01,PC,PC,2.5650361
184468386,3559.01,PC,PC,2.54022871089041
184295571,3560.01,PC,PC,1.9804293
172754786,3561.01,EB,FP,4.1273472
193708920,3562.01,PC,FP,1.3298469
169461816,3563.01,KP,KP,17.8552321636383
193482096,3564.01,PC,PC,4.0875563423058
1965256662,3565.01,O,FP,4.3170598
169187982,3566.01,EB,FP,1.764534
452658846,3567.01,PC,PC,1.9990323
160390955,3568.01,PC,CP,4.41780423888484
436314778,3569.01,PC,PC,4.5956692
136122328,3570.01,PC,PC,2.1083693
2010186093,3571.01,PC,PC,3.007925
1976308113,3572.01,PC,FP,2.7568649
407905370,3573.01,PC,PC,9.8170028
407694390,3574.01,PC,PC,3.6691817
407658979,3575.01,PC,PC,8.084554
405897415,3576.01,PC,PC,4.6387689
396133015,3577.01,PC,CP,5.2667367
358186451,3578.01,EB,FP,1.3176767
316606244,3579.01,PC,FP,3.310636
305478010,3580.01,PC,FP,3.121339
295413003,3581.01,PC,FP,3.0373017
290308758,3582.01,PC,PC,4.4168832
289895191,3583.01,PC,PC,5.24625012346914
289100911,3584.01,PC,PC,2.7567478
287591638,3585.01,PC,CP,3.5410781
286080865,3586.01,PC,PC,11.3201226
267373896,3587.01,PC,PC,4.1584817
265242905,3588.01,PC,PC,3.7037478
260761464,3589.01,PC,PC,3.0827487
236638487,3590.01,PC,APC,4.4064273
190479710,3591.01,PC,PC,8.4843917
162387333,3592.01,PC,PC,5.5280331
162289289,3593.01,PC,PC,3.82129767522831
162179096,3594.01,PC,PC,9.3236885
440113053,3595.01,KP,KP,1.80537598367945
352690548,3596.01,PC,PC,4.9056578
267650535,3597.01,KP,KP,4.00882450354233
352469839,3598.01,PC,PC,3.7026941
194461202,3599.01,PC,PC,3.2523102
343726435,3600.01,PC,PC,5.016641
191202679,3601.01,PC,PC,4.0517972
331146317,3602.01,PC,PC,2.38747307244291
13961554,3603.01,PC,PC,1.2678043
330135981,3604.01,PC,PC,1.06669626067447
329373799,3605.01,PC,PC,3.6554335
315907220,3606.01,PC,PC,9.312167
277505161,3607.01,PC,PC,3.5884855
267867517,3608.01,PC,FP,2.6816329
267861788,3609.01,PC,PC,6.3854622
267484653,3610.01,EB,FP,1.73848091918219
252549844,3611.01,PC,PC,3.0789699
233948455,3612.01,KP,KP,1.4822451
233795794,3613.01,PC,PC,3.1493729
233831759,3614.01,PC,FA,2.9708603
173711153,3615.01,PC,PC,3.1315583
173298412,3616.01,PC,PC,2.4188647
173176491,3617.01,PC,PC,3.2337884
65981892,3618.01,PC,PC,3.4898546
64938667,3619.01,PC,PC,3.198885849238
620780629,3620.01,PC,PC,4.8893985
435861696,3621.01,PC,FP,5.6902814
432761635,3622.01,PC,PC,3.2131823
422881018,3623.01,PC,PC,5.7456862
414922696,3624.01,PC,PC,7.6460931
1980725947,3625.01,PC,PC,2.9708659450665
398912927,3626.01,PC,FP,19.8875338
1979500576,3627.01,PC,FP,2.6342729
238624131,3628.01,PC,PC,3.4945148
455784423,3629.01,CP,CP,3.9365629
189380158,3630.01,KP,KP,1.9617968866660624
429414530,3631.01,PC,FP,2.6340964
186292194,3632.01,PC,PC,3.2403602
429218084,3633.01,PC,PC,2.5266409
80478272,3634.01,PC,FP,5.0859432
428003305,3635.01,PC,PC,1.80481063596366
61205803,3636.01,KP,KP,4.21866250280047
370981403,3637.01,PC,PC,3.7330471
47094691,3638.01,PC,PC,4.92768860883672
365447203,3639.01,PC,PC,5.7208592
200917197,3640.01,PC,PC,1.2205315
192878624,3641.01,PC,PC,5.7361495
186614891,3642.01,PC,PC,4.084447
453230066,3643.01,PC,FP,1.5492212
445496795,3644.01,PC,FP,1.831733
184733148,3645.01,PC,PC,2.959842
445407434,3646.01,PC,PC,2.1795448
149855074,3647.01,PC,PC,3.1116107
433144048,3648.01,PC,PC,2.923461
139559780,3649.01,PC,PC,3.2637419
139507260,3650.01,PC,PC,1.7556768
415976665,3651.01,PC,PC,1.5244603
116848450,3652.01,PC,PC,3.4796904
410552165,3653.01,PC,PC,4.6017262
396556650,3654.01,PC,APC,2.277182
94609570,3655.01,PC,APC,3.3325651
77258279,3656.01,PC,PC,5.5122277
381544766,3657.01,PC,PC,4.0898871
71854732,3658.01,EB,FP,3.1004285
374778982,3659.01,PC,FP,2.3882776
67517533,3660.01,PC,PC,3.94976354769938
370123525,3661.01,PC,PC,2.6480838
65446983,3662.01,PC,PC,9.9908116
354151219,3663.01,PC,FP,3.5639862
348437470,3664.01,PC,PC,3.2975093
65440953,3665.01,PC,PC,0.8746494
346626688,3666.01,KP,KP,4.40851938752088
63717709,3667.01,PC,PC,5.44397756591126
467580267,3668.01,PC,PC,0.7415247
63470437,3669.01,PC,PC,1.2126653
331854794,3670.01,PC,APC,2.19477674210859
312345863,3671.01,PC,PC,1.7266138
50943163,3672.01,PC,FP,2.4254068
452964680,3673.01,PC,PC,2.2390796
308613965,3674.01,PC,PC,4.4619426
34646336,3675.01,PC,PC,5.95777682223933
302470965,3676.01,PC,PC,1.9341469
458876004,3677.01,PC,FP,3.6923071
34551972,3678.01,EB,FP,4.85428779682354
285354178,3679.01,PC,PC,5.9664078
311703724,3680.01,PC,APC,1.7054246
285272237,3681.01,KP,KP,4.64012692203827
28961316,3682.01,PC,PC,3.3462671
264912889,3683.01,PC,PC,1.3697115
28873762,3684.01,PC,FP,3.105654
252118701,3685.01,PC,PC,4.9777448
13533330,3686.01,PC,PC,5.07780641764799
250803548,3687.01,PC,PC,4.4543921
245509452,3688.01,CP,CP,3.2460701813143618
241135327,3689.01,PC,PC,2.4145007
240989628,3690.01,PC,PC,10.0755592
240959810,3691.01,PC,PC,3.3411398
240864953,3692.01,PC,PC,3.3210331
240823272,3693.01,CP,CP,9.0881638
470822809,3694.01,PC,PC,2.5400911
203096531,3695.01,PC,APC,0.6041576
202872757,3696.01,PC,PC,4.4236103
470783598,3697.01,PC,APC,9.9441709
266425782,3698.01,PC,PC,2.34672628980868
266401846,3699.01,PC,PC,3.04239310132843
417676091,3700.01,PC,PC,4.41844287627165
266213232,3701.01,PC,PC,4.26057391571815
385400633,3702.01,PC,PC,2.2842184
260962960,3703.01,PC,PC,3.89013354812234
367616146,3704.01,PC,PC,1.39448794885389
259506033,3705.01,KP,KP,1.90250318291525
252430813,3706.01,PC,PC,4.37017951769724
366311757,3707.01,PC,PC,4.9107194
251652214,3708.01,PC,PC,7.27299
356322454,3709.01,PC,PC,3.25098461053797
174826170,3710.01,PC,PC,2.4802272
355008856,3711.01,PC,PC,3.0108217
354442783,3712.01,PC,FP,1.52247059126327
171160885,3713.01,PC,PC,10.4401778
155867025,3714.01,CP,CP,2.1547472219598
354293303,3715.01,PC,PC,2.47135428160864
155351556,3716.01,PC,PC,6.0985856
348099535,3717.01,PC,APC,10.1182835
417942201,3718.01,PC,PC,4.230596
150074121,3719.01,PC,PC,1.22222650241352
347051112,3720.01,PC,PC,4.73782653288276
143687316,3721.01,PC,PC,3.54112346418543
346015394,3722.01,PC,PC,1.07886492403373
3027681,3723.01,PC,PC,3.9442027
143642240,3724.01,PC,PC,0.0
339250695,3725.01,EB,FP,4.72622084522307
122695048,3726.01,PC,PC,4.84044308822231
339207847,3727.01,PC,PC,13.3988634051776
116257066,3728.01,PC,FP,6.5019596
322160664,3729.01,PC,PC,8.17443821530939
417844678,3730.01,PC,PC,2.54045286283263
115457180,3731.01,PC,APC,5.6619072
321894059,3732.01,PC,PC,2.9594651
321436679,3733.01,EB,FP,2.12631672285692
105135774,3734.01,PC,PC,2.14118603547056
317252733,3735.01,PC,PC,3.35268433312244
98620619,3736.01,PC,PC,2.20911860047522
96074951,3737.01,PC,PC,5.5609997
312689217,3738.01,PC,PC,4.38475937084945
311441461,3739.01,PC,PC,3.44715588468204
87597187,3740.01,PC,FA,2.0449361
701926762,3741.01,PC,PC,2.0449545
286696848,3742.01,O,FP,8.9279009
87091417,3743.01,PC,PC,2.1186344
86075481,3744.01,PC,PC,3.90105086623934
666567477,3745.01,PC,FP,1.6883103
284747017,3746.01,PC,FP,1.8012697
647636934,3747.01,PC,PC,1.5503071689468
82622707,3748.01,PC,PC,2.37530092881222
284174392,3749.01,PC,PC,1.8751894
468777766,3750.01,PC,PC,12.4844641
284173938,3751.01,PC,PC,2.9157041
81597356,3752.01,PC,PC,2.80542211145626
467783290,3753.01,PC,FP,3.6502527
81593515,3754.01,PC,PC,2.5312823
281196902,3755.01,PC,CP,5.54557977349966
67300566,3756.01,PC,APC,4.42367318911426
445751830,3757.01,CP,CP,3.43919542546311
280254984,3758.01,PC,PC,3.4177514
27244707,3759.01,PC,FP,1.6882863
440186528,3760.01,PC,APC,0.5318566
275703182,3761.01,PC,PC,25.8944827
9833284,3762.01,PC,PC,0.6843601
432114158,3763.01,PC,PC,2.00426607061813
275702126,3764.01,PC,PC,6.57185338156307
432078760,3765.01,PC,PC,3.14795319738652
9830791,3766.01,PC,FP,3.5414573
274545328,3767.01,PC,PC,2.39077513945134
268172361,3768.01,PC,PC,2.1803153673561
428251130,3769.01,PC,PC,10.3380912
8621049,3770.01,PC,APC,0.9183768
3364732,3771.01,PC,PC,3.62386615708632
426319499,3772.01,PC,PC,4.16891445287283
266772500,3773.01,PC,PC,2.95080974703101
704012376,3774.01,PC,PC,1.5970752
68850908,3775.01,PC,PC,5.3868381
68388114,3776.01,PC,APC,1.3312309
802227190,3777.01,PC,PC,2.3365744
53307409,3778.01,PC,PC,5.60898858138467
742648307,3779.01,PC,PC,1.61805775970696
468832904,3780.01,PC,PC,1.40053082101192
470974162,3781.01,EB,FP,3.2583798
396813816,3782.01,PC,APC,10.3918699
459755750,3783.01,PC,PC,6.1080224
339503267,3784.01,PC,PC,4.93866756771568
458419328,3785.01,PC,CP,4.6747218
321250206,3786.01,PC,APC,2.1040634
457104362,3787.01,PC,PC,4.81631621077235
312811620,3788.01,PC,PC,3.0923729
453410966,3789.01,PC,PC,4.12000399799647
29117085,3790.01,PC,FP,13.247777
400432230,3791.01,PC,PC,3.1833919
453348525,3792.01,PC,APC,0.7729066
29105766,3793.01,PC,PC,3.25513153030681
416539317,3794.01,PC,FA,2.2019606
253030300,3795.01,PC,FP,2.8300213
393251073,3796.01,EB,FP,14.9857436
252912175,3797.01,PC,PC,17.6229161
22683951,3798.01,PC,PC,2.67974356353258
373614579,3799.01,PC,FP,8.20648666119672
21291176,3800.01,PC,PC,1.6667559
373612558,3801.01,PC,PC,5.86779214033263
190250689,3802.01,PC,PC,1.4658218
353498819,3803.01,PC,PC,2.5492773
312991501,3804.01,PC,PC,3.29056832443105
189852832,3805.01,PC,PC,3.8960447
16076354,3806.01,PC,APC,2.9859012
289661991,3807.01,PC,CP,2.8989758
138497780,3808.01,EB,FP,3.67548152883421
252876117,3809.01,PC,PC,3.6346303
239136269,3810.01,EB,FP,1.05909936358153
138475192,3811.01,PC,PC,2.9594596
239134248,3812.01,PC,PC,3.88500005073057
4605846,3813.01,PC,PC,3.71786563741709
155873992,3814.01,PC,PC,4.95131062407773
149995163,3815.01,PC,PC,4.8709815
102848207,3816.01,PC,PC,1.0358225
99572130,3817.01,PC,PC,4.85048185868153
99097200,3818.01,PC,PC,3.23715013580644
95660472,3819.01,CP,CP,3.24429897599214
95234976,3820.01,PC,PC,5.42907806809428
88485645,3821.01,PC,PC,2.59725507370428
88385463,3822.01,PC,PC,3.12351790163408
81212289,3823.01,PC,APC,0.6848358
71134735,3824.01,O,FA,2.33789447190935
39077574,3825.01,EB,FP,7.1404043
9346507,3826.01,PC,APC,4.9807125
8677530,3827.01,PC,FA,2.91463
841226526,3828.01,PC,PC,19.5105608
801354155,3829.01,PC,PC,2.9150294
445807396,3830.01,PC,PC,3.2493152
393853275,3831.01,PC,PC,1.7088305
356736743,3832.01,PC,PC,24.0819851
356539624,3833.01,PC,APC,0.4399856
355953198,3834.01,PC,PC,3.3952015
330795142,3835.01,PC,PC,1.3460633
900240532,3836.01,PC,PC,2.5733766
308073360,3837.01,PC,CP,11.8886495
307915084,3838.01,PC,APC,0.8275646
298074043,3839.01,PC,PC,3.0193545
287231664,3840.01,PC,PC,3.6217624
252474634,3841.01,PC,PC,4.1124956
165985431,3842.01,PC,PC,3.6566206
841226527,3843.01,PC,FP,19.5112506
165885558,3844.01,PC,APC,0.896271
156816238,3845.01,EB,FP,2.1461672
149918151,3846.01,KP,KP,1.540776
149917086,3847.01,PC,PC,11.0783748
147994863,3848.01,PC,PC,15.9544918
147890655,3849.01,PC,PC,1.2220437
143008050,3850.01,PC,PC,14.4832964
142739544,3851.01,PC,CP,3.383466
142635225,3852.01,PC,PC,16.1020097
142618165,3853.01,PC,PC,5.6922342
142562395,3854.01,PC,PC,3.2693612
126325149,3855.01,PC,PC,3.4952497
125552076,3856.01,PC,PC,2.0436029
105379013,3857.01,PC,PC,3.2956376
86273567,3858.01,PC,PC,16.5968329
1122079,3859.01,PC,APC,1.8460997
416542079,3860.01,PC,PC,3.0012386
396950329,3861.01,PC,PC,1.7763987
141205978,3862.01,PC,CP,1.5574603
383531543,3863.01,PC,PC,10.9543562
1001477809,3864.01,PC,FP,7.6605425
376688393,3865.01,PC,PC,3.011593
376632626,3866.01,PC,PC,2.1371195
320208949,3867.01,PC,PC,5.7310859
310994622,3868.01,PC,PC,18.565813
253044312,3869.01,PC,APC,11.2005651
165989915,3870.01,PC,PC,2.6292572
165468291,3871.01,PC,PC,4.754432
165431806,3872.01,PC,PC,4.4100654
154126149,3873.01,PC,PC,3.8951475
154105890,3874.01,PC,PC,5.5822739
153978165,3875.01,PC,PC,6.0835972
150388393,3876.01,PC,PC,6.5846694
144310492,3877.01,PC,PC,4.1225477
141275395,3878.01,PC,PC,0.8377576
139086171,3879.01,PC,PC,4.8104679
138973825,3880.01,PC,PC,2.1614819
136998882,3881.01,PC,PC,3.3401814
101643582,3882.01,PC,APC,2.071333
99330090,3883.01,EB,FP,7.0080817
86263325,3884.01,CP,CP,4.5445569
55748194,3885.01,PC,FA,2.5227786
48220826,3886.01,PC,PC,3.02154284748582
21549805,3887.01,PC,PC,4.2441117
18067025,3888.01,PC,PC,5.3298577
950525831,3889.01,PC,PC,2.5228506
18017227,3890.01,PC,FP,0.6203033
459215281,3891.01,PC,PC,2.7694074
3896759,3892.01,PC,PC,4.5808535
458424950,3893.01,PC,PC,9.0576962
165464482,3894.01,PC,CP,4.3345378
3808740,3895.01,PC,PC,6.6713748
445837596,3896.01,PC,PC,4.3773113
154181821,3897.01,PC,PC,7.6607094
450337675,3898.01,PC,PC,8.6789911
441697509,3899.01,PC,PC,5.2077671
366755319,3900.01,PC,PC,14.7802661
357373216,3901.01,PC,PC,9.546972
310094771,3902.01,PC,PC,2.9406027
288434231,3903.01,PC,PC,14.8496574
233462817,3904.01,PC,APC,10.1614815
180672438,3905.01,PC,PC,5.3599361
180607846,3906.01,PC,APC,0.6451059
165723070,3907.01,PC,PC,1.7213564
165412561,3908.01,PC,APC,1.46809916961557
161003569,3909.01,PC,PC,3.5115357
158617175,3910.01,PC,PC,5.7158895
158497525,3911.01,PC,PC,9.3517097
156648452,3912.01,PC,CP,3.4936188
155898758,3913.01,PC,PC,4.0384773
139118482,3914.01,PC,FP,6.7136512
81247877,3915.01,PC,PC,2.2012625
68074302,3916.01,PC,PC,3.4014954
68035558,3917.01,PC,FA,8.3289771
23815847,3918.01,PC,PC,3.0654283
23769326,3919.01,PC,CP,7.4332642
2016376984,3920.01,PC,FA,2.317939
1101909431,3921.01,O,FP,23.2556119
1101855081,3922.01,PC,PC,3.8960617
467265105,3923.01,PC,PC,4.13778862384159
456042145,3924.01,PC,FP,2.0474832
435167167,3925.01,PC,FP,3.0330919
434171145,3926.01,PC,PC,2.7873223
434171113,3927.01,PC,PC,4.4921154
427153307,3928.01,PC,PC,2.2035349
422554579,3929.01,PC,PC,3.4608812
422514153,3930.01,PC,PC,2.9284231
421336001,3931.01,PC,PC,7.66440004048845
408094424,3932.01,PC,APC,2.4892754
388393034,3933.01,PC,PC,1.97549
375981105,3934.01,PC,PC,11.7512673
372207084,3935.01,PC,PC,1.2257683
371676181,3936.01,PC,PC,1.4858906
367425982,3937.01,PC,PC,1.69235728515888
367333043,3938.01,PC,FP,2.8778095
366115856,3939.01,PC,PC,2.3466472
346081845,3940.01,PC,PC,3.4895723
345697569,3941.01,PC,PC,2.8817718
345329200,3942.01,PC,PC,3.10825144568642
343330330,3943.01,PC,PC,5.5613023
338065029,3944.01,PC,PC,2.3151015
336824844,3945.01,PC,PC,4.4638411
336399144,3946.01,PC,PC,5.7033411
336092760,3947.01,PC,PC,6.7716021
335489455,3948.01,PC,FP,2.1176601
334493051,3949.01,PC,PC,2.2297524
334394274,3950.01,PC,PC,3.4488281
334385701,3951.01,PC,PC,2.1861455
321861405,3952.01,PC,PC,2.9897732
320503729,3953.01,PC,PC,2.9873441
316453500,3954.01,PC,PC,3.4043154
314375831,3955.01,PC,PC,3.12749506723181
309849817,3956.01,PC,PC,2.6686464
305550963,3957.01,EB,FP,1.5891628
279383896,3958.01,PC,PC,12.0031645504887
275421144,3959.01,PC,PC,3.8426038
272785423,3960.01,PC,PC,3.2399875
272219353,3961.01,PC,PC,3.5434689
271761420,3962.01,PC,PC,3.3501179
271439193,3963.01,PC,FP,6.2329571
270435047,3964.01,PC,FA,1.8011961
269043098,3965.01,PC,PC,4.7253516
262880826,3966.01,PC,APC,3.9967263
256867493,3967.01,PC,PC,4.6709424
252071095,3968.01,PC,APC,2.2171904
252049912,3969.01,PC,PC,3.8522402
237221436,3970.01,PC,PC,10.6001229
237077180,3971.01,PC,PC,3.2292942
284206913,3972.01,PC,PC,10.511362
233654042,3973.01,PC,PC,2.0615575
156007004,3974.01,PC,PC,1.7922888
155947004,3975.01,PC,FP,9.4258906
154293917,3976.01,PC,CP,6.6080989
116382006,3977.01,PC,PC,23.2547644
468329664,3978.01,PC,PC,3.5472157
444523623,3979.01,PC,FP,2.041659
312548829,3980.01,PC,PC,3.6089193
312548415,3981.01,PC,FP,2.2437501
25773352,3982.01,PC,PC,5.3438948
20303110,3983.01,PC,FA,3.8961515
20182780,3984.01,PC,CP,4.3533211
604863428,3985.01,PC,FP,3.2358535
470911286,3986.01,PC,FP,1.6212474
452972453,3987.01,PC,FA,3.2358247
452938965,3988.01,PC,PC,2.8744227
444413256,3989.01,PC,FP,4.0104917
420446142,3990.01,PC,FP,5.8423636
418133917,3991.01,PC,FP,2.2774846
403347341,3992.01,PC,PC,6.397886
403340402,3993.01,PC,PC,2.22370665306777
372505528,3994.01,PC,FP,3.8974136
347210614,3995.01,PC,APC,6.4219775
347011522,3996.01,PC,FP,17.2045725
327004130,3997.01,PC,PC,3.4600026
320281287,3998.01,PC,PC,1.81451
284528889,3999.01,PC,FP,4.112385
283015592,4000.01,EB,FP,3.7027214211358
83148519,4001.01,PC,PC,4.8982659
83053699,4002.01,EB,FP,3.3378852
399346877,4003.01,PC,PC,3.9606593
397924314,4004.01,PC,PC,5.3798996
395773226,4005.01,PC,FP,3.8471662
390048041,4006.01,O,FA,3.04916671740863
389910188,4007.01,PC,PC,4.5432349
379629854,4008.01,PC,FP,2.8278059
368734712,4009.01,PC,PC,4.3271416
352682207,4010.01,CP,CP,5.41462349277716
352682207,4010.02,CP,CP,14.7091662400563
352682207,4010.03,CP,CP,1.34830750211922
289264348,4011.01,PC,PC,4.3359117
280315875,4012.01,PC,PC,1.82544
279265701,4013.01,PC,PC,2.6325313
85791385,4014.01,PC,PC,2.8067423
85429139,4015.01,PC,PC,4.7427131
461491274,4016.01,PC,PC,1.8137851
461491274,4016.02,PC,PC,4.396200882903183
407313319,4017.01,PC,PC,7.0423707
407243316,4018.01,PC,PC,3.0755983
284305328,4019.01,PC,FP,2.2963814
10974783,4020.01,O,FA,3.217444562567864
10507330,4021.01,PC,PC,5.1175439
1271152446,4022.01,PC,PC,7.2089041
470678283,4023.01,PC,PC,2.7991658
470169396,4024.01,PC,PC,6.3262148
441730540,4025.01,PC,PC,16.2840915
428963229,4026.01,PC,PC,3.12397707608508
427866520,4027.01,PC,PC,3.6074546
406634633,4028.01,PC,PC,3.9589142
393633044,4029.01,PC,PC,5.8850401
390021939,4030.01,PC,PC,2.5089892
389968080,4031.01,PC,PC,10.0462595513481
387603144,4032.01,PC,FP,2.4567112
387330895,4033.01,PC,PC,3.6142971
375654303,4034.01,PC,PC,1.8020923
372392226,4035.01,PC,PC,3.0295916
367913453,4036.01,PC,FP,2.7761628
367287018,4037.01,PC,FP,4.7257129
366580825,4038.01,PC,PC,4.2989288
366120401,4039.01,PC,PC,4.7308142
356786657,4040.01,PC,PC,7.13572588612819
345645749,4041.01,PC,PC,7.8808589
332393279,4042.01,PC,PC,2.3238426
322262448,4043.01,PC,PC,5.1191172
307956396,4044.01,PC,FP,4.1508803
298264260,4045.01,PC,PC,7.9927894
284760740,4046.01,PC,PC,0.7583741
279769094,4047.01,PC,FP,4.5029619
279605855,4048.01,PC,FP,1.972401
259274960,4049.01,PC,PC,31.4001189292252
255865833,4050.01,PC,PC,4.6546139
237101326,4051.01,EB,FP,1.5374024030417717
236775063,4052.01,PC,FP,0.7409429
235684392,4053.01,EB,FP,21.7894490657459
233719215,4054.01,PC,PC,17.3567190447934
233053554,4055.01,PC,PC,4.567925
232567319,4056.01,PC,PC,5.0518907
230388132,4057.01,PC,PC,2.4076941
229639351,4058.01,PC,PC,2.8668029
229605891,4059.01,PC,PC,2.0381761
229508727,4060.01,PC,PC,23.1315739
224601047,4061.01,O,FA,7.2087245
219866209,4062.01,PC,PC,6.7473822
219499488,4063.01,PC,APC,1.63230615770005
219489550,4064.01,PC,PC,3.8823511404217
219485050,4065.01,PC,PC,3.5908038
193556520,4066.01,PC,PC,6.7201811
162577466,4067.01,O,FP,3.67723912054782
159334269,4068.01,PC,FP,1.1578392
143009290,4069.01,PC,PC,2.7240303
115270627,4070.01,PC,PC,3.1504798
115182469,4071.01,PC,PC,6.5169955
85459171,4072.01,PC,PC,2.1390271
648958344,4073.01,PC,PC,2.3079651
628103717,4074.01,PC,PC,3.2175013
627323667,4075.01,PC,PC,3.0492435
57193198,4076.01,PC,PC,4.3965758
57159675,4077.01,PC,PC,5.56791108861255
444724127,4078.01,PC,PC,3.1639309
444558604,4079.01,PC,PC,1.9872259
428892437,4080.01,PC,PC,3.7519831
421973253,4081.01,PC,PC,9.25840546046666
400899926,4082.01,PC,PC,4.625568
399444057,4083.01,PC,FP,2.0714803
346673534,4084.01,PC,PC,15.634183
336840314,4085.01,PC,PC,2.82853234526358
328814605,4086.01,PC,PC,5.69175785759394
310002617,4087.01,PC,CP,3.1774814
302381397,4088.01,PC,PC,2.7284428
298752252,4089.01,PC,PC,3.2462849
289373041,4090.01,PC,PC,3.177514
289316336,4091.01,PC,FP,3.0038696
288242606,4092.01,PC,PC,7.495973
284454822,4093.01,PC,PC,10.4722034
284454822,4093.02,PC,PC,17.7046155300697
280035202,4094.01,PC,PC,4.91117863279156
274974693,4095.01,PC,PC,4.1539244
272782321,4096.01,PC,PC,10.1045108
264295655,4097.01,PC,PC,2.7741864
264223828,4098.01,PC,PC,1.1789842
264173803,4099.01,PC,PC,4.3954123
243297296,4100.01,PC,PC,3.585982
243280335,4101.01,PC,PC,4.3202706
237235093,4102.01,PC,FP,2.6834113
235902467,4103.01,PC,PC,12.2740928
235664497,4104.01,PC,PC,2.3757662
233576159,4105.01,PC,PC,5.7152049
233535738,4106.01,PC,APC,16.3558787
232632239,4107.01,PC,PC,3.5322939
232603560,4108.01,PC,PC,14.4348737
230084146,4109.01,PC,PC,12.320331
230075120,4110.01,EB,FP,0.7676706
230006888,4111.01,PC,PC,12.2788421
229976631,4112.01,O,FA,10.7166248676311
229786610,4113.01,PC,PC,22.1575175
229408913,4114.01,PC,PC,4.80385391028854
199610140,4115.01,PC,PC,2.9855843
198616607,4116.01,EB,FP,3.63113618600808
198189972,4117.01,PC,PC,25.0930010850911
193773468,4118.01,PC,PC,2.5551882
160618074,4119.01,PC,PC,5.201975
159438097,4120.01,PC,PC,4.8952783
157218656,4121.01,PC,PC,2.8622679
156215204,4122.01,PC,APC,2.4307782
153896150,4123.01,PC,FP,2.78794504620021
150761163,4124.01,PC,PC,3.4138019
147761049,4125.01,PC,PC,4.7155974356619
141616639,4126.01,PC,FP,3.2428744
141488193,4127.01,CP,CP,56.4043748
137420801,4128.01,PC,PC,1.9795413
123357034,4129.01,PC,PC,3.2724973
71396541,4130.01,PC,FP,6.269716
47937361,4131.01,PC,PC,2.3382502
335655755,4132.01,PC,PC,11.7647925653559
468396217,4133.01,PC,PC,4.1571604
420803693,4134.01,PC,FP,0.9135968
288471040,4135.01,EB,FP,2.5139764
420680343,4136.01,PC,PC,3.7630305
417646390,4137.01,PC,CP,3.8016217
257060897,4138.01,CP,CP,3.66003195443592
408729765,4139.01,PC,FP,4.6200781
400103802,4140.01,PC,PC,4.2511214
400093775,4141.01,PC,PC,3.6022715
39573090,4142.01,PC,PC,3.6593967
371711170,4143.01,PC,FP,9.8482192
313194972,4144.01,PC,PC,16.9020565
279947414,4145.01,PC,CP,4.0664446
23124038,4146.01,PC,APC,0.7011578
138329479,4147.01,PC,PC,2.3745416
137157546,4148.01,EB,FP,3.6841446
103096524,4149.01,PC,PC,3.2928068
102719996,4150.01,PC,PC,9.79383520369886
406926040,4151.01,PC,PC,11.6999152
1813844121,4152.01,PC,PC,1.5822588
470171739,4153.01,PC,CP,4.6174253907419
470156846,4154.01,PC,PC,7.3446285
467331291,4155.01,PC,CP,3.3207642
462553953,4156.01,PC,PC,4.461878
462553953,4156.02,PC,PC,12.8226390417398
461538935,4157.01,EB,FP,5.289835
441797394,4158.01,PC,PC,13.4167713
441600335,4159.01,PC,APC,0.8659846
441580526,4160.01,PC,PC,4.44271455044309
441572821,4161.01,PC,PC,4.26077970193248
420114036,4162.01,PC,PC,4.3744258
420112217,4163.01,PC,PC,21.5615248
420108587,4164.01,PC,FP,3.522843
398371628,4165.01,PC,PC,7.1406422
389777651,4166.01,PC,PC,5.236124
377165123,4167.01,PC,FP,14.793901
372758077,4168.01,PC,PC,29.3821475886547
372747949,4169.01,PC,PC,3.4026932
366972162,4170.01,PC,PC,2.190225
362223355,4171.01,PC,PC,3.7453991
359388309,4172.01,PC,PC,4.1915095
358613376,4173.01,PC,PC,8.2713274
356822426,4174.01,PC,PC,1.5569519
952046774,4175.01,PC,PC,2.1632835
58533991,4176.01,PC,APC,3.2089372
130981260,4177.01,PC,APC,3.6928289
289988797,4178.01,EB,FP,2.2042212
297148017,4179.01,PC,PC,2.5485772
126737992,4180.01,PC,APC,1.59543192386627
426017070,4181.01,PC,FP,0.5992533139935603
31637479,4182.01,PC,PC,27.848697
421951960,4183.01,PC,PC,11.7915574401153
394357918,4184.01,PC,CP,4.90199383996472
152563846,4185.01,PC,PC,16.5414218961519
300579472,4186.01,PC,PC,12.7503356
176780257,4187.01,PC,PC,30.8812601370476
176780257,4187.02,PC,PC,0.0
424747720,4188.01,PC,FP,10.2813283926383
7422496,4189.01,PC,PC,46.9621052609146
65416038,4190.01,PC,PC,15.6062307330769
167905035,4191.01,PC,PC,742.856116365499
41995709,4192.01,PC,PC,4.2300182
382419744,4193.01,PC,PC,6.5081212
299176311,4194.01,PC,APC,1.0432995
67598139,4195.01,PC,PC,5.4447698
67566164,4196.01,PC,PC,3.125924
332579116,4197.01,PC,PC,3.9017499
459913687,4198.01,PC,PC,4.746318
220144363,4199.01,PC,PC,4.4466179
53593542,4200.01,PC,PC,1.027641
95057860,4201.01,PC,CP,3.5809733
237603062,4202.01,PC,PC,2.6689906
72494421,4203.01,PC,PC,2.9531039
158697949,4204.01,PC,PC,3.9592516
280645209,4205.01,PC,PC,5.9056572
281242007,4206.01,PC,PC,2.4170503
37242226,4207.01,PC,FP,1.0681394
280304556,4208.01,PC,PC,1.72328
200090347,4209.01,PC,PC,0.8631737
409315469,4210.01,PC,APC,1.0754208
385654601,4211.01,PC,PC,2.2715616
126864892,4212.01,PC,APC,2.3485025
32408928,4213.01,PC,FP,1.0435229
409594381,4214.01,PC,PC,3.491383
7274938,4215.01,PC,PC,1.0994412
187861378,4216.01,PC,FP,2.1816809
108939482,4217.01,EB,FP,1.18703366694639
142628514,4218.01,PC,PC,2.6269521
114103136,4219.01,EB,FP,1.1471548
346995484,4220.01,PC,PC,1.9138779
334252687,4221.01,PC,PC,2.8395663
318054782,4222.01,PC,FP,0.8335712
157088184,4223.01,PC,PC,7.2654708
148667071,4224.01,PC,PC,1.161347
141405814,4225.01,EB,FP,1.1355457163428109
127328218,4226.01,PC,PC,2.9628955
99081059,4227.01,PC,PC,3.4169475
415143674,4228.01,PC,PC,6.02192027471742
319282294,4229.01,PC,FP,1.1385671
128127712,4230.01,PC,PC,1.94010223343513
127895118,4231.01,PC,PC,3.2970252
126357909,4232.01,PC,FP,1.2247985
113295476,4233.01,PC,FP,1.820443
81055189,4234.01,PC,PC,0.908232
157528286,4235.01,PC,FP,1.6562803
36227841,4236.01,PC,PC,0.402140081734837
30825828,4237.01,PC,PC,3.0482015
24615998,4238.01,PC,PC,1.2732245
22121296,4239.01,PC,PC,2.8123314131516
19547831,4240.01,PC,PC,10.1238604
4102368,4241.01,PC,PC,3.11189426204084
445582110,4242.01,PC,PC,3.0579913
400683848,4243.01,EB,PC,1.088628587953573
393340920,4244.01,PC,PC,1.8665254
52928939,4245.01,PC,PC,3.15271773313217
291465998,4246.01,PC,PC,12.8860009
286153328,4247.01,PC,PC,4.353959898067552
190986054,4248.01,PC,PC,5.1442317
269568703,4249.01,PC,PC,6.7726259720826
269249506,4250.01,PC,PC,4.0185922
192520375,4251.01,PC,FP,0.9109508
145038729,4252.01,PC,PC,2.6085023
145249556,4253.01,PC,PC,3.4192373
92744152,4254.01,PC,PC,1.1462769
82302240,4255.01,PC,FP,2.5057108
77102895,4256.01,PC,FP,1.0962372
75208638,4257.01,EB,FP,4.6512523
74484886,4258.01,PC,FP,3.8505662
268643535,4259.01,PC,PC,8.96126256553761
74967390,4260.01,PC,PC,5.4588359
74197917,4261.01,EB,FP,1.5040804
53365065,4262.01,PC,PC,5.9977892
48276576,4263.01,PC,FP,0.833497600316224
45996325,4264.01,PC,PC,3.15804717517443
118308828,4265.01,PC,FP,3.7353995
442050698,4266.01,PC,APC,0.8118585
80783538,4267.01,PC,APC,1.2125595
341272282,4268.01,PC,FP,0.8133123
178657161,4269.01,PC,PC,4.5766182
151920165,4270.01,PC,CP,3.4671474
146842334,4271.01,PC,PC,4.5016988
146664561,4272.01,PC,PC,2.7302636
133331642,4273.01,PC,PC,2.9346956
290388627,4274.01,PC,PC,0.4459299
363635669,4275.01,PC,FP,0.761782828714231
469811655,4276.01,PC,PC,11.851162
466682238,4277.01,PC,PC,3.2738129
466222485,4278.01,PC,PC,1.7519943
407146536,4279.01,O,FP,2.0976705
387193925,4280.01,PC,PC,3.518972
384386061,4281.01,PC,FP,5.7626055
374348168,4282.01,PC,PC,13.5098037
343952976,4283.01,PC,PC,3.0131053
280726137,4284.01,PC,PC,3.5008785
310105752,4285.01,PC,APC,1.1703152
294097592,4286.01,PC,PC,1.0268508
290407621,4287.01,PC,PC,4.2337624
278821913,4288.01,PC,PC,6.0597
278540265,4289.01,PC,PC,2.9757428
278196907,4290.01,PC,PC,1.1771655
257520272,4291.01,PC,PC,12.1525595
255918903,4292.01,O,FP,1.7201092
101696403,4293.01,PC,PC,1.6242109
30499203,4294.01,PC,FP,2.4330551
325527653,4295.01,PC,PC,11.3929129
72668830,4296.01,O,FA,19.970657361355105
72668830,4296.02,PC,PC,5.095934161226934
72668830,4296.03,PC,PC,12.491100314211344
28116365,4297.01,PC,PC,16.5272651477254
146282666,4298.01,PC,PC,722.2619756368
67535663,4299.01,PC,PC,6.6019866
266843799,4300.01,PC,FP,0.8062768
307079330,4301.01,PC,PC,6.5445251
182078202,4302.01,PC,PC,38.7619532298496
200296137,4303.01,PC,PC,8.61108444470498
366443426,4304.01,KP,KP,15.5718552
366443426,4304.03,KP,KP,31.7180208316155
372068780,4305.01,PC,PC,183.001910591663
372068780,4305.02,PC,PC,374.364431509782
44898913,4306.01,PC,CP,2.72990488543893
141186075,4307.01,PC,CP,32.6966660158533
141186075,4307.02,PC,PC,4.65457984121093
144193715,4308.01,CP,CP,9.1512776
56662591,4309.01,PC,PC,0.0
303317324,4310.01,PC,CP,29.566735526960965
122617317,4311.01,PC,CP,15.0700779431836
122617317,4311.02,PC,CP,0.990289193656433
251086776,4312.01,IS,FA,726.1175224889
294324819,4313.01,PC,PC,6.82276450566558
459952217,4314.01,PC,FA,73.5809819958847
139148528,4315.01,PC,PC,8.28616135397492
7020254,4316.01,KP,KP,20.2730282
422914082,4317.01,PC,PC,358.282509308876
311130133,4318.01,PC,PC,1.13438238395378
157115010,4319.01,PC,PC,0.0
404518509,4320.01,PC,CP,25.1290153
404518509,4320.02,O,FA,46.4093732462209
325081244,4321.01,PC,PC,0.0
13883872,4322.01,PC,PC,13.4190971500722
143022742,4323.01,IS,FA,14.676265843378
143022742,4323.02,IS,FA,21.9692577844538
408416746,4324.01,PC,CP,6.25094684535579
202185707,4325.01,PC,PC,1.6500673350986
303586471,4326.01,PC,PC,1826.07903242
140687214,4327.01,PC,PC,0.8303285
77175217,4328.01,PC,PC,703.79367004987
256722647,4329.01,CP,CP,2.92246609239435
47617038,4330.01,PC,FP,3.3513304
148833828,4331.01,PC,PC,2.9034242
178959058,4332.01,EB,FP,5.4468377
144645881,4333.01,PC,PC,8.90214425967544
128531633,4334.01,PC,PC,8.2197647
443658196,4335.01,EB,FP,4.5006638
166184428,4336.01,PC,CP,16.3363665240382
399642071,4337.01,EB,FP,2.28877626374243
253434221,4338.01,PC,APC,7.499715830957324
7439481,4339.01,PC,FP,1.25408055209495
454038613,4340.01,PC,PC,2.6680587
62301521,4341.01,PC,FA,18.4043334143754
354944123,4342.01,PC,CP,5.53832899923516
354944123,4342.02,PC,CP,10.6886083506691
278988097,4343.01,PC,PC,11.5418524505113
38939275,4344.01,PC,PC,731.480877919014
469791892,4345.01,PC,PC,12.8910022210525
389371332,4346.01,PC,FP,3.90771159427544
32498058,4347.01,PC,PC,35.3573239243673
350299588,4348.01,PC,PC,602.245092098261
313889049,4349.01,PC,PC,749.160523093357
50379036,4350.01,PC,PC,4.87596562799621
358253047,4351.01,PC,PC,20.1459437788428
237332812,4352.01,PC,PC,11.8918632559834
176797879,4353.01,PC,PC,718.180931703518
332715376,4354.01,PC,PC,10.6306165388748
260655847,4355.01,PC,PC,0.0
149389419,4356.01,PC,PC,579.647203494974
300011941,4357.01,EB,FP,1.81412152094214
273418421,4358.01,PC,PC,97.6087633524112
133505138,4359.01,PC,FP,2.4360845
52307802,4360.01,PC,PC,3.07495072926987
334632624,4361.01,PC,PC,741.4238314285519
238164799,4362.01,PC,PC,7.548070948310411
325682877,4363.01,PC,PC,2.11865900761235
4070275,4364.01,PC,CP,5.42406914989545
413343957,4365.01,PC,PC,3.3784364
297361900,4366.01,PC,PC,2.6374449
313675203,4367.01,EB,FP,2.5025812
314724818,4368.01,EB,FP,4.4518603753546
278862750,4369.01,PC,PC,13.576897107687676
335040423,4370.01,PC,PC,2.5610662
450649506,4371.01,PC,PC,1.0604139
401980624,4372.01,PC,PC,3.2751886229045333
315350812,4373.01,PC,PC,5.9422824
308191940,4374.01,PC,PC,13.2689495
343708863,4375.01,EB,FP,5.9685742
250306572,4376.01,PC,PC,1.6089592
394918211,4377.01,PC,CP,4.3780194087307525
394721720,4378.01,PC,PC,1.06906647910126
97766057,4379.01,CP,CP,3.253529937590317
169958952,4380.01,PC,PC,1.32900079539293
305767364,4381.01,PC,PC,1.49742234616995
32460142,4382.01,PC,PC,10.6895416703056
384744828,4383.01,PC,FP,3.04213336933983
259230140,4384.01,PC,PC,14.3171998
22186226,4385.01,PC,PC,9.21721718084274
350575997,4386.01,PC,PC,2.013442800530077
33350443,4387.01,PC,PC,3.56203804137169
313554509,4388.01,PC,PC,4.4742338802565
41387532,4389.01,PC,APC,11.40419351307822
369345064,4390.01,PC,PC,4.3954380673705735
66620917,4391.01,PC,PC,5.2910096
429791387,4392.01,PC,PC,3.9693722
107440797,4393.01,PC,PC,2.2676081
341805908,4394.01,EB,FP,1.4919159846076344
218483943,4395.01,PC,PC,3.759039943692418
379723086,4396.01,EB,FP,7.4398211
107728509,4397.01,PC,FP,2.6646183
214243287,4398.01,PC,APC,5.752521048570042
464646604,4399.01,PC,CP,7.7121208408771
231630147,4400.01,PC,PC,7.06424864809362
178170828,4401.01,PC,PC,0.45026401558072
197807778,4402.01,PC,PC,3.69899391755101
350931281,4403.01,PC,PC,4.46205279834374
342314656,4404.01,PC,PC,39.62519255204484
177254988,4405.01,PC,PC,5.92142305135093
177254988,4405.02,PC,PC,1.09292034224534
206541859,4406.01,CP,CP,30.0835029817398
207238953,4407.01,PC,PC,7.13665073481927
260189643,4408.01,PC,PC,2.05423802928294
382200986,4409.01,PC,PC,92.4918048022718
280803800,4410.01,PC,PC,26.0179101452423
366484980,4411.01,KP,KP,13.7748361
35315453,4412.01,EB,FP,2.034107334711764
142019343,4413.01,PC,PC,4.471981486291261
1405997635,4414.01,PC,FP,1.8697825
1234810324,4415.01,PC,APC,1.8301062993747927
79605791,4416.01,PC,PC,9.330535482004665
208297760,4417.01,PC,PC,5.257460729335064
295593712,4418.01,PC,PC,7.6247443073824925
295593712,4418.02,PC,PC,25.7086236
352229268,4419.01,PC,PC,16.155207258100795
362709886,4420.01,EB,FP,4.725931727302696
141412823,4421.01,EB,FP,21.7004042
263748033,4422.01,PC,PC,4.908290978756844
344600402,4423.01,EB,FP,1.3875331
326386495,4424.01,PC,PC,17.7424733
106940971,4425.01,PC,PC,5.412802
271354351,4426.01,KP,KP,3.90512604052311
207339000,4427.01,PC,PC,4.61826314544925
271042217,4428.01,KP,KP,1.85557453747958
233188747,4429.01,PC,PC,3.45056575263354
362222177,4430.01,PC,PC,6.6363577
121660904,4431.01,KP,KP,4.88548438505688
198610218,4432.01,PC,APC,3.04133912218329
158551257,4433.01,EB,FP,0.902395084078124
63452790,4434.01,KP,KP,2.68430809910922
122596693,4435.01,KP,KP,3.52565351438726
420268415,4436.01,PC,PC,1.75905659356417
237205154,4437.01,PC,PC,5.8929985
22233480,4438.01,PC,CP,7.44630337680409
267545252,4439.01,PC,PC,3.37923577236328
164786087,4440.01,KP,KP,4.08228938921105
23982469,4441.01,PC,PC,4.374575687543642
446158352,4442.01,PC,PC,4.0434287
158241252,4443.01,PC,CP,1.84985667758623
158241252,4443.02,PC,CP,10.3088724146951
158167408,4444.01,PC,PC,5.24106591022248
158388163,4445.01,KP,KP,4.2253498253575
137899948,4446.01,KP,KP,2.45523883411541
153937417,4447.01,PC,PC,4.159619687244062
138359318,4448.01,KP,KP,1.01869894431387
322046084,4449.01,PC,PC,2.7519172
373017346,4450.01,PC,PC,10.6925011
23229805,4451.01,PC,PC,8.85173541436088
229581160,4452.01,PC,PC,3.41490914984403
243333538,4453.01,EB,FP,2.99855314485737
48217457,4454.01,KP,KP,3.12083962396792
138644215,4455.01,KP,KP,1.54493336286523
27774415,4456.01,KP,KP,4.94279853350153
299220166,4457.01,KP,KP,3.21751842830121
229671380,4458.01,PC,PC,3.93937096475883
230129753,4459.01,PC,PC,5.7475343
461635621,4460.01,PC,PC,28.6648749
149282072,4461.01,EB,FP,3.700600273153229
76420654,4462.01,EB,FP,4.91330732309821
8599009,4463.01,PC,CP,2.88069
441589581,4464.01,PC,PC,8.0379975
157236902,4465.01,PC,CP,0.0
268604331,4466.01,KP,KP,5.01419910866077
48506505,4467.01,KP,KP,7.79421550591304
441763252,4468.01,PC,CP,2.7708596
441763252,4468.02,PC,CP,7.01400095472321
75262942,4469.01,KP,KP,2.66341539186883
256364928,4470.01,KP,KP,2.21857480391221
27318774,4471.01,KP,KP,3.24324876796633
63211674,4472.01,KP,KP,8.60045163404611
122441491,4473.01,KP,KP,3.79700756452242
264508014,4474.01,KP,KP,3.31190262734765
159098316,4475.01,KP,KP,3.57875698546331
399794420,4476.01,KP,KP,1.59475349752962
64531556,4477.01,EB,FP,7.8127891569934045
233823679,4478.01,PC,PC,2.7586362
126606859,4479.01,CP,CP,1.1589032912024777
377873569,4480.01,KP,KP,3.84938455983611
239332587,4481.01,CP,CP,0.9263237
27990610,4482.01,KP,KP,2.81649787731269
209752908,4483.01,KP,KP,1.75221701511118
272707711,4484.01,PC,PC,2.68907026904307
137903329,4485.01,KP,KP,7.34056751477665
99224131,4486.01,KP,KP,2.6915408
193754373,4487.01,PC,PC,3.9540617
269269546,4488.01,KP,KP,4.45417003140808
267572272,4489.01,KP,KP,2.79747573594296
268924036,4490.01,KP,KP,2.0523416565289
193336820,4491.01,PC,CP,5.006622
298297931,4492.01,PC,CP,4.4331838
263218688,4493.01,PC,PC,1.5076298
40466976,4494.01,PC,PC,32.535016
120826158,4495.01,PC,CP,5.1830043
120826158,4495.02,PC,PC,2.5693728
275758701,4496.01,PC,PC,1.18803
436166416,4497.01,PC,PC,3.6001959
305943739,4498.01,EB,FP,5.3075285851881295
120183168,4499.01,PC,PC,3.4902115
120183168,4499.02,PC,PC,5.5387718
406190563,4500.01,PC,FP,1.773346
22069559,4501.01,PC,PC,2.0348789
239372503,4502.01,EB,FP,0.8560277
167719618,4503.01,PC,PC,710.698201837854
349972412,4504.01,PC,CP,82.9294114239993
349972412,4504.02,PC,CP,2.4261537845623
150299840,4505.01,PC,PC,19.4723789394542
434105094,4506.01,PC,PC,5.41070235773029
179582003,4507.01,PC,CP,104.616255698728
170789802,4508.01,PC,PC,3.46727789358939
319610598,4509.01,PC,PC,0.0
340458804,4510.01,PC,PC,194.243286443957
333674399,4511.01,PC,PC,20.9040576
333674399,4511.02,PC,PC,10.9776867
243014114,4512.01,KP,KP,19.5620457936417
408261725,4513.01,PC,PC,9.7607632
436875934,4514.01,KP,KP,2.7535993
456862677,4515.01,PC,CP,15.2664658181527
85593751,4516.01,KP,KP,3.72246259498485
301289516,4517.01,KP,KP,1.2089755
398572544,4518.01,KP,KP,3.408833
419957393,4519.01,PC,PC,5.8903557525641
404243877,4520.01,KP,KP,3.2047072
439842788,4521.01,KP,KP,3.07171816382087
369480087,4522.01,PC,FP,0.364322479038833
427332229,4523.01,KP,KP,2.7186256
333657795,4524.01,CP,CP,0.9260632
36592530,4525.01,KP,KP,2.4841975
39926974,4526.01,KP,KP,2.260434582123028
380887434,4527.01,PC,CP,0.399444495232738
376981340,4528.01,O,FA,4.02497118697644
384888319,4529.01,PC,CP,5.87957519379483
35022727,4530.01,KP,KP,3.65281123782676
262662119,4531.01,KP,KP,4.53346998242052
376939759,4532.01,KP,KP,5.8176452
418761354,4533.01,KP,KP,2.1747824
437704321,4534.01,KP,KP,2.8492802255418863
26017005,4535.01,KP,KP,4.09847409320976
380907135,4536.01,KP,KP,4.0460644
251039147,4537.01,PC,PC,6.66299510374309
262715204,4538.01,KP,KP,7.1385672
262715204,4538.02,KP,KP,3.4715644
262715204,4538.03,KP,KP,10.453474801618311
102264230,4539.01,KP,KP,4.159151245890707
388816604,4540.01,PC,PC,2.5048178
293432942,4541.01,PC,APC,1.1339769
4464022,4542.01,PC,PC,5.9167681222997714
435336785,4543.01,PC,PC,5.7740318
435339847,4544.01,KP,KP,8.20008746058802
610976842,4545.01,KP,KP,4.0248735
25911962,4546.01,PC,PC,0.745637
206284139,4547.01,KP,KP,3.002649483600345
21130820,4548.01,PC,PC,4.6003967
9030119,4549.01,KP,PC,3.3129214
400972123,4550.01,PC,PC,1.8868756
204650483,4551.01,PC,CP,9.956296
248250955,4552.01,PC,CP,0.301150580637201
383721338,4553.01,PC,PC,20.3129648533101
369768787,4554.01,PC,APC,703.93766084
141770198,4555.01,PC,PC,522.627267732424
107018378,4556.01,PC,PC,3.792455954446148
258917846,4557.01,PC,PC,32.29190101238879
220414682,4558.01,PC,PC,6.58127679651655
271169413,4559.01,PC,CP,3.9649052665498408
307716123,4560.01,PC,PC,3.76340281427097
33716474,4561.01,PC,PC,8.93565576404579
349576261,4562.01,CP,CP,225.103788549707
418255064,4563.01,PC,PC,743.4843887942
400786146,4564.01,EB,FP,22.1536777317684
381897917,4565.01,PC,PC,19.78598381462425
269728501,4566.01,PC,PC,2.08448824228241
307849973,4567.01,PC,PC,0.84094286383014
307849973,4567.02,PC,CP,23.5422421813088
447088034,4568.01,PC,PC,14.006381312914357
149126400,4569.01,PC,FP,1.22531587062166
137402055,4570.01,KP,KP,1.9737719355324
48451130,4571.01,KP,KP,30.3599811785999
154940895,4572.01,PC,PC,13.475546134167
362103298,4573.01,PC,PC,10.7155521233118
298428237,4574.01,PC,PC,0.768988
372759746,4575.01,PC,PC,27.9815639
157667414,4576.01,PC,PC,10.4834062234393
138364831,4577.01,KP,KP,1.625512355222
154474036,4578.01,PC,PC,8.62390972455811
27769688,4579.01,KP,KP,88.4956829658291
219742885,4580.01,PC,PC,0.916799170796793
273231214,4581.01,KP,KP,22.3428773004532
273231214,4581.02,KP,KP,0.0
219854519,4582.01,CP,CP,31.0343213950544
103604037,4583.01,PC,FA,19.5202385591324
120255950,4584.01,KP,KP,31.5786847112054
233529335,4585.01,PC,PC,0.0
416534875,4586.01,PC,PC,5.3909915
137683938,4587.01,KP,KP,3.29031359088435
48031665,4588.01,PC,PC,13.1187745915961
164458714,4589.01,KP,KP,17.8335899
154923406,4590.01,PC,PC,25.9213508724218
356868487,4591.01,EB,FP,27.9102929440988
122785299,4592.01,KP,KP,8.88495108586945
399954349,4593.01,KP,KP,7.83446882552987
399954349,4593.02,KP,KP,3.00519286221904
158555987,4594.01,EB,FP,5.546089293505985
159725995,4595.01,KP,KP,3.7705864541407
86951294,4596.01,PC,PC,4.1194175
68573534,4597.01,PC,PC,4.6663795
29017001,4598.01,PC,PC,8.2003748
307809773,4599.01,CP,CP,2.7694936
307809773,4599.02,CP,CP,5.7060868
232608943,4600.01,CP,CP,82.6901439076752
232608943,4600.02,PC,CP,482.8191
349071261,4601.01,PC,PC,2.78752325411355
467651916,4602.01,PC,CP,3.9813082
437856897,4603.01,CP,CP,7.2455997
27039476,4604.01,KP,KP,2.2251639
19155785,4605.01,EB,FP,3.1442556
68577662,4606.01,KP,KP,11.1684037
28294709,4607.01,PC,PC,5.5109534
427740976,4608.01,PC,PC,2.3494903
118820486,4609.01,PC,PC,2.6921752
1950736,4610.01,EB,FP,3.1129681
68646526,4611.01,PC,PC,5.2289874
97735908,4612.01,KP,KP,4.1137862
436652523,4613.01,PC,APC,4.5461685
408809625,4614.01,PC,PC,13.8338893192443
84599716,4615.01,PC,PC,5.31937553733398
258796169,4616.01,PC,CP,1.55381877515444
18373995,4617.01,PC,PC,3.48787537542392
284326455,4618.01,KP,KP,3.79985358153438
238586172,4619.01,PC,PC,3.47323985883491
171160243,4620.01,PC,PC,1.3887494
293457754,4621.01,KP,KP,4.5195089486172
94727308,4622.01,PC,APC,1.2962320082635823
56399553,4623.01,KP,KP,3.25883164155409
84339983,4624.01,KP,KP,2.79082852671309
58472992,4625.01,PC,PC,2.1913419945134
241442273,4626.01,PC,PC,17.4756122
89702406,4627.01,EB,FP,23.143855131532
404421005,4628.01,KP,KP,6.326680036819368
304339227,4629.01,PC,PC,714.697095595839
292202337,4630.01,KP,PC,721.562175788759
313006381,4631.01,PC,PC,33.63562522513033
336075472,4632.01,PC,PC,63.1448518916239
307958020,4633.01,CP,CP,271.938638971
17150865,4634.01,EB,FP,0.8706763
337129672,4635.01,EB,FP,49.1077047395584
405484221,4636.01,EB,FP,42.82891524015
306485267,4637.01,PC,PC,14.3540583235874
58824746,4638.01,PC,CP,10.2829582517974
91251292,4639.01,PC,PC,3.9906790249789
91251292,4639.02,PC,PC,13.0780555076784
337216118,4640.01,PC,PC,2.685722911326
436873727,4641.01,PC,CP,22.0933921788079
336961891,4642.01,PC,PC,3.60223773777829
270355392,4643.01,PC,PC,5.0256637062963
270355392,4643.02,PC,PC,10.7387038720614
387423096,4644.01,PC,PC,0.3181853
46698351,4645.01,PC,PC,5.0872348
286696849,4646.01,PC,PC,8.92994827169825
303204165,4647.01,PC,PC,8.83461466822978
303204165,4647.02,PC,PC,11.0696103892699
257774438,4648.01,KP,KP,15.3886606556006
404713783,4649.01,PC,PC,15.0758735
60646268,4650.01,PC,PC,2.6672418
147302550,4651.01,PC,PC,11.1878978
139877968,4652.01,PC,PC,18.6224802
238854767,4653.01,PC,PC,16.3764188
99648579,4654.01,PC,PC,10.6936683
209310912,4655.01,PC,PC,3.6749802
120523488,4656.01,PC,PC,3.439221
434110695,4657.01,PC,PC,8.11566700522941
224279091,4658.01,PC,PC,6.0142432
178215634,4659.01,PC,PC,1.0451165
435259601,4660.01,PC,PC,1.5090806
441135051,4661.01,PC,PC,8.8085782
166778944,4662.01,PC,PC,4.7034187
237358490,4663.01,PC,PC,5.2916448
299551666,4664.01,PC,PC,3.0002713
165201455,4665.01,PC,PC,3.6831574
165202476,4666.01,PC,CP,2.9093856
422884521,4667.01,PC,PC,17.9450925
142938659,4668.01,PC,FP,1.0049552
71401634,4669.01,PC,FP,0.2476684
404506270,4670.01,PC,PC,15.5014296
439873430,4671.01,PC,PC,17.1470323
332911893,4672.01,PC,PC,6.6132132
118573065,4673.01,PC,PC,4.8667353
89062142,4674.01,PC,PC,4.2430633
279095914,4675.01,PC,PC,3.5779775
219225319,4676.01,PC,PC,13.291966
100974694,4677.01,PC,PC,4.0589926
206717400,4678.01,PC,PC,4.7743169
283605976,4679.01,PC,PC,6.8170909
31258738,4680.01,PC,PC,17.4314043
248689510,4681.01,PC,PC,3.0421828
449197624,4682.01,PC,FP,6.7934811
264460005,4683.01,O,FP,3.0929206
399757537,4684.01,PC,PC,6.4879123
431693152,4685.01,PC,PC,7.0308254
316875094,4686.01,PC,PC,7.9461192
302759417,4687.01,PC,PC,3.313358
245793479,4688.01,PC,PC,7.7688831
396935099,4689.01,PC,PC,2.4337374
455033897,4690.01,PC,APC,11.5341529
200321577,4691.01,PC,PC,8.5725884
153723304,4692.01,PC,PC,4.0519584
117843365,4693.01,PC,APC,1.9113216
50745119,4694.01,PC,PC,5.629318
139550876,4695.01,PC,PC,35.7861915
243011228,4696.01,PC,PC,4.1249095
250189842,4697.01,PC,PC,5.0274739
411781649,4698.01,PC,PC,4.2333233
34395020,4699.01,PC,PC,10.1766089
468911753,4700.01,PC,APC,2.2964514
9344899,4701.01,PC,PC,8.5821795
248690688,4702.01,PC,PC,3.121702
293514367,4703.01,PC,PC,5.1155806
455030519,4704.01,PC,APC,2.6875966
436637677,4705.01,PC,PC,11.9140328
37117064,4706.01,PC,PC,735.982363
322825139,4707.01,PC,PC,0.4709937
232194097,4708.01,PC,PC,3.3560085
317328621,4709.01,PC,APC,6.2397532
144486060,4710.01,PC,PC,1.4798437
177718896,4711.01,PC,PC,3.7081082
317089770,4712.01,PC,PC,8.8720052
102542376,4713.01,PC,APC,2.9532479
251111783,4714.01,PC,PC,7.9144674
268372005,4715.01,PC,FP,6.4274159
268689126,4716.01,PC,PC,5.2376102
269190305,4717.01,PC,PC,4.1583367
234958949,4718.01,PC,PC,5.1409029
306363166,4719.01,PC,PC,14.3953055
124322274,4720.01,PC,PC,3.7810832
229210014,4721.01,PC,PC,4.0086493
142530031,4722.01,PC,PC,10.8910909
322824542,4723.01,PC,PC,3.6590997
119638424,4724.01,PC,CP,3.572359
26587613,4725.01,PC,PC,2.0763072
409009431,4726.01,PC,PC,4.2971136
39824732,4727.01,PC,PC,7.151653
270716565,4728.01,PC,PC,6.0879495
52738649,4729.01,PC,PC,6.9279673
97866515,4730.01,PC,PC,4.0681112
438368981,4731.01,PC,PC,1.4553693
78489364,4732.01,PC,PC,1.8911553
438149332,4733.01,PC,PC,5.3054422
97714451,4734.01,PC,PC,6.2356356
280292434,4735.01,PC,PC,3.541053
265619984,4736.01,PC,PC,2.8564778
142532090,4737.01,PC,CP,9.3202467
247873937,4738.01,PC,FP,4.6498719
281716779,4739.01,PC,APC,8.1703609
72097808,4740.01,PC,PC,5.7728793
291198795,4741.01,PC,PC,2.4849639
237637903,4742.01,PC,PC,4.1034672
23725901,4743.01,PC,PC,6.2185453
293931909,4744.01,PC,PC,4.8013522
269278156,4745.01,PC,PC,4.413935
160180298,4746.01,PC,PC,7.5395871
235078021,4747.01,PC,PC,5.2192426
59770954,4748.01,PC,PC,4.1018859
153412485,4749.01,PC,PC,1.3832999
317189702,4750.01,PC,PC,3.2141617
291580615,4751.01,PC,PC,3.6014534
237700098,4752.01,PC,PC,5.0467874
306604742,4753.01,PC,PC,5.3970484
61344769,4754.01,PC,PC,3.6307276
267197567,4755.01,PC,PC,22.7273078
119556803,4756.01,PC,PC,8.0823172
53744258,4757.01,PC,PC,2.0804611
34524670,4758.01,PC,PC,5.7627112
49705089,4759.01,PC,FP,9.6578504
291332861,4760.01,PC,PC,7.7223185
440849210,4761.01,PC,PC,3.7863767
119069946,4762.01,PC,PC,4.3591525
143072696,4763.01,PC,PC,5.8679992
268456052,4764.01,PC,PC,1.6025971
21747057,4765.01,PC,PC,16.3734954
271307949,4766.01,PC,PC,1.93265725661457
157127081,4767.01,PC,PC,2.7319222
108940329,4768.01,PC,PC,7.2644599
333814134,4769.01,PC,PC,2.8636452
112110888,4770.01,PC,PC,1.9491813
266441563,4771.01,PC,APC,6.0049484
455153906,4772.01,PC,PC,2.8894603
415276070,4773.01,PC,PC,1.74548279134348
148129139,4774.01,PC,PC,8.6000244
412521892,4775.01,PC,PC,2.4732088
196286578,4776.01,PC,PC,10.4137997
170368805,4777.01,PC,PC,2.9588764
145163386,4778.01,PC,PC,3.8074213
170221808,4779.01,PC,PC,10.7490194
231937828,4780.01,PC,PC,4.6942884
176242778,4781.01,PC,PC,1.9055614
423128096,4782.01,PC,APC,3.7244324
218988652,4783.01,PC,APC,6.7519508
409207712,4784.01,PC,PC,3.3583921
50751260,4785.01,PC,PC,6.4311106
127012328,4786.01,PC,PC,5.6984189
431981595,4787.01,PC,PC,3.5037708
156999527,4788.01,PC,PC,4.3930669
134221850,4789.01,PC,PC,7.5002702
452903647,4790.01,PC,APC,1.61024354745396
100389539,4791.01,PC,CP,4.2809767
265350422,4792.01,PC,APC,8.4481666
65949719,4793.01,PC,PC,3.4658629
95589845,4794.01,PC,PC,3.5658043
107090327,4795.01,PC,PC,2.7431176
65905621,4796.01,PC,PC,3.5775958
265011923,4797.01,PC,PC,2.9922495
274137295,4798.01,PC,PC,5.5261155
65805840,4799.01,PC,PC,4.0234634
280307604,4800.01,O,FP,4.3229915
419092044,4801.01,PC,PC,3.251269
50575306,4802.01,PC,PC,1.7131374
19117967,4803.01,PC,PC,8.4516737
320341952,4804.01,PC,PC,5.0648401
7976072,4805.01,PC,PC,8.9981735
96317115,4806.01,PC,PC,8.4476983
174546820,4807.01,PC,PC,17.6868627
126772538,4808.01,PC,FP,1.4700596
143724857,4809.01,PC,PC,4.47225981471465
281225729,4810.01,PC,PC,2.4162514
334414389,4811.01,PC,PC,0.982825901423599
81744640,4812.01,PC,PC,3.3138453
333810741,4813.01,PC,PC,4.0492184
32004914,4814.01,PC,PC,5.545745
19447218,4815.01,PC,PC,8.9727235
156990000,4816.01,PC,PC,11.2473628
60074373,4817.01,PC,FP,3.190373
181422954,4818.01,PC,PC,2.6006996066073413
82739585,4819.01,PC,PC,1.5889429
394223845,4820.01,PC,PC,27.1358856
354937825,4821.01,PC,PC,5.469359
52936161,4822.01,PC,PC,4.4712213
348756659,4823.01,PC,PC,3.72609391164866
179687771,4824.01,PC,PC,5.124162
53047383,4825.01,PC,PC,2.81830530301433
17683158,4826.01,PC,PC,5.9730504
332630868,4827.01,EB,FP,736.5601487
291469139,4828.01,PC,PC,19.0286016
268439377,4829.01,PC,FP,0.9855374
1260235,4830.01,PC,PC,7.6945481
17896514,4831.01,PC,PC,2.6375869
186470968,4832.01,PC,PC,2.7805098
176442805,4833.01,PC,PC,3.6520005
77550515,4834.01,PC,PC,3.118166
434428836,4835.01,PC,PC,5.1953991
231559817,4836.01,PC,PC,5.10350913809705
19612445,4837.01,PC,PC,4.4644761
374200604,4838.01,FP,FP,0.7600190181346775
38118291,4839.01,PC,PC,13.3441946
80029842,4840.01,PC,FP,2.3992876
453060368,4841.01,PC,PC,9.6284672
131034657,4842.01,PC,PC,5.3374045
258051471,4843.01,PC,PC,8.3548746
143994382,4844.01,PC,PC,4.5425274
26305150,4845.01,PC,PC,4.21908996709602
418971787,4846.01,PC,FP,1.0638184
186541435,4847.01,PC,PC,7.0465721
134596619,4848.01,PC,PC,3.72354069576951
132534906,4849.01,EB,FP,3.0617364
332705008,4850.01,PC,PC,7.67781585888636
60377863,4851.01,PC,CP,21.6091483
74712191,4852.01,PC,PC,7.2307407
74530173,4853.01,PC,PC,7.2333744
70780410,4854.01,PC,PC,3.9230475
44514807,4855.01,PC,PC,7.5872202
428685938,4856.01,EB,FP,14.4896397
35972578,4857.01,PC,PC,1.8881146
262499797,4858.01,PC,FP,1.75091172663579
152467154,4859.01,PC,PC,7.1878971
335590096,4860.01,PC,CP,1.5229985
71341774,4861.01,PC,PC,3.4321678
322807371,4862.01,PC,CP,0.0
143032776,4863.01,PC,FP,12.4856615
48274889,4864.01,PC,PC,5.2410982
143059017,4865.01,PC,APC,1.2655205
35758536,4866.01,PC,PC,4.1059615
74484423,4867.01,PC,PC,2.835273
362370757,4868.01,PC,PC,3.5164369
71221700,4869.01,PC,PC,3.0978928
446135868,4870.01,PC,PC,1.8119168
168158622,4871.01,PC,PC,1.7687528
310822679,4872.01,PC,PC,1.7125104
228694725,4873.01,PC,APC,0.8313018
463754499,4874.01,PC,PC,2.2866856
133512515,4875.01,PC,PC,9.7929019
458300989,4876.01,PC,PC,4.1379542
447054140,4877.01,PC,PC,5.2220526
144155193,4878.01,PC,PC,4.728422
45465399,4879.01,PC,FP,5.3763108
245099574,4880.01,PC,PC,3.4717583
359735804,4881.01,PC,PC,4.4158835
458331312,4882.01,PC,PC,4.4360402
446463666,4883.01,PC,PC,4.4967355
80681136,4884.01,PC,PC,1.53008428457586
72504752,4885.01,PC,PC,6.9392854
457743020,4886.01,PC,FP,3.251249
274911400,4887.01,PC,PC,5.1873583
309292963,4888.01,PC,PC,9.4185437
441936163,4889.01,PC,PC,1.895234
92004082,4890.01,PC,PC,3.047127526715941
458199018,4891.01,PC,PC,2.44980118577023
6010784,4892.01,PC,PC,4.516649
441234277,4893.01,PC,PC,7.3262605
469333534,4894.01,PC,PC,3.5611222
463365347,4895.01,PC,PC,8.9641788
438278301,4896.01,PC,PC,5.1609259
81693792,4897.01,PC,PC,4.3066915
124235800,4898.01,PC,PC,2.7652293
376610581,4899.01,PC,PC,2.3908076
425508314,4900.01,PC,PC,7.6650157
107017977,4901.01,PC,PC,16.0462248
358072664,4902.01,PC,FP,4.1934945
457789844,4903.01,PC,PC,4.9142901
464388115,4904.01,PC,PC,2.4118274
463011281,4905.01,PC,PC,11.1378464
385459345,4906.01,PC,PC,11.9768240862971
447585233,4907.01,PC,PC,3.3405202
356835341,4908.01,PC,PC,19.7112002
272211398,4909.01,PC,PC,11.6484665224403
303327435,4910.01,PC,PC,5.5066909541317
303814029,4911.01,PC,PC,4.4573401
219769290,4912.01,PC,PC,7.4105517
72401290,4913.01,PC,PC,6.5430693
49254857,4914.01,PC,CP,10.5988743
440937096,4915.01,PC,PC,3.3362143
454069765,4916.01,KP,KP,4.1197036
317362389,4917.01,PC,PC,4.7738904
60859922,4918.01,PC,PC,6.5329169
155419920,4919.01,PC,PC,3.6470909
132611413,4920.01,PC,PC,2.5329225160391173
404227343,4921.01,PC,PC,3.4975869
411943564,4922.01,PC,PC,7.5492321
219181903,4923.01,PC,PC,12.9175271
307099276,4924.01,PC,PC,3.1467665
399847887,4925.01,PC,PC,3.9511085
454828937,4926.01,PC,PC,6.809144
376421071,4927.01,PC,PC,0.8166936
448820344,4928.01,PC,PC,2.7792649
359403471,4929.01,PC,PC,2.5547255
307221757,4930.01,PC,PC,6.7789159
296850254,4931.01,PC,PC,6.7635161
148772620,4932.01,PC,PC,3.9417247
35106764,4933.01,PC,PC,5.3861006
292797572,4934.01,PC,FP,2.8013515
412635642,4935.01,PC,PC,17.42198088044521
68030406,4936.01,PC,PC,4.7750178
241638905,4937.01,PC,PC,5.0414219
457018819,4938.01,PC,PC,2.913692
149109125,4939.01,PC,PC,9.1717558
237929468,4940.01,PC,CP,25.8663868915017
77680373,4941.01,PC,PC,3.5569996
166242494,4942.01,PC,PC,7.9248476
418567812,4943.01,PC,PC,8.0176705
242190195,4944.01,PC,PC,4.075051
332017079,4945.01,PC,PC,1.6500255
319783554,4946.01,PC,FP,1.819376
382975217,4947.01,PC,PC,4.1400273
160476088,4948.01,PC,FP,0.4722347
401028336,4949.01,PC,PC,1.7819156
245341495,4950.01,PC,PC,3.9358604
448435566,4951.01,PC,PC,4.1042587
400073524,4952.01,PC,PC,0.6534841
405571798,4953.01,PC,PC,2.9590176
147723246,4954.01,PC,PC,6.6819653
188865842,4955.01,PC,PC,3.1409607
8005485,4956.01,PC,PC,5.1087099
412485680,4957.01,PC,PC,4.6622996
457649900,4958.01,PC,PC,748.8277169
290337456,4959.01,PC,PC,4.6011828
329672278,4960.01,PC,PC,4.0557174
420202798,4961.01,PC,PC,7.479337401122791
210681065,4962.01,PC,PC,2.074205
407827885,4963.01,PC,PC,2.365766
406443564,4964.01,PC,FP,1.1167145
129890791,4965.01,PC,PC,7.0857491
295507430,4966.01,PC,PC,7.3136902
243476396,4967.01,PC,PC,0.5979368
253961767,4968.01,PC,PC,2.2355936087593
406106335,4969.01,PC,PC,3.0773658
359523751,4970.01,PC,PC,4.833881268634787
453942180,4971.01,PC,PC,7.9674915
149585119,4972.01,PC,PC,2.6492703
397522142,4973.01,PC,PC,7.9486299
148478039,4974.01,PC,PC,10.6006859
304085024,4975.01,PC,PC,4.4834145
210629725,4976.01,PC,PC,3.027103
68081952,4977.01,PC,PC,7.7023687
145204443,4978.01,PC,PC,4.7190303
311736478,4979.01,PC,PC,3.6305988
200435203,4980.01,PC,PC,16.1565078
14029793,4981.01,PC,PC,0.2097217
46627476,4982.01,PC,PC,2.5665666
80137654,4983.01,PC,PC,5.7527363
177391159,4984.01,PC,PC,3.6748618
294315741,4985.01,EB,FP,3.5678072
5592720,4986.01,PC,PC,6.5946181
293607057,4987.01,PC,CP,4.2889696
445392860,4988.01,PC,PC,2.36965479187715
303385111,4989.01,PC,PC,3.429078
295312916,4990.01,PC,PC,5.6386197
247180220,4991.01,PC,PC,0.7702101
362111691,4992.01,PC,PC,4.8807474
360221713,4993.01,PC,PC,3.1062522
277128619,4994.01,PC,CP,21.4921464
294295243,4995.01,PC,PC,8.7802662
384709136,4996.01,PC,PC,4.8131406
340624586,4997.01,PC,PC,13.3178839
76228620,4998.01,PC,PC,9.7800223
33227166,4999.01,PC,PC,5.5846356
179230828,5000.01,PC,PC,5.5422295
179230828,5000.02,PC,PC,15.3392841
95709395,5001.01,PC,PC,5.069043
418471116,5002.01,PC,PC,3.7318818
301900477,5003.01,PC,PC,4.4540914
384386062,5004.01,PC,PC,5.7626113
282485660,5005.01,PC,CP,6.3084728
449107129,5006.01,PC,PC,4.254955
424196109,5007.01,PC,CP,2.5432595
150531994,5008.01,PC,PC,2.7755354543684936
463781038,5009.01,PC,PC,8.1755735
276735500,5010.01,PC,PC,6.7107895
418298773,5011.01,PC,PC,2.6060495
245728942,5012.01,PC,PC,4.18438
287494667,5013.01,PC,PC,8.989491
362032529,5014.01,PC,PC,3.4507193
221656234,5015.01,PC,PC,2.4533968
68322189,5016.01,PC,FP,1.2833689
302054555,5017.01,PC,PC,3.3677179
294691204,5018.01,PC,PC,6.5859565
420829332,5019.01,PC,PC,1.090295
310266243,5020.01,PC,PC,5.3450209
403405969,5021.01,PC,PC,12.975062
208772468,5022.01,PC,PC,2.244541
213111428,5023.01,PC,PC,2.2749988
344130921,5024.01,PC,PC,14.7765802
217838717,5025.01,PC,PC,2.8846592
161247580,5026.01,PC,PC,3.2813635
361711730,5027.01,PC,CP,10.2436729
76894548,5028.01,PC,PC,3.9353218
154400369,5029.01,PC,PC,3.8861815
444290896,5030.01,PC,PC,4.4299239
46807139,5031.01,PC,PC,4.5314275
283665218,5032.01,PC,PC,6.032661
318180448,5033.01,PC,PC,5.4695364
306990399,5034.01,PC,PC,8.7042937
401509690,5035.01,PC,PC,5.8009082
406726743,5036.01,PC,PC,17.7481897
263486257,5037.01,PC,PC,4.12454728554742
127115861,5038.01,PC,PC,0.9990876
396649769,5039.01,PC,PC,2.1967461
412828754,5040.01,PC,PC,3.3808424
324609476,5041.01,EB,FP,0.7338919631503077
282221346,5042.01,PC,PC,5.6316098
75522633,5043.01,PC,PC,3.8027513
298946836,5044.01,PC,PC,5.55566145824392
297950791,5045.01,PC,PC,3.4792084
306512967,5046.01,PC,PC,11.1838046
291857895,5047.01,PC,PC,7.3142625
323022088,5048.01,PC,APC,1.3583233
261020738,5049.01,PC,PC,2.9204289
282701278,5050.01,PC,PC,2.3064574
217933560,5051.01,PC,PC,3.5980715
208151094,5052.01,PC,PC,4.0668104
324426685,5053.01,PC,PC,9.8830331
401704685,5054.01,PC,PC,4.2100055
407146538,5055.01,O,FP,2.0915616
216925130,5056.01,PC,PC,7.6686232
37291237,5057.01,PC,PC,1.1437772
277034534,5058.01,PC,PC,23.7123919
458027465,5059.01,PC,PC,8.7876771
16264917,5060.01,PC,PC,1.2695326
214218272,5061.01,PC,PC,3.3645349
294768072,5062.01,PC,PC,6.2244575
173979859,5063.01,PC,PC,3.613799
407127579,5064.01,PC,PC,3.5108018
243244680,5065.01,KP,KP,19.4921473
56655478,5066.01,PC,PC,1.3454079
117275513,5067.01,KP,KP,4.6886342
366631954,5068.01,KP,KP,4.7369669
381360757,5069.01,PC,PC,8.8558739
319968129,5070.01,EB,FP,6.216994
307733361,5071.01,KP,KP,1.6739029
7059054,5072.01,KP,KP,5.185768
458686969,5073.01,PC,PC,3.1393667
6893917,5074.01,KP,KP,3.08017952766776
23113034,5075.01,EB,FP,1.7134571
303432813,5076.01,CP,CP,23.4428912
87873211,5077.01,PC,PC,5.8879518
303523128,5078.01,PC,PC,1.5110224
69672493,5079.01,EB,FP,1.4920726
17409453,5080.01,KP,KP,9.72665
203214138,5081.01,KP,KP,5.1699026
437011608,5082.01,PC,CP,4.2403543
5882269,5083.01,KP,KP,4.7948642
438260486,5084.01,PC,PC,5.8321337
6785559,5085.01,PC,PC,4.5117148
178217113,5086.01,KP,KP,2.9956366
18310799,5087.01,KP,KP,17.3070631
234388232,5088.01,PC,PC,10.3883213
234388232,5088.02,PC,PC,13.4155226
330687113,5089.01,KP,KP,5.11383503555561
184892124,5090.01,KP,KP,1.98280412480463
438073782,5091.01,PC,PC,3.6413702
90853136,5092.01,PC,APC,2.36269008111204
63189173,5093.01,KP,KP,2.29840578874573
19028197,5094.01,KP,KP,3.33665106328833
434226736,5095.01,KP,KP,3.48455432425138
26826078,5096.01,KP,KP,2.8753183
203214081,5097.01,KP,KP,5.7459945
14770122,5098.01,KP,KP,3.54387321128987
91481801,5099.01,PC,PC,14.4507561292467
349582831,5100.01,PC,PC,3.45321430397395
366410512,5101.01,KP,KP,10.1367283
82508808,5102.01,PC,APC,0.452201305869498
366443576,5103.01,PC,APC,4.9898664
415443327,5104.01,PC,PC,4.89037604678938
203287192,5105.01,PC,PC,4.4455436
59351345,5106.01,PC,PC,2.4361097
97735297,5107.01,PC,FP,1.8354365
350348197,5108.01,PC,CP,6.7535728
411930845,5109.01,PC,PC,3.2104815
239977528,5110.01,PC,CP,30.1584857
203289099,5111.01,KP,KP,3.3557219
337385330,5112.01,PC,PC,15.532806
2685481,5113.01,PC,PC,4.136488
26693519,5114.01,PC,PC,6.1539077
366499151,5115.01,PC,PC,13.8240078
149496868,5116.01,PC,PC,3.4355113
26469462,5117.01,PC,PC,11.6986928
438412198,5118.01,PC,PC,1.5749553
75427473,5119.01,EB,FP,1.4713984
58723861,5120.01,PC,PC,24.9163182
366568760,5121.01,KP,KP,8.4071591
116668723,5122.01,PC,PC,3.3885867
332022997,5123.01,KP,KP,3.2810298609871
332022997,5123.02,KP,KP,8.43889970960843
306902029,5124.01,PC,FP,1.0754572
247906954,5125.01,PC,PC,5.909621
27064468,5126.01,CP,CP,5.4589863
27064468,5126.02,CP,CP,17.9051919
438170612,5127.01,PC,PC,17.5328625
406495245,5128.01,PC,PC,7.6014943
101520163,5129.01,PC,PC,7.4121119
75589027,5130.01,PC,PC,2.1667786
350043412,5131.01,PC,PC,9.4813433
114516994,5132.01,PC,APC,1.5985577
312221462,5133.01,EB,FP,30.4408598
95010343,5134.01,PC,FP,6.880459
172110606,5135.01,EB,FP,2.0197299
175236511,5136.01,KP,KP,7.8092052
14570132,5137.01,PC,PC,3.2092033
38087018,5138.01,KP,KP,1.72926812423633
95337971,5139.01,PC,PC,5.9471027
175193677,5140.01,PC,PC,15.6113633266136
350020859,5141.01,KP,KP,11.8141726152559
393495970,5142.01,KP,KP,1.75542853529876
281837575,5143.01,PC,PC,5.20970995776126
281837575,5143.02,PC,PC,2.38433043519587
380619414,5144.01,KP,KP,2.65567525096198
281885301,5145.01,KP,KP,7.91778552859751
173103335,5146.01,KP,KP,10.0546003105448
95361530,5147.01,PC,PC,3.9178573
291517604,5148.01,PC,PC,5.063716042209528
286094277,5149.01,PC,PC,27.3714952486235
40954422,5150.01,EB,FP,1.7578288
388130237,5151.01,PC,PC,92.1950434
257527578,5152.01,CP,CP,54.3212423
124029677,5153.01,PC,CP,20.9108406
240849748,5154.01,PC,APC,17.7256773
388811663,5155.01,KP,KP,9.79565352601142
468889418,5156.01,PC,PC,22.8524131
38161230,5157.01,PC,APC,2.5194039
337647366,5158.01,PC,PC,4.7464485
286712787,5159.01,PC,PC,5.83650984428885
286712787,5159.02,PC,PC,3.64694539132142
4165850,5160.01,PC,PC,4.2807509
277697921,5161.01,PC,PC,5.7519475
60286662,5162.01,KP,KP,8.56232889439015
115010361,5163.01,KP,KP,15.4658691
6892385,5164.01,KP,KP,8.2669589
349986198,5165.01,PC,CP,3.577501
59582240,5166.01,PC,PC,1.7726881
458686504,5167.01,PC,PC,4.8740385
363548415,5168.01,KP,KP,6.7713411
350023518,5169.01,PC,PC,8.0387972
330690135,5170.01,KP,KP,14.7565014944677
110996418,5171.01,PC,PC,15.781410326423163
53287554,5172.01,PC,PC,4.726929399075142
98669309,5173.01,KP,KP,4.00357732993897
49428710,5174.01,CP,CP,12.2193392429859
55266835,5175.01,PC,PC,6.85484645911496
437054764,5176.01,PC,PC,20.3550739068238
350033870,5177.01,PC,CP,2.2085904
149969625,5178.01,KP,KP,14.0666014064463
288671122,5179.01,PC,PC,0.2874782
346972413,5180.01,PC,PC,2.7779767
346667887,5181.01,PC,PC,3.8922407
99654378,5182.01,PC,PC,7.3039588
298829544,5183.01,PC,PC,2.73955910989122
28643432,5184.01,EB,FP,2.2750902661828967
462808933,5185.01,PC,PC,4.2788309
68453985,5186.01,PC,PC,2.503254
441590110,5187.01,PC,PC,17.8597459
141677268,5188.01,PC,PC,22.43341
408549705,5189.01,EB,FP,9.5064017
289574465,5190.01,PC,PC,5.7488688
359469754,5191.01,PC,PC,3.0278609
336125492,5192.01,PC,PC,4.7271324
336126253,5193.01,PC,PC,18.9972068
288612903,5194.01,PC,PC,7.0485133
357145112,5195.01,PC,PC,3.1523405
383828887,5196.01,PC,PC,2.5677096
219431828,5197.01,PC,APC,20.5773388
193628179,5198.01,EB,FP,3.262344589180432
298049015,5199.01,PC,FP,3.9131371
21101556,5200.01,PC,PC,17.4372954
267810289,5201.01,PC,PC,3.8558229
320324079,5202.01,PC,PC,34.6141657
158323182,5203.01,PC,PC,15.1255732
65845738,5204.01,PC,PC,1.593603
419411415,5205.01,PC,CP,1.6306523
159117779,5206.01,PC,PC,4.4716261
147892178,5207.01,PC,PC,24.6951647
147892178,5207.02,PC,PC,67.84102093751775
110738386,5208.01,PC,PC,12.2307873
111108561,5209.01,PC,PC,2.635737
265979849,5210.01,PC,PC,4.5661309
215595454,5211.01,PC,PC,2.0961984
424699834,5212.01,EB,FP,2.40114065612324
247356332,5213.01,PC,PC,4.5333993
7583660,5214.01,PC,PC,5.3333965
236632480,5215.01,PC,PC,7.4244269
256561562,5216.01,PC,PC,1.8951273
215018906,5217.01,PC,PC,4.3713133
259172249,5218.01,PC,CP,4.29148786096161
378708888,5219.01,PC,PC,2.88753
394691478,5220.01,PC,PC,2.0876485
233409941,5221.01,PC,PC,4.4247361
30791047,5222.01,PC,APC,13.3057762
377297285,5223.01,PC,PC,4.06569681870147
406361982,5224.01,PC,PC,5.2819763
383645563,5225.01,PC,PC,22.9367426
195093356,5226.01,EB,FP,7.828359170821241
313453776,5227.01,PC,PC,3.7325203
154014059,5228.01,PC,PC,8.3221959
288428649,5229.01,PC,PC,5.9184575
55778666,5230.01,PC,PC,7.1452343
105387356,5231.01,EB,FP,1.516330227787973
69356857,5232.01,PC,CP,4.0966887
259100469,5233.01,PC,PC,25.763332
335681838,5234.01,PC,PC,15.1016086
154814765,5235.01,PC,PC,26.1442304
193765661,5236.01,PC,PC,10.9974977
435740442,5237.01,PC,PC,2.9889845
219016883,5238.01,PC,CP,4.8721904
230290708,5239.01,PC,PC,11.3182327
40055053,5240.01,PC,FP,4.1793301
305948428,5241.01,PC,PC,4.8398399
426122503,5242.01,PC,PC,2.4038486
322504451,5243.01,PC,PC,1.6087939
352151292,5244.01,PC,PC,5.0821798
123041007,5245.01,PC,APC,0.4305826
295807723,5246.01,PC,FP,0.6972223
289307883,5247.01,PC,PC,12.9177538
256154857,5248.01,PC,APC,0.701239
185598695,5249.01,PC,PC,4.6285493
278105308,5250.01,PC,PC,5.4463931
436007113,5251.01,PC,PC,2.3205922
395385033,5252.01,PC,PC,8.5394045
284660935,5253.01,PC,APC,1.1110609
126225595,5254.01,PC,PC,4.4836616
158325942,5255.01,PC,PC,2.612273
356146869,5256.01,PC,PC,21.1968768
185226925,5257.01,EB,FP,3.1979589129858743
147895461,5258.01,PC,FP,0.5919629
375419034,5259.01,PC,PC,3.0321361
326347927,5260.01,PC,FP,7.2617331
402828941,5261.01,PC,PC,4.1509756
274122380,5262.01,PC,FP,2.873138
275527293,5263.01,PC,PC,3.1501356
435719275,5264.01,PC,PC,4.4274169
219847787,5265.01,PC,PC,11.5914514
312899686,5266.01,EB,FP,4.413741526628374
153971295,5267.01,PC,PC,13.7036806
202468443,5268.01,PC,FP,2.0685871
359321688,5269.01,PC,PC,2.7340756
424112727,5270.01,PC,PC,1.0513177
296461391,5271.01,PC,PC,4.3108587
278668358,5272.01,PC,PC,5.0135727
172871230,5273.01,EB,FP,3.410034090018492
356682805,5274.01,PC,PC,6.1313492
219466803,5275.01,PC,FP,12.5951009
282935857,5276.01,PC,APC,2.3612205
276381737,5277.01,PC,PC,15.9929608
264301607,5278.01,PC,PC,0.435434965011606
7681574,5279.01,PC,PC,16.0104634
194679333,5280.01,PC,PC,9.0165933
405932063,5281.01,PC,PC,5.5047275
329346586,5282.01,PC,PC,1.392516
399956873,5283.01,EB,FP,6.949428
171312653,5284.01,PC,PC,2.0327015
250330564,5285.01,PC,PC,4.3852176
301035553,5286.01,PC,PC,3.2988824
909930,5287.01,PC,APC,4.1976789
857186,5288.01,PC,PC,3.8123614
176279915,5289.01,PC,CP,3.4411264
224217761,5290.01,PC,PC,2.5688104
250983039,5291.01,PC,PC,2.3007511
33397739,5292.01,PC,PC,2.0231137
250111245,5293.01,PC,CP,2.9304371
422486295,5294.01,PC,PC,5.6707432
4619242,5295.01,PC,APC,4.3023572
241102583,5296.01,O,FP,1.7386091
422423972,5297.01,PC,PC,3.3014986
313835568,5298.01,PC,PC,2.6831464
407997410,5299.01,PC,PC,2.5792489
267215820,5300.01,PC,PC,2.2623535
58825110,5301.01,PC,CP,5.8588751
337025682,5302.01,PC,PC,4.2417694
58798731,5303.01,PC,PC,9.809558
293407882,5304.01,PC,PC,3.7079439
408743161,5305.01,PC,PC,4.4632038
387401076,5306.01,PC,PC,5.3331348
369477998,5307.01,PC,APC,5.2976347
422653398,5308.01,PC,FP,8.34034
52052461,5309.01,PC,PC,6.4666483
306204904,5310.01,PC,FP,11.2036244
306401382,5311.01,PC,PC,39.0536929
399724238,5312.01,PC,PC,46.1965072
347469901,5313.01,PC,PC,3.2571037
302202317,5314.01,PC,PC,2.5351022
126982221,5315.01,PC,PC,2.4704071
309439436,5316.01,PC,PC,0.9997277
408824640,5317.01,PC,PC,8.662046
435871546,5318.01,PC,PC,4.9583217
246965431,5319.01,PC,CP,4.0785273
257562160,5320.01,PC,APC,0.3852177
243153196,5321.01,EB,FP,10.139226746418949
336691874,5322.01,PC,PC,5.4233428
272146465,5323.01,PC,APC,5.8049376
408643099,5324.01,PC,PC,5.0269053
270406298,5325.01,PC,APC,15.057596
257922326,5326.01,PC,PC,3.133469
303502327,5327.01,PC,PC,4.6671176
58372253,5328.01,PC,PC,5.4886518
61145589,5329.01,PC,PC,3.7796053
436843539,5330.01,PC,PC,4.6303272
387544178,5331.01,PC,PC,22.7545332
387515920,5332.01,PC,PC,3.9544873
96948338,5333.01,PC,PC,11.4420309
247409676,5334.01,PC,PC,3.6136326
381360750,5335.01,PC,PC,3.6139919
430099722,5336.01,PC,PC,4.0153167
27294830,5337.01,PC,FP,0.7135221
467615239,5338.01,PC,PC,2.6429687
101348333,5339.01,PC,PC,15.1873222
14156936,5340.01,PC,PC,4.9393117
90669930,5341.01,PC,PC,20.6875239
356990855,5342.01,PC,PC,0.5894678
34980970,5343.01,PC,PC,12.836391
16005254,5344.01,PC,CP,3.7927572
96165095,5345.01,PC,PC,1.1062164
26018819,5346.01,PC,PC,3.9783327
21119973,5347.01,PC,PC,1.7109175
366527844,5348.01,PC,PC,3.08900697511723
26054627,5349.01,PC,CP,3.3176675
68808155,5350.01,PC,PC,7.5811005
27476314,5351.01,PC,PC,2.8817237
69995219,5352.01,PC,PC,2.0389145
113919944,5353.01,PC,FP,1.2297408
34781378,5354.01,PC,PC,4.7949288
96170689,5355.01,PC,PC,9.6125545
467684543,5356.01,PC,PC,3.1948695
150006846,5357.01,PC,PC,9.6995203
46631742,5358.01,PC,PC,2.65991324455985
90767677,5359.01,PC,PC,1.6817287
427578289,5360.01,PC,APC,4.0107869
366602797,5361.01,PC,FP,1.3574339
308522539,5362.01,PC,PC,13.7279713
426448042,5363.01,PC,PC,6.7504762
366754985,5364.01,PC,PC,1.4466879
21132157,5365.01,PC,PC,4.0069668
45034406,5366.01,PC,PC,1.5328484
81178747,5367.01,PC,PC,1.66495847658037
56457123,5368.01,PC,PC,3.612762
113804153,5369.01,PC,PC,4.24603515753603
400381085,5370.01,PC,PC,3.7539574
17457400,5371.01,PC,PC,1.27615
371470493,5372.01,PC,PC,11.6270831
9155187,5373.01,KP,KP,4.18783747823124
20096620,5374.01,KP,KP,2.91640044952125
71268730,5375.01,PC,PC,1.72155754258619
219113246,5376.01,PC,APC,2.9859596
467153319,5377.01,PC,PC,4.4626933
321069529,5378.01,PC,PC,5.2841676
328325110,5379.01,PC,APC,12.7426508
441587756,5380.01,PC,PC,3.7723119
241174783,5381.01,PC,FP,4.08028642176199
356472238,5382.01,PC,PC,14.5416243
166053959,5383.01,PC,PC,2.8114961
165297570,5384.01,KP,KP,2.9895092
85266608,5385.01,PC,PC,5.16655485276236
202425357,5386.01,PC,PC,3.6215615
166086403,5387.01,PC,PC,2.8037514
407591297,5388.01,PC,CP,2.594675
39143128,5389.01,PC,PC,10.4014008185337
8853478,5390.01,PC,PC,15.0619708266323
298600443,5391.01,PC,APC,13.6421377
198512478,5392.01,PC,PC,17.5313321
313425396,5393.01,PC,PC,30.0017176
61109252,5394.01,PC,APC,15.1935123
298070500,5395.01,PC,PC,6.5811814
202428245,5396.01,EB,FP,32.1400505
18019350,5397.01,PC,PC,9.6477019
8260536,5398.01,CP,CP,10.590923
8260536,5398.02,CP,CP,4.7728997
284688043,5399.01,PC,FP,4.0625969
332564140,5400.01,PC,PC,19.8067259
397058826,5401.01,PC,CP,6.82910294360144
29781207,5402.01,PC,PC,3.31740262863391
438519486,5403.01,PC,PC,12.8355591
56798909,5404.01,PC,PC,2.177475
172353721,5405.01,PC,PC,9.0711977
127226712,5406.01,PC,PC,0.8045139
372424377,5407.01,PC,PC,5.4683192
430093142,5408.01,PC,PC,0.9598377
115628210,5409.01,PC,APC,0.594385
76882795,5410.01,PC,PC,4.1059353
76032342,5411.01,PC,PC,3.0604071
386197662,5412.01,PC,PC,0.3828485
269838674,5413.01,PC,PC,12.612483
371164829,5414.01,PC,PC,10.7833596
52517713,5415.01,PC,PC,2.9858191
87405719,5416.01,PC,PC,13.0086903125686
79316101,5417.01,PC,PC,2.8675385
115564354,5418.01,PC,FP,1.6421819
68443254,5419.01,PC,PC,4.8002161
195155818,5420.01,PC,PC,6.0614403
47132480,5421.01,PC,PC,6.5552932
80611440,5422.01,PC,PC,5.37679969837488
47319867,5423.01,PC,PC,5.71884138453482
47319867,5423.02,PC,PC,3.39280269009677
436099179,5424.01,PC,FP,0.8999342
429501231,5425.01,PC,APC,0.4553752
127957099,5426.01,PC,APC,5.8095099
52420398,5427.01,PC,PC,5.2374183
76545118,5428.01,PC,PC,3.0343155
5800958,5429.01,PC,FP,4.2318085
46774573,5430.01,PC,PC,3.8635521
302895184,5431.01,PC,PC,4.788785
86898676,5432.01,PC,PC,2.9525486
75697959,5433.01,PC,PC,4.1459886
307377219,5434.01,PC,FP,4.1629444
294309873,5435.01,PC,PC,1.2699324
155369758,5436.01,PC,PC,11.9285531
6853696,5437.01,PC,PC,3.42015
367193060,5438.01,PC,PC,2.5842514
247912728,5439.01,PC,PC,5.0775738
29374525,5440.01,PC,FP,3.813812
91697121,5441.01,PC,PC,2.8633026
406684949,5442.01,PC,APC,12.7091678
400515645,5443.01,PC,PC,1.6757659
367193046,5444.01,PC,APC,10.2780324
255735567,5445.01,PC,APC,6.3780197
84788795,5446.01,PC,FP,4.49773074756828
239722954,5447.01,PC,FP,1.4958429
291016451,5448.01,PC,PC,3.214031
119130170,5449.01,PC,PC,2.5444539
6653897,5450.01,PC,FP,0.8857522
69028091,5451.01,PC,PC,1.6822448
101569583,5452.01,PC,PC,0.990791447449521
58997701,5453.01,PC,PC,8.37624426477932
26406123,5454.01,PC,PC,3.7196227
75171363,5455.01,PC,PC,4.267781
87044036,5456.01,PC,FP,1.0711292
456971986,5457.01,PC,PC,1.2452975
367434266,5458.01,PC,PC,22.0632968500409
1942969,5459.01,PC,PC,2.8078585
445990611,5460.01,PC,PC,6.2987919
118963720,5461.01,PC,PC,7.4603194
79971247,5462.01,PC,PC,3.5533716
437786834,5463.01,PC,PC,1.10080402558729
171646471,5464.01,PC,PC,1.1606902
87827371,5465.01,PC,APC,4.39834920403595
45368525,5466.01,PC,PC,2.8066134
83275782,5467.01,PC,FP,2.6570006
172222885,5468.01,PC,PC,20.9233666
302419660,5469.01,PC,PC,29.3312035
367267217,5470.01,PC,APC,1.450491
47132361,5471.01,PC,PC,4.9017215
76798849,5472.01,PC,PC,2.2703829
81808065,5473.01,PC,PC,7.5554044
97669493,5474.01,PC,PC,8.4332312
78601408,5475.01,PC,APC,10.0532043
353361266,5476.01,PC,PC,10.3413829
127229631,5477.01,PC,PC,5.8936518
95122849,5478.01,PC,APC,8.3026667
95122849,5478.02,PC,FP,10.1197017
67444896,5479.01,PC,PC,15.1306782
46307587,5480.01,PC,PC,3.6079916
69295263,5481.01,PC,PC,3.9315754
459947163,5482.01,PC,PC,7.9923268
192982424,5483.01,PC,PC,3.7702854
443961200,5484.01,PC,APC,1.1282471
186815660,5485.01,PC,PC,2.5840753
291109653,5486.01,PC,PC,2.0247088
302305400,5487.01,PC,PC,4.6549271
281815702,5488.01,PC,PC,3.1910454
468983280,5489.01,PC,PC,3.15221310420767
468983280,5489.02,PC,PC,4.92127878927644
59575189,5490.01,PC,PC,2.5193047
247166992,5491.01,PC,PC,5.0280368
350024178,5492.01,PC,PC,2.9238483
468979441,5493.01,PC,PC,24.4383239376569
468979441,5493.02,PC,PC,9.40436517882412
468979441,5493.03,PC,CP,14.5643289257534
14440334,5494.01,PC,PC,2.0760349
380671216,5495.01,PC,PC,9.6569059
323658120,5496.01,EB,FP,43.8418559
270679144,5497.01,PC,PC,11.2120396
262736264,5498.01,PC,PC,18.2050594
386772576,5499.01,PC,PC,4.8038446
62740096,5500.01,PC,PC,1.7530712
94823134,5501.01,PC,PC,24.166804
126322519,5502.01,PC,PC,11.6260799
350044062,5503.01,PC,FP,5.9522831
95079513,5504.01,PC,PC,13.2414304
374350678,5505.01,PC,PC,11.1064221
385312460,5506.01,PC,PC,19.5862903
377097547,5507.01,PC,PC,1.5068165277376
406140233,5508.01,PC,PC,3.1816478
35285308,5509.01,PC,PC,5.7656076
26865340,5510.01,PC,PC,5.7380349
389040826,5511.01,PC,PC,4.7174703
366698929,5512.01,PC,PC,4.5589188
184869170,5513.01,PC,FP,7.7235903
63190194,5514.01,PC,PC,1.7459947
55275863,5515.01,PC,PC,8.59263328645024
70678449,5516.01,PC,PC,4.3776584
307951656,5517.01,PC,PC,4.5867288
386620582,5518.01,PC,APC,4.469996
443582629,5519.01,PC,PC,5.85125865012478
374180079,5520.01,KP,KP,14.6980800316566
374180079,5520.02,KP,KP,19.4834832961293
396932137,5521.01,PC,PC,18.5146638
366409685,5522.01,PC,APC,1.3852160668388522
443616612,5523.01,PC,PC,0.0
443616612,5523.02,KP,KP,3.47128026239719
277833995,5524.01,KP,KP,2.29799150846319
345450130,5525.01,PC,PC,2.75215954735489
335540507,5526.01,PC,PC,10.864727950461518
415399713,5527.01,PC,PC,346.161482833276
458686847,5528.01,KP,KP,1.2916033570324492
366411016,5529.01,KP,KP,8.86528860869203
244170332,5530.01,PC,PC,0.477438201731769
88114177,5531.01,PC,CP,4.53522547354428
318836983,5532.01,PC,PC,5.65396888659613
318836983,5532.02,PC,PC,2.39298013545685
155093420,5533.01,PC,PC,1.60989538874813
176868951,5534.01,KP,KP,0.369305719843571
411697517,5535.01,KP,KP,3.38631713617807
268143410,5536.01,PC,PC,3.1479748
17555760,5537.01,PC,PC,22.2897649
337648770,5538.01,PC,PC,23.8995950169509
178266267,5539.01,PC,PC,7.1123703
456305193,5540.01,EB,FP,1.0995742
231721006,5541.01,PC,PC,9.0182382
466206508,5542.01,CP,CP,75.1247037
17385917,5543.01,PC,CP,3.5424465963528
68893269,5544.01,PC,PC,4.20507412692213
301624989,5545.01,PC,PC,1.96133691104496
59744366,5546.01,PC,PC,9.84793255833199
63013648,5547.01,PC,FP,19.630497760606
155012162,5548.01,PC,PC,18.9690014181982
6499453,5549.01,PC,PC,7.43238816128124
195187769,5550.01,PC,PC,13.955959
387974148,5551.01,PC,PC,2.40541002756624
3224605,5552.01,PC,PC,28.6503406883569
218354669,5553.01,PC,PC,1.76171650796953
91287873,5554.01,PC,PC,26.6942789818044
388804061,5555.01,KP,KP,32.9373716794679
55315929,5556.01,KP,KP,0.719571209844274
323687123,5557.01,CP,CP,4.01798053812883
14570099,5558.01,KP,KP,26.1944548547795
456945304,5559.01,KP,KP,2.1408063
238606535,5560.01,PC,PC,702.469226968295
330637910,5561.01,PC,PC,2.00745282887239
17307715,5562.01,KP,KP,13.8532745404664
239198720,5563.01,PC,PC,0.0
127505658,5564.01,PC,PC,760.05300384461
127505658,5564.02,PC,PC,45.4964928
117892246,5565.01,PC,PC,3.2601896
73250068,5566.01,PC,PC,14.5814997
456335739,5567.01,PC,PC,13.62636
142785421,5568.01,PC,PC,16.2601049
267484403,5569.01,PC,PC,5.4021326
302381442,5570.01,PC,PC,23.1678315
88565745,5571.01,PC,PC,731.4778512
9151337,5572.01,PC,PC,5.8586824
459762279,5573.01,PC,CP,8.7960328
268405086,5574.01,PC,FP,6.8242909
160162137,5575.01,PC,PC,32.0736228
137543637,5576.01,PC,FP,1.2833113
98833877,5577.01,PC,PC,0.358558
154563411,5578.01,PC,PC,13.4659853
252928337,5579.01,PC,PC,19.8628449
366298702,5580.01,PC,PC,5.2782582
456306892,5581.01,PC,PC,33.53868911943386
392064198,5582.01,PC,PC,4.51125
357244603,5583.01,PC,PC,3.0650073
29169215,5584.01,PC,PC,18.6300789
188389305,5585.01,PC,PC,1.8434549
160165689,5586.01,PC,PC,8.9165771
29069242,5587.01,PC,PC,3.7349773
141762491,5588.01,PC,PC,8.9109435
51094586,5589.01,PC,PC,5.6895053
9907513,5590.01,PC,PC,1.2749899
192969211,5591.01,PC,PC,12.8665269
88529975,5592.01,PC,PC,2.6085851
468433454,5593.01,PC,PC,4.7974601
53394475,5594.01,PC,PC,9.2271917
302908969,5595.01,PC,PC,5.9900508
203144354,5596.01,PC,APC,0.3642961
85284138,5597.01,PC,PC,1.9784368
237108775,5598.01,PC,PC,6.2948747
159160230,5599.01,PC,PC,5.4368408
287268770,5600.01,PC,PC,10.717359
237097499,5601.01,PC,PC,9.5197732
101592219,5602.01,PC,PC,5.4853379
224293782,5603.01,PC,PC,0.5736183
237015185,5604.01,PC,PC,11.1801504
252469648,5605.01,PC,PC,5.9133875
171599496,5606.01,PC,PC,1.236949
233070717,5607.01,PC,PC,3.2750907
229713401,5608.01,PC,PC,6.4424263
17122808,5609.01,PC,PC,4.019251
252481136,5610.01,PC,PC,7.9454767
232624234,5611.01,PC,PC,11.3630224
232624234,5611.02,PC,PC,26.7159918460168
18021087,5612.01,PC,PC,7.1314563
165413340,5613.01,PC,PC,12.782983
148960849,5614.01,PC,PC,4.172202
235711993,5615.01,PC,PC,11.7672708
154220877,5616.01,PC,CP,2.002703012280008
9376973,5617.01,PC,PC,3.154201
56999883,5618.01,PC,PC,3.5254325
224299081,5619.01,PC,PC,37.9984529
165414210,5620.01,PC,PC,3.2856588
219467837,5621.01,PC,FP,39.9753375
288162228,5622.01,PC,PC,3.0594206
420174131,5623.01,PC,PC,3.6636707
53498154,5624.01,PC,CP,13.7317565
53498154,5624.02,PC,CP,3.3903593
53498154,5624.03,PC,CP,7.8854383
53498154,5624.04,PC,CP,21.4904723
137020480,5625.01,PC,PC,3.4645195
376645976,5626.01,PC,PC,716.2159783
335813590,5627.01,PC,PC,7.5575607395815
135100529,5628.01,PC,CP,4.34150966691661
298437387,5629.01,PC,PC,2.2853731
316416562,5630.01,PC,PC,3.2220038
347430350,5631.01,KP,KP,2.2438471
420779000,5632.01,KP,KP,4.23421531199059
119131709,5633.01,PC,PC,17.2837171955732
119585136,5634.01,PC,CP,2.2054776
233173039,5635.01,PC,PC,25.0577354
105616091,5636.01,PC,PC,4.2744435
136992839,5637.01,PC,PC,17.7916498
154258295,5638.01,PC,PC,1.0034686
166054851,5639.01,PC,PC,3.3957241
373729723,5640.01,PC,FP,13.0518467
141202786,5641.01,PC,PC,2.1808015
160521907,5642.01,PC,PC,10.2682326
284592754,5643.01,PC,APC,17.1101127
441658213,5644.01,PC,APC,6.640285
156377968,5645.01,PC,PC,4.5362433
366804698,5646.01,PC,CP,2.4277208
67743054,5647.01,PC,PC,4.0134273
23863106,5648.01,O,FP,3.3078803
392319808,5649.01,PC,PC,4.7518771
353807936,5650.01,PC,PC,34.2825595
256326844,5651.01,PC,PC,10.6893108
232628532,5652.01,PC,PC,18.2598774
298729646,5653.01,PC,PC,7.4992916
233465389,5654.01,PC,PC,4.2528141
282940781,5655.01,PC,PC,29.120986
458458156,5656.01,PC,PC,3.2487833
441736986,5657.01,PC,PC,0.8037513
119178132,5658.01,PC,PC,1.6064494
207491214,5659.01,PC,APC,6.2230846
311116297,5660.01,PC,PC,4.8183501
349312122,5661.01,PC,PC,2.8329023
422217860,5662.01,PC,PC,2.3144207
198161914,5663.01,PC,PC,45.0854117
158022899,5664.01,PC,PC,3.8863969
274223601,5665.01,PC,PC,2.2465076
235684964,5666.01,PC,PC,5.468394
28242530,5667.01,PC,PC,19.511064
357347296,5668.01,PC,PC,4.1753448
162577468,5669.01,PC,PC,3.676651
860207014,5670.01,PC,PC,14.616858
23863105,5671.01,PC,PC,3.3079817
461239485,5672.01,KP,KP,3.03908506593102
175772482,5673.01,KP,KP,2.83862150637352
368805700,5674.01,KP,KP,3.57718908979436
181949561,5675.01,KP,KP,4.055283210790846
311133118,5676.01,KP,KP,3.50616494167509
287959034,5677.01,PC,APC,3.8480524247354935
209464063,5678.01,CP,CP,119.3355264
143257768,5679.01,PC,PC,1.6622263
368739874,5680.01,PC,CP,3.3575477
207439380,5681.01,PC,APC,1.1041295
17538423,5682.01,PC,PC,3.1159994
155949264,5683.01,PC,PC,0.7748443
32260988,5684.01,PC,PC,1.1000285
460396820,5685.01,KP,KP,2.3409909
255928426,5686.01,PC,PC,4.2366102
281100535,5687.01,PC,APC,2.924439
193634953,5688.01,PC,CP,2.9479689
323250919,5689.01,PC,PC,3.3299795
115508409,5690.01,PC,PC,10.4995545
17652022,5691.01,PC,PC,3.3894889
37150278,5692.01,PC,PC,1.6929628
272519426,5693.01,PC,PC,2.8900249
23638678,5694.01,PC,APC,1.1544795
103865797,5695.01,PC,FP,2.2232698
393546540,5696.01,PC,PC,1637.265104
393546540,5696.02,PC,CP,32.429738
393546540,5696.03,PC,PC,0.0
416739490,5697.01,PC,PC,6.21833216425513
264052454,5698.01,PC,PC,2.346931
224328450,5699.01,PC,PC,22.0183163
76193403,5700.01,PC,PC,1.7812778
43276438,5701.01,PC,PC,15.0764899
141985686,5702.01,PC,FA,3.1291319
10792081,5703.01,PC,PC,10.1694553
148673433,5704.01,PC,CP,3.7711066303438
165625229,5705.01,PC,PC,10.5998647
137843225,5706.01,PC,PC,0.3576555131155072
441614965,5707.01,PC,PC,2.0364271
335813325,5708.01,PC,PC,2.69536978311322
286813592,5709.01,PC,PC,3.38102268268616
173002823,5710.01,PC,PC,28.4064642761436
441804533,5711.01,PC,PC,16.3036749781653
388898854,5712.01,PC,PC,8.20772638373267
219041246,5713.01,PC,CP,10.4419896103344
467158766,5714.01,PC,PC,7.77849472846206
147923561,5715.01,PC,PC,6.282299322424259
298074836,5716.01,PC,CP,6.76627285241156
53481079,5717.01,PC,PC,13.478722016270783
17932757,5718.01,PC,PC,716.842689379311
4843495,5719.01,PC,PC,0.0
230055368,5720.01,PC,CP,1.43446023836647
85292615,5721.01,PC,PC,729.482347157133
458481611,5722.01,PC,PC,61.3191144086435
235901733,5723.01,PC,PC,170.64651463341
162631539,5724.01,PC,PC,697.403769798257
1042432,5725.01,PC,PC,746.954535565538
71582156,5726.01,PC,CP,5.49113023427399
357048995,5727.01,PC,PC,6.3928693910136
219875976,5728.01,PC,PC,11.4974559035731
103605399,5729.01,PC,PC,554.498967635392
138820713,5730.01,PC,CP,1.92712250793848
188668950,5731.01,PC,PC,270.303816035578
335952150,5732.01,PC,PC,60.1702823
224297408,5733.01,PC,PC,8.275196553505285
9989136,5734.01,PC,CP,6.18416879889915
157769780,5735.01,PC,PC,2.12081555044183
310380289,5736.01,PC,PC,0.6489868032686127
229618478,5737.01,PC,PC,19.4480945904977
198162530,5738.01,PC,PC,0.768125005544612
198162530,5738.02,PC,PC,28.5462089350188
328934980,5739.01,PC,CP,8.43061623951584
230087765,5740.01,PC,PC,1.68944203904042
159851831,5741.01,PC,PC,24.0004143
258557847,5742.01,EB,FP,3.965824
308300731,5743.01,PC,PC,7.6603722
157768969,5744.01,PC,PC,5.7488832
18016577,5745.01,PC,PC,0.0
318209162,5746.01,PC,FP,711.764282514602
4918918,5747.01,PC,CP,0.57347655188524
407495930,5748.01,PC,PC,3.0269043
387329912,5749.01,PC,PC,5.4328364
310262516,5750.01,PC,PC,1.9044134
426144112,5751.01,PC,PC,1.7465205
349440621,5752.01,PC,PC,6.7113743
332365162,5753.01,PC,PC,7.4242482
135267558,5754.01,PC,PC,3.6479472
256584532,5755.01,PC,PC,5.4397285
72889156,5756.01,PC,APC,7.6408565
219506608,5757.01,PC,PC,32.6116713
82598822,5758.01,PC,PC,10.9299688
317594531,5759.01,PC,PC,8.350615
255907107,5760.01,PC,PC,7.924204
428703516,5761.01,PC,APC,19.5422056
257531677,5762.01,PC,PC,3.946066
354832924,5763.01,PC,PC,6.9541458
150476057,5764.01,PC,PC,5.0859973
397763985,5765.01,PC,PC,3.8779743
353225230,5766.01,PC,APC,0.5721596
351652998,5767.01,PC,PC,4.015073
470990157,5768.01,PC,PC,3.7749324
462715015,5769.01,PC,FP,1.7548863
23179035,5770.01,PC,PC,1.4529225
459836041,5771.01,PC,PC,6.6867154
313609787,5772.01,PC,PC,3.5023306
445795465,5773.01,PC,PC,2.7404478
9701368,5774.01,PC,PC,5.4049747
289666986,5775.01,PC,PC,2.4369467
310728245,5776.01,PC,PC,4.1816344
459189798,5777.01,PC,PC,6.9171675
264468702,5778.01,PC,PC,6.0962241
102846772,5779.01,PC,PC,10.2515829
43333094,5780.01,PC,PC,7.5358996
279920478,5781.01,PC,PC,5.38265
158845573,5782.01,PC,PC,5.0048582
319684122,5783.01,PC,PC,5.4459647
302814895,5784.01,PC,FP,8.6800186
456367532,5785.01,PC,PC,3.0783215
40292751,5786.01,PC,CP,12.7791964
446616059,5787.01,EB,FP,3.1072375
42883782,5788.01,PC,CP,16.2134274
42883782,5788.02,PC,CP,6.3346129
87216634,5789.01,PC,CP,12.9256051
187333348,5790.01,PC,APC,2.1981511
110936761,5791.01,PC,FP,2.2906144
95423778,5792.01,PC,APC,0.7036041
398895470,5793.01,KP,KP,2.69403477519242
273874849,5794.01,KP,KP,1.48571479660261
151724385,5795.01,CP,CP,6.140620703386301
391958006,5796.01,KP,KP,1.74301433466147
374530847,5797.01,KP,KP,2.15216301908733
305243225,5798.01,KP,KP,1.21291385424878
328081248,5799.01,PC,CP,4.16454481953557
151759246,5800.01,PC,CP,2.62826056730241
243921117,5801.01,KP,KP,3.06781598971137
399402994,5802.01,KP,KP,2.71612982158826
466382581,5803.01,PC,CP,5.3829728
303055194,5804.01,PC,FP,1.7615631
378390325,5805.01,PC,PC,20.5676815
283621618,5806.01,PC,CP,3.1856488
188646744,5807.01,PC,CP,14.2423724
459735346,5808.01,PC,PC,7.1701672
283471501,5809.01,PC,PC,9.2103194
379824738,5810.01,PC,PC,5.6857105
331484419,5811.01,PC,FP,6.25656
388909695,5812.01,KP,KP,10.1466193
388909695,5812.02,PC,PC,0.0
92439980,5813.01,PC,PC,27.0525472
427041513,5814.01,PC,PC,6.254395
375942197,5815.01,KP,KP,3.89938313864639
194076601,5816.01,PC,PC,20.4282929
418604868,5817.01,PC,CP,15.6146057515396
283419843,5818.01,KP,KP,2.6052673672121
330218897,5819.01,PC,PC,3.42000733489216
459730973,5820.01,KP,KP,3.91568480467045
354619337,5821.01,KP,KP,2.1425095
466390120,5822.01,KP,KP,1.54872452039385
248853232,5823.01,KP,KP,3.86814921752745
272366748,5824.01,KP,KP,3.85558968989324
269243313,5825.01,PC,PC,9.73482949887001
48253329,5826.01,PC,PC,2.8140207
369062542,5827.01,PC,PC,5.0493049
351077390,5828.01,PC,PC,1.1951761
363029616,5829.01,PC,PC,1.3502386
224418572,5830.01,PC,FP,2.8465928
308504559,5831.01,PC,PC,3.7846792
287934343,5832.01,PC,PC,5.1357505
213875310,5833.01,PC,PC,2.6721807
281118572,5834.01,PC,PC,3.5242025
346859243,5835.01,PC,PC,6.4226101
354727907,5836.01,PC,PC,8.4498763
395143000,5837.01,PC,PC,2.9665122
222485202,5838.01,PC,PC,3.5982966
355732304,5839.01,PC,FP,2.5411063
68345291,5840.01,PC,PC,4.006489
350882505,5841.01,PC,PC,4.2025514
23937608,5842.01,PC,PC,2.8091879
24113219,5843.01,PC,PC,4.197866
230292034,5844.01,PC,PC,6.0671557
209935997,5845.01,PC,PC,1.9081122
75784122,5846.01,PC,PC,10.5353472
95574586,5847.01,PC,PC,2.5641981
808243,5848.01,PC,PC,1.5101054
71459120,5849.01,PC,PC,3.9964264
151728428,5850.01,PC,FP,3.9997367
277329402,5851.01,PC,PC,4.5049415
387844266,5852.01,PC,PC,3.9956793
278623780,5853.01,PC,PC,3.7219898
346154016,5854.01,PC,PC,4.449914
41422753,5855.01,EB,FP,2.471086481541494
3680800,5856.01,PC,PC,0.5498864
336072306,5857.01,PC,PC,3.415047
256046749,5858.01,PC,PC,7.1476512
114947483,5859.01,PC,PC,3.3787501
462372373,5860.01,PC,APC,5.2498931
11034516,5861.01,PC,PC,14.3033451
20988926,5862.01,EB,FP,5.319443734120623
345205395,5863.01,PC,PC,2.8492565
184531966,5864.01,PC,PC,10.4453589
383216635,5865.01,PC,PC,6.6314176
341297143,5866.01,PC,FP,3.8421028
380517859,5867.01,PC,FP,1.109435
236158940,5868.01,PC,PC,2.677573
210169818,5869.01,PC,PC,3.3879742
305375697,5870.01,PC,PC,0.0
373816781,5871.01,PC,PC,1.343636
138671052,5872.01,PC,PC,2.2425137
353146308,5873.01,PC,PC,0.4131063
376454594,5874.01,PC,PC,2.5784481
283165117,5875.01,PC,PC,5.216581
106114491,5876.01,EB,FP,9.721143459256911
282890159,5877.01,PC,PC,6.9100016
247172524,5878.01,PC,PC,3.4363074
258037656,5879.01,PC,PC,4.0331416
184521624,5880.01,PC,PC,3.1162505
360142739,5881.01,PC,PC,2.2377411
232941965,5882.01,PC,CP,7.1487697
283759999,5883.01,PC,APC,0.5223032
13574009,5884.01,PC,PC,5.8311038
233788275,5885.01,PC,PC,4.7264391
15682927,5886.01,EB,FP,0.9656051727696028
277987172,5887.01,EB,FP,6.3989216
273780062,5888.01,PC,PC,15.2501659
383214426,5889.01,PC,PC,2.4013188
279179610,5890.01,PC,PC,5.9029732
202941251,5891.01,PC,PC,4.1784844
375199523,5892.01,PC,FP,1.9447712
321790238,5893.01,PC,PC,0.0
398038296,5894.01,PC,PC,3.0076713
243464977,5895.01,PC,APC,3.6491012
14956304,5896.01,PC,FP,0.9965843
305612552,5897.01,PC,PC,6.9349089
467211520,5898.01,PC,PC,9.7884653
126171392,5899.01,PC,FP,0.7835688
224635135,5900.01,PC,PC,2.4667486
294173437,5901.01,PC,FP,5.555905
65737977,5902.01,PC,PC,4.8292589
60542708,5903.01,PC,PC,2.4707357
408317165,5904.01,PC,PC,5.6567374
341299943,5905.01,PC,PC,3.0233509
276376289,5906.01,PC,APC,30.1181253559274
387318486,5907.01,PC,PC,0.6583175
452483795,5908.01,PC,FP,2.4515393
354489554,5909.01,PC,PC,4.7729363
273774284,5910.01,EB,FP,17.218994006962262
239361732,5911.01,PC,PC,4.009823
16538820,5912.01,PC,PC,6.9038328
289313987,5913.01,PC,APC,10.1522322
187416256,5914.01,PC,PC,4.3887257
329709756,5915.01,PC,FP,12.5482879
305506996,5916.01,PC,CP,2.3682389
239529652,5917.01,PC,PC,4.0387941
305790119,5918.01,PC,PC,2.0353259
165948070,5919.01,PC,PC,4.3686174
467006627,5920.01,PC,FP,15.4159906
286545058,5921.01,PC,PC,5.0114216
364192929,5922.01,PC,PC,5.2079858
60491424,5923.01,PC,PC,4.0252588
289125016,5924.01,PC,FP,6.2043746
345193111,5925.01,PC,PC,6.1606297
372831381,5926.01,PC,PC,3.8116176
163164300,5927.01,PC,PC,3.7306955
387318409,5928.01,PC,PC,3.246565
92217989,5929.01,PC,PC,4.6079976
88266880,5930.01,PC,PC,3.7984372
24833662,5931.01,PC,PC,4.2447791
405122173,5932.01,PC,PC,3.1003012
322593401,5933.01,PC,PC,5.5901313
407958640,5934.01,PC,PC,2.5505105
276704866,5935.01,PC,PC,3.0200448
396378209,5936.01,PC,APC,0.3781425
158552665,5937.01,PC,PC,21.0685273
452508760,5938.01,PC,PC,2.260431
27230283,5939.01,PC,PC,6.13049
296898634,5940.01,EB,FP,2.853537855989455
303456821,5941.01,PC,PC,11.0771916
166190643,5942.01,EB,FP,1.6540508480459526
63659057,5943.01,PC,PC,15.7866044
88101924,5944.01,PC,PC,5.9404096
159104028,5945.01,PC,PC,3.3825012
366846982,5946.01,PC,PC,5.754879
331691841,5947.01,PC,CP,6.9341584
419878932,5948.01,PC,APC,7.9058861
64282927,5949.01,PC,PC,1.8826035
64282927,5949.02,PC,PC,3.3751374
258738667,5950.01,PC,PC,6.4389303
154762431,5951.01,PC,PC,3.1728284
287643871,5952.01,PC,PC,45.7138545
27863043,5953.01,PC,PC,7.4924561
297153209,5954.01,EB,FP,10.7004632
434116397,5955.01,PC,PC,0.590238672714306
236785891,5956.01,PC,PC,0.929233399545212
407653728,5957.01,PC,PC,3.2520192
436764867,5958.01,PC,CP,2.30621252937405
199671901,5959.01,KP,KP,4.4571443713053
188876052,5960.01,KP,KP,3.07632903681377
262689575,5961.01,PC,CP,1.61748702775443
239541449,5962.01,EB,FP,1.9259663255854744
436478932,5963.01,KP,KP,4.32262294185784
200606159,5964.01,PC,PC,3.9816471
405788729,5965.01,PC,PC,4.2254747650406
404610583,5966.01,EB,FP,3.538232369029916
369532319,5967.01,PC,PC,15.343585
431810418,5968.01,PC,PC,753.822332
431810418,5968.02,PC,CP,9.2152386
91051152,5969.01,KP,KP,7.91926045274687
431701493,5970.01,KP,KP,3.092743213581997
160432093,5971.01,PC,PC,3.99140120490971
420814525,5972.01,KP,KP,3.5247546
154353849,5973.01,PC,PC,3.1643744
354173595,5974.01,PC,PC,1.7266942878876
376847633,5975.01,PC,PC,373.038163748946
348054109,5976.01,EB,FP,0.437805399689484
12938488,5977.01,PC,APC,0.431712366064594
266023807,5978.01,PC,PC,0.739481789312516
137151335,5979.01,KP,KP,4.7267257
164652245,5980.01,KP,KP,79.5839994687166
120045750,5981.01,PC,PC,7.01424581466326
299087490,5982.01,KP,KP,38.4787613099131
356871098,5983.01,PC,PC,1.02718788625003
120692092,5984.01,KP,KP,3.41307808908694
272782368,5985.01,PC,PC,2.41576651920038
158657354,5986.01,KP,KP,38.5835888603263
284900292,5987.01,PC,PC,48.713084294678
377780790,5988.01,KP,KP,0.837499676505658
154437244,5989.01,PC,PC,6.86696565838831
29385858,5990.01,PC,PC,700.962256637727
230064711,5991.01,PC,PC,7.08931621726198
159054620,5992.01,KP,KP,8.02768209250625
27534138,5993.01,KP,KP,28.5410557316464
63283780,5994.01,KP,KP,7.97266437122265
352011875,5995.01,KP,KP,6.24688132848871
293880523,5996.01,PC,PC,109.050294566713
39516274,5997.01,PC,CP,5.65501795462306
370907864,5998.01,PC,PC,9.33802520304996
120317234,5999.01,KP,KP,6.8834027
259233660,6000.01,PC,CP,0.448958911953033
139104940,6001.01,KP,KP,3.00390101041347
102734241,6002.01,PC,CP,10.9048392461916
121731834,6003.01,KP,KP,5.85993922192109
48353358,6004.01,KP,KP,9.87868379953592
123357864,6005.01,KP,KP,16.1455898171819
123309556,6006.01,KP,KP,2.50808154880029
279922257,6007.01,PC,PC,949.790595165536
286201103,6008.01,PC,CP,0.857372697894355
128558444,6009.01,PC,PC,1.5500607
199949052,6010.01,PC,PC,0.5868508
414019147,6011.01,PC,PC,2.3179699
432280671,6012.01,PC,PC,16.2117628624491
53728859,6013.01,KP,KP,3.2573898016453
57984377,6014.01,KP,KP,2.51991455670087
288246496,6015.01,KP,KP,4.30482901389489
327369524,6016.01,PC,CP,4.0236805
291751373,6017.01,KP,KP,2.50791765457186
67881560,6018.01,PC,PC,2.33225242355764
125520907,6019.01,PC,CP,14.5478626
334597566,6020.01,EB,FP,9.10985068814118
291685334,6021.01,KP,KP,2.03198834488875
455947620,6022.01,PC,PC,1.92810923048424
455947620,6022.02,PC,PC,1.54544924333617
341444900,6023.01,EB,FP,9.0330414
56231866,6024.01,EB,FP,2.7218347
439942982,6025.01,PC,PC,1.0222806
396234347,6026.01,PC,PC,1.2757761
368678195,6027.01,PC,PC,2.8406462042365
250707118,6028.01,KP,KP,5.72385819309734
419523962,6029.01,PC,CP,5.7998626
245392284,6030.01,KP,KP,1.74428305047365
292152376,6031.01,KP,KP,2.14999072037241
285466025,6032.01,PC,PC,7.37239062537613
67711670,6033.01,PC,PC,18.0401494432717
388076422,6034.01,PC,CP,2.57617955980314
323194443,6035.01,PC,PC,3.90741880945638
129756316,6036.01,PC,APC,6.5234669
352924930,6037.01,EB,FP,4.0158188
194736418,6038.01,PC,CP,5.826731
272050287,6039.01,EB,FP,8.503614
250839071,6040.01,PC,PC,3.4926045
192415680,6041.01,PC,PC,1094.062167
374919956,6042.01,PC,FP,7.7966237
453064665,6043.01,KP,KP,2.64521208547123
356916207,6044.01,PC,PC,2.25386419410237
467649533,6045.01,PC,PC,7.48263248953845
66296167,6046.01,PC,PC,3.41370197920539
115451738,6047.01,PC,PC,2.08143446337821
280024247,6048.01,PC,PC,5.49282457420207
353459965,6049.01,KP,KP,10.8614910692476
339207264,6050.01,PC,PC,5.48235960301803
353960022,6051.01,PC,PC,3.92009192343941
9443323,6052.01,KP,KP,4.0135700487779
66091052,6053.01,PC,APC,2.21182811376241
392681545,6054.01,PC,CP,7.49032706173113
392681545,6054.02,PC,CP,12.5759947632049
355640518,6055.01,PC,PC,0.849719431432759
102808276,6056.01,PC,PC,3.14204945907693
104734832,6057.01,PC,PC,10.3274379870238
144006874,6058.01,PC,PC,2.3673691
321578632,6059.01,PC,PC,6.3667329
428867906,6060.01,PC,PC,3.3906311
239823606,6061.01,PC,PC,8.1309123
122629761,6062.01,PC,PC,8.2125318
67031480,6063.01,PC,PC,2.1142179
428767018,6064.01,PC,PC,15.3058859
172033454,6065.01,PC,FP,8.2065998
219697927,6066.01,PC,PC,1.8330979
198458010,6067.01,PC,PC,87.2129046
400093502,6068.01,PC,PC,10.66839
259099556,6069.01,IS,FA,1.6290925678759605
29106627,6070.01,PC,PC,9.5128915993387
440624788,6071.01,PC,PC,5.36644567464123
147797743,6072.01,KP,KP,3.69155898990421
271424111,6073.01,KP,KP,3.26870634762913
99896567,6074.01,PC,PC,12.1324506434323
424388628,6075.01,PC,PC,832.923625392567
308301091,6076.01,PC,PC,720.574239906942
196066560,6077.01,PC,PC,2.2111104214132
119973835,6078.01,PC,PC,9.6703611
119973835,6078.02,PC,PC,25.0882806
272670038,6079.01,PC,PC,104.289279828713
116048097,6080.01,PC,PC,8.05557162698505
271431851,6081.01,KP,KP,7.88642182497306
199712572,6082.01,PC,PC,3.5941651
299089652,6083.01,KP,KP,0.0
294283951,6084.01,EB,FP,4.372244746900511
160223936,6085.01,PC,PC,0.0
18318288,6086.01,PC,CP,1.38885844016764
48448369,6087.01,KP,KP,0.0
122375047,6088.01,KP,KP,9.28667326119068
350814622,6089.01,KP,KP,3.21356358670838
268159158,6090.01,KP,KP,4.708241387356926
336255880,6091.01,PC,PC,5.18555066268537
339591840,6092.01,PC,FP,0.0
97165413,6093.01,PC,PC,1.2710408
35883621,6094.01,PC,FP,3.0519843
157081737,6095.01,PC,PC,2.1613171
262781201,6096.01,EB,FP,1.3154261
293743169,6097.01,PC,PC,1.1256838
269341832,6098.01,PC,CP,2.7297541
118914286,6099.01,PC,PC,5.2887576
170434745,6100.01,PC,PC,1.22801556800094
19342878,6101.01,PC,CP,1.33282518275466
55849732,6102.01,PC,PC,5.37082926173113
92590258,6103.01,PC,PC,3.24224240761246
265010875,6104.01,PC,PC,6.40955547115517
182405015,6105.01,PC,PC,3.1122458171442675
258234731,6106.01,PC,APC,6.42409440351428
152245179,6107.01,PC,PC,3.78990177079963
255780160,6108.01,PC,PC,3.87833414391513
384984325,6109.01,PC,CP,8.5386633
384984325,6109.02,PC,CP,5.6952223
7439480,6110.01,PC,PC,1.2541235
189322727,6111.01,PC,APC,5.8340292
258741560,6112.01,PC,PC,1.8859353
116631353,6113.01,PC,PC,4.9218915
419840740,6114.01,PC,PC,8.9539287
120115768,6115.01,PC,PC,3.5529033
364408162,6116.01,PC,FP,3.1256662
436508469,6117.01,PC,PC,9.866312
125367522,6118.01,PC,PC,4.6474314
322498101,6119.01,PC,PC,4.2070367
435851868,6120.01,PC,PC,2.1350899
165682741,6121.01,PC,PC,4.2916798
352442207,6122.01,PC,PC,4.6107024
91101364,6123.01,PC,PC,4.0833335
269488987,6124.01,PC,PC,2.8474853
404516402,6125.01,PC,PC,2.3107907
129004637,6126.01,PC,PC,7.1603723
313975346,6127.01,PC,PC,6.9191027
100769500,6128.01,PC,FP,4.5016419
115739057,6129.01,PC,PC,5.0310168
210083929,6130.01,PC,CP,2.3927114
357872559,6131.01,PC,PC,2.5530138
188800346,6132.01,PC,PC,18.8155978
129107501,6133.01,PC,FP,3.6534344
199721945,6134.01,PC,PC,4.679209
100909102,6135.01,PC,PC,3.1106751
468692991,6136.01,PC,PC,3.9779111
44295981,6137.01,PC,PC,0.520403
352892371,6138.01,PC,PC,9.7824078
468765355,6139.01,PC,PC,10.3299557
456783397,6140.01,PC,PC,3.4742682
217980791,6141.01,PC,PC,2.6607389
129108133,6142.01,PC,APC,4.9564809
423903685,6143.01,PC,FP,4.0938735
115683877,6144.01,PC,PC,6.3765906
404488903,6145.01,PC,PC,3.9921399
372178596,6146.01,PC,PC,4.5803096
402740809,6147.01,PC,FA,1.5801759
371573539,6148.01,PC,PC,8.3753156
195606729,6149.01,PC,PC,13.3562254
434186655,6150.01,PC,PC,1.3094686
312289279,6151.01,PC,PC,1.4354814
117068362,6152.01,PC,FP,4.2005957
411343008,6153.01,PC,PC,3.6720231
301986302,6154.01,PC,PC,2.301919
120051913,6155.01,PC,PC,1.6029811
117072799,6156.01,PC,APC,12.6885127
86005116,6157.01,PC,FP,0.4916402
404456775,6158.01,PC,CP,3.0444485
422037524,6159.01,PC,PC,4.1846077
294904059,6160.01,PC,PC,40.7401072
188001223,6161.01,PC,PC,5.7415661
164260243,6162.01,PC,PC,1.8478843
422457210,6163.01,PC,PC,9.9754699
239542854,6164.01,PC,PC,3.6948038
287863314,6165.01,PC,PC,4.3172876
190822775,6166.01,PC,PC,1.8021196
330665027,6167.01,PC,PC,6.7080688
10593553,6168.01,PC,PC,5.0809743
193979250,6169.01,PC,PC,17.9661374
51637609,6170.01,PC,CP,2.709631
67478724,6171.01,PC,PC,3.7473877
26583436,6172.01,EB,FP,6.143260903357856
416486384,6173.01,PC,PC,3.8753785
164280385,6174.01,PC,CP,3.5257269
258738570,6175.01,PC,PC,4.1877227
298776943,6176.01,PC,PC,9.6422713
331456189,6177.01,PC,PC,3.89989
314649737,6178.01,PC,PC,5.8878118
257056367,6179.01,PC,PC,19.2445211
452743735,6180.01,PC,PC,2.7432173
199162630,6181.01,EB,FP,2.765480182576735
97249514,6182.01,PC,PC,4.7783263
351864831,6183.01,PC,PC,8.7311119
257207557,6184.01,PC,PC,3.6153701
346077232,6185.01,PC,PC,6.3720834
345333936,6186.01,PC,FP,1.4252334
251894891,6187.01,PC,PC,5.5133822
469702377,6188.01,PC,PC,4.7061119
63844530,6189.01,PC,PC,5.5867425
440636649,6190.01,PC,PC,3.5595352
197743152,6191.01,PC,PC,3.7752321
194234471,6192.01,PC,PC,3.563037
387933822,6193.01,PC,PC,2.8953095
176861415,6194.01,PC,PC,8.6738593
155258153,6195.01,PC,PC,3.1989808
330944099,6196.01,PC,FP,3.6119975
196261799,6197.01,PC,PC,3.7294859
202514659,6198.01,PC,PC,3.6166109
302201081,6199.01,PC,PC,3.8311803
44621795,6200.01,PC,PC,3.1923193
455727012,6201.01,PC,PC,2.9172231
422223456,6202.01,PC,PC,2.8979408
437756191,6203.01,PC,PC,25.1745344
325410269,6204.01,PC,PC,4.0673088
154351773,6205.01,PC,PC,3.9089363
154576989,6206.01,PC,PC,13.1471808
432422552,6207.01,PC,FP,9.7712443
326475995,6208.01,PC,PC,5.2266285
200606486,6209.01,PC,APC,0.747693
326116570,6210.01,PC,APC,7.8580085
25758870,6211.01,PC,PC,10.3473602
173671381,6212.01,PC,PC,3.6444426
430751891,6213.01,PC,PC,2.3921761
314088020,6214.01,PC,PC,7.0346299
431114892,6215.01,PC,PC,2.0323202
428317266,6216.01,PC,PC,29.5406035
375116172,6217.01,PC,PC,3.0365848
202283090,6218.01,PC,PC,5.1570194
252585354,6219.01,PC,PC,2.4784193
325653071,6220.01,PC,PC,19.6518502
456910600,6221.01,PC,PC,9.8326403
150907983,6222.01,PC,PC,9.4321076
288144647,6223.01,PC,CP,3.8553342
66726479,6224.01,PC,PC,1.5554236
352147273,6225.01,PC,APC,8.555965
176789447,6226.01,PC,PC,3.8857292
53874375,6227.01,PC,PC,3.0922512
66788350,6228.01,PC,PC,3.3338016
437736517,6229.01,PC,PC,4.6071277
252610172,6230.01,PC,PC,4.3518774
406783172,6231.01,PC,PC,24.8366994
202087931,6232.01,PC,PC,9.8538051
431660224,6233.01,PC,PC,3.7069545
202282233,6234.01,PC,PC,6.6283182
150902766,6235.01,PC,APC,7.8209807
405532603,6236.01,PC,APC,3.3045926
430431091,6237.01,PC,PC,4.1533998
125489084,6238.01,PC,PC,5.7419523
319294834,6239.01,PC,PC,6.0749198
249776059,6240.01,PC,PC,1.1797412
15654898,6241.01,PC,PC,3.7812464
437740083,6242.01,PC,FP,5.6020298
276250096,6243.01,PC,PC,3.5653226
431216437,6244.01,PC,APC,2.5553078
446157122,6245.01,PC,PC,3.21499374162644
388505345,6246.01,PC,PC,6.77864033372871
418301643,6247.01,PC,PC,24.091624
154304816,6248.01,PC,PC,3.85289330861965
456260074,6249.01,PC,PC,1092.00229897156
456260074,6249.02,PC,PC,15.5739142526762
455737331,6250.01,PC,PC,1076.60941651454
52005579,6251.01,CP,CP,12.7614705843325
307734818,6252.01,PC,PC,2.1077445
287152495,6253.01,PC,PC,9.234734841313
432758245,6254.01,PC,PC,1.53611368167626
261135533,6255.01,PC,CP,0.238182333577565
373017793,6256.01,PC,PC,7.99455027678079
237204346,6257.01,PC,PC,6.54520144213766
435878153,6258.01,PC,PC,0.557086891906361
294497466,6259.01,PC,PC,3.2376482
60984804,6260.01,PC,PC,2.3898191
181748381,6261.01,PC,PC,5.4920894
180575165,6262.01,PC,PC,1.4945947
293547742,6263.01,PC,PC,3.0178746
291471222,6264.01,PC,PC,5.6928845
344927749,6265.01,PC,PC,5.7935723
344927749,6265.02,PC,PC,4.1793325
193023697,6266.01,PC,PC,2.7895524
296737508,6267.01,PC,PC,733.99109376
434477274,6268.01,PC,PC,2.8959153305136
168281028,6269.01,KP,KP,4.37446138036514
192976435,6270.01,PC,PC,4.227538872745116
134528212,6271.01,PC,PC,1.6046069881626306
33303538,6272.01,PC,APC,2.51414058793831
142211778,6273.01,KP,KP,3.05205702480118
465933345,6274.01,PC,PC,1.1109316147603423
49043968,6275.01,CP,CP,6.24622520490738
397362481,6276.01,PC,CP,6.203160787553441
397362481,6276.02,PC,CP,4.4660679656068965
397362481,6276.03,PC,PC,7.87086605309432
462206806,6277.01,PC,PC,3.3733920801237622
157230659,6278.01,KP,KP,7.53376570240877
449951606,6279.01,PC,FP,5.1681189
370877263,6280.01,PC,FP,15.9865412
152569268,6281.01,PC,PC,1.0542548
370009806,6282.01,PC,PC,12.4751631
361218772,6283.01,PC,PC,51.6708185
286763141,6284.01,PC,PC,3.4475935
308778563,6285.01,PC,PC,6.8581311
354285962,6286.01,PC,FP,5.6289226
22712134,6287.01,PC,PC,1.640758
240714633,6288.01,PC,PC,18.0370154
292469572,6289.01,PC,PC,3.7077543
256576519,6290.01,PC,PC,17.6037996
26390980,6291.01,PC,PC,5.2556421
238751619,6292.01,PC,PC,0.8236066
34977731,6293.01,PC,PC,13.3673993
34977731,6293.02,PC,PC,405.0756576
434813314,6294.01,PC,PC,9.288704
456171328,6295.01,PC,PC,1106.220834
373894336,6296.01,PC,PC,4.2234273
369907772,6297.01,PC,PC,4.2771464
285233023,6298.01,PC,FP,2.8577028
285505979,6299.01,PC,PC,4.7089027
271747067,6300.01,PC,PC,2.8976822
326809267,6301.01,PC,PC,7.1436336
177712122,6302.01,PC,PC,2.8465714
186810676,6303.01,PC,PC,9.4852479
186989177,6304.01,PC,PC,3.645356
320505267,6305.01,PC,PC,6.6245939
445370101,6306.01,PC,PC,3.662222
202869426,6307.01,PC,PC,2.4589458
301414902,6308.01,PC,PC,1.7555108
412887082,6309.01,PC,PC,28.8005547
353893493,6310.01,PC,CP,3.3528597
52260140,6311.01,PC,PC,6.2808216
470724594,6312.01,PC,PC,16.8498547
192487723,6313.01,PC,PC,4.9570983
272218608,6314.01,PC,PC,3.1777383
354742440,6315.01,PC,PC,4.4532909
444753130,6316.01,PC,PC,3.0057526
85281192,6317.01,PC,PC,4.244335
292852583,6318.01,PC,PC,5.8310296
12980264,6319.01,PC,PC,3.2964006
196474344,6320.01,PC,PC,3.6360128
301991463,6321.01,PC,PC,2.9086778
270132709,6322.01,PC,PC,4.2807899
63586213,6323.01,PC,PC,4.071096
372207328,6324.01,PC,CP,0.2792211
200775844,6325.01,PC,PC,3.7307609
307201632,6326.01,PC,PC,2.3556749
196973090,6327.01,PC,PC,10.4612769
249884767,6328.01,PC,PC,16.672227
283845022,6329.01,PC,PC,15.2334037
308120029,6330.01,PC,PC,6.8498533
415875608,6331.01,PC,PC,5.4454541
101133275,6332.01,PC,PC,1.6630135
5724439,6333.01,PC,PC,2.7205913
63718617,6334.01,PC,PC,3.8363055
407156755,6335.01,PC,PC,4.7924038
327126871,6336.01,PC,PC,39.810528
381591826,6337.01,PC,PC,6.8793455
186715217,6338.01,PC,APC,1.4491171
332496784,6339.01,PC,PC,2.5938771
376765646,6340.01,PC,PC,8.2686298
285328782,6341.01,PC,PC,2.7182588
184739529,6342.01,PC,APC,9.3568116
256349966,6343.01,PC,FP,14.5877856
327093061,6344.01,PC,PC,3.5297965
241062925,6345.01,PC,PC,6.2378654
260040728,6346.01,PC,PC,6.3111727
467690903,6347.01,PC,PC,3.9332583
321258259,6348.01,PC,PC,3.6894234
470450936,6349.01,PC,PC,2.7934699
266609407,6350.01,PC,PC,2.4766677
392674549,6351.01,PC,PC,6.7510278
459102737,6352.01,PC,APC,7.4562671
259810421,6353.01,PC,PC,2.5048108
355418639,6354.01,PC,PC,18.7541398
98613492,6355.01,PC,FP,1.0617107
9136777,6356.01,PC,PC,3.7799201
122881136,6357.01,PC,PC,5.1941869
259708416,6358.01,PC,PC,5.3802465
267617257,6359.01,PC,PC,2.4398136
458987621,6360.01,PC,PC,1.9765848
450308346,6361.01,PC,PC,5.9419732
148514918,6362.01,PC,PC,6.0602101
311284709,6363.01,PC,PC,6.583694
407517154,6364.01,PC,PC,25.8866192
272994016,6365.01,PC,PC,3.0496565
279851358,6366.01,PC,APC,18.893475
259502942,6367.01,PC,FP,2.1653281
274002141,6368.01,PC,FP,1.6197991
274472658,6369.01,PC,PC,13.2329062
251705938,6370.01,PC,PC,2.9124991
279725262,6371.01,PC,PC,1.8597817
115899725,6372.01,PC,PC,6.5587386
286951368,6373.01,PC,PC,4.9613647
468501184,6374.01,PC,PC,4.5944948
390410937,6375.01,PC,PC,3.0679061
9441591,6376.01,PC,PC,4.7185893
187532854,6377.01,PC,FP,1.6513066
251594291,6378.01,PC,PC,12.9589981
450308271,6379.01,PC,PC,1.5057127
458890024,6380.01,PC,PC,5.1404883
470653603,6381.01,PC,PC,8.9270275
367522211,6382.01,PC,PC,35.3712924
328513434,6383.01,PC,CP,1.7904917
16550540,6384.01,PC,PC,2.4810218
16552586,6385.01,PC,PC,2.8895991
138344895,6386.01,PC,PC,6.2663565
459982699,6387.01,PC,PC,1.1669652
16776356,6388.01,PC,PC,1.3940614
239159011,6389.01,PC,PC,15.8034785
318071201,6390.01,PC,PC,5.2434358
171922657,6391.01,PC,PC,5.01345
88460991,6392.01,PC,PC,6.9603975
147821208,6393.01,PC,PC,9.5315703
309512152,6394.01,PC,PC,13.026976
191998744,6395.01,PC,PC,2.8140328
73244652,6396.01,EB,FP,8.2100627547652
359629653,6397.01,PC,PC,1.6707289
353586703,6398.01,PC,FP,3.0043128
287207371,6399.01,PC,PC,12.6427441
88999533,6400.01,PC,PC,5.0358501
150470555,6401.01,PC,PC,3.0199448
265076459,6402.01,PC,PC,3.4053234
94405787,6403.01,PC,PC,742.682809
141395223,6404.01,PC,PC,3.7442969
142908390,6405.01,PC,PC,6.7392054
31605271,6406.01,PC,PC,2.2314165
97925605,6407.01,PC,PC,8.9913818
452867348,6408.01,PC,PC,8.0924283
97279971,6409.01,PC,PC,1.5304279
142916753,6410.01,PC,PC,5.1491091
106829921,6411.01,PC,PC,8.2165446
176082442,6412.01,PC,PC,3.9802888
170466784,6413.01,PC,PC,10.8310228
169191182,6414.01,PC,PC,17.7607727
157050713,6415.01,PC,PC,20.8380576
106626059,6416.01,PC,PC,8.2330943
95191643,6417.01,PC,PC,3.3458255
36022284,6418.01,PC,PC,4.6478092
144037593,6419.01,PC,PC,4.160454
143526233,6420.01,PC,PC,6.9615164
107617930,6421.01,PC,PC,3.750778
140740440,6422.01,PC,PC,3.7521603
141458054,6423.01,PC,PC,1.364829
98159959,6424.01,PC,PC,2.0396825
107776260,6425.01,PC,PC,12.1422411
142420436,6426.01,PC,PC,3.8801586
22972676,6427.01,PC,PC,18.372561
238914510,6428.01,PC,PC,1.6763835
348501452,6429.01,PC,PC,2.4257176
50211272,6430.01,PC,PC,3.6024986
54141697,6431.01,PC,PC,3.5423487
141933255,6432.01,PC,PC,3.356169
266486214,6433.01,PC,PC,9.6355
32296259,6434.01,PC,CP,2.7775786
60189629,6435.01,PC,PC,6.1161423
290415036,6436.01,PC,PC,6.1879019
139707575,6437.01,PC,PC,8.31001
332383229,6438.01,PC,PC,16.1268294
122981686,6439.01,PC,APC,2.9896663
348297468,6440.01,PC,PC,3.8190051
422031406,6441.01,PC,PC,4.5579065
97921547,6442.01,PC,CP,2.8279716
125563127,6443.01,PC,PC,9.9872075
97588014,6444.01,PC,PC,12.2925281
323569398,6445.01,PC,PC,26.3926606
122798633,6446.01,PC,PC,4.2240015
347442932,6447.01,PC,FP,0.6646521
320411045,6448.01,PC,CP,14.8442674
168936945,6449.01,PC,PC,2.4404127
47244580,6450.01,PC,CP,3.6092665
150559728,6451.01,PC,PC,5.495078
7562528,6452.01,PC,PC,5.2477739
66242670,6453.01,PC,PC,6.8688474
146413471,6454.01,PC,PC,22.5012924
146413471,6454.02,PC,PC,10.9835772
255588086,6455.01,PC,PC,0.89705593764128
270456887,6456.01,PC,APC,2.2685932038762
328502522,6457.01,PC,PC,41.4186335
2507547,6458.01,PC,PC,9.78319312241627
238317637,6459.01,PC,PC,5.1494363
93862917,6460.01,PC,PC,4.4044418
123133954,6461.01,PC,PC,4.064628
453009027,6462.01,PC,PC,3.8720204
180989820,6463.01,PC,PC,9.8738838739848
190643105,6464.01,PC,PC,9.6742544
184801054,6465.01,PC,PC,0.6593681
186707229,6466.01,PC,PC,1.4571902
385157401,6467.01,PC,PC,11.9964056
180931993,6468.01,PC,PC,12.1228168
4598935,6469.01,PC,PC,24.7104662
12061971,6470.01,PC,PC,13.7333847
410901394,6471.01,PC,PC,3.0758364
140706833,6472.01,PC,PC,2.6808268
410303247,6473.01,PC,PC,1.0992893
189097100,6474.01,PC,PC,1.6069363
132314633,6475.01,PC,PC,26.5988575
380528770,6476.01,PC,PC,8.1168658
11927677,6477.01,PC,PC,3.6860654
332657786,6478.01,PC,PC,1462.2115148
181208298,6479.01,PC,PC,2.9193825
81089255,6480.01,PC,PC,750.2395535
101225566,6481.01,PC,PC,6.2796518
189300053,6482.01,PC,PC,1483.5175058
355449539,6483.01,PC,PC,5.2076995
294394558,6484.01,PC,PC,18.2457829
281286325,6485.01,PC,PC,17.0180939
46772529,6486.01,PC,FP,10.6332248
37754672,6487.01,PC,PC,14.13519
238124845,6488.01,PC,PC,8.0850515
423445163,6489.01,PC,PC,2.917882
118754987,6490.01,PC,PC,7.842208
25212199,6491.01,PC,PC,7.5520411
47143972,6492.01,PC,PC,731.8319734
445522339,6493.01,PC,APC,3.0667073
438376091,6494.01,PC,PC,3.5327892
36808091,6495.01,PC,PC,3.7781679
374741750,6496.01,PC,PC,0.9942215
303426966,6497.01,PC,PC,2.1439841
371596277,6498.01,PC,PC,22.5095172
45881495,6499.01,PC,PC,9.0441543
72806004,6500.01,PC,PC,4.4156851
35973654,6501.01,PC,PC,4.4581792
75580659,6502.01,PC,PC,5.0711656
358838026,6503.01,PC,PC,3.9535041
177257073,6504.01,PC,PC,6.8328077
376800517,6505.01,PC,PC,15.8951857
469008497,6506.01,PC,PC,13.0795854
54145416,6507.01,PC,PC,5.267165
142277868,6508.01,PC,CP,18.9926881
358164738,6509.01,PC,PC,5.6022404
361154154,6510.01,PC,PC,37.98781
303030789,6511.01,PC,PC,21.5962209
72542944,6512.01,PC,PC,2.5011016
29780740,6513.01,PC,PC,2.4214702
439618305,6514.01,PC,PC,4.0236761
101961987,6515.01,PC,PC,3.8149372
446524637,6516.01,PC,PC,18.8392786
5709314,6517.01,PC,PC,2.6185048
139314045,6518.01,PC,PC,2.1978944
188128470,6519.01,PC,PC,10.397262
382688257,6520.01,PC,PC,7.6016156
382187347,6521.01,PC,PC,3.581253
71674064,6522.01,PC,PC,4.7383479
167720788,6523.01,PC,PC,7.809463
356921678,6524.01,PC,PC,0.8515408
147193084,6525.01,PC,PC,731.3548427
57694405,6526.01,PC,PC,14.7478214
437774844,6527.01,PC,PC,5.389491
363417404,6528.01,PC,PC,1484.1934287
54238138,6529.01,PC,PC,7.4476397
49066806,6530.01,PC,PC,5.332805
297853363,6531.01,PC,PC,4.416076
72542131,6532.01,PC,PC,5.4736892
464544047,6533.01,PC,PC,2.8656356
459604398,6534.01,PC,PC,3.4542618
46104747,6535.01,PC,PC,20.8359197
280647591,6536.01,PC,PC,4.2380294
80384677,6537.01,PC,PC,3.6477926
306248357,6538.01,PC,PC,5.7180689
310497279,6539.01,PC,PC,2.3645949
142171554,6540.01,PC,PC,4.5127799
457337619,6541.01,PC,PC,5.8991458
255851356,6542.01,PC,FP,2.4018591
390151888,6543.01,PC,PC,15.5523703
161738745,6544.01,PC,PC,3.6249482
72504017,6545.01,PC,PC,5.6177467
9385460,6546.01,KP,KP,3.37796143335662
915110182,6547.01,KP,KP,1.4328254862015
302212110,6548.01,PC,PC,8.5473
290777444,6549.01,PC,PC,6.10795751753644
133850380,6550.01,PC,PC,6.9153868
166527623,6551.01,CP,KP,6.9593972138038
220460087,6552.01,PC,PC,3.27062038174372
324422520,6553.01,PC,PC,3.6342494
94483093,6554.01,PC,PC,2.6141047
259606227,6555.01,PC,PC,10.1298877
179739873,6556.01,PC,PC,12.9623248
141074654,6557.01,PC,PC,12.5383316
420529106,6558.01,PC,PC,9.5327064
313671132,6559.01,PC,PC,733.3796728
47667,6560.01,PC,APC,17.2051468
3728481,6561.01,PC,PC,3.1739329
368713985,6562.01,PC,PC,4.09474846516049
210441429,6563.01,PC,PC,2.40530363791429
453668803,6564.01,PC,PC,3.98544647250642
392914193,6565.01,PC,PC,0.877872949079179
121560868,6566.01,PC,PC,7.58378458165841
366316586,6567.01,PC,PC,4.94861159905989
253126207,6568.01,PC,PC,17.4368078640403
22560356,6569.01,PC,PC,5.9337178
73310180,6570.01,PC,PC,10.9799801
243550555,6571.01,PC,PC,11.5379235
124617560,6572.01,PC,PC,3.6462287
419503191,6573.01,PC,PC,8.1618477
464542805,6574.01,PC,PC,13.0953097
272251987,6575.01,PC,PC,3.3047459
304363215,6576.01,PC,PC,19.3111424
144321743,6577.01,PC,PC,729.9391752
144077896,6578.01,PC,PC,2.7543175
308010949,6579.01,PC,PC,3.4732477
170627138,6580.01,PC,PC,10.9600975
94012094,6581.01,PC,PC,4.9156665
438629686,6582.01,PC,PC,19.6500878
377771417,6583.01,PC,PC,7.447404
374155286,6584.01,PC,PC,3.6850751
162729620,6585.01,PC,FP,13.4364908
363259409,6586.01,PC,PC,5.0953453
131312528,6587.01,PC,PC,17.0116833
289389326,6588.01,PC,PC,1.7988855
91794828,6589.01,PC,PC,3.0589547
72123144,6590.01,PC,PC,7.0911739
463868678,6591.01,PC,PC,5.7881587
398945279,6592.01,PC,PC,9.5098954
241297273,6593.01,PC,PC,8.4325164
49411575,6594.01,PC,PC,2.67581
361344753,6595.01,PC,PC,7.5138657
306249066,6596.01,PC,PC,26.1622122
131195882,6597.01,PC,PC,0.9097915
22452837,6598.01,PC,PC,10.8089555
166145361,6599.01,PC,PC,2.20591671766059
325647810,6600.01,PC,PC,3.8030207
167573692,6601.01,PC,PC,32.5444769
392027961,6602.01,PC,PC,1.5840089
90048949,6603.01,PC,PC,5.015806
56884,6604.01,PC,PC,3.917482
263207857,6605.01,PC,PC,12.2981251
242532142,6606.01,PC,PC,2.5354002
400968492,6607.01,PC,PC,11.1860909
366315051,6608.01,PC,PC,7.3144752
291668351,6609.01,PC,PC,12.9414603
289076007,6610.01,PC,PC,3.1651539
403368444,6611.01,PC,PC,6.5568726
76706043,6612.01,PC,PC,2.3207203
426904354,6613.01,PC,PC,2.5001306
149179763,6614.01,PC,PC,25.0709977
145804834,6615.01,PC,PC,3.5911377
349503728,6616.01,PC,PC,1.1235117
439381274,6617.01,PC,PC,4.315664
350432166,6618.01,PC,PC,35.7890962826391
399195246,6619.01,PC,PC,1.6930171
241592217,6620.01,PC,PC,3.8647617
374908396,6621.01,PC,PC,4.2807848
260539542,6622.01,PC,PC,37.8575614
207937389,6623.01,PC,PC,3.1791661
443199889,6624.01,PC,PC,10.3031578
258409964,6625.01,PC,PC,5.4863844
148691985,6626.01,PC,PC,1.2864856
411463659,6627.01,PC,PC,4.8934688
75650448,6628.01,PC,CP,18.184189
160442729,6629.01,PC,PC,4.3664669
312612366,6630.01,PC,PC,7.7103227
457446242,6631.01,PC,PC,3.4714821
292349703,6632.01,PC,PC,5.8778295
38584799,6633.01,PC,PC,6.5479496
400491269,6634.01,PC,PC,23.136755
330424797,6635.01,PC,PC,8.6243051
209054294,6636.01,PC,PC,3.5171227
256124756,6637.01,PC,APC,2.231293
460316238,6638.01,PC,PC,4.140097
446918603,6639.01,PC,PC,8.0136668
167654347,6640.01,PC,PC,16.9356875
241525834,6641.01,PC,PC,1.9647786
23111,6642.01,PC,PC,3.3421583
332887363,6643.01,PC,PC,4.8332515
149450435,6644.01,PC,PC,42.7305626
15827263,6645.01,EB,FP,3.9525732
346855283,6646.01,PC,PC,17.7505864
439943973,6647.01,PC,CP,3.9963956
440150441,6648.01,PC,PC,20.86399
258940847,6649.01,PC,PC,5.9867942
64837857,6650.01,PC,PC,20.3292125
64837857,6650.02,PC,PC,30.5055627
64837857,6650.03,O,FP,8.9965133
64837857,6650.04,PC,PC,0.0
174328045,6651.01,CP,CP,5.0569708
283884522,6652.01,PC,PC,3.8388774
150901009,6653.01,PC,PC,0.0
278726770,6654.01,PC,FP,9.516003188969588
304690618,6655.01,PC,PC,6.867121637109874
304690618,6655.02,PC,PC,12.958774379784296
262457587,6656.01,V,FA,0.8219466004214665
96475638,6657.01,PC,PC,4.061108881051828
292221593,6658.01,PC,PC,5.6494351
272768631,6659.01,PC,PC,7.312090962195565
468178519,6660.01,PC,PC,2.98521926414539
355895977,6661.01,PC,PC,10.5789533747805
418343229,6662.01,PC,CP,0.293949334013454
415732733,6663.01,PC,PC,0.0
147561732,6664.01,PC,PC,0.0
192014454,6665.01,PC,PC,735.797916961691
256429408,6666.01,PC,PC,0.0
161169240,6667.01,PC,APC,0.0
206361691,6668.01,PC,PC,718.652002993821
333736132,6669.01,PC,CP,731.996653902604
126797048,6670.01,PC,PC,0.0
53843023,6671.01,PC,PC,0.0
331644554,6672.01,PC,PC,0.0
99989903,6673.01,PC,PC,19.7468103186491
452920657,6674.01,PC,PC,0.0
141522677,6675.01,PC,PC,0.0
423360793,6676.01,PC,PC,22.6957088155721
62085710,6677.01,PC,PC,5.4496736
253864764,6678.01,PC,PC,3.4268387
344034178,6679.01,PC,PC,2.31700532386705
6898572,6680.01,PC,PC,4.381696593633
425817867,6681.01,KP,KP,3.77834011974399
254141733,6682.01,PC,PC,4.24362397531
394126269,6683.01,PC,PC,3.8568000520111
273270473,6684.01,PC,PC,2.70864442182451
6764171,6685.01,PC,PC,10.7715897579698
269217040,6686.01,KP,KP,4.16612652830454
396246765,6687.01,PC,PC,3.44141883841799
464658144,6688.01,PC,PC,4.95949924831106
410119093,6689.01,PC,PC,4.12874268218296
149989864,6690.01,PC,PC,761.709227570951
149989864,6690.02,PC,PC,904.534798095
382258844,6691.01,PC,PC,0.0
324609409,6692.01,PC,PC,0.0
35377903,6693.01,EB,FP,2.993758709116834
27414976,6694.01,PC,PC,3.97592507721077
118339710,6695.01,PC,PC,0.0
104195270,6696.01,PC,FP,3.68599576499905
441546821,6697.01,CP,CP,0.0
441546821,6697.02,PC,CP,0.0
5966772,6698.01,PC,PC,0.0
341405597,6699.01,PC,PC,5.322002
167085203,6700.01,PC,PC,15.5177539035
349789882,6701.01,PC,PC,10.0181020044092
179442778,6702.01,PC,PC,2.18747117125677
255560319,6703.01,PC,PC,49.6178222962937
342449055,6704.01,PC,PC,2.86073843716158
342449055,6704.02,PC,PC,6.82751014387057
379717270,6705.01,PC,PC,8.44570424804983
411731278,6706.01,PC,PC,7.57574464605691
287328202,6707.01,PC,PC,3.83472822512614
269849065,6708.01,PC,PC,4.22908556426263
20375215,6709.01,PC,PC,2.34773358292565
143842198,6710.01,PC,PC,2.06712301607452
303364023,6711.01,PC,FP,10.3469944548486
192943720,6712.01,PC,PC,1.89878955830971
428673146,6713.01,PC,PC,2.1538048644427
261264800,6714.01,PC,APC,4.76744210907332
460950389,6715.01,PC,PC,2.86187817378244
112115898,6716.01,PC,PC,4.71856903681235
34986694,6717.01,PC,PC,0.470747585270121
405428714,6718.01,PC,PC,2.95321448777976
92449173,6719.01,KP,KP,2.1764874697474
281541545,6720.01,CP,KP,4.1470359233501
253917292,6721.01,PC,PC,4.60864135254032
220524097,6722.01,PC,PC,3.9613113664845
370010846,6723.01,PC,PC,3.48523619563391
261646133,6724.01,PC,PC,42.8614655
150320610,6725.01,PC,PC,2.1476974
121490076,6726.01,CP,KP,14.2456603
47482754,6727.01,PC,PC,15.3471548
287326127,6728.01,PC,PC,24.9636551
426032475,6729.01,PC,CP,7.83745495299467
426032475,6729.02,PC,CP,3.8638303
382521776,6730.01,PC,PC,4.3934743671834
9032367,6731.01,PC,PC,1.632229470436059
349891396,6732.01,PC,PC,1.3003394
221566773,6733.01,PC,PC,3.2529571
412666676,6734.01,PC,PC,4.6068687
76899250,6735.01,PC,PC,3.3357969
324150445,6736.01,PC,PC,2.9879341
171886633,6737.01,PC,PC,2.8475582
89417257,6738.01,PC,PC,3.6234424
91324328,6739.01,PC,PC,4.6588405
174070181,6740.01,PC,PC,3.3505941
263203229,6741.01,O,FP,5.0061978
307232923,6742.01,PC,PC,8.1678648
361403927,6743.01,PC,PC,5.9097139
345056639,6744.01,PC,APC,0.8674623
301247383,6745.01,PC,PC,5.2452852
367900542,6746.01,PC,PC,1.20306
343717397,6747.01,PC,APC,0.7025922
421056636,6748.01,PC,PC,4.5932835
426901646,6749.01,PC,PC,8.6121286
299876474,6750.01,PC,FP,2.5950111
381448973,6751.01,PC,PC,2.9419791
87422071,6752.01,PC,PC,11.3648628
301248781,6753.01,PC,PC,1.0169814
261192051,6754.01,PC,PC,1.9943104
381468938,6755.01,PC,PC,5.7585993
314193010,6756.01,PC,PC,4.9354155
89659632,6757.01,PC,PC,3.5193417
383313006,6758.01,PC,PC,12.6136992
57011946,6759.01,PC,PC,1.318678
361467239,6760.01,PC,PC,5.2820398
234540647,6761.01,PC,PC,4.3430254
360224870,6762.01,PC,PC,5.1778752
96829917,6763.01,PC,PC,2.4519381
148523092,6764.01,PC,FP,2.8562935
420369105,6765.01,PC,PC,2.7967251
311856080,6766.01,PC,PC,2.2104947
90156362,6767.01,PC,PC,2.3519086
365952328,6768.01,PC,FP,4.8741147
304430662,6769.01,PC,PC,5.6858804
375297961,6770.01,PC,PC,14.6768874
61621800,6771.01,PC,PC,6.8552506
469813927,6772.01,PC,PC,3.940549
355138852,6773.01,PC,PC,3.272056
79660831,6774.01,PC,PC,4.5833112
100263315,6775.01,PC,APC,0.5940157
344552721,6776.01,PC,PC,1.9519092
32443914,6777.01,PC,PC,3.3615701
421990278,6778.01,PC,PC,3.9718475
467931774,6779.01,PC,PC,1.3504913
419738713,6780.01,PC,PC,13.4570562
411955845,6781.01,PC,PC,2.7638775
254209017,6782.01,PC,PC,1.7278017
291013124,6783.01,PC,FP,6.0368213
253857911,6784.01,PC,PC,3.1539313
219978369,6785.01,PC,PC,16.2501976
253788533,6786.01,PC,PC,2.7142282
201658484,6787.01,PC,PC,2.9588636
319568755,6788.01,PC,PC,24.092358
90935909,6789.01,PC,PC,4.2221583
129458276,6790.01,PC,PC,6.1030299
101272159,6791.01,PC,PC,18.8224069
326327260,6792.01,PC,PC,7.9605908
352438619,6793.01,PC,PC,6.5516113
408609355,6794.01,PC,PC,7.3099457
269372232,6795.01,PC,PC,2.1250402
32046665,6796.01,PC,PC,3.7871416
164249928,6797.01,PC,APC,0.9898852
290403522,6798.01,PC,PC,22.3751134
387295547,6799.01,PC,PC,0.664786
254174907,6800.01,PC,PC,4.1518071
90935995,6801.01,PC,PC,1.2245052
262470965,6802.01,PC,APC,1.1079142
166495921,6803.01,PC,PC,3.3522572
100264497,6804.01,PC,PC,3.7724643
112989868,6805.01,PC,APC,1.040425
144327080,6806.01,PC,APC,23.2490769
441076258,6807.01,PC,PC,6.6210878
261680542,6808.01,PC,PC,3.0449187
29821723,6809.01,PC,PC,2.6855972
214515989,6810.01,PC,PC,11.3498282
129711632,6811.01,PC,PC,1.1602698
92443533,6812.01,PC,PC,12.6357243
364267778,6813.01,PC,PC,2.3557153
211352962,6814.01,PC,PC,0.7941828
233964924,6815.01,PC,PC,17.9217736
278525028,6816.01,PC,PC,10.9267866
402027382,6817.01,PC,PC,3.1998039
281666033,6818.01,PC,PC,10.1956949
327917279,6819.01,PC,PC,8.5467163
350821320,6820.01,PC,PC,2.014214
197643976,6821.01,CP,KP,3.535713
261679541,6822.01,PC,PC,2.7492112
259884973,6823.01,PC,PC,2.8411187
197642926,6824.01,PC,PC,5.407469
197598125,6825.01,PC,PC,16.4547455
55450156,6826.01,PC,PC,6.4375108
302453291,6827.01,PC,PC,4.4738444
278666476,6828.01,PC,PC,3.4894537
469967533,6829.01,PC,PC,23.842
29430403,6830.01,PC,PC,1.87786469294387
380884709,6831.01,PC,PC,57.1050077
8995204,6832.01,PC,PC,5.1392756
4610830,6833.01,KP,KP,8.2616616
49735922,6834.01,KP,KP,6.3392677
301235044,6835.01,KP,KP,0.2803246
422618449,6836.01,KP,KP,9.100412
262584907,6837.01,PC,PC,0.9494413
278892590,6838.01,KP,KP,1.51094471179194
126982911,6839.01,PC,PC,2.99447417568428
380886534,6840.01,PC,PC,8.90003342005107
257467784,6841.01,PC,PC,13.9285074209964
58858008,6842.01,PC,PC,5.39209550111425
369474541,6843.01,PC,PC,5.49778723725309
311086350,6844.01,PC,PC,3.8068712326332
399571743,6845.01,PC,PC,4.7443604
254296853,6846.01,PC,PC,3.334884
150063444,6847.01,PC,PC,1.3939452
230982415,6848.01,PC,PC,7.5954765
434100688,6849.01,EB,FP,1825.048364
9166136,6850.01,PC,PC,6.0803777
350861689,6851.01,PC,PC,12.0101118
166671025,6852.01,PC,PC,16.7382238
197808753,6853.01,PC,PC,10.636983
55363630,6854.01,PC,APC,2.7663479
274017513,6855.01,PC,PC,26.3333899
254301731,6856.01,PC,PC,0.6541517
281596890,6857.01,PC,PC,10.0512067
201254754,6858.01,PC,PC,3.3024845
237909527,6859.01,PC,PC,9.6804752
36646052,6860.01,PC,PC,0.6183488
293267224,6861.01,PC,PC,3.7942532
408508003,6862.01,PC,PC,8.2241876
419957314,6863.01,PC,PC,7.8407154
25959926,6864.01,PC,PC,15.5106583
405269313,6865.01,PC,PC,2.4465664
344224831,6866.01,PC,FP,8.0179256
405230669,6867.01,PC,PC,3.6810755
408506314,6868.01,PC,PC,3.4106422
28872266,6869.01,PC,PC,763.9701133
58726656,6870.01,PC,PC,6.6968572
426471754,6871.01,PC,PC,12.4652143
150096001,6872.01,KP,KP,11.0248821
67395329,6873.01,PC,PC,18.8204254771565
4426490,6874.01,EB,FP,2.6687292242677825
403693870,6875.01,PC,PC,3.52456888877354
377024332,6876.01,PC,FP,15.1771428
365007485,6877.01,KP,KP,33.5920255
262135904,6878.01,EB,FP,2.0990769442228885
364955057,6879.01,PC,PC,13.5853161
4486230,6880.01,PC,PC,14.9166631
431899136,6881.01,PC,PC,1.9769396
293075732,6882.01,EB,FP,0.5666806
393818343,6883.01,CP,CP,16.249935683
156514476,6884.01,PC,CP,14.4217699364712
154067753,6885.01,PC,PC,11.6515286660369
397053253,6886.01,PC,PC,4.80033408631548
39174810,6887.01,PC,PC,6.58834805667
312543349,6888.01,PC,PC,19.9253902859253
282794970,6889.01,PC,PC,10.5465818350526
5364106,6890.01,PC,PC,0.0
165312726,6891.01,PC,PC,8.31066034027041
253054954,6892.01,PC,PC,17.8961831705181
272125414,6893.01,PC,PC,0.0
67512645,6894.01,PC,CP,3.3706302672769
252537013,6895.01,EB,FP,7.0469712
9707944,6896.01,PC,PC,19.73583845987703
89043973,6897.01,PC,PC,8.33017403123219
441158994,6898.01,PC,PC,18.10813857172977
441158994,6898.02,PC,PC,43.8681595027356
139879080,6899.01,PC,PC,2.86259369827738
140893722,6900.01,PC,PC,13.9223368323627
262928973,6901.01,PC,PC,3.27278591587038
167656187,6902.01,PC,PC,36.435858931109
9216075,6903.01,PC,APC,4.96767840777522
387294150,6904.01,PC,PC,16.8267434242312
354846183,6905.01,PC,PC,1083.55759866227
195192253,6906.01,PC,PC,3.47701708868591
198185513,6907.01,PC,PC,3.37950992822688
197039766,6908.01,PC,PC,3.71207760544966
252913663,6909.01,PC,PC,4.42846763843038
288471046,6910.01,PC,PC,2.513930224290295
428812049,6911.01,PC,PC,16.2520546
67181830,6912.01,PC,PC,7.63779
121070864,6913.01,PC,PC,0.5843146
59369068,6914.01,PC,PC,9.3079811
367439938,6915.01,PC,PC,2.4915545
264159776,6916.01,PC,PC,3.9155539
47220926,6917.01,PC,PC,9.7716812
365509373,6918.01,PC,PC,14.2308461
69054388,6919.01,PC,APC,0.7603078
84126162,6920.01,PC,FP,3.6688102
58474992,6921.01,EB,FP,25.714253
114422211,6922.01,PC,PC,5.0989519
418184767,6923.01,PC,PC,6.7274903
91777086,6924.01,PC,PC,91.9283414
57147191,6925.01,PC,PC,5.9785287
76731445,6926.01,PC,PC,8.2864221
67349298,6927.01,PC,PC,4.3427321
45376816,6928.01,PC,PC,3.8978437
49524528,6929.01,PC,PC,719.5740937
462507821,6930.01,PC,PC,7.2218817
307375528,6931.01,PC,PC,2.2183625
63307816,6932.01,PC,PC,8.9533044
78290597,6933.01,PC,PC,9.765482
19560484,6934.01,PC,PC,2.8398671
270048796,6935.01,PC,PC,1.763034
63082902,6936.01,PC,PC,10.298566
294434193,6937.01,PC,PC,1.3809769
114600571,6938.01,PC,PC,4.8789974
88929544,6939.01,PC,PC,1.9207699
421006834,6940.01,PC,PC,0.3052608
74389253,6941.01,PC,PC,2.9371797
238506223,6942.01,PC,PC,11.2320736
262137985,6943.01,PC,PC,5.6906792
421005422,6944.01,PC,PC,12.3027503
392022763,6945.01,PC,PC,14.8547783
14435301,6946.01,PC,PC,13.2272686
457039843,6947.01,PC,PC,6.5202038
438329568,6948.01,PC,APC,5.4911822
45905504,6949.01,PC,PC,3.2232502
165965790,6950.01,PC,PC,2.0478359
83180637,6951.01,PC,PC,3.7279887
400466395,6952.01,PC,FP,5.1391542
70435923,6953.01,PC,APC,0.8204734
443607377,6954.01,PC,PC,4.0207557
81963214,6955.01,PC,PC,5.1185703
294350792,6956.01,PC,PC,12.3900547
30853990,6957.01,PC,PC,160.676020785621
219108677,6958.01,PC,PC,5.98157445098558
230013442,6959.01,PC,PC,3.13819137282553
204496071,6960.01,PC,APC,1.30594943758272
404715325,6961.01,PC,PC,17.2367433081828
435339558,6962.01,KP,KP,21.9903619373797
56658270,6963.01,PC,CP,8.83492609575306
243208884,6964.01,PC,PC,4.76458378597341
80224448,6965.01,PC,PC,5.96933974788986
80224448,6965.02,PC,PC,28.06939485536
243030574,6966.01,PC,PC,2.16595219375353
27635334,6967.01,KP,KP,4.73355750514672
121990418,6968.01,PC,PC,2.34750505672534
17129975,6969.01,PC,FP,1.5142292181356
17129975,6969.02,PC,PC,4.5565613542041
271749758,6970.01,KP,KP,11.7144469816301
354031707,6971.01,PC,PC,4.18669885376681
219824470,6972.01,PC,PC,5.4809114
427765233,6973.01,PC,PC,31.6527509
348684814,6974.01,PC,PC,7.7517707
158381418,6975.01,PC,APC,2.1449013
5972036,6976.01,PC,PC,1.7346044
436575927,6977.01,KP,KP,5.0957983
320847025,6978.01,PC,PC,9.12581361530243
26078330,6979.01,KP,KP,8.75470797754477
422912527,6980.01,PC,PC,0.0
443823169,6981.01,PC,PC,425.450696267
113921235,6982.01,PC,CP,59.847399221
368628986,6983.01,PC,PC,31.1571613012446
83181153,6984.01,KP,KP,0.0
59490344,6985.01,PC,PC,748.714625138397
366302410,6986.01,PC,PC,1.2117417
21035365,6987.01,PC,PC,4.6017382
70897115,6988.01,PC,PC,13.414031
261141602,6989.01,PC,FP,1.4956727
353302490,6990.01,PC,PC,1.5829358
440562226,6991.01,PC,APC,0.9902419
259330386,6992.01,PC,PC,15.1389808
408656366,6993.01,PC,APC,0.3695622
55390413,6994.01,PC,FP,1.8819016
383829317,6995.01,PC,PC,9.9444971
41875043,6996.01,PC,FP,0.9602835
357858008,6997.01,PC,PC,16.179367
350733403,6998.01,PC,PC,27.035894
444977814,6999.01,PC,FP,11.3689753
154926644,7000.01,PC,PC,2.7897577
85113291,7001.01,PC,PC,16.3475547
317290270,7002.01,PC,PC,4.9792822
219707850,7003.01,PC,PC,0.7331156
390207998,7004.01,PC,PC,9.8162989
99834321,7005.01,PC,APC,8.1420107
343336312,7006.01,PC,PC,51.9120896
289441015,7007.01,EB,FP,1.5342604
335661164,7008.01,PC,PC,0.8406912
405837291,7009.01,PC,PC,2.3206673
233867481,7010.01,PC,PC,4.1976032
167631701,7011.01,PC,PC,19.394038
322369867,7012.01,PC,PC,4.0197822
67246795,7013.01,PC,PC,4.2451891
158657991,7014.01,PC,APC,0.7406805
11894726,7015.01,PC,PC,7.0687489
16740548,7016.01,PC,PC,1.598803
1881298619,7017.01,PC,PC,5.0826878
156512187,7018.01,PC,PC,20.3158735
366119858,7019.01,PC,CP,48.2590904
233287217,7020.01,PC,PC,3.1642475
233855268,7021.01,PC,PC,49.5355004
125366299,7022.01,PC,PC,2.8583729
230856987,7023.01,PC,PC,2.3404152
354032153,7024.01,PC,PC,1.9639208
219803922,7025.01,PC,PC,66.9954225
219809549,7026.01,PC,PC,65.5580424
164783371,7027.01,PC,PC,4.2885021
416195843,7028.01,PC,PC,2.4596079
446166017,7029.01,PC,PC,1.9271521
430930679,7030.01,PC,PC,2.5604496
284592989,7031.01,PC,PC,1.79110158449618
22903436,7032.01,PC,PC,17.7456043
29953537,7033.01,PC,PC,0.7312783
418981325,7034.01,PC,APC,0.9082202
366074071,7035.01,PC,PC,4.18142
284300833,7036.01,PC,PC,3.05132975724929
269343479,7037.01,PC,APC,4.1279985
210904767,7038.01,PC,PC,8.6000492
329981856,7039.01,PC,PC,3.3206355
277039287,7040.01,PC,PC,21.0562421910897
201175570,7041.01,PC,CP,9.69946657672456
345724317,7042.01,PC,FP,2.817627
57299130,7043.01,PC,PC,17.3840061
263723967,7044.01,PC,PC,15.9669794
21720215,7045.01,PC,PC,2.2775983
201899356,7046.01,PC,PC,3.1084574
31142436,7047.01,PC,PC,5.2729668
235015217,7048.01,PC,PC,4.0863647
337217173,7049.01,PC,PC,40.3833862
50592053,7050.01,PC,PC,1.4182984
18574158,7051.01,PC,FP,4.9131459
22038430,7052.01,PC,PC,2.8862017
329821992,7053.01,PC,PC,2.8637988
62676654,7054.01,PC,PC,14.759560141625
167227214,7055.01,KP,KP,3.12904756214867
110178537,7056.01,KP,KP,2.9932819744440065
325670253,7057.01,KP,KP,3.37774192505337
317520667,7058.01,KP,KP,2.46518010117032
104866616,7059.01,KP,KP,4.4626646561842485
469810663,7060.01,PC,PC,5.849681925912327
469810663,7060.02,PC,PC,1064.700399
244089109,7061.01,KP,KP,2.1376682
23961340,7062.01,PC,PC,10.5137924
248769312,7063.01,PC,PC,3.7570477
376867898,7064.01,PC,PC,61.5555962
383723559,7065.01,PC,FP,2.6667526
405010127,7066.01,KP,KP,13.2341261104799
139158696,7067.01,KP,KP,15.3573521576225
137685450,7068.01,KP,KP,0.0
160428500,7069.01,PC,PC,8.7201675
289218489,7070.01,PC,PC,4.4563756
14203588,7071.01,PC,FP,5.5334128
298658399,7072.01,PC,PC,0.8118915
276922692,7073.01,PC,PC,13.1689848
138609069,7074.01,PC,PC,4.6504794
66266024,7075.01,PC,PC,2.8120379
138225319,7076.01,PC,PC,3.4747684
188814758,7077.01,PC,PC,6.403011
233266582,7078.01,PC,PC,6.3962557
287191183,7079.01,PC,APC,12.1252851
366725641,7080.01,PC,PC,36.6892187
142385671,7081.01,PC,PC,12.7617794
22740615,7082.01,PC,PC,2.253174
286923515,7083.01,PC,PC,7.6253466
165337974,7084.01,PC,PC,21.8153374
364571121,7085.01,PC,APC,2.202258
199289712,7086.01,PC,FP,1.0092447
233266797,7087.01,PC,PC,7.9039906
274411493,7088.01,PC,APC,7.1554749
195933415,7089.01,PC,PC,1.5852089
166178400,7090.01,PC,APC,60.6825768
296327387,7091.01,PC,PC,4.8510805
195483731,7092.01,PC,PC,1.102219
62867537,7093.01,PC,APC,2.8371938
452864692,7094.01,PC,PC,2.1125062
395214388,7095.01,PC,PC,4.6745746
199488690,7096.01,PC,PC,3.3505745
293949992,7097.01,PC,PC,4.1560086
313922260,7098.01,PC,PC,1.3821651
430415564,7099.01,PC,PC,4.4264918
325765282,7100.01,PC,PC,7.4156006
444209952,7101.01,PC,PC,1.8471592
469523613,7102.01,PC,PC,1.1838059
197604890,7103.01,PC,PC,5.3590843
371579161,7104.01,PC,FP,2.2215349
417564823,7105.01,PC,PC,17.0548288
66545173,7106.01,PC,FP,2.7945508
237019002,7107.01,PC,PC,8.6145655
430406538,7108.01,PC,PC,2.4425105
430845815,7109.01,PC,PC,3.2396607
266488971,7110.01,PC,PC,8.8182594
200465781,7111.01,PC,PC,7.0634276
66286602,7112.01,PC,PC,3.424993
335624180,7113.01,PC,PC,4.6351977
365712006,7114.01,PC,FP,3.0436916
361944563,7115.01,PC,APC,0.8738186
325908483,7116.01,PC,PC,18.9438583
199676274,7117.01,PC,APC,8.8691255
286382849,7118.01,PC,PC,37.8016862
420383981,7119.01,PC,PC,2.5933417
64198376,7120.01,PC,PC,3.1739167
469436001,7121.01,PC,FP,0.9739887
277853911,7123.01,PC,PC,0.3075961
345596003,7124.01,PC,PC,2.6414334
272829240,7125.01,PC,PC,21.7276636
344855300,7126.01,PC,PC,3.2966077
256418577,7127.01,PC,PC,3.3683989
269231011,7128.01,PC,PC,2.9650741
434086605,7129.01,PC,PC,8.8204144
434270112,7130.01,PC,PC,1.2433877
419524589,7131.01,PC,PC,5.3295884
404898080,7132.01,PC,PC,1.4716633
420018238,7133.01,PC,PC,3.8282053
269102377,7134.01,PC,PC,3.5899561
188539008,7135.01,PC,PC,10.6185545
470749725,7136.01,PC,PC,5.6897753
161687209,7137.01,O,FP,1.2529962
269514008,7138.01,PC,PC,5.4149624
269330087,7139.01,PC,PC,3.8850223
371909591,7140.01,PC,PC,5.1879527
235717158,7141.01,PC,PC,2.4141149
263723781,7142.01,PC,PC,6.5433068
408548144,7143.01,PC,PC,1.1376981
400235555,7144.01,PC,PC,0.5289141
8416274,7145.01,PC,PC,23.2471066
402848417,7146.01,PC,FP,28.4664618
405542683,7147.01,PC,PC,1.3473988
351599985,7148.01,PC,PC,1.3432587
459323923,7149.01,PC,CP,2.6520679
352284958,7150.01,PC,PC,0.8818115
331619598,7151.01,PC,PC,7.1467369
378860702,7152.01,PC,PC,3.1875721
154869806,7153.01,PC,PC,27.6174987
377622130,7154.01,PC,CP,8.8600515
468350765,7155.01,PC,PC,3.8949005
376354189,7156.01,PC,PC,1.9299641
469523619,7157.01,PC,PC,1.1838063
431033767,7158.01,PC,PC,3.338577
444159424,7159.01,PC,PC,8.8922064
154264903,7160.01,PC,PC,3.0825102
415461195,7161.01,PC,PC,3.8285502
341005781,7162.01,PC,PC,8.6393678
343774169,7163.01,O,FP,5.3913891
326470400,7164.01,EB,FP,736.5528811
239277658,7165.01,KP,KP,3.25096567932248
288421619,7166.01,PC,CP,12.9228111305089
456482025,7167.01,PC,PC,13.7237530378138
427685831,7168.01,KP,KP,1.74977464574241
372048733,7169.01,PC,PC,3.43757105366328
63100069,7170.01,PC,PC,1.91709596119284
420191136,7171.01,PC,PC,23.5367004
302173245,7172.01,PC,PC,2.75479489558646
268727719,7173.01,PC,FP,0.625735199660581
25472026,7174.01,PC,PC,4.2422767486372
26999884,7175.01,PC,PC,2.9944941
44161614,7176.01,PC,PC,0.0
51768374,7177.01,PC,PC,6.8434236
419877797,7178.01,PC,PC,5.2169076
196201652,7179.01,PC,PC,2.7384363
314992600,7180.01,PC,PC,3.2607791
419878733,7181.01,PC,PC,5.1794403
408469564,7182.01,PC,CP,14.7126653
422159302,7183.01,PC,FP,10.5739387
426956677,7184.01,PC,PC,1.1976555
77490011,7185.01,PC,PC,2.68813176590528
124895104,7186.01,PC,PC,1.7024504
350064389,7187.01,PC,PC,2.1570981
317849098,7188.01,PC,PC,4.773664
18885659,7189.01,PC,CP,2.8890956
277499689,7190.01,PC,PC,4.1223508
364007087,7191.01,PC,PC,5.6604695
123234747,7192.01,PC,PC,16.3425332
325086150,7193.01,PC,FP,5.4934218
24499407,7194.01,PC,PC,4.167309
62682198,7195.01,PC,PC,3.8242663
39464158,7196.01,PC,PC,2.7998534
415377888,7197.01,PC,PC,2.5122863
317170536,7198.01,PC,PC,4.2271814
310586478,7199.01,PC,PC,3.1540886
205044976,7200.01,PC,PC,5.0660693
159893748,7201.01,PC,PC,7.2229767
116262653,7202.01,PC,PC,7.7600907
44388479,7203.01,PC,PC,5.7351935
71083829,7204.01,PC,PC,3.8080897
345009464,7205.01,PC,PC,3.4844157
120313529,7206.01,PC,PC,3.5689392
342276668,7207.01,PC,PC,12.0080349
388371132,7208.01,PC,PC,3.6366231
425706173,7209.01,PC,PC,2.6343177
466928064,7210.01,PC,PC,2.2609143
374800835,7211.01,PC,PC,10.548504
377253700,7212.01,PC,PC,75.6979471
336264393,7213.01,PC,PC,36.9870862
251803342,7214.01,PC,PC,8.9093753
23912656,7215.01,PC,PC,2.7705702
69436501,7216.01,PC,PC,3.1243759
151760597,7217.01,PC,PC,3.9859545
279331929,7218.01,PC,PC,4.9030173
242674266,7219.01,PC,PC,2.9069573
344416349,7220.01,PC,FP,7.8365317
110828766,7221.01,PC,PC,1.6233128
466890210,7222.01,PC,PC,5.1869453
157808355,7223.01,PC,PC,5.3384038
466966249,7224.01,PC,PC,5.5698339
209320688,7225.01,PC,PC,9.7461668
350268913,7226.01,PC,PC,3.5191197
287948915,7227.01,PC,PC,2.3593338
397653875,7228.01,PC,PC,2.9324083
363040636,7229.01,PC,PC,16.7880823
238239232,7230.01,PC,PC,4.3041912
89362689,7231.01,PC,PC,11.0658881
282113152,7232.01,PC,PC,3.3221412
394924803,7233.01,PC,PC,3.8413801
418629890,7234.01,PC,PC,3.4202745
20607624,7235.01,PC,PC,3.4940194
374521355,7236.01,PC,PC,4.626302
439598736,7237.01,PC,PC,5.7694396
251743761,7238.01,PC,PC,3.930467
383364626,7239.01,PC,PC,14.3938942
41839508,7240.01,PC,PC,6.8911882
456401439,7241.01,PC,PC,6.3377947
426122272,7242.01,PC,PC,2.9383886
288953761,7243.01,PC,PC,3.7352012
435673126,7244.01,PC,FP,11.5175506
305026599,7245.01,PC,FP,1.6877647
407135911,7246.01,PC,PC,2.5698331
51318828,7247.01,PC,FP,6.8782937
358975793,7248.01,PC,PC,3.8148598
219089784,7249.01,PC,PC,6.0387706
459728249,7250.01,PC,CP,8.9653531
298291597,7251.01,PC,PC,11.5588657
289047954,7252.01,PC,FP,1.4207284
383358873,7253.01,PC,PC,5.4240992
260767135,7254.01,PC,APC,5.0769983
166099360,7255.01,PC,FP,1.6831237
334798754,7256.01,PC,PC,8.5748036
274057129,7257.01,PC,PC,1.0495702
298189225,7258.01,PC,PC,6.2384297
160103855,7259.01,PC,PC,16.4591808
418866096,7260.01,PC,FP,6.6308943
297413553,7261.01,PC,PC,2.3273503
87932853,7262.01,PC,PC,6.4093679
269130683,7263.01,PC,PC,49.2145201
258279359,7264.01,PC,PC,10.5637482
275717567,7265.01,PC,CP,4.1723
125695940,7266.01,PC,PC,3.8789319
276385231,7267.01,PC,PC,10.3486661
406548952,7268.01,PC,PC,13.5647678
267817947,7269.01,PC,PC,11.656295
184527843,7270.01,PC,PC,8.9197222
63232997,7271.01,PC,PC,7.1304113
398099429,7272.01,PC,PC,7.5801393
63550960,7273.01,PC,APC,2.2473177
83299322,7274.01,PC,PC,8.908871
172376068,7275.01,PC,FP,6.1211661
267808774,7276.01,PC,PC,14.2317652
396723723,7277.01,PC,PC,7.915274
170440216,7278.01,PC,PC,7.6316525
41067039,7279.01,PC,PC,3.1168715
396731435,7280.01,PC,APC,0.4246068
198358065,7281.01,PC,PC,4.3095502
387346503,7282.01,PC,PC,5.3346707
298189384,7283.01,PC,PC,9.0612809
96885837,7284.01,PC,APC,0.8760587
60446303,7285.01,PC,PC,2.1384533
452741216,7286.01,PC,PC,10.7994273
199417958,7287.01,PC,PC,3.9258703
405689470,7288.01,PC,PC,7.9871247
291976834,7289.01,PC,PC,2.855993
62501513,7290.01,PC,PC,3.776966
233533589,7291.01,PC,PC,23.9712428
160255140,7292.01,PC,PC,10.641726
417514666,7293.01,PC,PC,3.3202789
42110638,7294.01,PC,PC,1.6047466
99796664,7295.01,PC,APC,0.7729056
233735354,7296.01,PC,PC,170.3363911
418375357,7297.01,PC,PC,8.1563148
276909255,7298.01,PC,PC,5.2554768
85216969,7299.01,PC,PC,2.7299474
125744840,7300.01,PC,APC,0.6439909
375192273,7301.01,PC,PC,21.6836634
399613138,7302.01,PC,FP,8.1958135
415739607,7303.01,PC,PC,2.3368358
321785052,7304.01,PC,PC,3.4977997
262148317,7305.01,PC,PC,13.9753579
418543326,7306.01,PC,PC,6.1418356
372077289,7307.01,PC,PC,23.955645
287768299,7308.01,PC,PC,3.7002646
161687285,7309.01,PC,PC,7.7561532
375855364,7310.01,PC,PC,19.8088367
387416841,7311.01,PC,APC,1.5525382
292023054,7312.01,PC,PC,4.2990991
341157650,7313.01,PC,PC,4.1186706
265887000,7314.01,PC,FP,2.503415
297924888,7315.01,PC,PC,9.6713674
301623068,7316.01,PC,PC,0.7474746
427855645,7317.01,PC,PC,2.9712014
387414814,7318.01,PC,PC,3.4220041
40093986,7319.01,PC,PC,2.5918359
279528230,7320.01,PC,PC,6.6802019
423903016,7321.01,PC,PC,3.0039961
436222251,7322.01,PC,PC,5.5316291
421330229,7323.01,PC,PC,4.776694
210337597,7324.01,EB,FP,0.5257499
286857537,7325.01,PC,PC,2.0394246
193081156,7326.01,PC,PC,5.4584109
279472966,7327.01,PC,PC,5.0789699
99025225,7328.01,PC,PC,12.5069936
387377484,7329.01,PC,PC,4.8622127
287444302,7330.01,PC,PC,2.8411706
160512852,7331.01,PC,PC,6.0011971
273069412,7332.01,PC,FP,3.5399394
160585062,7333.01,PC,PC,6.2644714
352301423,7334.01,PC,PC,1.7085226
75417968,7335.01,PC,FP,3.3815776
271017537,7336.01,PC,PC,0.5418555
323407659,7337.01,PC,PC,4.2619292
309133240,7338.01,PC,FP,3.3847215
202059363,7339.01,PC,PC,4.2471039417095415
238279960,7340.01,PC,PC,7.489467163278589
238279960,7340.02,PC,PC,3.4438328
445276138,7341.01,PC,PC,0.4925418
90950296,7342.01,PC,PC,14.1532848
44451202,7343.01,PC,FP,2.1011992
17925767,7344.01,PC,PC,2.4364562
243283955,7345.01,PC,FP,8.407133
113542042,7346.01,PC,PC,1.7687035
233747840,7347.01,PC,PC,60.8344877
289345412,7348.01,PC,PC,3.3390124
129198098,7349.01,PC,PC,2.980341
257052211,7350.01,PC,FP,2.2175244
43921512,7351.01,PC,PC,3.8405138
411347315,7352.01,PC,FP,4.0662367
256778317,7353.01,PC,PC,6.2157513
259415341,7354.01,PC,PC,3.648769
160652910,7355.01,PC,PC,3.6814233
402992891,7356.01,PC,PC,17.3986129
270494650,7357.01,PC,PC,60.3541599
258634801,7358.01,PC,PC,7.0548729
18023524,7359.01,PC,PC,4.3656102
258822347,7360.01,PC,PC,30.7331484
120487017,7361.01,PC,PC,8.2158997
430666395,7362.01,PC,APC,1.1930966
306039307,7363.01,PC,PC,6.9929558
236644754,7364.01,PC,PC,2.9257773
120737368,7365.01,PC,PC,3.1924816
21349099,7366.01,PC,PC,3.753877
240535286,7367.01,PC,PC,2.9814911
256783400,7368.01,PC,PC,33.5792968
139350191,7369.01,PC,PC,10.2887023
97248423,7370.01,PC,PC,13.3079913
452727513,7371.01,PC,PC,18.9104241
369581703,7372.01,PC,FP,8.508462
10552342,7373.01,PC,FP,7.5414411
88641387,7374.01,PC,PC,17.0303122
395790368,7375.01,PC,FP,27.1970496
245349211,7376.01,PC,PC,7.4861705
255998336,7377.01,PC,PC,6.7735083
373196394,7378.01,PC,PC,7.0814677
427715152,7379.01,PC,PC,10.9911631
53461742,7380.01,PC,PC,4.413687663874425
52745699,7381.01,PC,PC,3.1653382161544164
124128680,7382.01,PC,PC,1.0370296321156405
11755687,7383.01,KP,KP,3.05226855123679
192833836,7384.01,PC,PC,6.233515516216681
235072851,7385.01,PC,PC,3.119119558143604
296354161,7386.01,PC,PC,6.004219064620958
300381700,7387.01,PC,PC,9.085661666012363
124573902,7388.01,PC,APC,0.3328569446175977
224603921,7389.01,PC,CP,26.345109
160075684,7390.01,PC,PC,81.37166805648614
258776466,7391.01,PC,CP,7.4108494594523
198178859,7392.01,PC,PC,7.305057684677933
165598669,7393.01,PC,CP,3.3370666386722765
161687211,7394.01,PC,CP,1.2529966
273234825,7395.01,KP,KP,125.86590481386884
273690178,7396.01,KP,KP,14.85898876980426
259238498,7397.01,PC,PC,26.679674118212063
122706449,7398.01,PC,PC,2.606833226905976
233194447,7399.01,PC,PC,0.0
333324340,7400.01,PC,PC,1.8289577
177697418,7401.01,PC,PC,4.3181867
455733237,7402.01,PC,PC,14.3640841
173706852,7403.01,PC,PC,10.1170644
352409708,7404.01,PC,PC,1.463442
374173310,7405.01,PC,APC,15.4474502
173615288,7406.01,PC,PC,2.8885639
439939258,7407.01,PC,PC,4.4640046
202648961,7408.01,PC,PC,8.0242387
432224130,7409.01,PC,PC,2.6800806
352107384,7410.01,PC,PC,3.5043637
440001383,7411.01,PC,PC,3.1551543
177494632,7412.01,PC,PC,1.7636086
154480367,7413.01,PC,PC,3.8037696
127426341,7414.01,PC,PC,7.899462
374177909,7415.01,PC,FP,0.1638211
191373021,7416.01,PC,FP,0.3013943
25624952,7417.01,PC,FP,3.1239462
291732201,7418.01,EB,FP,6.7415334
199296714,7419.01,PC,FP,1.3777496
259188347,7420.01,PC,PC,25.5249554
354478327,7421.01,PC,PC,0.3489261
302477411,7422.01,PC,PC,3.3593261
279871772,7423.01,PC,PC,2.889977
61520064,7424.01,PC,PC,3.1271505
285592400,7425.01,PC,PC,1.2815706
186530554,7426.01,PC,PC,0.766526
422707559,7427.01,PC,PC,3.5254649
13036318,7428.01,PC,PC,3.1467998
436875993,7429.01,PC,PC,4.7117395
264193444,7430.01,PC,PC,21.4930896
347018922,7431.01,PC,FP,1.1919382
192321638,7432.01,PC,PC,7.0309061
450012972,7433.01,PC,PC,1.8179336
250478345,7434.01,PC,PC,2.4228387
77258176,7435.01,PC,PC,4.6821297
305830609,7436.01,PC,PC,4.0616142
73692250,7437.01,PC,PC,2.5726086
387527174,7438.01,PC,PC,1.1253333
335037151,7439.01,PC,PC,3.5466109
252045206,7440.01,PC,PC,34.0796886
467602108,7441.01,PC,PC,2.2351679
196389062,7442.01,PC,PC,2.6358758
22659404,7443.01,PC,PC,2.7472062
470898625,7444.01,PC,APC,5.885604
245665919,7445.01,PC,PC,6.2144045
374122973,7446.01,PC,PC,3.5044728
400503123,7447.01,PC,PC,1.5016329
104153474,7448.01,PC,PC,5.0458476
418262301,7449.01,PC,PC,12.915329
73729607,7450.01,PC,APC,0.7938732
259381479,7451.01,PC,PC,3.9461778
327249454,7452.01,PC,PC,3.0493323
347944406,7453.01,PC,PC,8.3873861
130087198,7454.01,PC,PC,3.1733972
196351790,7455.01,PC,PC,13.2026423
158933249,7456.01,KP,KP,0.0
272840455,7457.01,KP,KP,6.873376807428374
169081296,7458.01,KP,KP,16.238524631760942
417829948,7459.01,PC,PC,8.951179669554072
159303995,7460.01,PC,PC,46.15783883903313
271052158,7461.01,KP,KP,5.96055423169086
298897095,7462.01,PC,PC,2.6236517734527243
274198407,7463.01,KP,KP,4.662631981823557
251090642,7464.01,PC,PC,20.04170548952127
167804011,7465.01,PC,PC,6.20619623198272
229172128,7466.01,PC,PC,13.622849957581677
319855425,7467.01,PC,PC,2.8766717286625783
2621212,7468.01,KP,KP,0.0
187309502,7469.01,KP,KP,3.5868547124973507
437444661,7470.01,KP,KP,17.975860294960906
46020827,7471.01,KP,KP,9.391132602011536
145368316,7472.01,KP,KP,1.6096873587551714
187278212,7473.01,KP,KP,0.0
50171060,7474.01,KP,KP,1.2578130051114809
376866659,7475.01,PC,CP,3.252761825639139
442530946,7476.01,KP,KP,3.71302791209182
126325985,7477.01,KP,KP,3.3128160405781424
11270200,7478.01,KP,KP,3.14324025965375
77202722,7479.01,KP,KP,3.356605246629918
71841620,7480.01,KP,KP,5.084333977843146
431016234,7481.01,PC,PC,12.38328473977534
188500604,7482.01,PC,PC,5.876720941421712
76835246,7483.01,PC,PC,0.5127743563872414
68952448,7484.01,KP,KP,4.614447835542864
441122551,7485.01,PC,PC,3.38705048837084
336732544,7486.01,KP,KP,3.2771117876140976
301258470,7487.01,KP,KP,12.456369170223333
128168083,7488.01,PC,PC,3.90723655504214
262016897,7489.01,KP,PC,15.145874607090873
250977648,7490.01,KP,KP,4.608085407362772
119262291,7491.01,KP,KP,4.174714302186362
102068384,7492.01,KP,KP,2.500136128058879
12611594,7493.01,KP,KP,1.915525757560286
111778581,7494.01,PC,PC,11.4212058914
377240984,7495.01,PC,PC,11.5843558517
96847781,7496.01,KP,KP,3.5840999585589497
130633912,7497.01,KP,KP,5.291360177520952
441012828,7498.01,PC,PC,2.7892779746411533
301031110,7499.01,KP,KP,3.830416247652816
154796579,7500.01,PC,PC,7.464758314831429
271898990,7501.01,KP,KP,1.7476330450967963
169504920,7502.01,KP,KP,3.1052318937975847
11439959,7503.01,KP,KP,3.6188768684565273
110795273,7504.01,PC,PC,9.47154040918345
110795273,7504.02,PC,PC,4.444306856338675
55871761,7505.01,PC,FP,3.861824061853429
270204383,7506.01,PC,PC,3.3335133876094947
397231954,7507.01,PC,PC,17.280857016836816
327302178,7508.01,PC,PC,1.0065503224846029
355058141,7509.01,PC,PC,0.7105046841911808
118798035,7510.01,CP,CP,11.531727272140452
118798035,7510.02,CP,CP,22.570999075952766
118798035,7510.03,CP,CP,48.86217278727239
146364192,7511.01,KP,KP,2.369165127817848
380255458,7512.01,KP,KP,6.56920797691
56815340,7513.01,KP,KP,9.580288838391866
56815340,7513.02,KP,KP,1221.2709772616424
187495749,7514.01,PC,PC,1.84605585284739
317882327,7515.01,PC,PC,3.5881071773348734
431871952,7516.01,PC,PC,6.249456515257254
461547946,7517.01,PC,APC,10.306786622001592
368184695,7518.01,PC,PC,6.485647084912398
156678143,7519.01,EB,FP,7.2585778872979505
456130294,7520.01,PC,APC,10.24610985927107
316138059,7521.01,PC,PC,0.8618404292378066
459021929,7522.01,PC,PC,21.726250750523132
238959233,7523.01,PC,PC,4.661281745462188
366564164,7524.01,PC,PC,7.524399233304342
367710318,7525.01,PC,PC,1.7184539715894718
141524447,7526.01,PC,PC,33.01792215047473
187495621,7527.01,EB,FP,3.26621371091915
252851803,7528.01,PC,PC,4.982686824725602
117174065,7529.01,PC,PC,16.603632923500975
318491006,7530.01,PC,PC,5.181849863431991
117772549,7531.01,PC,PC,7.876485103222931
150271800,7532.01,PC,PC,11.403104551893618
63303430,7533.01,PC,FP,1.7518061231851374
220621072,7534.01,PC,PC,14.028782602902035
60527976,7535.01,PC,PC,7.581193649217203
438298111,7536.01,PC,PC,3.3287841265123874
231949697,7537.01,PC,PC,0.9072055892059492
37075377,7538.01,PC,PC,28.286464651783923
72214252,7539.01,PC,PC,8.60010931939638
89014296,7540.01,PC,PC,1.4945574227377054
59845928,7541.01,PC,PC,14.6062759512902
206763148,7542.01,PC,FP,8.945272006769416
235283051,7543.01,PC,PC,9.313782117745689
237405551,7544.01,PC,PC,4.874490267579358
283094471,7545.01,PC,PC,11.903935615176112
410449566,7546.01,PC,PC,9.64140860273717
358111035,7547.01,PC,PC,22.00893434824209
234187289,7548.01,PC,PC,5.183657810334657
72212948,7549.01,PC,APC,2.1610101359722567
220599411,7550.01,PC,CP,4.984396344882251
178739678,7551.01,PC,APC,17.594514908742237
235057120,7552.01,PC,PC,13.174281238060736
10487354,7553.01,PC,PC,2.4971198485691004
322818151,7554.01,PC,PC,2.294859521827193
307036187,7555.01,PC,PC,2.840458807904285
232131043,7556.01,PC,PC,11.103542835301592
284613259,7557.01,PC,APC,6.354899483996254
207334420,7558.01,PC,PC,4.153156733869476
234009062,7559.01,PC,PC,9.536631324212346
60520371,7560.01,EB,FP,2.197426371823324
317924729,7561.01,PC,PC,1.9989902831911983
404970821,7562.01,PC,PC,13.225375558407627
71581518,7563.01,PC,PC,13.758530979496026
318756174,7564.01,PC,PC,3.379987918095583
52555068,7565.01,PC,PC,2.62416813123729
251186192,7566.01,PC,PC,2.953815796589702
5370009,7567.01,PC,PC,5.811959272138797
234595543,7568.01,PC,PC,1.4893903162828153
95415033,7569.01,PC,PC,5.672796017623791
172463434,7570.01,PC,PC,11.8106694424263
261944532,7571.01,PC,PC,5.245680846910686
237664324,7572.01,PC,APC,11.496145833084787
153696322,7573.01,PC,APC,0.701461347041796
159084486,7574.01,PC,PC,4.480268910888927
393412295,7575.01,PC,PC,13.244286062651472
206947218,7576.01,PC,PC,3.953168057980007
12090836,7577.01,PC,PC,3.196989354034756
125260728,7578.01,PC,APC,5.36035356282676
95512789,7579.01,PC,PC,2.3277043529818946
143168991,7580.01,PC,PC,19.509922640069604
143168991,7580.02,PC,PC,5.928480887688548
143168991,7580.03,PC,PC,12.297129803727998
350934357,7581.01,PC,PC,226.2820776560481
142914189,7582.01,PC,PC,7.632431680610019
110110529,7583.01,PC,PC,0.718030641421264
57047535,7584.01,PC,PC,18.68832876536869
100474173,7585.01,PC,PC,8.933107034541822
142711195,7586.01,PC,PC,10.449810959714936
294668702,7587.01,PC,PC,36.90783025818016
279154795,7588.01,PC,PC,4.183529674992454
452837676,7589.01,PC,PC,1.486643622455257
148322608,7590.01,PC,PC,7.336411724967773
55967712,7591.01,PC,PC,14.228807247469335
267834862,7592.01,PC,PC,18.021432090060124
238394308,7593.01,PC,PC,34.32997007371953
308692360,7594.01,PC,PC,9.989211492147271
54272884,7595.01,PC,PC,15.482116959657915
47248224,7596.01,PC,PC,5.5378584871784335
167337562,7597.01,PC,PC,50.66606837296091
185620819,7598.01,PC,PC,13.317311530625906
142757891,7599.01,PC,APC,2.3428516083106072
350230694,7600.01,PC,PC,8.010513757844457
111741396,7601.01,PC,PC,6.723020924108775
156716001,7602.01,PC,PC,10.29778812572357
26046851,7603.01,PC,PC,6.680285615389578
405255920,7604.01,PC,PC,9.040994743933751
393626873,7605.01,EB,FP,2.513968198037878
63735024,7606.01,PC,PC,4.887058474446538
306772292,7607.01,PC,PC,13.867264334702888
177033137,7608.01,PC,PC,26.663112001633245
108748840,7609.01,PC,PC,3.1952200736102467
121341000,7610.01,PC,PC,22.144116121362067
231451287,7611.01,PC,PC,16.88127357298926
289481977,7612.01,PC,PC,10.873966187359269
409796937,7613.01,PC,APC,6.316256141061471
132766482,7614.01,PC,PC,21.745616865666012
348899056,7615.01,PC,PC,2.167009346148281
285212983,7616.01,PC,APC,1.9622504415925024
385796857,7617.01,PC,PC,3.933506014210341
54391400,7618.01,PC,PC,6.772211163044909
412386707,7619.01,PC,PC,39.29595089873448
167165932,7620.01,PC,PC,145.1966742319639
130958848,7621.01,PC,PC,14.239196253733205
141279435,7622.01,PC,PC,40.82165192129185
279262080,7623.01,PC,PC,4.350795575354883
236817690,7624.01,PC,PC,16.778818777729864
298308533,7625.01,PC,PC,9.3966438
229605578,7626.01,PC,PC,5.071205880917986
431838716,7627.01,PC,PC,5.281353054061707
429123881,7628.01,PC,PC,4.039133142421085
414919755,7629.01,PC,PC,1.820285708211527
391090520,7630.01,PC,PC,1.8307980585651216
357956179,7631.01,PC,PC,15.686238483750572
434373518,7632.01,PC,PC,19.22747696985428
234603808,7633.01,PC,PC,3.6746813846941455
124183167,7634.01,PC,PC,2.280784322156733
67196266,7635.01,PC,PC,7.651694423927877
97715482,7636.01,PC,PC,3.429112356849504
53596439,7637.01,PC,PC,5.91628196845153
120540061,7638.01,PC,PC,1.522850950855607
270471727,7639.01,PC,PC,10.45629771649341
317801157,7640.01,PC,PC,7.006370029350299
148106497,7641.01,PC,PC,10.108387694297909
64334960,7642.01,PC,PC,3.682284156645839
265078278,7643.01,PC,PC,4.0521478500636565
64250123,7644.01,PC,PC,14.05800673693304
264691112,7645.01,PC,PC,4.75542443613409
232399986,7646.01,PC,PC,4.563839104041325
358340733,7647.01,PC,PC,3.9582130403596425
279909537,7648.01,PC,PC,2.6399819306387644
300868410,7649.01,PC,PC,3.145529277416086
10485639,7650.01,PC,PC,3.425351732727369
270711339,7651.01,PC,PC,1.4790071509841451
10313047,7652.01,PC,PC,4.554955257330636
150429313,7653.01,PC,PC,11.04627883551318
300654938,7654.01,PC,PC,26.970139872205078
117885024,7655.01,PC,PC,35.08429831929927
265129950,7656.01,PC,PC,0.738617263591631
415084429,7657.01,PC,PC,3.875167233250262
22730066,7658.01,PC,PC,1.6425010410320386
142053623,7659.01,PC,PC,6.557078785546738
140938327,7660.01,PC,PC,6.546282308303124
88865512,7661.01,PC,PC,12.526776017249723
5045948,7662.01,PC,PC,5.028696023201132
88760990,7663.01,PC,PC,2.7531520340513467
456787558,7664.01,PC,PC,5.944154425597488
182992572,7665.01,PC,PC,24.30310299627869
182992572,7665.02,PC,PC,9.027015189218664
130295375,7666.01,PC,PC,5.014596313273489
299801675,7667.01,PC,PC,16.953701538172243
2093349,7668.01,PC,PC,16.28169973452343
148273668,7669.01,PC,PC,13.185233177477476
176604975,7670.01,PC,PC,10.486550485165044
140190514,7671.01,PC,PC,6.42879280102897
107779737,7672.01,PC,PC,1.0272008629558873
25154148,7673.01,PC,PC,27.483925441287084
458615187,7674.01,PC,PC,3.88312721710462
289114603,7675.01,PC,PC,8.176167718199954
452973397,7676.01,PC,FP,1.951883093975092
349677805,7677.01,PC,PC,11.909640100120818
284586930,7678.01,PC,PC,1.6571231023488862
114011911,7679.01,PC,PC,5.248409861467626
334380435,7680.01,PC,PC,13.30405415583594
59537824,7681.01,PC,PC,1.6498042271950777
159671133,7682.01,PC,PC,1.3409757792564108
441422655,7683.01,CP,KP,1.5435057410809994
115942852,7684.01,PC,PC,3.212984886013246
33945661,7685.01,PC,PC,3.4828150909178683
273861354,7686.01,PC,PC,14.001638187364955
51992761,7687.01,PC,PC,14.54214150412482
80429950,7688.01,PC,PC,2.5395613831307826
12999193,7689.01,PC,PC,1.4826120848508613
410774020,7690.01,PC,PC,37.3522191
47762924,7691.01,PC,PC,2.7045293412916136
207463446,7692.01,PC,PC,19.68699358630852
341872729,7693.01,PC,PC,32.604563415715695
199572211,7694.01,PC,PC,13.6715651713181
319482278,7695.01,PC,PC,7.272897576414245
327996774,7696.01,PC,PC,2.5824371068856635
29848696,7697.01,PC,PC,2.535457315848197
241577487,7698.01,PC,PC,4.570135649838008
241577487,7698.02,PC,PC,14.715767223041595
241577487,7698.03,PC,PC,1.2377156533335425
358289302,7699.01,PC,PC,27.471305097870715
164695417,7700.01,PC,PC,3.590771654082882
122522333,7701.01,PC,PC,20.612671834228163
25030847,7702.01,PC,PC,9.066335921746523
88507544,7703.01,PC,PC,2.1523127232103816
138733600,7704.01,PC,PC,3.3434739497871298
70514245,7705.01,PC,PC,4.047782070159552
25004866,7706.01,PC,PC,21.72013484667268
123365281,7707.01,PC,PC,2.610394946265863
321011198,7708.01,PC,PC,7.4163881120128625
399789568,7709.01,PC,PC,20.92027909894346
261746870,7710.01,PC,PC,3.845853881468585
1309019,7711.01,CP,,3.242526497513868
264460009,7712.01,PC,PC,3.092561828373995
77287067,7713.01,CP,,4.076437279489389
423785115,7714.01,PC,PC,24.734992192553342
200001699,7715.01,PC,PC,0.3236317459834564
200001699,7715.02,PC,PC,6.889620068478693
46432937,7716.01,CP,KP,1.440454446267068
317132251,7717.01,PC,PC,25.208744497455857
37348844,7718.01,KP,KP,0.7668220578993619
1333933,7719.01,KP,KP,3.275794451851916
421184129,7720.01,PC,PC,8.031536646280458
163029327,7721.01,PC,PC,2.5639669389537976
334981118,7722.01,PC,PC,5.590210481357226
162093661,7723.01,PC,PC,6.334038805991679
77552382,7724.01,PC,PC,3.5102641120679405
19269186,7725.01,PC,PC,0.9621291862357808
289819148,7726.01,PC,PC,7.662140262834386
386563408,7727.01,PC,PC,2.5766417559549284
52024670,7728.01,PC,PC,4.3739988391340034
79936069,7729.01,PC,PC,13.61613531826461
78010250,7730.01,PC,PC,2.787586222674886
455279465,7731.01,PC,PC,3.2874829032743187
44566945,7732.01,PC,PC,1.5925044953719096
296882354,7733.01,PC,PC,1.1838811141400591
133420230,7734.01,PC,PC,26.312573390781026
2405205,7735.01,PC,PC,3.161363113262171
179240138,7736.01,PC,PC,3.150992800038905
238334463,7737.01,PC,PC,6.168225285165661
332713106,7738.01,PC,PC,22.53983399403945
47055436,7739.01,PC,PC,1.3451227260501972
36715978,7740.01,PC,PC,10.196379868558903
308664375,7741.01,PC,PC,3.56863322903257
73635140,7742.01,PC,PC,18.490348107432045
454039549,7743.01,PC,PC,10.965511314972348
71125919,7744.01,PC,PC,9.261788351993031
385699758,7745.01,PC,PC,1.5427028879839193
362360634,7746.01,PC,PC,4.790250656371899
371315483,7747.01,PC,PC,9.650503350448048
309257123,7748.01,PC,PC,8.32564913601414
457542392,7749.01,PC,PC,20.644798615205666
178658245,7750.01,PC,PC,1.3404613479124912
362264027,7751.01,PC,PC,2.6759637659765865
23326828,7752.01,PC,PC,7.093934727179008
38579332,7753.01,PC,PC,10.67805390486848
38579332,7753.02,PC,PC,4.863235166542334
105712339,7754.01,PC,PC,23.72909547890612
269895488,7755.01,PC,PC,7.92505969343294
458032939,7756.01,PC,PC,12.055098340396768
93532796,7757.01,PC,PC,0.8258114047742997
142064910,7758.01,PC,PC,4.175729191614183
163262279,7759.01,PC,PC,20.00770790807512
281170011,7760.01,PC,PC,2.700188968076657
45636452,7761.01,PC,PC,26.65561501678556
193318850,7762.01,PC,PC,15.717856274800084
33977715,7763.01,PC,PC,6.668746213899108
158200069,7764.01,PC,PC,22.434077477083108
23224540,7765.01,PC,PC,10.50370514195464
384482338,7766.01,PC,PC,3.672716136771796
163493945,7767.01,PC,PC,2.5082441360351866
36811910,7768.01,PC,PC,5.4018834534587405
303865520,7769.01,PC,PC,3.14367799627051
73983171,7770.01,PC,PC,2.999729220343826
198294279,7771.01,PC,PC,0.5853026774571098
309694541,7772.01,KP,KP,3.311951434240907
49729638,7773.01,PC,PC,3.2397806196961545
31061885,7774.01,PC,PC,1.798532595228839
354809215,7775.01,PC,PC,6.271354047739821
422568868,7776.01,PC,PC,2.2160532628472605
68123867,7777.01,PC,PC,6.299091550485427
347866089,7778.01,PC,PC,0.6964039764260391
434620877,7779.01,PC,PC,2.898725225373548
437346961,7780.01,PC,PC,2.697807301077231
67607738,7781.01,PC,PC,4.016047635231519
77466620,7782.01,PC,PC,3.469528151757989
38691375,7783.01,PC,PC,3.0101624557448803
26040447,7784.01,PC,PC,0.6109883783451151
115018003,7785.01,PC,PC,1.2932682432158062
346069206,7786.01,PC,PC,1.0730267799811437
17798086,7787.01,PC,PC,2.218964915544088
23847464,7788.01,PC,PC,3.21600921682686
37126544,7789.01,PC,PC,6.294895801243027
434949776,7790.01,PC,PC,3.176475472352261
51680381,7791.01,PC,PC,10.514189024436517
33400193,7792.01,PC,PC,14.73109705778345
102181368,7793.01,PC,PC,3.633783165656353
441919395,7794.01,PC,PC,4.746466191460872
68792475,7795.01,PC,PC,3.994806611439932
301023390,7796.01,PC,PC,3.2569952074924764
127361441,7797.01,PC,PC,6.358631816412151
237343052,7798.01,PC,PC,7.719175547611087
309845124,7799.01,PC,PC,2.3516994638008057
311010709,7800.01,PC,PC,1.699246065296545
301271430,7801.01,PC,PC,17.969789632217086
301271430,7801.02,PC,PC,8.248515616605527
335919075,7802.01,PC,PC,3.697599256452843
449292005,7803.01,PC,PC,2.9924309315704245
250294534,7804.01,PC,PC,5.8597330781109225
353111680,7805.01,PC,PC,3.1063425180393733
422078739,7806.01,PC,PC,2.212242037966789
69538264,7807.01,PC,PC,3.0780546597973766
166510722,7808.01,PC,PC,5.018475773073205
206167837,7809.01,PC,PC,3.2526004309749865
269244393,7810.01,PC,PC,24.73012759278784
317916019,7811.01,PC,PC,6.117846163135588
206553642,7812.01,PC,PC,3.4662324885249207
13663443,7813.01,PC,PC,3.013511122686104
279356,7814.01,PC,PC,3.5575696386478244
913035,7815.01,PC,PC,5.524848543289835
442381495,7816.01,PC,PC,1.9979321484392916
155744976,7817.01,PC,PC,3.880419861293275
51217656,7818.01,PC,PC,3.044875801890104
169725951,7819.01,PC,PC,8.009437345737666
317916466,7820.01,PC,PC,14.1865467581662
422037052,7821.01,PC,PC,13.691559321021504
146320244,7822.01,PC,PC,4.497298969483863
1104064500,7823.01,PC,PC,2.0977255768445286
73644471,7824.01,PC,PC,4.59470307105531
193096383,7825.01,PC,PC,4.857887906907664
434452008,7826.01,PC,PC,24.33440254022602
405421485,7827.01,PC,PC,13.140366782613386
441058440,7828.01,PC,PC,3.804468773107221
289909884,7829.01,PC,PC,21.19082114377364
340383885,7830.01,PC,PC,4.148390647056612
21355897,7831.01,PC,PC,5.3428265997442095
60091800,7832.01,PC,PC,1.7389103452101264
447419723,7833.01,PC,PC,13.861577899607411
237164114,7834.01,PC,PC,3.981857632227437
326266811,7835.01,PC,PC,4.5880019169332975
161421929,7836.01,PC,PC,22.843947569359276
265523693,7837.01,PC,PC,0.4669515137918594
323624496,7838.01,PC,PC,2.070636484947727
465283863,7839.01,PC,PC,4.5533193590754255
395186430,7840.01,PC,PC,20.40033896037725
160679177,7841.01,PC,PC,6.028473722403942
307398951,7842.01,PC,PC,4.446843892998649
55578720,7843.01,PC,PC,6.58355707995906
395745531,7844.01,PC,PC,20.255082226596222
263313709,7845.01,PC,PC,5.702360350952459
194721330,7846.01,PC,PC,3.937468843207305
157703394,7847.01,PC,PC,6.102903372651007
193164274,7848.01,PC,PC,4.0024595904081295
447462887,7849.01,PC,PC,1.6083760388169754
410056850,7850.01,PC,PC,10.612986803698863
73232401,7851.01,PC,PC,11.000798257006464
951438622,7852.01,KP,KP,0.235946699976921
341497604,7853.01,PC,PC,1.6886247904443263
124095894,7854.01,PC,PC,1.1260913581054044
27846348,7855.01,KP,KP,130.164818358
417679385,7856.01,KP,KP,0.6535254847077148
408313280,7857.01,PC,PC,0.0
158490401,7858.01,KP,KP,12.713793859050028
416279912,7859.01,KP,KP,0.0
299161524,7860.01,KP,KP,12.61181197613828
317298542,7861.01,PC,PC,15.890851156539789
379506569,7862.01,PC,PC,6.921630036394917
464286189,7863.01,PC,PC,18.299316736772298
379292252,7864.01,PC,PC,11.217063387562014
25170592,7865.01,PC,PC,4.584806428589386
260949200,7866.01,PC,PC,30.286026284461308
197953918,7867.01,PC,PC,2.535654251985564
47353757,7868.01,PC,PC,0.4349172051912561
188620407,7869.01,PC,PC,43.44881820192871
55497198,7870.01,PC,PC,11.919221611508394
279475441,7871.01,PC,PC,2.681220771021437
382521476,7872.01,PC,PC,2.942900791118261
229149738,7873.01,PC,PC,6.340404349227711
229155120,7874.01,PC,PC,29.538046194473917
52285162,7875.01,PC,PC,35.52644004218749
141485843,7876.01,PC,PC,23.52555413742694
262846252,7877.01,PC,PC,5.681369200045135
206455849,7878.01,PC,PC,5.704974017785049
237926599,7879.01,PC,PC,11.182743344116105
328100489,7880.01,PC,PC,4.707170420314137
294272188,7881.01,PC,PC,12.799945819330064
307784994,7882.01,PC,PC,14.49214580140013
398778455,7883.01,PC,PC,0.4346852433049302
13133780,7884.01,PC,PC,2.785258175937964
43724768,7885.01,PC,PC,2.68300531285038
201369796,7886.01,PC,PC,0.6405726814936634
319608890,7887.01,PC,PC,35.745390339432774
219396153,7888.01,PC,PC,10.24258341348132
161569903,7889.01,PC,PC,5.902568438043477
141610717,7890.01,PC,PC,33.29723353948987
450109396,7891.01,PC,PC,19.85623420500123
9432774,7892.01,PC,PC,1.649097335537196
259644493,7893.01,PC,PC,20.610347723817743
167418067,7894.01,PC,PC,2.1055935069278853
349522456,7895.01,PC,PC,51.114872751517
220436159,7896.01,PC,PC,5.033794121701988
455073386,7897.01,PC,PC,3.2637989002588603
260131577,7898.01,PC,PC,14.250137145357712
293225862,7899.01,PC,PC,4.427782186657037
177037840,7900.01,PC,PC,11.243233986241624
237158650,7901.01,KP,KP,4.147014389547674
169556484,7902.01,KP,KP,5.333884787838487
169176556,7903.01,KP,KP,8.025011626561401
26584326,7904.01,KP,KP,4.959174000711601
13574905,7905.01,PC,FP,2.198324568357136
417660218,7906.01,KP,KP,0.0
121865656,7907.01,KP,KP,179.59899086234893
391880567,7908.01,KP,KP,6.21231135156
27454084,7909.01,KP,KP,348.57860617778925
270619211,7910.01,PC,PC,77.4805009966
167902377,7911.01,PC,PC,15.524401880904618
170598489,7912.01,PC,PC,0.6770226938384366
364700298,7913.01,PC,PC,25.157198682711016
447485237,7914.01,PC,PC,3.757325394048732
193666100,7915.01,PC,PC,5.944505942043601
220400080,7916.01,PC,PC,69.65799992048737
421356266,7917.01,PC,PC,0.551425134727613
290355317,7918.01,PC,PC,16.116352644128604
463559233,7919.01,PC,PC,9.044143696070806
325210265,7920.01,PC,PC,0.4772047959596103
392747437,7921.01,CP,KP,4.518444737417634
288769849,7922.01,PC,,1.2294446891020203
347030355,7923.01,PC,,3.111756060754164
263350617,7924.01,PC,,12.533747775271708
410399327,7925.01,PC,,2.607095982166168
225040372,7926.01,PC,,7.576012300796231
346792281,7927.01,PC,,1.7154769402565522
