TIC,verdict,bls_depth,bls_snr,n_eclipses_observed,target_Tmag,tic_contratio,dm_max,n_neighbours,n_capable_neighbours,blend_status,best_nbr_TIC,best_nbr_dTmag,best_nbr_sep_arcsec,best_nbr_required_depth,capable_nbr_known_as
111149941,NOVEL,0.0004546419920715,10.185398171399184,3.0,10.0483,0.0123484107,8.355826135107128,7,4,BLEND_POSSIBLE,111149944.0,3.3668000000000013,61.52969758514521,0.010101585543990974,
118352931,NOVEL,0.3329912019049989,1035.8642633975048,3.0,11.956,,1.1939181025299015,121,0,BLEND_RULED_OUT,,,,,
119459681,NOVEL,0.1597707075177683,310.5707953376803,3.0,14.0858,,1.9912571040055338,37,3,BLEND_POSSIBLE,119459654.0,1.1273999999999997,42.03931658075125,0.4512915048471718,
122328031,NOVEL,0.0125579914506316,70.26337245360904,3.0,13.9897,,4.752699542353432,73,34,BLEND_POSSIBLE,122328055.0,-1.2815999999999992,31.44457808848272,0.0038572712746732826,
125900581,NOVEL,0.0258281203990943,13.374851242380425,7.0,14.8785,,3.969767994439267,91,41,BLEND_POSSIBLE,125952053.0,-1.8201,62.0570119056894,0.004831175366792934,
1326118009,NOVEL,0.0350042744208291,56.07358787081197,5.0,14.8663,,3.639697300264768,537,158,BLEND_POSSIBLE,346948140.0,-2.6732000000000014,46.82162675843875,0.0029842903864637197,
136191877,NOVEL,0.5656905815020541,555.2885829234801,171.0,13.1434,,0.6185526300260196,172,2,BLEND_POSSIBLE,136191848.0,-0.9133999999999993,29.0794040802952,0.24390401417140048,
137091217,KNOWN_OTHER_TYPE,0.0010750287904441,149.3420560037325,104.0,14.5701,,7.421449761781234,68,68,BLEND_POSSIBLE,137091234.0,-1.7071000000000005,42.12816221735585,0.00022314137007187115,
138407805,KNOWN_OTHER_TYPE,0.0051599895060274,78.9407971409491,67.0,11.1572,0.2024131,5.718377954012896,27,7,BLEND_POSSIBLE,138407795.0,1.6479,31.14334415166301,0.02354012791297897,
142841561,NOVEL,0.0309780403043623,96.8776297735366,23.0,14.0142,,3.7723651488114034,85,29,BLEND_POSSIBLE,142841549.0,-1.3581000000000003,52.20446157164957,0.008867760199367728,
146204013,NOVEL,0.2063522345940655,2793.690762175509,4.0,14.7012,,1.7134770594353097,88,10,BLEND_POSSIBLE,146204045.0,-4.7331,26.62404439379824,0.0026385733776031926,
146608979,NOVEL,0.0096821746189435,36.47146913521904,13.0,14.1553,,5.035067722705149,24,14,BLEND_POSSIBLE,146608972.0,0.13020000000000032,51.477404092876014,0.010915733167892162,
153080360,NOVEL,0.0065641126907423,111.9771643914806,28.0,10.7353,0.718149662,5.457059929289806,120,8,BLEND_POSSIBLE,153080363.0,3.0662000000000003,62.15360236767889,0.11057476582229545,
153336799,KNOWN_OTHER_TYPE,0.0096974595409396,56.13702699606745,35.0,13.569,,5.0333550591427425,109,48,BLEND_POSSIBLE,153336849.0,0.7418999999999993,42.59534352411485,0.019205162064186636,
154831114,NOVEL,0.0321311863896544,114.75730765267308,25.0,13.59,,3.7326830964100353,84,9,BLEND_POSSIBLE,154831109.0,1.6288,50.12832638547334,0.14402794408620992,
158329671,CONTAMINATED,0.1181365006913262,674.2709071442584,15.0,13.9382,,2.3190397436954933,14,2,LIKELY_CONTAMINATION,158329676.0,-4.4039,40.00067869709569,0.002045615955773148,TESS_EB
160130060,NOVEL,0.0591262341718899,67.71893756567215,8.0,14.8425,,3.0705494522760306,424,115,BLEND_POSSIBLE,160129957.0,-3.6914999999999996,52.6475541951913,0.001973241401810807,
19938261,KNOWN_OTHER_TYPE,0.0648366854418897,139.4451713677607,9.0,14.4227,,2.970447987762511,22,9,BLEND_POSSIBLE,19938253.0,-2.036900000000001,55.0134234151548,0.009932551027885414,
203279104,NOVEL,0.0002040231467662,32.51581597281258,21.0,7.26149,,9.22580139586447,5,1,BLEND_POSSIBLE,203279111.0,5.75431,42.45833836524729,0.040869887443198305,
207754858,NOVEL,0.0028047412999111,14.044313028566512,3.0,14.7551,,6.380267976128647,669,669,BLEND_POSSIBLE,207754966.0,-3.2208000000000006,53.34300055926216,0.00014440186739908575,
208358448,NOVEL,0.0150610035627843,118.66098785556149,8.0,12.8226,1.1357348,4.55536522185583,164,21,BLEND_POSSIBLE,208358455.0,-0.6311,7.495373619558743,0.008421974289117498,
220148279,NOVEL,0.0156983523137653,35.864218316498786,5.0,14.0199,,4.510364820981968,56,32,BLEND_POSSIBLE,220148254.0,-1.0122999999999998,54.61112557770248,0.006179225888256271,
230275619,NOVEL,0.0004485323326751,11.45843335931336,25.0,11.6224,0.117038481,8.370515612897213,38,28,BLEND_POSSIBLE,230275636.0,1.138,44.915095021463934,0.001279362906774171,
231260455,NOVEL,0.0884634213696254,109.0356776339106,23.0,13.6155,,2.6330906701818395,342,27,BLEND_POSSIBLE,231255809.0,-3.5067000000000004,51.16059720464109,0.0035001264292166385,
23259249,NOVEL,0.0391535931649554,59.74630065357756,5.0,13.8431,,3.518070940330129,666,69,BLEND_POSSIBLE,23240641.0,-1.8041999999999998,48.42684539649752,0.007431759104830767,
233415701,KNOWN_TOI,0.0100988652846398,63.155952515957104,43.0,13.2883,,4.989318552747387,35,9,BLEND_POSSIBLE,233415700.0,-0.0387000000000004,6.537319971147487,0.00974524089237224,
237115819,NOVEL,0.088832292054031,506.9717837496276,75.0,13.3776,,2.6285728301611275,4,2,BLEND_POSSIBLE,237115820.0,0.8019000000000016,41.13393555091694,0.18592203656323356,
250630820,KNOWN_OTHER_TYPE,0.0242731388705002,321.75923440785914,19.0,11.1837,0.227028623,4.037185148581637,28,3,BLEND_POSSIBLE,250630819.0,2.0023,27.792767299748466,0.15347793263399032,
253168781,NOVEL,0.0081922718239505,54.98500105540781,7.0,13.4308,,5.216489115016307,324,103,BLEND_POSSIBLE,253168777.0,-0.7723999999999993,10.48769708121484,0.0040220211867425335,
273158289,NOVEL,0.0125462734332341,41.26919130495207,19.0,12.9239,,4.753713129225568,214,37,BLEND_POSSIBLE,273158310.0,0.20870000000000033,60.43024242512903,0.015205291426779677,
278233128,KNOWN_OTHER_TYPE,0.2504616924293998,156.38205599887652,3.0,12.5954,,1.5031467227826623,340,2,BLEND_POSSIBLE,278233188.0,-0.3994,53.33012381937672,0.17337293880984836,
281286325,KNOWN_TOI,0.0066087982330431,12.934877501170693,4.0,13.4446,,5.449693767401249,6,3,BLEND_POSSIBLE,281286328.0,2.7523999999999997,29.26531566250169,0.08338395551027598,
282345650,KNOWN_OTHER_TYPE,0.3511603424632393,1235.8258851333342,3.0,10.9674,,1.1362363402709625,218,0,BLEND_RULED_OUT,,,,,
287846593,NOVEL,0.0846077443033173,3076.457002581413,11.0,14.8405,,2.6814747084110913,32,9,BLEND_POSSIBLE,287846583.0,-8.08693,25.541395341930563,4.927630295464958e-05,
29216744,KNOWN_OTHER_TYPE,0.0451810713037801,141.48774443607496,39.0,14.7644,,3.3626086889727325,62,23,BLEND_POSSIBLE,29216776.0,0.22279999999999944,40.17503850628265,0.05547234488196507,
294852916,NOVEL,0.0144593405933424,357.39540457810057,19.0,14.7084,,4.599628780605555,179,109,BLEND_POSSIBLE,294852903.0,-4.145399999999999,21.843083768225547,0.0003176789859450685,
29495157,NOVEL,0.0857856252931797,333.23644002774006,4.0,12.7139,0.166696414,2.6664636970118405,14,1,BLEND_POSSIBLE,29495166.0,-0.4765000000000015,41.77513844597362,0.05531138345044546,
298215657,NOVEL,0.0036197085661879,16.34983997169683,8.0,13.3078,,6.103315986092149,75,45,BLEND_POSSIBLE,298215640.0,-0.7292000000000005,43.68717142742872,0.0018492413910374543,
303470667,NOVEL,0.0221977249554096,56.9755696599801,4.0,14.519,,4.134228835263272,56,30,BLEND_POSSIBLE,303470640.0,-1.2504000000000008,51.11625559781446,0.007016951356631711,
304809821,KNOWN_OTHER_TYPE,0.0372732709724049,127.16795161523324,65.0,14.1732,,3.5715062335076633,409,86,BLEND_POSSIBLE,304948589.0,-2.1923999999999992,57.7024222477663,0.004948089045879174,
304889252,NOVEL,0.0567387241544411,230.28107172110185,42.0,14.7065,,3.1153010852962963,291,64,BLEND_POSSIBLE,304889118.0,-2.002700000000001,60.36348263317867,0.008970147117630979,
309240602,NOVEL,0.0706914616810379,234.36121843983744,13.0,12.9081,0.8609249,2.876582595944144,33,6,BLEND_POSSIBLE,309240600.0,-0.5846999999999998,3.287575601892368,0.04125598510696592,
309672362,NOVEL,0.0041137198726922,23.285909148859467,14.0,12.5952,,5.964413213230673,649,208,BLEND_POSSIBLE,309672339.0,0.34699999999999953,54.85032061000062,0.005662845523742729,
313356920,KNOWN_OTHER_TYPE,0.0084937860584415,52.94050393866905,11.0,13.3232,,5.177246705552085,6,3,BLEND_POSSIBLE,313356917.0,-1.5482999999999993,55.92816039082484,0.0020407101181288425,
313569577,NOVEL,0.0167141688738997,205.25053185791583,24.0,14.4863,,4.442288035481902,198,89,BLEND_POSSIBLE,313569594.0,-4.8566,59.37086534453702,0.0001907413208876534,
318928219,NOVEL,0.0418325279225744,383.1461845522305,10.0,12.976,1.23969245,3.446214725970587,339,36,BLEND_POSSIBLE,318928053.0,-3.218400000000001,52.18402007871435,0.002158510221690212,
320474615,NOVEL,0.0154674647474779,21.722492785169344,4.0,14.3993,,4.526452162812213,12,6,BLEND_POSSIBLE,320474625.0,-1.0936000000000003,54.74752166454598,0.00564909833787329,
323961620,NOVEL,0.0043311300626525,61.19139479354838,27.0,13.4311,,5.908496935824232,345,203,BLEND_POSSIBLE,323961564.0,-2.3976000000000006,26.644843372418617,0.00047594988439651835,
329832608,NOVEL,0.0396381064565958,386.2556267008232,3.0,14.7304,,3.504717750697333,577,137,BLEND_POSSIBLE,329832641.0,-5.6434999999999995,46.15861665082888,0.0002191355810643973,
330901906,NOVEL,0.0049831981812006,60.09782681820708,29.0,12.1507,,5.756229601613629,62,23,BLEND_POSSIBLE,331108817.0,1.718399999999999,45.2528697407118,0.02425873550413288,
343034455,NOVEL,0.0398908938207056,27.58901255002687,5.0,14.0461,,3.497815581257784,363,53,BLEND_POSSIBLE,343034401.0,-2.0448999999999984,48.489308239501874,0.006066158693923807,
3516691,NOVEL,0.0133155272651564,50.16086867429706,43.0,14.8433,,4.689104079481272,93,61,BLEND_POSSIBLE,3516741.0,-1.5335999999999999,58.637205445716106,0.003242786588585195,
35727587,NOVEL,0.0019910663231604,58.19149981825976,37.0,13.6563,,6.75228568305196,544,495,BLEND_POSSIBLE,35727585.0,-1.6663999999999994,44.09747377432788,0.00042906760563507436,
362115607,KNOWN_OTHER_TYPE,0.0331508678066683,100.58679309436036,31.0,14.8222,,3.6987627459221963,113,49,BLEND_POSSIBLE,362115592.0,-2.7994000000000003,37.547020700864266,0.0025161405776276875,
366749440,NOVEL,0.0004139979884085,19.208539822537823,4.0,8.29007,,8.45750442271231,33,4,BLEND_POSSIBLE,366749421.0,1.9372299999999996,52.47615131472357,0.002465416117999074,
378067576,NOVEL,0.0604560919642945,91.20615401682365,120.0,12.6202,,3.0463998253796962,300,21,BLEND_POSSIBLE,378067537.0,-0.2895000000000003,33.333132657521155,0.04630629880417447,
386206443,KNOWN_OTHER_TYPE,0.0170532460434892,27.31876969950387,3.0,14.2621,,4.420482354787696,74,35,BLEND_POSSIBLE,386206421.0,-0.7456999999999994,61.56459972833442,0.008580785743925673,
387142107,NOVEL,0.0457525891663695,184.35170617405257,11.0,12.7015,0.239816934,3.3489608097944092,30,3,BLEND_POSSIBLE,387142115.0,0.5395000000000003,30.62908705883877,0.07519962520660874,
394085020,KNOWN_OTHER_TYPE,0.0181221086783018,60.45959917531625,22.0,13.5999,,4.354478173647426,7,1,BLEND_POSSIBLE,403206360.0,3.339699999999999,53.70028784695712,0.39272516473309854,
394420407,KNOWN_OTHER_TYPE,0.5223103091295546,446.6717517043114,3.0,12.3509,2.504278,0.7051785054156817,364,2,BLEND_POSSIBLE,394420403.0,-0.9308999999999994,8.301760923522615,0.22159940901436484,
402613330,NOVEL,0.0004915445103502,19.737580811956462,3.0,8.19808,,8.271092874517352,90,12,BLEND_POSSIBLE,402613332.0,5.37922,31.510706281664188,0.06970290045415244,
411434067,NOVEL,0.0428867735512509,192.9009286180517,39.0,12.9067,,3.419191563208276,8,3,BLEND_POSSIBLE,411429811.0,-1.8833000000000002,34.82760084910234,0.0075683877606858565,
412633548,NOVEL,0.0850527512443017,199.49707093160563,23.0,14.9947,,2.675779083703099,368,66,BLEND_POSSIBLE,412633616.0,-3.5008,42.9174832645629,0.0033835170283814473,
417861102,NOVEL,0.0194097209347311,27.07948562962417,19.0,13.835,,4.279951771701379,84,31,BLEND_POSSIBLE,417861108.0,-1.9736000000000011,62.42557909761087,0.0031519497949405824,
421566477,NOVEL,0.0441018363772221,541.5146106696648,22.0,14.926,,3.3888583159058183,247,118,BLEND_POSSIBLE,423398759.0,-4.207800000000001,38.17470961389797,0.0009148221548087264,
426236217,NOVEL,0.3589824217873917,894.8374121331576,5.0,14.8997,,1.1123170422564557,68,8,BLEND_POSSIBLE,426236231.0,-2.8415,29.49009914550744,0.02621037189309438,
427332229,KNOWN_TOI,0.0086033562781794,80.869982689952,5.0,11.021,0.000476474059,5.163330229815672,1,0,BLEND_RULED_OUT,,,,,
43333100,NOVEL,0.0002380657932495,12.213604720524106,24.0,9.4575,,9.058257505505242,9,4,BLEND_POSSIBLE,1507012766.0,8.177399999999999,61.010005522782826,0.4442802399965221,
433770378,KNOWN_OTHER_TYPE,0.0016108858075791,27.13193207553424,3.0,9.9143,,6.982338111856997,649,65,BLEND_POSSIBLE,433770500.0,2.223799999999999,47.95187480104318,0.012490641834153807,
437150434,NOVEL,0.1500325939135055,1081.0130168195617,4.0,11.9441,0.206699669,2.059535955376237,56,2,BLEND_POSSIBLE,437150402.0,1.4598999999999993,37.61663048120478,0.5756329132538914,
453937711,KNOWN_OTHER_TYPE,0.0248961409351603,197.4208424063532,6.0,12.9569,1.65562272,4.009669915438539,65,11,BLEND_POSSIBLE,453937716.0,-1.4433999999999987,10.713273155176603,0.006588279780707551,
458301068,NOVEL,0.0108876301318767,94.97506605038768,28.0,14.7118,,4.9076666028727045,238,161,BLEND_POSSIBLE,458301170.0,-4.369300000000001,60.60132629470713,0.0001946316026909282,
458340718,NOVEL,0.0205926840581518,48.787422904593946,8.0,14.7309,,4.215717608968023,184,80,BLEND_POSSIBLE,458340704.0,-1.2139000000000006,14.988882808181607,0.006732137171461344,
459536921,NOVEL,0.0311563494790435,32.903109424360174,8.0,14.1162,,3.7661335833702196,205,49,BLEND_POSSIBLE,459536956.0,-1.9037999999999986,60.270903315624615,0.0053954362645578634,
46387913,KNOWN_OTHER_TYPE,0.0209063849117579,79.7023409087892,24.0,14.4422,,4.199302644953546,16,8,BLEND_POSSIBLE,46387914.0,1.1301000000000005,8.248616129731834,0.05919962313595341,
464366239,NOVEL,0.0185895476290496,16.93403470414399,3.0,13.7705,,4.326827946306931,90,38,BLEND_POSSIBLE,464366281.0,0.08000000000000007,54.61311287692888,0.020011001359786867,
464765654,NOVEL,0.046196883600501,460.780956732253,15.0,14.2014,,3.338468301410311,139,22,BLEND_POSSIBLE,464765614.0,-1.9428,34.12625000205647,0.007717785062056678,
467213914,KNOWN_OTHER_TYPE,0.0758144021115869,842.8159915980361,155.0,13.0089,,2.800620714037985,27,3,BLEND_POSSIBLE,467213929.0,1.6319999999999997,55.61731272685995,0.34084090861903155,
467851846,NOVEL,0.0070885348569819,102.36013145710108,23.0,14.5842,,5.37360880177535,407,334,BLEND_POSSIBLE,467851873.0,-2.777199999999999,10.54294814006561,0.0005491316546354112,
59656329,NOVEL,0.0082401928551672,71.04230286649613,46.0,12.823,0.093006134,5.210156559666556,23,9,BLEND_POSSIBLE,59656331.0,0.9953000000000003,29.12115096482132,0.020609021681384496,
60234259,KNOWN_OTHER_TYPE,0.0083944442318096,78.50327041494315,20.0,14.3287,,5.190020129412861,21,14,BLEND_POSSIBLE,60234265.0,-2.1411999999999995,29.74655182124701,0.0011681858683472864,
66732476,NOVEL,0.098141164207321,369.6589519011568,8.0,12.4829,0.00150671473,2.5203719861797804,4,0,BLEND_RULED_OUT,,,,,
67408849,NOVEL,0.0158375653531966,62.32888585164957,15.0,13.9485,,4.500778950006994,142,55,BLEND_POSSIBLE,67131170.0,-0.9574999999999996,36.79190957763225,0.0065567469061596235,
72005925,KNOWN_OTHER_TYPE,0.0028686454829899,22.1020309823292,6.0,14.644,,6.355807800084361,28,28,BLEND_POSSIBLE,72005923.0,-1.8811999999999998,13.680237482626143,0.0005072205959341722,
73561499,NOVEL,0.0213216788763715,390.4322176762722,67.0,11.4592,,4.177946504503281,124,7,BLEND_POSSIBLE,73561494.0,0.38890000000000136,41.62299045923131,0.030505728321857748,
76879277,NOVEL,0.0749384754400554,380.0923082697573,172.0,11.608,,2.813237866266289,50,4,BLEND_POSSIBLE,76879303.0,-1.7850000000000001,27.84972135713848,0.01447787602757379,
806803694,NOVEL,0.0510637464363392,340.48280100376246,3.0,14.8211,,3.229718312796291,32,16,BLEND_POSSIBLE,341624499.0,-3.7767,28.12878737248997,0.001575551758919143,
81551538,NOVEL,0.0022092639516128,39.27430753225786,7.0,14.1236,,6.6393809843359115,55,55,BLEND_POSSIBLE,81551562.0,-5.3553,49.76079624138045,1.5926766253785852e-05,
87175731,NOVEL,0.0231636507815942,53.1928150802693,19.0,13.3591,,4.087982477932597,188,33,BLEND_POSSIBLE,87175673.0,-0.9459,48.621340941790805,0.009692749943628827,
91599324,NOVEL,0.0624009737728471,147.27486856777858,3.0,14.2144,,3.012021582649935,39,13,BLEND_POSSIBLE,91599294.0,-2.8072999999999997,58.499282009899794,0.004701878115606746,
97032752,KNOWN_OTHER_TYPE,0.0086952226874071,104.80022741634536,31.0,12.3418,0.304796159,5.151798227749012,38,11,BLEND_POSSIBLE,97032744.0,0.4560000000000013,31.209265165514125,0.013233682438406086,
100424264,NOVEL,0.0140513869181793,317.36829543381776,17.0,14.9756,,4.630702018367872,733,615,BLEND_POSSIBLE,100424309.0,-4.8003,27.13190078234404,0.000168888155518166,
111122174,NOVEL,0.0003540693232247,33.27088068936675,18.0,8.44199,,8.627279247855954,89,15,BLEND_POSSIBLE,111122157.0,4.82751,41.883217707455486,0.03020593620698477,
111381330,NOVEL,0.0161697265128179,79.8373098073775,48.0,12.7461,1.2583667,4.478243313712429,69,19,BLEND_POSSIBLE,111381305.0,-0.6038999999999994,27.83602444746124,0.00927134355728686,
120017739,NOVEL,0.0246961188118027,25.547916887953768,3.0,14.6686,,4.018428235379308,80,42,BLEND_POSSIBLE,119928841.0,0.20080000000000098,58.13621042984805,0.02971315071517779,
121490919,NOVEL,0.0137039352817923,19.961480493786684,9.0,14.5302,,4.65788675259229,2,1,BLEND_POSSIBLE,2055489334.0,4.5472,58.7366359924137,0.9030780758167131,
125941416,NOVEL,0.0102954030317123,53.02911950145998,10.0,14.9458,,4.968391618724,124,99,BLEND_POSSIBLE,125941388.0,-3.0660000000000007,38.41087172551727,0.000611284456005918,
127263318,NOVEL,0.030948932810048,85.99470849438636,8.0,14.6218,,3.773385804630501,101,37,BLEND_POSSIBLE,127263285.0,-2.1479999999999997,47.38796091733613,0.0042800188146856705,
135330868,NOVEL,0.066781109840227,161.69653810564594,11.0,13.3687,,2.938365919123513,173,7,BLEND_POSSIBLE,135330863.0,-2.6584000000000003,60.3631559983783,0.005771565548272754,
154831865,NOVEL,0.0861595001300866,254.98950809912017,9.0,13.1965,,2.661742073351754,80,9,BLEND_POSSIBLE,154677625.0,0.036599999999999966,53.79752369545889,0.08911343216635084,
222705458,NOVEL,0.1022785516309667,121.3795262904901,3.0,12.3584,0.9460864,2.475538576641941,112,4,BLEND_POSSIBLE,222541303.0,0.4480000000000004,43.10499773960984,0.15451995370050214,
229494598,NOVEL,0.0020298333573652,153.3257672739347,161.0,10.6245,0.03524362,6.731349036925605,21,6,BLEND_POSSIBLE,229494603.0,3.8450000000000006,43.724808211063866,0.0700584275189681,
229494833,NOVEL,0.0003716524502771,14.90248105384826,19.0,9.9796,,8.574657498950536,15,10,BLEND_POSSIBLE,229494834.0,3.7124000000000006,43.85112185445968,0.011352643506035874,
233459038,NOVEL,0.0831463073204632,236.6169478798572,6.0,13.2613,,2.7003925845704932,2,0,BLEND_RULED_OUT,,,,,
233666475,NOVEL,0.0161249124060782,62.63374900680092,19.0,14.911,,4.481256589663552,262,209,BLEND_POSSIBLE,233661296.0,-3.0055999999999994,52.87348689191523,0.001012179096754266,
237507898,NOVEL,0.0468143392549513,104.10800026056394,6.0,14.8816,,3.324052754843234,34,17,BLEND_POSSIBLE,237507887.0,-2.7315000000000005,31.468037293271102,0.003782499663529011,
247637164,NOVEL,0.0263011406318284,72.46006206422604,4.0,14.6928,,3.9500635413832894,33,19,BLEND_POSSIBLE,247637160.0,-1.5067000000000004,23.10388817227761,0.006565904828815944,
251898081,NOVEL,0.1863041391168927,5534.523510196895,5.0,10.4141,,1.824443740702795,42,1,BLEND_POSSIBLE,251898060.0,1.737400000000001,50.13065381568829,0.9229592011330802,
257301155,KNOWN_OTHER_TYPE,0.0224232223979701,86.05941988794083,6.0,13.112,,4.1232549390878335,13,6,BLEND_POSSIBLE,257301156.0,1.3491999999999997,8.25357974761893,0.07769230820914087,
261590581,KNOWN_OTHER_TYPE,0.1390722820964522,146.36275051271326,10.0,14.3989,0.00419874629,2.1418985469119693,4,0,BLEND_RULED_OUT,,,,,
273148514,NOVEL,0.0033705797919588,222.5955971521154,27.0,9.345,,6.180738468303607,197,8,BLEND_POSSIBLE,273148407.0,4.200699999999999,60.047501852282295,0.16143013601200618,
273150032,NOVEL,0.0260029719632163,94.88238556844028,6.0,12.5171,,3.9624425307015216,245,22,BLEND_POSSIBLE,273150092.0,-0.1034999999999986,29.18987540880408,0.023638667270601293,
281310348,NOVEL,0.0727297763991251,179.71717247011716,11.0,13.4914,,2.8457193690603937,40,5,BLEND_POSSIBLE,281310387.0,-1.7544000000000004,59.43590625704879,0.014452808635435528,
282344989,NOVEL,0.3542417296442593,471.1469792476249,3.0,12.8738,,1.1267507007025896,228,1,BLEND_POSSIBLE,255797659.0,0.8122000000000007,52.91853528785354,0.7484791720430177,
29454613,NOVEL,0.065433708631412,545.6333542732605,30.0,12.3393,,2.9604961604907905,37,5,BLEND_POSSIBLE,29454598.0,-0.073599999999999,41.703181035027335,0.06114508257015242,
294658624,NOVEL,0.0218178270406439,38.67877886705848,4.0,13.5995,,4.152971263522559,171,39,BLEND_POSSIBLE,294658628.0,-0.9893000000000001,43.46785631847542,0.008771856019494834,
295348592,NOVEL,0.0069873355023653,61.04780725279149,67.0,13.311,,5.389221008141605,432,144,BLEND_POSSIBLE,295348659.0,-0.9818999999999996,44.69934042888648,0.002828470130003645,
297350195,NOVEL,0.0087023838923125,20.988624373735213,17.0,14.5614,,5.150904405965081,270,190,BLEND_POSSIBLE,297350107.0,-1.1554000000000002,54.47018876642947,0.0030024669642356784,
298231916,NOVEL,0.0422542225817544,221.65324097645257,33.0,13.3823,,3.435324710731183,688,50,BLEND_POSSIBLE,298231787.0,-0.38870000000000005,48.74197341272398,0.029538614140093906,
299139880,NOVEL,0.0455831582994897,110.3176001204469,6.0,13.3491,,3.3529889683738787,157,17,BLEND_POSSIBLE,299139891.0,0.9419000000000004,42.221300308639606,0.10853365100411712,
308628103,NOVEL,0.0685510758389176,79.93675623358139,8.0,13.6622,,2.90996431253486,201,21,BLEND_POSSIBLE,308628241.0,-1.1441,48.957252191733474,0.02389869985652922,
309223749,NOVEL,0.0033844474747381,35.76623966566716,6.0,12.7173,,6.176280553974729,212,91,BLEND_POSSIBLE,309223758.0,1.1135000000000002,21.784391819591992,0.00943816962697033,
309656476,NOVEL,0.0004954977074599,24.60608357338353,6.0,8.842,,8.262395876356544,93,5,BLEND_POSSIBLE,309656481.0,5.824999999999999,19.49187112635665,0.10593553139845327,
311051394,KNOWN_OTHER_TYPE,0.0007609383960212,12.87293450677101,4.0,8.184,,7.7966262534448285,262,13,BLEND_POSSIBLE,981380308.0,3.7764000000000006,7.384893271090122,0.024655254999302725,
31165161,NOVEL,0.0910692166884198,412.897759198804,23.0,14.8473,,2.60157099723833,69,13,BLEND_POSSIBLE,31165187.0,-4.1737,46.64357967555871,0.0019493579838002662,
313365243,NOVEL,0.0203149163954044,57.46347585064022,13.0,13.1826,,4.230462401604968,792,114,BLEND_POSSIBLE,313365240.0,-1.2643000000000004,61.45889167293089,0.006340084400804343,
313371518,NOVEL,0.0070839218664799,35.54743755608732,15.0,13.6603,,5.374315593981505,485,236,BLEND_POSSIBLE,313371465.0,-2.4452,24.765110330020644,0.000745064313507829,
315681366,NOVEL,0.0194407150606133,82.098374397933,20.0,14.7788,,4.278219412674655,353,203,BLEND_POSSIBLE,316858795.0,-4.954600000000001,23.977284057611243,0.00020270862833900567,
318887646,NOVEL,0.0360494851192526,149.87732244709204,3.0,12.296,0.0007186097,3.6077523343977393,2,0,BLEND_RULED_OUT,,,,,
323764927,NOVEL,0.0077297186652595,76.56479646119588,19.0,14.6664,,5.279590781487772,234,195,BLEND_POSSIBLE,323764915.0,-2.5222999999999995,14.49814543381166,0.0007572576814378435,
326257760,KNOWN_OTHER_TYPE,0.000759732665063,18.24871040535082,8.0,11.337,,7.798348001247301,23,13,BLEND_POSSIBLE,326257758.0,1.9637000000000011,60.9814025415523,0.004635971948987824,
329814247,NOVEL,0.080007100252554,99.93723848423453,12.0,14.9636,,2.7421786742803667,87,24,BLEND_POSSIBLE,329814233.0,-2.1357999999999997,51.72554190637451,0.011189444597260702,
330871525,NOVEL,0.1027129696724762,329.69298098251613,59.0,12.5454,0.3701513,2.4709367853214874,58,7,BLEND_POSSIBLE,330871489.0,-0.4372000000000007,51.42861272657007,0.06866655918646448,
333569564,NOVEL,0.0173530714567269,146.31239779941296,4.0,11.8087,0.772273839,4.40155911217546,111,10,BLEND_POSSIBLE,992140217.0,1.6067999999999998,31.84085788138122,0.0762248108117684,
333569585,NOVEL,0.0398616187184792,229.18536526079944,4.0,12.7109,,3.4986126731311513,117,8,BLEND_POSSIBLE,333569564.0,-0.9022000000000006,30.89722184655393,0.017365005721797486,
333732585,NOVEL,0.0004061754793286,27.22695939265904,232.0,11.5826,,8.478215745863967,15,13,BLEND_POSSIBLE,333732580.0,2.121600000000001,26.15855378891128,0.0028665115872442593,
339901386,NOVEL,0.0114874117407563,27.56462311594321,42.0,14.8419,,4.849444530831723,256,164,BLEND_POSSIBLE,339901326.0,-2.5410000000000004,39.6841538453425,0.0011061707939253429,
344493385,NOVEL,0.067060248644215,285.9861973979182,3.0,14.9423,,2.9338371015965703,58,12,BLEND_POSSIBLE,344493366.0,-0.9473000000000003,55.384142154280624,0.028024970193269334,
346535587,NOVEL,0.0151622854763167,150.04725490876726,5.0,14.8235,,4.548088326749696,496,264,BLEND_POSSIBLE,346535467.0,-5.741999999999999,54.79638027752101,7.655343266731771e-05,
348345578,NOVEL,0.0524130509137125,75.95854419655619,10.0,13.8602,,3.20140139923493,487,57,BLEND_POSSIBLE,348345614.0,-1.2545000000000002,56.419757309457495,0.016505908766964828,
349701853,NOVEL,0.28445208271133,343.46043198791466,4.0,13.0589,,1.3649772051296378,104,3,BLEND_POSSIBLE,349701859.0,-0.5822000000000003,19.049654631526053,0.16639072648944356,
360088761,NOVEL,0.0125967166487498,36.50522425187919,29.0,14.6052,,4.7493565989423505,30,20,BLEND_POSSIBLE,360088754.0,-1.4640000000000004,54.799072499110046,0.0032708253906782534,
365996460,NOVEL,0.0073657834365039,44.74404144866233,5.0,11.9394,,5.331952635272801,47,12,BLEND_POSSIBLE,365996476.0,-0.05269999999999975,27.019097983288777,0.007016797542401318,
371603115,NOVEL,0.062562400625086,251.5780844066604,7.0,14.2883,,3.0092164875373624,68,21,BLEND_POSSIBLE,371603093.0,-1.5328999999999997,53.191054792604106,0.015245911870411017,
376802340,KNOWN_OTHER_TYPE,0.0013258075430079,33.197908637281905,7.0,11.6118,,7.193798786125099,177,82,BLEND_POSSIBLE,848853450.0,-0.479000000000001,35.74253228756972,0.0008528653798280082,
380943251,NOVEL,0.0766701880813365,100.95096880973294,14.0,14.5303,,2.788433678412616,2,0,BLEND_RULED_OUT,,,,,
383101733,NOVEL,0.1568498307817311,526.9871658617137,4.0,14.3277,,2.011289863767201,240,21,BLEND_POSSIBLE,383101829.0,-1.8445,33.98505393776443,0.028686928732859766,
387142211,KNOWN_OTHER_TYPE,0.0383160080731358,4928.228445639369,50.0,8.6039,0.0250589065,3.541549359769018,35,0,BLEND_RULED_OUT,,,,,
387142213,NOVEL,0.0249827103845678,364.553755478572,21.0,12.4054,,4.005901116545319,43,9,BLEND_POSSIBLE,387142211.0,-3.8015000000000008,36.33670444014946,0.0007534241787368926,
394111941,NOVEL,0.3350742966987372,309.0067108088376,3.0,13.2143,,1.1871472132381369,288,3,BLEND_POSSIBLE,394111937.0,-1.5813000000000006,26.854989853644742,0.07809461976380795,
397004906,NOVEL,0.0005268330102768,15.333653405095518,92.0,11.8185,0.1782744,8.195817552138614,94,71,BLEND_POSSIBLE,397004942.0,1.031699999999999,47.49618776134053,0.0013625516661924925,
399552998,NOVEL,0.0004230240234117,13.050927955560846,19.0,10.5144,,8.43408742116711,73,33,BLEND_POSSIBLE,399553029.0,3.7807999999999993,62.09983726004951,0.013762110212639539,
399573126,KNOWN_OTHER_TYPE,0.0514803414574796,252.7493552885409,36.0,13.0193,,3.2208964529521786,54,8,BLEND_POSSIBLE,399573125.0,0.226700000000001,9.977301017710005,0.06343390081826196,
399770041,NOVEL,0.0429056219128949,488.6485399391096,30.0,12.0059,0.5399458,3.4187144964739624,153,9,BLEND_POSSIBLE,399770076.0,0.06909999999999883,56.67106490851127,0.045725051301746984,
402630334,NOVEL,0.001254865353365,35.714387922811724,17.0,9.9085,,7.253507178341259,147,28,BLEND_POSSIBLE,402630290.0,1.6387999999999998,57.79117880572304,0.005676976921017781,
402641241,NOVEL,0.0082896127359635,256.9514791925314,35.0,11.0422,,5.2036643945418675,217,17,BLEND_POSSIBLE,402641247.0,1.0897000000000006,49.68279028890562,0.022615919111729586,
410907337,NOVEL,0.0171988840160771,52.122884714760666,4.0,13.9433,,4.411249330606639,118,52,BLEND_POSSIBLE,410907341.0,-1.7184000000000008,40.94954556069505,0.003532972587668222,
411536289,NOVEL,0.0150769600546131,124.65114190787088,17.0,12.3681,,4.5542155395005,272,29,BLEND_POSSIBLE,411536274.0,-0.1578999999999997,24.36874154854649,0.013036283130903287,
414257425,NOVEL,0.0780041080401229,431.8702016412568,22.0,13.8104,,2.7697063121142884,647,53,BLEND_POSSIBLE,414257374.0,-2.5334000000000003,29.0970702813126,0.007564103717153018,
430253781,NOVEL,0.0025248403654742,18.27943383834713,8.0,12.9368,,6.494415188007156,888,459,BLEND_POSSIBLE,430253778.0,-0.8178999999999998,24.96823260469509,0.0011887045492896126,
437162640,NOVEL,0.0179011843506832,331.24223102868467,29.0,11.1517,,4.36779558736159,188,10,BLEND_POSSIBLE,437171483.0,1.2677999999999994,17.860178081214677,0.05754422760392455,
444465823,NOVEL,0.0347550982913245,146.60658281070934,8.0,12.4426,0.01710652,3.6474536972974905,17,0,BLEND_RULED_OUT,,,,,
44533527,NOVEL,0.0010129590172977,11.99140867125008,3.0,10.4294,,7.486020312861658,39,14,BLEND_POSSIBLE,44533537.0,2.432500000000001,45.13602726270689,0.00951901201201298,
451041955,NOVEL,0.0082081169147247,15.695979650342576,3.0,14.4891,,5.2143911654679,238,165,BLEND_POSSIBLE,451041994.0,-2.424200000000001,46.12404715060812,0.0008801638632104162,
452557937,NOVEL,0.1377191983537152,192.4640953980194,4.0,13.988,0.146552593,2.1525137848351106,37,4,BLEND_POSSIBLE,452557948.0,-2.053099999999999,39.50785161925887,0.02078521332039513,
453947125,NOVEL,0.0076853914782657,32.39615851260734,5.0,12.7602,0.227050781,5.285835013800197,88,26,BLEND_POSSIBLE,453947101.0,1.1110000000000007,37.72793957300442,0.021382869944291023,
457850280,KNOWN_OTHER_TYPE,0.0711277375052171,270.67388194836224,12.0,14.2201,,2.869902513775791,128,13,BLEND_POSSIBLE,457850292.0,-1.5082000000000004,29.635058772589783,0.017732051929503598,
465334170,NOVEL,0.0065277981276859,75.37200776141937,55.0,14.5819,,5.463083211534569,508,404,BLEND_POSSIBLE,465415440.0,-3.094999999999999,29.420812303671937,0.00037736942958776696,
465390277,NOVEL,0.0207924913718205,121.4470901133744,8.0,13.6833,,4.205233675155086,480,119,BLEND_POSSIBLE,465390138.0,-1.4802999999999997,46.84163279483036,0.005318467747764193,
467214801,NOVEL,0.009504972458957,2133.735287899865,329.0,8.9966,,5.055122842956453,31,0,BLEND_RULED_OUT,,,,,
54282826,NOVEL,0.0159413998991685,50.51995258998735,26.0,14.3249,,4.49368385888853,43,24,BLEND_POSSIBLE,54282844.0,-1.3125,42.6659841258098,0.004759117818019814,
57131520,KNOWN_OTHER_TYPE,0.1940775852247716,18.090953999115115,22.0,14.94,,1.7800615501859365,290,21,BLEND_POSSIBLE,57131514.0,-2.3133,62.56930823409697,0.023049174715568926,
66716482,NOVEL,0.0332873069707548,64.88516548097682,3.0,12.9127,0.0039220606,3.694303347422994,6,1,BLEND_POSSIBLE,66715933.0,2.343,48.698419820095374,0.28805715100147433,
73190461,NOVEL,0.0469336322190994,150.01285765436344,28.0,14.3426,,3.32128958550699,18,9,BLEND_POSSIBLE,73190464.0,-1.3947999999999983,27.74556960293488,0.012988654533977078,
79414156,NOVEL,0.0305453189074298,407.98645000574726,42.0,12.0258,,3.7876383406764673,64,3,BLEND_POSSIBLE,79526779.0,1.2750000000000004,30.482196828185003,0.09884271447336929,
80644534,NOVEL,0.0497883351058787,160.16925589044678,15.0,14.865,,3.257180990116682,79,22,BLEND_POSSIBLE,80644535.0,-0.9496000000000002,22.927137861396908,0.020762880478569275,
80886802,NOVEL,0.1568408468193328,382.7669344845568,124.0,13.1092,,2.011352053777534,52,4,BLEND_POSSIBLE,80886830.0,-1.366999999999999,38.43985222513365,0.04453066477030728,
810800604,NOVEL,0.0078814002913503,107.38952722643744,20.0,14.7331,,5.258491535978153,200,167,BLEND_POSSIBLE,363968766.0,-2.8109,17.61445879359775,0.0005918932477364481,
86966148,NOVEL,0.0869072518004786,575.5381485381514,27.0,12.7787,,2.652359958028803,146,6,BLEND_POSSIBLE,86966108.0,-0.6943999999999999,27.39277962929312,0.045845426443264434,
87175640,NOVEL,0.0533172177337626,90.82026005298492,11.0,13.648,,3.1828313039219207,188,18,BLEND_POSSIBLE,87175677.0,-1.5557999999999996,52.94739496450176,0.012721768208331414,
87926466,NOVEL,0.1194779529816039,169.08721638471758,189.0,13.4941,,2.306780566952696,433,16,BLEND_POSSIBLE,87926506.0,0.7925000000000004,61.46350211330383,0.24790641967937216,
90130748,NOVEL,0.0144325005165,258.45508630639864,26.0,14.5367,,4.601646045717778,135,71,BLEND_POSSIBLE,90130683.0,-4.450099999999999,62.53304082646682,0.00023949782940655502,
93196458,KNOWN_OTHER_TYPE,0.0157632890181625,78.22291288932324,3.0,11.8658,0.620699048,4.505882904075225,115,11,BLEND_POSSIBLE,93196432.0,2.0913000000000004,39.9347667585606,0.10818494742794373,
93622174,NOVEL,0.0154905454443943,50.65516322301078,22.0,13.5354,,4.524833224594872,103,15,BLEND_POSSIBLE,93622187.0,-0.40559999999999974,57.47027292027724,0.010661706187046191,
139850283,NOVEL,0.6186081745466384,659.6974002303643,59.0,13.2716,,0.521460863365884,82,3,BLEND_POSSIBLE,139850254.0,-1.7502999999999993,34.40934772447682,0.12339445798086661,
231200465,KNOWN_OTHER_TYPE,0.0901982240846761,26.058132036084988,6.0,13.8181,,2.6120050330248086,34,8,BLEND_POSSIBLE,231200499.0,-0.42019999999999946,60.18986365212727,0.06125167743871527,
349702481,NOVEL,0.2509319710238842,28.35142797095017,3.0,13.375,,1.5011100051960513,139,7,BLEND_POSSIBLE,349702483.0,-4.68937,37.08765762827218,0.003340473246783852,
42256323,NOVEL,0.000462194840594,27.59639385423237,98.0,10.4768,0.173400179,8.337937266971686,194,80,BLEND_POSSIBLE,42256278.0,1.7424,58.54424145908004,0.002300303250979534,
230907580,NOVEL,0.0469284918313638,141.82993616344297,3.0,14.46,,3.321408506853232,484,143,BLEND_POSSIBLE,230918648.0,-3.8054000000000006,54.24109136445495,0.0014101866444510374,
379653933,NOVEL,0.1001386488483784,116.66379331613356,3.0,13.741,,2.498495681874735,418,41,BLEND_POSSIBLE,379886254.0,-0.4648000000000003,62.134302478332856,0.06526520812088991,
42256493,NOVEL,0.0166288003081468,1057.4645308998647,127.0,10.2669,,4.447847705024859,191,9,BLEND_POSSIBLE,378271610.0,0.04190000000000005,27.83671572350624,0.017283071156385964,
230376393,NOVEL,0.0286212209306009,22.00666889078472,19.0,14.7828,13.9702978,3.8582796098688927,15,11,BLEND_POSSIBLE,230376391.0,-4.7134,13.868223087905951,0.00037267319445576146,
330569407,NOVEL,0.0304795861923836,97.30692061841158,6.0,14.2896,,3.789977333782562,259,82,BLEND_POSSIBLE,330569250.0,-2.4939,45.2994731829513,0.0030651311835984576,
102509246,NOVEL,0.2455373910465728,330.58380800539624,61.0,14.5949,,1.5247059076437783,189,12,BLEND_POSSIBLE,102509309.0,-1.0295000000000005,46.26572266705127,0.095130030709169,
102566477,NOVEL,0.0022891902844508,83.3174291743009,4.0,14.6004,,6.600795264870811,46,46,BLEND_POSSIBLE,102566490.0,-6.0274,38.8580346913437,8.886318889844102e-06,
12079324,NOVEL,0.071384835749972,59.46161732421727,6.0,13.1706,,2.865985088541492,261,24,BLEND_POSSIBLE,12079262.0,-0.48080000000000034,51.89386180073815,0.045844365314665646,
123508954,NOVEL,0.0369711000167947,116.0740523433189,13.0,15.2649,,3.5803440687175714,516,228,BLEND_POSSIBLE,123509027.0,-3.0734000000000012,41.15566550202025,0.0021802303075619017,
135324633,NOVEL,0.2157417897259192,252.4512615129776,3.0,13.7716,,1.6651643070454982,129,6,BLEND_POSSIBLE,135317370.0,-0.2372999999999994,59.262062460600326,0.17338609965022297,
142837844,NOVEL,0.055656936197492,76.61963733055721,4.0,14.2123,,3.1362017609564945,75,14,BLEND_POSSIBLE,142837816.0,0.1311,43.56375483705902,0.06279994966108203,
145599024,NOVEL,0.0216594526261377,82.44323395676957,3.0,14.2706,,4.160881307463696,100,38,BLEND_POSSIBLE,145599064.0,-1.9158000000000008,34.2197834498043,0.003709603366502228,
146612348,NOVEL,0.0184104343860854,130.56087670027617,31.0,13.9106,,4.337339910970502,45,19,BLEND_POSSIBLE,146612327.0,-0.15420000000000122,32.84928167069186,0.01597290966877026,
158493845,NOVEL,0.0006119808539859,52.35994020823438,127.0,9.8295,0.0277446825,8.033155411704486,30,13,BLEND_POSSIBLE,158493877.0,4.053800000000001,62.28898175859432,0.02560105339025424,
160147252,NOVEL,0.0521386283048908,53.75628815590207,26.0,14.8704,0.07020074,3.20710099675951,5,3,BLEND_POSSIBLE,160147257.0,-1.1163000000000007,46.548988676564576,0.018648315205687865,
180187028,NOVEL,0.0020806534882296,66.26187237755265,30.0,11.5331,4.11592865,6.704500602786938,385,108,BLEND_POSSIBLE,180186978.0,-1.7821999999999996,23.90025076546442,0.00040301365280140595,
188855091,NOVEL,0.0081349060527109,35.663361211225535,5.0,14.5657,,5.224118645547014,370,262,BLEND_POSSIBLE,188855174.0,-3.1348000000000003,41.8857265172248,0.0004533488744047932,
192855779,NOVEL,0.118835941423882,235.23733356553507,5.0,14.1183,,2.3126304724324456,291,23,BLEND_POSSIBLE,192865493.0,-2.9644999999999992,45.35292000143441,0.007747254287745218,
1966164973,NOVEL,0.0095042671234073,21.409414160433364,66.0,14.951,,5.055203415179223,303,245,BLEND_POSSIBLE,90348267.0,-2.5039,28.75775932480266,0.0009470188726682524,
217028234,NOVEL,0.0548477030258158,258.3104074550125,25.0,14.316,,3.1521038889607107,237,42,BLEND_POSSIBLE,217028137.0,-3.171100000000001,41.66525190287516,0.0029560953917271773,
218193457,NOVEL,0.1514796287202492,864.8179882598915,4.0,13.8307,,2.0491144200370037,537,29,BLEND_POSSIBLE,218193335.0,-3.043000000000001,62.04848902447588,0.009186587839395844,
220423668,NOVEL,0.0452465275230349,755.375924778826,55.0,12.4182,0.007309837,3.3610368635476213,5,1,BLEND_POSSIBLE,512197621.0,3.0706999999999987,60.67342264094501,0.7653591076149953,
233409941,KNOWN_TOI,0.006588703661465,32.48032203924666,34.0,13.3911,,5.453000062928357,29,18,BLEND_POSSIBLE,233409942.0,2.08,5.357014818947401,0.044750714611051734,
233452636,NOVEL,0.054672925498727,202.45204275073417,14.0,13.8712,,3.1555692169557172,349,56,BLEND_POSSIBLE,233452634.0,-1.3236000000000008,54.69954448517009,0.016155943035610767,
234065903,NOVEL,0.0327442538761846,114.8542401960932,5.0,13.6845,,3.7121622528304776,57,17,BLEND_POSSIBLE,234065888.0,-0.8361000000000001,21.05447152645819,0.015159856796434782,
237514076,NOVEL,0.0404948100835356,117.45635569388408,3.0,14.8639,,3.4815015837233245,62,20,BLEND_POSSIBLE,237514068.0,-1.0574999999999992,12.67391008127347,0.015289714164349176,
239727281,NOVEL,0.0057720916469008,117.17194131548818,11.0,10.7177,,5.596666954935911,44,5,BLEND_POSSIBLE,239727280.0,3.6449,22.23508748223477,0.16568882496836562,
244978644,NOVEL,0.1440640101130285,546.1551757626027,37.0,13.4337,,2.1036112513222953,61,5,BLEND_POSSIBLE,244978645.0,-1.8806999999999992,29.26981315276917,0.025484463748561,
247637169,NOVEL,0.0263011181410637,72.4600011470638,4.0,14.4844,,3.9500644698239338,34,19,BLEND_POSSIBLE,247637160.0,-1.2983000000000011,19.87748921780003,0.007955256957538272,
277917453,NOVEL,0.0947924475393268,86.73418278616953,12.0,14.4622,,2.5580656577797334,164,34,BLEND_POSSIBLE,277917312.0,-0.1730999999999998,60.58442840602388,0.08082277114640252,
295347171,KNOWN_OTHER_TYPE,0.0416901871140046,105.7070158892373,3.0,13.1082,,3.4499153891693055,437,41,BLEND_POSSIBLE,295347245.0,0.09079999999999977,32.08823940218947,0.045326673159833554,
297357238,NOVEL,0.0119939870400014,33.30194961485299,6.0,14.4679,,4.802591061927798,318,175,BLEND_POSSIBLE,297357305.0,-2.6204,34.4593566771826,0.001073503773140398,
299138242,NOVEL,0.0053164505096314,30.65474646213637,25.0,13.1644,,5.685945561442813,204,115,BLEND_POSSIBLE,299138159.0,0.39419999999999966,40.223712189334734,0.00764366729698748,
304803946,NOVEL,0.0037235082241019,63.07976309863465,10.0,14.2829,,6.072619206486451,412,380,BLEND_POSSIBLE,304804000.0,-3.603299999999999,30.42853899554544,0.00013478213063229088,
307380812,NOVEL,0.0222937495368333,30.131721343095755,7.0,14.46,,4.129542205850781,39,16,BLEND_POSSIBLE,307380810.0,-2.0081000000000007,54.35716110536531,0.0035070593673311445,
308473058,NOVEL,0.0278381514795036,90.44832381309335,23.0,14.2663,,3.8883990157665376,371,86,BLEND_POSSIBLE,308472989.0,-2.7113999999999994,26.67107712824333,0.0022912917621375,
308626244,NOVEL,0.033531791410783,178.40897066456748,7.0,13.6341,,3.6863581102368164,268,59,BLEND_POSSIBLE,308626147.0,-2.686,41.55803334642331,0.0028252491693303264,
309657355,NOVEL,0.0042380757525843,238.1158179919524,564.0,12.8058,0.0592803322,5.932078212128583,81,25,BLEND_POSSIBLE,309657363.0,3.149700000000001,20.79305900002835,0.0770989946753968,
311054491,KNOWN_OTHER_TYPE,0.0221172684866732,144.4333721404807,14.0,12.0562,,4.138171275065697,460,25,BLEND_POSSIBLE,311054539.0,1.8843999999999994,29.76771051765278,0.12545601544360788,
316215136,NOVEL,0.0340159372316684,79.08932683967755,14.0,14.5085,,3.6707938963583913,128,36,BLEND_POSSIBLE,316215190.0,-1.6084999999999994,57.57220465495627,0.007731832578654281,
323965420,NOVEL,0.0324175733569704,55.12769509127365,4.0,13.5911,,3.7230487443172127,318,54,BLEND_POSSIBLE,323965462.0,-0.5792000000000002,29.84305892231502,0.01901518268929743,
333569592,NOVEL,0.0136940639524613,48.24951841863693,4.0,12.59,,4.658669120678068,122,23,BLEND_POSSIBLE,992140217.0,0.8254999999999999,38.63618966706437,0.029290875422735167,
338685900,NOVEL,0.002174363681317,30.53277794408261,6.0,14.4867,,6.656669536572349,133,133,BLEND_POSSIBLE,338685866.0,-3.4832,46.59040261182534,8.791281476280934e-05,
33986702,NOVEL,0.0206138901281379,49.52028395021655,5.0,13.2736,,4.214600107674514,4,1,BLEND_POSSIBLE,33986701.0,3.5729999999999986,19.060017722588263,0.5538089333131835,
345086748,NOVEL,0.0348266920506995,39.45967406830544,3.0,14.454,,3.645219435613885,21,9,BLEND_POSSIBLE,345086759.0,-0.18440000000000012,27.590516692893114,0.02938679516107978,
348337167,KNOWN_OTHER_TYPE,0.1921526649230062,576.2186023765057,17.0,13.234,,1.7908839700582713,411,15,BLEND_POSSIBLE,348337321.0,-0.2146000000000008,60.59316128940787,0.15769082016150468,
349453472,KNOWN_OTHER_TYPE,0.0235354845084585,338.96536647046605,24.0,11.408,,4.070692141876133,13,3,BLEND_POSSIBLE,349453460.0,-4.4178999999999995,51.2169293966012,0.0004023121449977106,
356500024,NOVEL,0.1960182857388698,143.239276215993,3.0,13.2598,,1.76925853302377,11,0,BLEND_RULED_OUT,,,,,
365998904,NOVEL,0.023984161764587,375.00703950353017,22.0,11.7247,0.447312683,4.050188638312686,31,5,BLEND_POSSIBLE,365998896.0,-1.6250999999999998,56.03121187840839,0.005368890477462225,
369395377,NOVEL,0.0166119555851038,157.81406629977923,7.0,14.7759,,4.448948096802418,2,1,BLEND_POSSIBLE,610140913.0,3.4831000000000003,27.13046416190489,0.41082868675894874,
371605670,NOVEL,0.026700030252985,163.4186982112155,19.0,14.0936,,3.9337206163734866,68,23,BLEND_POSSIBLE,371605678.0,0.5305999999999997,21.783471962683507,0.04352630023995984,
376808346,NOVEL,0.0022317172685963,73.60699060573485,64.0,10.9106,,6.628402065180765,140,32,BLEND_POSSIBLE,376808323.0,2.849,23.748529289777423,0.03077791344173718,
378070153,NOVEL,0.0309127854904923,325.94690023752247,74.0,12.2962,0.458702117,3.774654649372984,252,12,BLEND_POSSIBLE,378070306.0,0.4886999999999997,57.33211010935028,0.048486199071438925,
383287412,NOVEL,0.1711521545599789,924.0715714444258,3.0,14.7261,,1.916544073368721,87,9,BLEND_POSSIBLE,383287404.0,-2.6364,28.079247639569164,0.015094626475730465,
383801019,NOVEL,0.0116112364113856,115.70117006970904,28.0,13.8225,,4.837803830918009,116,55,BLEND_POSSIBLE,383801080.0,-2.389099999999999,59.63392652196603,0.0012859925943811716,
386205667,NOVEL,0.0133237891918476,42.44030319896291,16.0,14.0779,,4.688430618266021,71,43,BLEND_POSSIBLE,386205661.0,-2.2202,57.494591031940615,0.0017240416469848452,
3933500,NOVEL,0.0531464255388583,49.62503292818191,3.0,14.0053,,3.186314848592641,171,17,BLEND_POSSIBLE,3933472.0,-1.3574000000000002,43.963414898761215,0.01522348419090959,
398475596,NOVEL,0.0370270976302257,23.402260150848058,3.0,14.9284,,3.5787008219947856,206,68,BLEND_POSSIBLE,398475645.0,-2.2356999999999996,52.39491707553799,0.004723236274462506,
403676355,NOVEL,0.0903301922335358,160.0868158456103,10.0,14.0538,,2.6104176638389887,60,7,BLEND_POSSIBLE,403676338.0,-1.3431000000000015,42.9802563949985,0.026217600077579374,
421567487,NOVEL,0.0246895636744611,108.17383631114777,7.0,14.9684,,4.018716462639617,563,284,BLEND_POSSIBLE,421576852.0,-2.7624000000000013,6.07153012702293,0.001938891090261386,
425071197,NOVEL,0.0065513554337724,58.74786293487179,3.0,14.2652,,5.459172094864435,5,5,BLEND_POSSIBLE,425071202.0,-0.8165999999999993,60.696777097167256,0.0030880986253607103,
435411138,NOVEL,0.0086485158442018,99.57844399745872,13.0,14.9113,,5.157646036533401,624,501,BLEND_POSSIBLE,435419404.0,-1.893600000000001,21.70681240523893,0.0015118252182500186,
43796360,NOVEL,0.0006396872431256,12.787900547937785,3.0,9.5324,,7.985080775134343,42,11,BLEND_POSSIBLE,43796340.0,5.751499999999998,47.12185475077335,0.12781084023970254,
449836001,NOVEL,0.0078195381122442,57.25488887354913,7.0,14.8723,,5.267047248177716,315,261,BLEND_POSSIBLE,449835844.0,-2.9761999999999986,54.70754586953084,0.0005043140884599261,
451039310,KNOWN_OTHER_TYPE,0.0100423312515383,59.03527071793852,29.0,14.3752,,4.995413643238048,271,180,BLEND_POSSIBLE,451039275.0,-1.1059999999999999,43.91268177657201,0.0036260562984575043,
453947226,KNOWN_OTHER_TYPE,0.0125768987532941,23.59588787134781,6.0,14.0214,,4.751066088080073,104,58,BLEND_POSSIBLE,453947179.0,-2.2699,51.56093950328604,0.0015545817491594042,
457855575,NOVEL,0.0340871289339503,211.40048036994096,19.0,14.0211,,3.6685239416807853,119,33,BLEND_POSSIBLE,457855568.0,-1.9563000000000006,43.81044644519493,0.005624325194377543,
458340700,NOVEL,0.0511139571585478,74.55128805958493,8.0,14.7369,,3.228651238445644,184,55,BLEND_POSSIBLE,458340752.0,-0.9779,51.028858233262405,0.020767274558107535,
462781859,NOVEL,0.0145088427546195,230.37363749369177,60.0,13.7853,,4.595918065274694,105,45,BLEND_POSSIBLE,462781925.0,-3.2318999999999996,47.43429082834947,0.0007393886402069248,
464366281,NOVEL,0.0293050152228156,60.24358410328973,57.0,13.8505,,3.8326451217080306,97,26,BLEND_POSSIBLE,464366239.0,-0.08000000000000007,54.61311287692888,0.027223374106070036,
465390333,NOVEL,0.0693431654123152,139.9070202900882,3.0,13.8775,,2.8974908433256785,476,63,BLEND_POSSIBLE,465390194.0,-1.1165000000000003,46.36886733990604,0.02479725811747735,
467851810,NOVEL,0.0079137188695589,111.7221662782529,23.0,14.5008,,5.254048454661929,424,322,BLEND_POSSIBLE,467851873.0,-2.6937999999999995,22.28618341065036,0.000662004006962509,
468888299,NOVEL,0.0370585695800195,37.524810942325054,4.0,14.1919,,3.577778369956015,8,3,BLEND_POSSIBLE,468888297.0,2.7855999999999987,10.78686062965918,0.48209058723852477,
46896701,NOVEL,0.193152995148222,2496.6845906388726,10.0,14.8141,,1.7852463825791611,624,59,BLEND_POSSIBLE,46896690.0,-4.6599,54.87547744408905,0.0026420525229681837,
516402299,NOVEL,0.0053143582546946,26.704826743258693,18.0,14.6969,,5.686372930049314,737,677,BLEND_POSSIBLE,310707891.0,-2.2119999999999997,57.27357536537776,0.000692868516915777,
54280159,NOVEL,0.0435301339144888,98.40691577284436,3.0,14.348,,3.403024991982792,45,18,BLEND_POSSIBLE,54280144.0,-1.4236000000000004,34.28024202487626,0.011731404328243955,
57135731,NOVEL,0.0016712133146214,167.58063215829145,6.0,14.8365,,6.94242028243239,273,273,BLEND_POSSIBLE,57135796.0,-6.6,20.45768025466358,3.828528523340976e-06,
73928199,NOVEL,0.0289270539068796,57.29797525650623,4.0,14.8008,,3.8467394877031884,157,62,BLEND_POSSIBLE,73928214.0,-1.5838999999999999,50.94055381365987,0.0067258039651120006,
80996206,NOVEL,0.0102475614189907,52.922588875990456,35.0,14.9,,4.973448675124697,116,89,BLEND_POSSIBLE,80996181.0,-0.46300000000000097,22.411822953607,0.00668991392416552,
83759084,KNOWN_OTHER_TYPE,0.0852180525745846,90.5127965740608,6.0,14.2755,,2.673670986585554,10,2,BLEND_POSSIBLE,83759086.0,1.7417999999999996,50.25464077755025,0.4238884716457566,
87168144,NOVEL,0.0163354906901946,79.81569642788718,21.0,13.667,,4.467169538823339,167,43,BLEND_POSSIBLE,87168122.0,-2.2019,22.24655968506173,0.002149671924602747,
87926353,NOVEL,0.0240373696492477,76.26855905800903,189.0,13.3575,,4.0477826446388265,476,67,BLEND_POSSIBLE,87926190.0,-0.5686999999999998,61.55465192938431,0.01423662160701082,
90463599,KNOWN_OTHER_TYPE,0.0352565292837875,298.95958502769344,160.0,11.6328,1.36786163,3.6319011066578364,256,11,BLEND_POSSIBLE,90349004.0,-0.33339999999999925,31.71340064783972,0.025934600194555648,
96982201,NOVEL,0.0085451420899806,76.72413159692469,44.0,12.5017,,5.170701778413859,43,13,BLEND_POSSIBLE,96982211.0,2.132200000000001,53.42116396564553,0.060897475397863075,
152404913,NOVEL,0.0026575352461251,14.41845802092007,43.0,14.7204,,6.438802417109377,76,76,BLEND_POSSIBLE,152404912.0,-0.8011999999999997,12.076717830989187,0.0012705712766087848,
153727748,KNOWN_OTHER_TYPE,0.0366987795364195,177.245748886038,56.0,14.3348,,3.588370946277941,84,29,BLEND_POSSIBLE,153727718.0,-1.7582000000000004,46.03052472564421,0.0072672754502001785,
173381003,NOVEL,0.0191577456774523,80.07284235473227,4.0,14.6976,,4.294138990941602,44,24,BLEND_POSSIBLE,173381019.0,-1.5466999999999995,59.91922464934812,0.004609612340772199,
178331790,NOVEL,0.0219234784852023,66.4741699490644,14.0,14.0103,,4.147726343640253,56,19,BLEND_POSSIBLE,178331798.0,0.34059999999999846,15.45852314708566,0.03000194859074842,
186430453,NOVEL,0.2746930455740624,74.31294623739961,3.0,13.266,,1.4028808387715053,252,8,BLEND_POSSIBLE,186432335.0,-2.468,14.848661848685222,0.028290958685811555,
221066239,KNOWN_OTHER_TYPE,0.0691681722437257,820.1459296827378,23.0,14.9737,,2.9002342508044503,343,78,BLEND_POSSIBLE,221066163.0,-4.950199999999999,45.471607912117655,0.0007241462727693713,
233662516,NOVEL,0.0276822902425247,54.47861740822915,5.0,14.6086,,3.894494955467324,251,138,BLEND_POSSIBLE,233661295.0,-1.92,38.07439267290177,0.004722826787004439,
246552692,NOVEL,0.0289755499304881,350.4548824645254,13.0,13.74,,3.8449207818958175,210,81,BLEND_POSSIBLE,246552414.0,-6.040500000000001,55.83761127899935,0.000111130095418479,
259073145,NOVEL,0.0098511284238682,37.350994890636926,8.0,14.8327,,5.016285048073218,69,61,BLEND_POSSIBLE,259073164.0,-1.7208000000000006,24.09049821662704,0.002019137900149595,
300359095,NOVEL,0.1283461227066501,1961.023637573556,3.0,14.9621,,2.2290431167127656,151,53,BLEND_POSSIBLE,300359173.0,-3.229899999999999,25.41824084797763,0.006552737238530844,
308498714,NOVEL,0.0146763722312752,38.58592895997756,28.0,14.6319,,4.5834532048245045,28,24,BLEND_POSSIBLE,762834549.0,-0.5085999999999995,29.15086461640084,0.009187105805710163,
317639628,NOVEL,0.0367415821336391,115.98429727484302,8.0,14.7594,,3.5871053660530046,295,93,BLEND_POSSIBLE,317639554.0,-1.5782999999999987,48.71563853628516,0.008586928635746761,
378112774,NOVEL,0.0450247420616119,85.94611814218366,11.0,14.6802,,3.3663719162343986,150,41,BLEND_POSSIBLE,378112799.0,-1.1133999999999986,50.51827417770548,0.016146977254524703,
378232913,NOVEL,0.0020881862769999,51.086089861671375,35.0,10.9113,,6.7005769065777585,289,54,BLEND_POSSIBLE,378232887.0,1.4245,25.98975816066645,0.0077547756396429786,
405181219,KNOWN_OTHER_TYPE,0.0584414885903894,195.41952126489,4.0,13.6452,,3.0831968261993152,35,5,BLEND_POSSIBLE,405181231.0,1.0328999999999997,56.47221233108187,0.1513147516974671,
418883686,NOVEL,0.1262806480902242,96.03644032347673,5.0,14.1676,,2.24665799478282,184,13,BLEND_POSSIBLE,418869252.0,1.0519999999999996,40.6926543320293,0.3327643570419554,
446737326,NOVEL,0.0075432015536124,25.79804966502478,13.0,12.9351,,5.30611071955668,346,90,BLEND_POSSIBLE,446737331.0,-1.7314000000000007,56.97486763478211,0.0015310723452129132,
45663447,NOVEL,0.0315511131414779,59.569498857362895,22.0,14.3758,,3.752463284974066,39,18,BLEND_POSSIBLE,45663424.0,-1.1807999999999996,46.04493683438869,0.010633951764089124,
467847068,NOVEL,0.0085727817866398,93.31019154898686,21.0,13.7418,,5.167195576885292,411,205,BLEND_POSSIBLE,467847080.0,-1.4158999999999988,15.70206525294147,0.0023268145413616196,
468353260,NOVEL,0.2168915619873067,127.27308475623568,7.0,14.604,0.0659275651,1.6593933589413956,8,3,BLEND_POSSIBLE,468353257.0,-1.0521999999999991,59.48129933240547,0.08229295481872209,
469136093,NOVEL,0.049087703771265,90.01024896658535,19.0,14.4942,,3.2725682072219553,144,34,BLEND_POSSIBLE,469136166.0,-1.5177999999999994,48.75644389407034,0.012129774219926885,
469444192,NOVEL,0.0141542012736508,127.108460240202,31.0,12.4591,,4.622786582478592,690,68,BLEND_POSSIBLE,469444137.0,0.6645000000000003,30.961836231536843,0.026102696091972178,
65504442,NOVEL,0.0194155427516741,148.7657684317472,34.0,13.5515,,4.2796261611643365,804,137,BLEND_POSSIBLE,65504492.0,-2.4631000000000007,38.214663382481945,0.0020086743578800158,
117150608,NOVEL,0.0765227744284646,68.5776362248387,18.0,14.005,,2.7905232311802863,50,13,BLEND_POSSIBLE,117150604.0,-2.6707,48.0565578484777,0.006538990516832568,
138384167,KNOWN_OTHER_TYPE,0.0026656176846219,432.1637355097295,97.0,9.2288,0.0216738768,6.435505347513033,122,5,BLEND_POSSIBLE,138391834.0,4.914900000000001,47.59425879269608,0.24646647909167932,
146159655,NOVEL,0.0021050881175802,14.491025558035338,3.0,14.5366,,6.691824300428417,326,326,BLEND_POSSIBLE,146154967.0,-4.460699999999999,42.58508851182855,3.459316352630791e-05,
146617448,NOVEL,0.0130855657199238,146.92656921126058,8.0,14.0238,,4.708018742604142,99,56,BLEND_POSSIBLE,146617432.0,-2.256499999999999,21.27031071982653,0.0016375422084421772,
154168756,NOVEL,0.0185293480248782,93.4628395614131,14.0,14.772,,4.330349653831619,81,48,BLEND_POSSIBLE,154168784.0,-1.8747000000000007,33.332018970644576,0.003295946385243532,
154818955,NOVEL,0.0391748139361311,60.01773883047935,4.0,13.8272,,3.5174826439259324,22,5,BLEND_POSSIBLE,154818945.0,-1.9131999999999998,40.34125576135932,0.0067255366308146235,
162918014,NOVEL,0.0206715201576001,78.4033254281419,6.0,14.6022,,4.211568961820537,32,17,BLEND_POSSIBLE,162918004.0,-4.0898,46.512859000622775,0.0004780269868733008,
170084761,NOVEL,0.0071046178945446,27.5288260161537,14.0,14.1637,,5.371148186583792,19,14,BLEND_POSSIBLE,170084767.0,0.5838999999999999,42.05829525864209,0.012164681018301388,
172779889,NOVEL,0.0174937323269185,91.47024216857574,11.0,14.7203,,4.392793807341237,29,18,BLEND_POSSIBLE,172779875.0,-3.1007,44.741459246733584,0.0010060104153869372,
176245581,NOVEL,0.0049730926550276,16.56350806086495,8.0,13.587,,5.758433623087571,47,30,BLEND_POSSIBLE,176245613.0,-0.6869999999999994,57.90475065737398,0.002641353638535455,
193558729,NOVEL,0.0150344869136867,491.28178172331377,53.0,10.0516,0.0422752164,4.557278471512062,2,0,BLEND_RULED_OUT,,,,,
207760490,NOVEL,0.0110730026214407,49.67630095560904,13.0,14.9462,,4.889336493172711,862,577,BLEND_POSSIBLE,207760646.0,-4.742199999999999,62.712598952889415,0.0001404059145657681,
217024538,NOVEL,0.0350348251222295,241.45432323224205,10.0,13.9289,,3.638750114909408,383,73,BLEND_POSSIBLE,217024637.0,-1.2579000000000011,37.630787386845526,0.010998664484229686,
222608562,NOVEL,0.035630449905574,79.21250841228027,44.0,11.99,,3.6204467344484117,334,12,BLEND_POSSIBLE,222608496.0,0.6852999999999998,27.978577465878725,0.06697940823563044,
230267345,NOVEL,0.3241587195870666,252.4203906186632,3.0,13.0209,,1.2231057294021515,21,1,BLEND_POSSIBLE,230267342.0,0.7260000000000009,53.871342150835154,0.6326415449938918,
250598318,NOVEL,0.196856678718492,200.51372718961008,4.0,12.5662,,1.7646246159971322,131,0,BLEND_RULED_OUT,,,,,
251896439,NOVEL,0.0235320466705152,130.66204913522245,111.0,13.0141,,4.0708507473960855,54,12,BLEND_POSSIBLE,251863355.0,0.7794000000000008,53.3777107880185,0.04824137758290768,
256521802,NOVEL,0.1607462318807278,206.71374727793648,36.0,13.3647,,1.984647996904958,274,9,BLEND_POSSIBLE,256521813.0,-3.348799999999999,37.73574895914931,0.007355645680805865,
261575656,NOVEL,0.0196109926097188,42.25610209635816,54.0,14.5384,,4.268751059938941,114,52,BLEND_POSSIBLE,261575684.0,-0.014899999999999025,33.29965709468325,0.019343701242511772,
262755917,NOVEL,0.0388604506527195,72.43569030407755,8.0,14.4438,,3.5262304183180415,22,8,BLEND_POSSIBLE,262755928.0,-0.9221000000000004,38.0671198552234,0.016621408863690193,
29445056,NOVEL,0.0475636060065345,128.93167068096776,30.0,13.0228,,3.3068130675675085,39,7,BLEND_POSSIBLE,29445051.0,-2.2804,52.49724699403867,0.005822570731581948,
294659582,NOVEL,0.0034624293241613,25.79982427285678,40.0,13.1686,,6.151547706869291,183,124,BLEND_POSSIBLE,294659636.0,-1.6395999999999997,54.1518902644237,0.0007647877398696105,
295373509,NOVEL,0.0802592717574074,246.8174049814097,6.0,13.214,,2.73876196302471,21,0,BLEND_RULED_OUT,,,,,
296483158,NOVEL,0.0125790374592413,185.33389818119045,16.0,13.5931,,4.75088147396242,87,29,BLEND_POSSIBLE,296365549.0,-4.7562,47.5618617605741,0.00015745897151835957,
298242897,NOVEL,0.0012267483338372,23.086310805916312,3.0,13.0606,,7.278111308007523,245,220,BLEND_POSSIBLE,298242805.0,-3.4709000000000003,36.49924200065386,5.0164383209549504e-05,
308629571,NOVEL,0.0339146111555269,142.2475439686495,8.0,13.1797,,3.6740328948224072,334,46,BLEND_POSSIBLE,308629517.0,-1.7552000000000003,40.98417259303008,0.006734523024762905,
311025334,NOVEL,0.0017737649977794,17.633833004496974,43.0,12.269,0.127165526,6.877759798532725,3,2,BLEND_POSSIBLE,311025335.0,0.3808000000000007,40.51770279509368,0.0025189298943299873,
313372676,NOVEL,0.0160605135198477,52.46792392295549,9.0,13.5519,,4.485601431692106,887,220,BLEND_POSSIBLE,313372740.0,-2.0946,31.530889024179984,0.002333025186592512,
318850005,NOVEL,0.1447463382215527,696.925954827272,55.0,12.7472,,2.098481035500261,44,3,BLEND_POSSIBLE,318849969.0,-0.796899999999999,55.653143338761126,0.06947804439181902,
322079215,NOVEL,0.0113917350509815,72.84054850875228,26.0,14.3676,,4.858525311031304,246,145,BLEND_POSSIBLE,322079356.0,-1.6861999999999995,51.13527666108488,0.0024105152068077344,
329787152,NOVEL,0.0049506024938806,23.2436909521826,7.0,14.7875,,5.76335485931005,497,474,BLEND_POSSIBLE,329787128.0,-4.112399999999999,23.94260338479992,0.00011212386408318654,
331043325,NOVEL,0.0297345196863163,65.21842265352086,10.0,13.2435,,3.816847681104729,79,9,BLEND_POSSIBLE,331043360.0,0.17759999999999998,28.441638263501268,0.0350187732020559,
338106162,NOVEL,0.0309513634680069,114.22548852859563,33.0,14.9904,0.9694743,3.7733005367559547,336,65,BLEND_POSSIBLE,338106314.0,-2.025599999999999,36.31522309015798,0.0047911501925643135,
33973845,NOVEL,0.049212642375744,180.3357123632841,180.0,13.3504,,3.269808289386148,78,11,BLEND_POSSIBLE,33973853.0,-1.2725000000000009,21.09939731422824,0.015243218826007304,
348884775,NOVEL,0.1475115431689847,111.31355076481832,3.0,14.7065,,2.077934984156188,9,0,BLEND_RULED_OUT,,,,,
358411347,NOVEL,0.2016393326824896,25.73467889007042,3.0,12.6213,,1.738561871280413,63,2,BLEND_POSSIBLE,358300845.0,-4.9028,53.864960023500046,0.00220523690312457,
369341817,NOVEL,0.0257308473640863,421.5605072252927,24.0,14.9393,,3.9738647785970227,209,82,BLEND_POSSIBLE,369341855.0,-5.787099999999999,31.677558169773683,0.00012462755891491797,
374158907,NOVEL,0.0497398369862315,178.62095409326457,4.0,13.0629,,3.2582391059732156,58,9,BLEND_POSSIBLE,374158897.0,-0.7430000000000003,18.253029440503024,0.02509021354280965,
379012394,NOVEL,0.0187981330337571,203.4270717442174,9.0,14.5941,,4.314713203090728,454,206,BLEND_POSSIBLE,379012292.0,-3.3011,45.78348905262358,0.0008988241211204329,
382059023,NOVEL,0.0177221388377934,72.3609152310482,41.0,13.3295,,4.378709663600305,211,52,BLEND_POSSIBLE,382059015.0,0.11209999999999987,33.29692182566975,0.019649709517272056,
386539709,NOVEL,0.0151867315362485,95.08845732272547,10.0,14.9068,,4.546339210588139,6,4,BLEND_POSSIBLE,386539719.0,-0.8876000000000008,48.250523409773095,0.006705394220223012,
394600714,NOVEL,0.0124416553825222,54.48708879762083,34.0,14.9408,,4.762804580530657,65,47,BLEND_POSSIBLE,394600729.0,-3.154299999999999,55.85324468969105,0.0006810173365009017,
399788046,NOVEL,0.0021029294825227,145.82442813739976,439.0,11.3756,,6.6929382256364836,17,7,BLEND_POSSIBLE,399788045.0,2.6288,29.56280947606771,0.023677983290572892,
411457490,NOVEL,0.0553127154389459,431.2242737028826,12.0,12.8359,0.9936129,3.142937551024596,282,18,BLEND_POSSIBLE,411457518.0,-1.2241999999999997,30.72358406951784,0.017912037079099618,
411553811,NOVEL,0.0176410210346135,80.92681011472897,8.0,12.048,0.00741336169,4.3836907054841765,3,2,BLEND_POSSIBLE,411553815.0,2.0086999999999993,61.08206182690966,0.11220280594554699,
421580853,NOVEL,0.0441018324988918,541.5145469531594,22.0,14.804,,3.388858411385829,246,106,BLEND_POSSIBLE,421562549.0,-5.321899999999999,62.23121404300512,0.0003278661911287212,
427344176,NOVEL,0.0015391110002812,26.49857365475564,22.0,11.2361,0.122382753,7.031825144587577,34,12,BLEND_POSSIBLE,427344167.0,2.5579,14.790171421682382,0.01623416449352215,
435411143,NOVEL,0.0048394335991287,38.66067192201138,26.0,14.9905,,5.788013661574533,625,622,BLEND_POSSIBLE,435419404.0,-1.9728000000000012,31.47823995690696,0.0007864561906592834,
437171483,NOVEL,0.0494718958371457,922.830837410917,30.0,12.4195,,3.2641036162547614,192,11,BLEND_POSSIBLE,437162640.0,-1.2677999999999994,17.860178081214677,0.015389997649358368,
43795649,NOVEL,0.0008222090208551,20.273145721277626,30.0,9.5643,0.00702352542,7.712544406683808,23,4,BLEND_POSSIBLE,43795652.0,5.4413,43.36401378241506,0.12345316750103923,
442691390,NOVEL,0.0380016039774175,100.7690158124919,6.0,13.6234,,3.5504951805737477,86,10,BLEND_POSSIBLE,442691398.0,-1.5008,30.196900478083503,0.009538540494337765,
444478675,KNOWN_OTHER_TYPE,0.0316870454220919,768.8333466777018,15.0,9.7265,,3.7477956340140195,686,3,BLEND_POSSIBLE,444478623.0,1.483600000000001,30.73621980924495,0.12425725246103217,
446502638,NOVEL,0.002309848927742,12.46710893532115,16.0,12.334,0.4248614,6.591041058920645,161,91,BLEND_POSSIBLE,446502688.0,-0.3736999999999995,53.664866984813145,0.0016372069381610488,
450458029,NOVEL,0.0057802551739124,62.10635651929211,29.0,14.7343,,5.59513247221169,477,420,BLEND_POSSIBLE,450458023.0,-3.0489999999999995,29.847832076981643,0.0003486157556559135,
451543198,KNOWN_OTHER_TYPE,0.0555490815983847,74.51435987027023,14.0,13.7376,,3.138307792305122,275,22,BLEND_POSSIBLE,451543276.0,-0.8731000000000009,47.350607181252606,0.024856322958557366,
457550536,NOVEL,0.0370142558525342,80.31136402331083,26.0,14.1121,,3.579077443503094,130,27,BLEND_POSSIBLE,457550485.0,-1.7738999999999994,49.582458856295695,0.007224520414393627,
457631456,NOVEL,0.018350426449804,43.66828670316747,26.0,14.3456,,4.340884596561792,356,137,BLEND_POSSIBLE,457631357.0,-1.1275999999999993,50.5606967313852,0.006495403894619302,
457804419,NOVEL,0.010966062802687,45.2906176100134,4.0,13.8346,,4.899873178097806,149,64,BLEND_POSSIBLE,457804510.0,-0.7309000000000001,58.74817198224841,0.005593591269379594,
458342304,NOVEL,0.0119339754578714,27.474199269297053,4.0,14.8625,,4.8080371490356475,133,88,BLEND_POSSIBLE,458342325.0,-2.607000000000001,40.16315881532942,0.001081396950099167,
459439463,NOVEL,0.0096745728864433,37.07374163023094,5.0,14.6998,,5.035920497854111,216,164,BLEND_POSSIBLE,459439398.0,-1.020199999999999,41.61908253419428,0.0037805222712637846,
465392301,NOVEL,0.0091082642195962,125.3512694723361,48.0,13.4712,,5.101410948807076,489,207,BLEND_POSSIBLE,465392434.0,-2.2977999999999987,42.1248119535474,0.0010972753436288125,
466504538,NOVEL,0.0778248128223836,214.35339811945428,12.0,14.12,,2.7722047879307943,284,34,BLEND_POSSIBLE,466504458.0,-3.4913999999999987,37.02569578419715,0.003122900051367796,
467216111,NOVEL,0.0002438336288434,11.360993432455434,9.0,9.6769,,9.032265994805297,24,16,BLEND_POSSIBLE,467216105.0,4.2303999999999995,46.48310297527617,0.012001999437554315,
512887979,NOVEL,0.011366799792478,122.57830646734524,19.0,14.1054,,4.860904473306175,583,237,BLEND_POSSIBLE,246093795.0,-2.968,62.83742732965794,0.0007386491640798535,
51894332,NOVEL,0.0339150207167714,96.8131433962675,19.0,14.7842,,3.674019783282245,18,11,BLEND_POSSIBLE,51894340.0,0.02909999999999968,29.929779893963644,0.03483630519583084,
63206894,NOVEL,0.0001432277278743,23.229219517727525,55.0,13.9016,,9.609932243878035,37,37,BLEND_POSSIBLE,63206889.0,-0.8936000000000011,54.87983344896197,6.289079757569252e-05,
64256419,NOVEL,0.0462971011177412,134.19681327117678,10.0,13.8534,,3.3361155034477132,36,11,BLEND_POSSIBLE,64256439.0,-2.2873,47.002478358115695,0.0056316259132800795,
64728461,NOVEL,0.0307897481602619,47.0185859998804,6.0,14.9103,,3.7789846583084126,32,20,BLEND_POSSIBLE,64728466.0,-0.9779999999999998,40.43475309008741,0.01250852603071836,
70366294,NOVEL,0.0376022186185479,137.797147175784,197.0,13.4505,,3.5619663248240077,291,49,BLEND_POSSIBLE,70366291.0,-1.8592999999999993,60.99835874706657,0.006784119200108766,
70762350,NOVEL,0.071472099803254,66.17481245441121,7.0,14.6463,,2.8646586460633627,3,1,BLEND_POSSIBLE,70762352.0,2.450700000000001,41.071693902624666,0.6829934544289786,
72388084,NOVEL,0.0132793859381486,59.66475254713736,187.0,13.0631,,4.692055017585567,235,49,BLEND_POSSIBLE,72388119.0,-0.6582000000000008,33.87259128539765,0.0072426582462771245,
73994520,NOVEL,0.0099987584835952,116.338010321347,17.0,14.7328,,5.0001348042992095,605,373,BLEND_POSSIBLE,73986132.0,-3.488299999999999,26.34805012231023,0.00040237044958811135,
810681765,NOVEL,0.0603346766920732,136.4103584367195,7.0,14.8072,,3.0485825253115673,171,43,BLEND_POSSIBLE,126425730.0,-1.2669999999999995,25.97219536809512,0.018783087855878206,
90456042,NOVEL,0.0047839539441225,70.04676686469794,11.0,11.72,,5.8005325250521125,61,12,BLEND_POSSIBLE,92475606.0,-0.21940000000000026,4.505596668030898,0.003908651860283204,
100129572,NOVEL,0.2892422595605021,502.5397784300758,4.0,13.0381,,1.34684563604115,81,2,BLEND_POSSIBLE,100129649.0,-1.2120999999999995,45.73400029693943,0.09471565034096618,
111365249,NOVEL,0.1426779222710294,377.5999361390265,48.0,12.4863,1.06876,2.114108059113522,471,9,BLEND_POSSIBLE,111365207.0,-0.07879999999999932,35.42986513249239,0.1326895668402092,
118307212,NOVEL,0.1563298157536593,615.8566244571542,8.0,12.9297,0.053879533,2.0148954599042352,77,2,BLEND_POSSIBLE,118307237.0,1.6069999999999993,40.49917024946694,0.6868182332495264,
123580762,NOVEL,0.0041150873705314,30.81702756435354,20.0,14.7384,,5.964052348798264,55,54,BLEND_POSSIBLE,123580749.0,-2.534700000000001,42.1531464876466,0.0003985649100877725,
126971563,NOVEL,0.1284800093581914,278.29396871921426,5.0,14.2979,,2.227911101080929,76,7,BLEND_POSSIBLE,126971579.0,-1.2833000000000006,25.22379427162789,0.039401754394843974,
127107006,NOVEL,0.0098111600098376,16.498904730454846,7.0,14.5262,,5.020699103342174,25,20,BLEND_POSSIBLE,127107017.0,-2.0450999999999997,61.662574381777134,0.0014916961150601182,
1324191533,NOVEL,0.0356479944825628,92.85481668525313,3.0,14.9473,,3.619912245151342,604,162,BLEND_POSSIBLE,38750226.0,-2.6569000000000003,17.70821776293747,0.003085141600867457,
133688675,NOVEL,0.0195079887811705,71.6828538514573,14.0,13.7778,,4.274468757095932,111,35,BLEND_POSSIBLE,133688729.0,-0.7714999999999996,47.39024897726969,0.009585449801664071,
139783888,NOVEL,0.0073704059218797,46.57189995888107,8.0,14.9106,,5.331271482259491,70,69,BLEND_POSSIBLE,139783898.0,-2.1877000000000013,56.681657193132736,0.0009826783933342112,
139805341,NOVEL,0.0108343547351491,22.572282756087496,4.0,13.7701,,4.912992372445309,9,5,BLEND_POSSIBLE,139805336.0,0.013100000000001444,48.85213449330719,0.010965868939243293,
142785734,NOVEL,0.0040075391192507,85.9149986228901,68.0,11.7867,0.08804453,5.992805574061622,10,6,BLEND_POSSIBLE,142785728.0,0.9678000000000004,53.63589231242253,0.009772322039300533,
145599063,NOVEL,0.0330236044882858,53.74891797551112,3.0,14.1503,,3.7029388143624855,98,35,BLEND_POSSIBLE,145599064.0,-1.7955000000000005,52.96007484249233,0.006318652538576867,
146628522,NOVEL,0.0856052527809092,152.82392277462574,15.0,14.3175,,2.6687489649492706,78,17,BLEND_POSSIBLE,146628501.0,-1.6997,41.79646948731547,0.01789041496304989,
151718783,NOVEL,0.0343592301510297,117.91443188706448,20.0,14.1453,,3.6598914387103463,73,23,BLEND_POSSIBLE,151925447.0,-1.1424000000000003,31.659602154752385,0.011997297395572228,
153332970,NOVEL,0.1474476991224978,220.31707608699253,7.0,13.662,,2.078405000238906,86,5,BLEND_POSSIBLE,153332980.0,0.17519999999999847,43.44394173899691,0.17326785535945477,
154229997,KNOWN_OTHER_TYPE,0.0253784000704919,89.94130329242564,39.0,14.8395,,3.9888394014719557,89,46,BLEND_POSSIBLE,154229952.0,-0.44759999999999955,54.19046941478412,0.01680444754613051,
158436333,NOVEL,0.0001666355575048,39.15032947588658,62.0,7.7538,,9.44558080293506,5,1,BLEND_POSSIBLE,158436330.0,7.7446,54.52520874247902,0.20874096113871843,
170149900,NOVEL,0.0155222817890708,95.44391290351888,22.0,14.0224,,4.522611091785727,344,120,BLEND_POSSIBLE,170149937.0,-1.5749999999999993,25.346576006836344,0.0036387780249455466,
173814613,NOVEL,0.006875312409044,84.05411416866072,18.0,12.4623,2.10072017,5.406768907583771,217,61,BLEND_POSSIBLE,173814550.0,-2.7278000000000002,44.1378423785996,0.0005574070238986911,
183479054,NOVEL,0.1279138912774172,244.1376926456389,4.0,11.6962,,2.2327057229016,378,4,BLEND_POSSIBLE,183479259.0,-0.7387999999999995,62.67049941246489,0.0647735516481044,
183532608,KNOWN_OTHER_TYPE,0.3029159669527961,468.8643307133421,7.0,12.7248,17.1069183,1.2966945851002556,3,1,LIKELY_CONTAMINATION,183532609.0,-3.5779999999999994,4.478127250559554,0.011223341197043228,TOI
192860401,NOVEL,0.0421690858538409,208.98296698737136,20.0,14.0239,,3.4375145339185984,379,63,BLEND_POSSIBLE,192855461.0,-2.1593999999999998,62.43122611118357,0.005770775594574259,
193548084,NOVEL,0.0051710135318989,83.10519074337638,252.0,11.6716,,5.716060814329575,117,29,BLEND_POSSIBLE,193548099.0,0.948500000000001,15.659945787027636,0.012387272009155948,
207812312,NOVEL,0.0429881046990599,163.47377399336924,10.0,14.8599,,3.4166292551351862,523,142,BLEND_POSSIBLE,207812237.0,-4.4556000000000004,36.88676513700006,0.0007097547340545572,
218135121,NOVEL,0.0169310290073739,46.43360297054812,9.0,13.2528,,4.428291615559942,305,57,BLEND_POSSIBLE,218135003.0,-0.5384000000000011,58.246131487626585,0.010311535796696669,
220115262,NOVEL,0.0183306097002806,51.77801846042067,4.0,13.9803,,4.3420577239741895,50,24,BLEND_POSSIBLE,712623574.0,-3.5692000000000004,57.19320502357123,0.0006846946121268042,
22300053,NOVEL,0.0447557009020011,62.125250211569416,5.0,14.9653,,3.3728790929043484,436,129,BLEND_POSSIBLE,22300121.0,-1.7933999999999983,47.49059400474632,0.008580021237713556,
224215371,NOVEL,0.0143113322652091,52.19420517999145,5.0,12.5845,0.000607150258,4.610799837945648,2,0,BLEND_RULED_OUT,,,,,
230182033,KNOWN_OTHER_TYPE,0.037816399408867,76.8406772088419,8.0,13.0781,,3.555799559384569,20,3,BLEND_POSSIBLE,230182040.0,1.7726000000000006,15.344814884526231,0.19351746942737572,
230244165,NOVEL,0.0114883938325703,254.59024818964224,6.0,13.0202,,4.8493517120936716,395,128,BLEND_POSSIBLE,230253560.0,-3.1145000000000014,36.35030026261439,0.0006523179287963095,
230253564,NOVEL,0.042808346407771,871.8196514925163,6.0,12.8875,5.50256634,3.4211788692048355,458,58,BLEND_POSSIBLE,230253560.0,-2.9818,42.40235390695242,0.0027466824483283222,
235512374,NOVEL,0.034100219267513,173.8001738740093,4.0,12.1425,0.5717563,3.6681070711137123,41,3,BLEND_POSSIBLE,235512356.0,-1.8035999999999994,52.94801352916453,0.006476154060019013,
235517749,NOVEL,0.0218754972367131,169.30922460909488,6.0,12.8831,,4.150105166369105,306,73,BLEND_POSSIBLE,235522650.0,-1.2386,60.79319972181524,0.006990656028916899,
239711580,NOVEL,0.0003376736167482,48.27805859412143,104.0,9.435,,8.678757176278545,47,24,BLEND_POSSIBLE,239711582.0,4.476199999999999,44.28452684205396,0.020843811139906566,
244999763,NOVEL,0.0363842908462792,159.79578250033538,13.0,13.0604,,3.597715213361692,82,13,BLEND_POSSIBLE,244999806.0,0.19780000000000086,62.75902963246047,0.04365499216948313,
250517377,KNOWN_OTHER_TYPE,0.014448046468488,4095.566866565295,65.0,7.47143,0.013868697,4.600477175574855,29,0,BLEND_RULED_OUT,,,,,
250549396,NOVEL,0.0689506005364732,837.7843574177585,9.0,11.6988,0.581021845,2.90365486728303,36,3,BLEND_POSSIBLE,250549421.0,-0.9099000000000004,46.29033277880545,0.029824835232536127,
250568183,NOVEL,0.0059647181789347,158.8728992121273,11.0,10.7826,0.0625873953,5.561025177647519,42,3,BLEND_POSSIBLE,250568174.0,5.210799999999999,18.1514021797056,0.7242857303324629,
256541183,NOVEL,0.2141788108897006,115.9612411657829,30.0,13.0696,,1.6730587423606125,827,39,BLEND_POSSIBLE,256541130.0,-1.762599999999999,53.41081718804482,0.042241224879527806,
258243750,KNOWN_OTHER_TYPE,0.0179506414191213,334.3948575319725,19.0,10.4265,,4.364800071083512,9,0,BLEND_RULED_OUT,,,,,
260342124,NOVEL,0.0181500636258139,132.92973711744648,14.0,14.0787,,4.352804620468921,270,88,BLEND_POSSIBLE,260342097.0,-4.312799999999999,52.02960568310535,0.00034178905537485753,
261459141,NOVEL,0.074770429846947,191.3425770082468,8.0,15.0532,,2.815675306587777,13,5,BLEND_POSSIBLE,261459147.0,-1.739700000000001,38.46117128850709,0.015060863671088916,
264245944,NOVEL,0.1202238723983484,188.0610409983588,3.0,12.6068,,2.300023218905748,72,1,BLEND_POSSIBLE,264245940.0,0.8465000000000007,11.967063378751153,0.26217465938047674,
264345632,NOVEL,0.0033401503425898,287.84161327521053,3.0,14.9465,,6.190584962097075,869,869,BLEND_POSSIBLE,264345651.0,-7.6963,27.114790615639016,2.787699872138732e-06,
267516382,NOVEL,0.0190852479563965,134.67436737428312,8.0,14.6063,,4.298255483262158,291,128,BLEND_POSSIBLE,267516350.0,-2.402099999999999,22.067414840075493,0.0020886121818173373,
273125583,KNOWN_OTHER_TYPE,0.0363619621721216,325.40126032720406,22.0,12.6665,0.498133451,3.5983817233107978,124,11,BLEND_POSSIBLE,273125561.0,-0.47409999999999997,50.01541699977098,0.023496723736144975,
278199349,KNOWN_TOI,0.0022990945435846,32.16834379398599,13.0,11.499,,6.596107923161243,17,8,BLEND_POSSIBLE,278199362.0,1.538499999999999,59.16636859729813,0.009483241943327015,
29418536,KNOWN_TOI,0.0045264758821555,18.279940800744978,8.0,12.6396,0.1791142,5.860599473208136,61,31,BLEND_POSSIBLE,29587117.0,-0.6774000000000004,58.231273026387775,0.0024254940339424364,
297089673,NOVEL,0.008370685347066,36.4761472466196,22.0,14.4353,,5.193097457088554,326,202,BLEND_POSSIBLE,297089632.0,-4.0921,36.86104005207153,0.00019316169921273772,
299182924,NOVEL,0.0258862659190663,306.00945702767353,24.0,13.8626,,3.9673264795233742,179,74,BLEND_POSSIBLE,299182985.0,-3.1592000000000002,45.99642767871458,0.0014105529975584972,
304790516,NOVEL,0.0151838175635161,30.24684300478168,26.0,14.2377,,4.546547557542589,243,108,BLEND_POSSIBLE,304790599.0,-1.588000000000001,53.97466511159595,0.003517069715319296,
307299562,NOVEL,0.0561136122813135,57.89945573867173,3.0,14.5169,,3.127329432351794,72,19,BLEND_POSSIBLE,307299507.0,0.2680000000000007,62.09933201069314,0.07182377491726825,
309141465,NOVEL,0.02326625693146,96.20200491468572,9.0,12.6024,,4.083183700653807,41,9,BLEND_POSSIBLE,309141472.0,0.5743000000000009,21.470948192839533,0.03948630717897834,
309622406,NOVEL,0.051892611704658,227.49197276293884,3.0,12.9896,,3.2122361778407305,27,2,BLEND_POSSIBLE,806289790.0,0.5562000000000005,44.42914934368668,0.08661348809914332,
313659902,NOVEL,0.0104998870459471,109.52940436409176,28.0,11.511,,4.947038432226522,185,10,BLEND_POSSIBLE,313569594.0,-1.8812999999999995,34.79032881429283,0.0018563703665456055,
315531484,NOVEL,0.001458083150234,14.49604284313756,13.0,14.7901,,7.090544271907073,705,705,BLEND_POSSIBLE,315531446.0,-3.289300000000001,16.845538412324004,7.047941509589899e-05,
326169163,NOVEL,0.0106354642448603,60.900871890384536,3.0,11.2433,,4.933108870284509,187,23,BLEND_POSSIBLE,326169251.0,0.09619999999999962,29.958523748907727,0.011620811373947909,
326172757,NOVEL,0.0319980483863855,121.40693707346068,9.0,13.0281,,3.7371912730182473,148,34,BLEND_POSSIBLE,326172917.0,-1.7621000000000002,55.70661055930987,0.0063136934370616364,
326225355,NOVEL,0.0776166335611695,1242.8458206026323,4.0,10.3387,1.04455221,2.775112994221691,146,4,BLEND_POSSIBLE,326225440.0,-0.05469999999999864,43.39929542888607,0.07380313367308353,
329718159,NOVEL,0.1119418327859632,184.3176219935618,13.0,14.9366,,2.377518967034134,647,72,BLEND_POSSIBLE,329718209.0,-2.968300000000001,56.27362518414718,0.0072723104975538945,
330774804,NOVEL,0.0010808227781482,77.69088705339286,86.0,9.9267,,7.415613778026153,54,11,BLEND_POSSIBLE,330774780.0,2.551,48.38647617865226,0.011328032564061463,
330791148,KNOWN_OTHER_TYPE,0.0073221118093783,21.724148754816884,8.0,12.74,0.594483852,5.3384091092093975,105,33,BLEND_POSSIBLE,330883630.0,-2.162000000000001,57.21984875800216,0.0009996232674747384,
331084390,NOVEL,0.0790205934742544,56.84759830312089,82.0,13.0736,,2.7556492823202468,55,6,BLEND_POSSIBLE,331084399.0,-0.27300000000000146,42.82304535554897,0.061452603520759486,
333696426,NOVEL,0.0115125519507285,124.49164176754758,6.0,11.8586,,4.847070992560198,168,29,BLEND_POSSIBLE,333696462.0,2.360900000000001,17.017399099344928,0.10128184474539995,
33945481,NOVEL,0.1194534493264148,564.4160759814092,22.0,13.5887,,2.3070032627174553,2,1,BLEND_POSSIBLE,33945476.0,-2.988999999999999,39.77265272243227,0.007613751444641928,
341077131,NOVEL,0.0055328368235953,62.939095627390486,10.0,11.377,0.00797255,5.6426303449133535,14,1,BLEND_POSSIBLE,341077136.0,4.516399999999999,47.43036262482037,0.3544115461364876,
341126060,NOVEL,0.0319333782905147,550.066454134944,137.0,12.1238,,3.739387835555662,124,10,BLEND_POSSIBLE,341126094.0,-0.2728999999999999,46.83785172452919,0.024836183834238107,
342232987,NOVEL,0.0183901059573072,148.25799247968445,133.0,12.1976,,4.3385394212575425,168,21,BLEND_POSSIBLE,342233025.0,-2.3271999999999995,39.401015403458736,0.0021562754161196453,
342314656,KNOWN_TOI,0.0012207813182207,16.50379931853499,5.0,10.7108,0.177241236,7.283405313511777,54,18,BLEND_POSSIBLE,342314658.0,1.3283999999999985,35.079883671669776,0.004149520118852839,
349725115,NOVEL,0.1686651772644185,177.10765736737392,4.0,13.2312,,1.9324364322792087,226,7,BLEND_POSSIBLE,349725102.0,0.4305000000000003,54.928065731875606,0.2507410424431737,
360003037,NOVEL,0.1136955760296814,180.46868472472343,3.0,14.4802,,2.360641084175048,145,13,BLEND_POSSIBLE,360003022.0,-2.0175,46.4068445949026,0.01773142201574418,
366725821,NOVEL,0.0922622411966673,111.41499205918196,273.0,12.9555,1.01152372,2.5874399997387547,119,10,BLEND_POSSIBLE,366725802.0,-0.9849000000000014,40.097338165677925,0.03724465880577801,
367154070,NOVEL,0.0330524490354047,178.7150084743951,65.0,13.0207,,3.7019908893749576,47,3,BLEND_POSSIBLE,367154085.0,1.6288,42.88300056837485,0.14815750105997794,
370553309,NOVEL,0.0262062863846356,355.36004492683264,5.0,11.9037,0.6234225,3.953986293200842,44,3,BLEND_POSSIBLE,370553325.0,0.30689999999999884,16.744266876803948,0.03476686111747789,
372966655,KNOWN_OTHER_TYPE,0.0436025909806075,43.915022147384846,3.0,14.9056,,3.4012192576113742,119,41,BLEND_POSSIBLE,372966653.0,-2.5427999999999997,46.41515064852981,0.00419172031047712,
374689514,KNOWN_OTHER_TYPE,0.0021630957564618,31.96235666295928,21.0,14.7569,,6.662310636697612,282,282,BLEND_POSSIBLE,374689496.0,-4.254899999999999,54.65249384048098,4.296509192563667e-05,
383296680,NOVEL,0.103814365849316,628.877349504083,4.0,12.5313,,2.4593563614648484,28,0,BLEND_RULED_OUT,,,,,
383306124,NOVEL,0.0806181937768074,183.1903231009044,5.0,13.0107,,2.73391734073505,24,3,BLEND_POSSIBLE,383306132.0,2.213800000000001,53.51432828629487,0.6193741327171669,
383318780,KNOWN_OTHER_TYPE,0.2357026215012152,82.33810647306974,3.0,12.9926,,1.5690889679872306,184,2,BLEND_POSSIBLE,383318681.0,0.9276999999999997,61.01082706319247,0.5539166412581011,
387858879,NOVEL,0.1082416830857494,399.63651321889085,30.0,13.2675,,2.4140136584232894,100,12,BLEND_POSSIBLE,387858855.0,-1.5245999999999995,49.5565615436787,0.02657997307228756,
394441318,KNOWN_OTHER_TYPE,0.0099477600183337,183.13792749358385,96.0,11.8727,0.1721944,5.0056867506972935,97,12,BLEND_POSSIBLE,394441295.0,2.1945999999999994,33.12928201860722,0.07508709452096543,
398397960,NOVEL,0.0421969913487275,116.77858675005156,13.0,14.9427,,3.4367962829765224,347,122,BLEND_POSSIBLE,398397842.0,-2.6402,61.07213898630885,0.003708527354897588,
411471665,KNOWN_OTHER_TYPE,0.1368263266563741,133.5194985235196,76.0,12.7983,,2.1595758307071216,6,1,BLEND_POSSIBLE,411471663.0,0.8727,38.08514991233659,0.3056677834724807,
411495979,NOVEL,0.0006174737383145,11.51984372074583,6.0,10.9342,0.0168870911,8.02345377147695,7,5,BLEND_POSSIBLE,10002490029.0,4.793799999999999,29.072066603117303,0.05106678199830136,
419744983,NOVEL,0.0198014115188272,26.97850782024229,8.0,14.9201,,4.258259626241597,9,4,BLEND_POSSIBLE,419744982.0,2.809099999999999,44.62658018808303,0.26323046411764633,
42143884,NOVEL,0.0119459887891133,28.60985724158289,3.0,12.7967,0.302619338,4.806944742896801,181,35,BLEND_POSSIBLE,42143919.0,-0.9103999999999992,43.35353522635753,0.0051649022058330146,
423202567,NOVEL,0.0040259464151593,17.136726529742923,22.0,14.2356,,5.9878300245346425,81,74,BLEND_POSSIBLE,423202558.0,-1.7797999999999998,31.860532728200106,0.0007815342047748092,
425067915,NOVEL,0.0023250676419818,85.64722797311089,166.0,14.2814,,6.583911019717736,964,962,BLEND_POSSIBLE,425067936.0,-2.1164000000000005,25.02442854373287,0.0003310362793304252,
427347849,KNOWN_OTHER_TYPE,0.0067203753642003,70.1387232878738,4.0,12.7477,,5.4315161722582435,15,7,BLEND_POSSIBLE,427347844.0,0.3064,24.16960019284824,0.008911555806291844,
427348925,KNOWN_OTHER_TYPE,0.0264877768597593,424.3288437607741,56.0,11.9017,0.0276002474,3.9423862271387073,18,1,BLEND_POSSIBLE,427348916.0,3.4087999999999994,43.134388335092304,0.611738070798456,
427352243,CONTAMINATED,0.0013792132665995,41.80424522788911,35.0,10.371,0.915671349,7.1509214350932755,14,8,LIKELY_CONTAMINATION,427352241.0,-0.3755000000000006,29.546994193835232,0.0009759586687748154,TOI
430314843,NOVEL,0.0674361580409785,638.6066684953811,39.0,12.1856,0.0366067,2.9277679505376053,11,1,BLEND_POSSIBLE,397286164.0,1.104099999999999,53.43526736757097,0.18643730642495485,
43330648,NOVEL,0.0003118545316607,15.149472654521274,6.0,8.5835,,8.765119851727839,10,3,BLEND_POSSIBLE,43330647.0,6.529499999999999,33.04929309906346,0.12757102920777247,
437226603,NOVEL,0.013809428320191,83.0987164568643,45.0,12.8306,0.429177225,4.649560749702129,46,12,BLEND_POSSIBLE,437226599.0,0.25629999999999953,15.808810298540786,0.017486210418407918,
442703447,NOVEL,0.0029618156097423,20.53378953094361,3.0,13.6871,,6.321104955830153,430,336,BLEND_POSSIBLE,442951816.0,-3.2927999999999997,33.70798629026141,0.00014270461481838848,
449823787,NOVEL,0.0034247405185493,12.665013775394012,4.0,14.8685,2.81527662,6.163430820013719,505,505,BLEND_POSSIBLE,449820367.0,-1.9488999999999983,31.43075939716732,0.0005689415767128603,
451022388,NOVEL,0.0144207046986912,129.5031104692941,10.0,14.526,,4.602533790914731,366,154,BLEND_POSSIBLE,450942968.0,-3.126099999999999,39.323594748194765,0.0008101146456546103,
453692800,NOVEL,0.0108312383879278,156.51075368939917,68.0,13.9197,,4.913304713862309,48,29,BLEND_POSSIBLE,453692783.0,-2.2033000000000005,55.42504732161028,0.0014235021074904314,
453840224,NOVEL,0.0066846384167159,24.3930093623594,14.0,14.1175,,5.437305198705839,257,160,BLEND_POSSIBLE,260342003.0,-0.921899999999999,51.48483271928387,0.0028596831770778945,
457534991,NOVEL,0.0403069507947994,98.26375742437617,48.0,14.0794,,3.486550137033718,161,26,BLEND_POSSIBLE,457535024.0,-0.7676999999999996,26.75319374279998,0.019874670862411334,
457822202,NOVEL,0.0139861842708899,66.69211955613008,23.0,13.8133,,4.63575188534465,142,42,BLEND_POSSIBLE,457822300.0,-2.2791999999999994,57.857317515728816,0.0017140332636127371,
458340637,NOVEL,0.0545327181684507,153.0948845945498,8.0,14.8144,,3.158357136209407,166,49,BLEND_POSSIBLE,458340636.0,-4.294499999999999,36.77317547443292,0.0010443766311004949,
462785412,NOVEL,0.0040975921400865,155.23644715918772,41.0,13.4427,,5.968678179823055,64,47,BLEND_POSSIBLE,462785373.0,-4.5806000000000004,41.56397399535509,6.0296031350306425e-05,TESS_EB
464738698,NOVEL,0.057413920021114,199.1671412196251,16.0,14.1121,,3.10245700003967,193,34,BLEND_POSSIBLE,464738800.0,-1.4797999999999991,50.77446153380742,0.014692550766405413,
466069938,NOVEL,0.0075445253261451,99.22794473571818,79.0,10.2812,,5.305920198110904,401,29,BLEND_POSSIBLE,466070061.0,2.6327,47.58966769971177,0.08525344173423963,
467847973,NOVEL,0.0310696975574075,325.7515315598569,56.0,14.4007,,3.769157435722261,479,161,BLEND_POSSIBLE,467847903.0,-3.8491,44.51831729779988,0.0008968029448918115,
469350979,KNOWN_OTHER_TYPE,0.0184698343648754,85.23023092283508,24.0,12.9349,0.00455942424,4.333842498099879,4,2,BLEND_POSSIBLE,469350982.0,2.6205,46.673314572261866,0.2063778105607384,
52030981,NOVEL,0.6008842749504794,248.44603496339715,14.0,14.7977,0.6192802,0.5530229031454463,44,6,BLEND_POSSIBLE,52030976.0,-3.061400000000001,55.62321156673482,0.0358286825207863,
58674267,NOVEL,0.0249021540754749,109.7802909912901,21.0,14.7337,,4.009407710309862,784,363,BLEND_POSSIBLE,58674098.0,-3.8095,60.83895900066081,0.0007454815780706595,
64781731,NOVEL,0.0259927407038771,46.27881129267087,12.0,14.9237,,3.962869813962329,65,31,BLEND_POSSIBLE,64781704.0,-1.9979999999999993,47.58047719901764,0.004127167304742876,
66702756,NOVEL,0.2231298790369308,313.0662771344452,175.0,12.0417,0.4851856,1.6286056750075177,83,2,BLEND_POSSIBLE,66702753.0,-0.7321000000000009,46.3508788966143,0.1136888124406653,
72384776,NOVEL,0.0520275048255905,100.06244646193016,42.0,13.3668,,3.2094175045690587,243,31,BLEND_POSSIBLE,72384823.0,-1.8019999999999996,55.35634960791939,0.009895391885496319,
73532606,NOVEL,0.0119985299637728,155.67458464608112,8.0,11.6154,0.1142673,4.802179898991267,30,4,BLEND_POSSIBLE,73532600.0,3.1508000000000003,28.378262685909554,0.21849828896194762,
76861285,NOVEL,0.0041712763927911,67.47582798043061,6.0,10.637,0.2984404,5.949327581075257,80,19,BLEND_POSSIBLE,76861277.0,0.9154999999999998,57.4970234164995,0.009693240039621577,
76863005,NOVEL,0.003531285323969,205.0528020634193,79.0,10.1954,,6.130167976257173,82,15,BLEND_POSSIBLE,76863012.0,2.2010000000000005,43.857983283597854,0.026812222178201603,
76873434,NOVEL,0.0115542557084465,279.6174979941003,43.0,11.474,0.133638382,4.8431450631786515,36,5,BLEND_POSSIBLE,76873432.0,2.7135999999999996,40.340490015775096,0.14066367987810638,
86951579,NOVEL,0.0333401385548953,216.1924944753982,43.0,12.776,,3.6925814991598482,28,6,BLEND_POSSIBLE,86951578.0,-0.2553000000000001,42.79688569915436,0.02635405211008179,
86956236,NOVEL,0.049742381339327,225.5067041329775,3.0,11.7891,0.0836574659,3.258183568484797,29,0,BLEND_RULED_OUT,,,,,
178335238,NOVEL,0.0227202960794273,149.9867504953823,24.0,13.9619,,4.108965033544311,46,21,BLEND_POSSIBLE,178335216.0,-1.5680999999999994,30.67837230093757,0.005360113507888686,
183675732,KNOWN_TOI,0.0019368448647995,18.10978254576076,44.0,12.9998,0.000171855267,6.782262908785201,3,1,BLEND_POSSIBLE,2055673085.0,6.089700000000001,38.76352373647688,0.5284146339459014,
213660927,KNOWN_OTHER_TYPE,0.0251239922977807,188.17035627690063,24.0,13.7127,,3.9997783710221495,333,59,BLEND_POSSIBLE,213660992.0,-1.7348999999999997,34.88987100047424,0.005083099975587353,
221066214,NOVEL,0.0311597024549261,109.29337016582537,23.0,14.7836,,3.7660167451816644,344,128,BLEND_POSSIBLE,221066163.0,-4.7600999999999996,51.55535435972261,0.0003886451943161696,
229506826,NOVEL,7.343203371554567e-05,15.11758461025725,413.0,9.6359,,10.335286109372587,19,16,BLEND_POSSIBLE,229512658.0,3.7843999999999998,54.51235246474317,0.002396875941663868,
237465911,KNOWN_OTHER_TYPE,0.0287905413095426,99.87258899960526,8.0,14.5478,,3.851875423985993,63,29,BLEND_POSSIBLE,237465888.0,-3.6601,48.25066267118126,0.0009890308318221866,
290146135,NOVEL,0.0323234788946172,66.0188093314419,16.0,14.1558,,3.7262047584017988,119,48,BLEND_POSSIBLE,290153860.0,-2.4558,58.665118958844566,0.003366650988800873,
313731012,NOVEL,0.0015886097236632,29.41433704437639,3.0,10.5451,0.04817019,6.997456958803174,25,7,BLEND_POSSIBLE,313731018.0,2.5411,45.92033710426152,0.016498984573650784,
318511155,NOVEL,0.0249450521368512,45.373338120106446,3.0,14.977,,4.007538960047305,177,82,BLEND_POSSIBLE,319125740.0,-3.344100000000001,54.428938805266384,0.0011464217474815022,
330431529,NOVEL,0.1006758117651011,524.8365513546387,3.0,14.2127,,2.4926871498021295,211,30,BLEND_POSSIBLE,330431447.0,-3.7163000000000004,27.688843828497635,0.003284015060135276,
373896170,NOVEL,0.0064316750365575,61.04972614360216,13.0,11.148,0.111846492,5.479189766601735,58,9,BLEND_POSSIBLE,373896138.0,2.0862,54.78247229020637,0.043934338657174964,
377770027,NOVEL,0.0117943354751795,16.16175569268681,5.0,13.8855,,4.820816308542556,240,85,BLEND_POSSIBLE,377770086.0,-0.19209999999999994,55.545164337346336,0.009881741221160235,
391708053,NOVEL,0.0222184379050827,154.60166864845863,25.0,14.9376,,4.1332161948391875,88,38,BLEND_POSSIBLE,391708079.0,-4.4681999999999995,26.59783475238577,0.0003626047776830915,
40655754,KNOWN_OTHER_TYPE,0.0064747077387184,97.58318198682814,7.0,11.928,,5.47194957596485,1034,86,BLEND_POSSIBLE,40655686.0,-1.1184000000000012,35.310850619367045,0.002311320491353455,
441262791,NOVEL,0.2941574111072943,1553.35562168324,3.0,13.525,,1.3285505134194766,763,14,BLEND_POSSIBLE,441262784.0,-2.388300000000001,36.30826632928423,0.03260316745820221,
446758441,NOVEL,0.1427863690710786,1216.7427616738262,20.0,12.31,,2.113283124953005,93,0,BLEND_RULED_OUT,,,,,
450674516,NOVEL,0.0020034424299545,34.844049805140294,24.0,13.1095,,6.745557831870702,256,198,BLEND_POSSIBLE,450674564.0,-1.5042000000000009,23.50329435988527,0.0005012990334465436,
469447216,NOVEL,0.0115048671577333,85.54247522149649,4.0,12.1782,,4.847795978993444,644,63,BLEND_POSSIBLE,469447206.0,0.2364999999999995,17.53088900509202,0.014304794012838866,
54077740,KNOWN_OTHER_TYPE,0.0850755275517406,62.44596591326799,5.0,14.9061,,2.675488372929795,37,9,BLEND_POSSIBLE,54077724.0,-0.17070000000000007,52.38163000711468,0.07269836620931855,
87448561,NOVEL,0.0195416988956516,409.59283666852406,15.0,14.9155,,4.272594206848393,710,310,BLEND_POSSIBLE,87443623.0,-4.3865,19.38952858705492,0.000343844686317378,
120152239,NOVEL,0.0132670854930391,58.657075386173325,12.0,14.1974,,4.6930611806517515,105,45,BLEND_POSSIBLE,120152243.0,-1.3217999999999996,35.09887002426786,0.003926951411479916,
153038604,NOVEL,0.0210553332104212,60.99138694023047,33.0,14.8707,,4.191594703193929,107,61,BLEND_POSSIBLE,153038658.0,-1.8750999999999998,62.22987224479338,0.003743881711831061,
246561638,NOVEL,0.0120374260556423,48.97585569096533,9.0,13.4704,,4.798665919185688,833,224,BLEND_POSSIBLE,246561631.0,-1.7965999999999998,58.7414173422099,0.002300878215870656,
251936538,NOVEL,0.0107271038910508,128.77806794421312,10.0,10.8125,0.09398683,4.9237937831341085,51,3,BLEND_POSSIBLE,251936530.0,3.4128000000000007,23.85803328752573,0.2486580289289373,
273212554,NOVEL,0.0002579678712187,33.43239499680072,5.0,6.6008,,8.971085950414672,57,2,BLEND_POSSIBLE,273119147.0,6.913,55.48734045133651,0.1502330968878144,
307424361,NOVEL,0.0132134608863197,58.06662752817883,8.0,14.1148,,4.697458541320535,77,44,BLEND_POSSIBLE,307424389.0,-0.37460000000000093,45.087498432965134,0.009357860859955013,
330435841,NOVEL,0.0108011254504613,110.10834513392705,20.0,14.1017,,4.916327474370718,233,140,BLEND_POSSIBLE,330435927.0,-2.049999999999999,40.36163840197455,0.0016348164921316322,
337529045,NOVEL,0.0461842512967967,104.18919696168774,31.0,14.0649,,3.338765231072021,403,39,BLEND_POSSIBLE,338103509.0,0.4250000000000007,52.419909371170505,0.06831151349436046,
367266138,NOVEL,0.0492087814515912,165.43190887998486,127.0,13.1235,,3.269893472976786,38,8,BLEND_POSSIBLE,367266112.0,-3.8050999999999995,60.04940039142491,0.0014791172800185136,
378273145,NOVEL,0.0033450421944214,210.87595000907493,80.0,9.6475,,6.188995999158328,219,16,BLEND_POSSIBLE,378273244.0,3.2485999999999997,43.903260846537975,0.06665636099914567,
418888630,NOVEL,0.0023136807771349,27.863872204811223,24.0,14.0711,,6.589241404182751,111,108,BLEND_POSSIBLE,418888569.0,-2.7142,48.32445247007715,0.00018994306353345067,
43796424,NOVEL,0.0009121413525253,38.75814494588515,40.0,10.856,0.0126161268,7.599844637005534,29,9,BLEND_POSSIBLE,43796437.0,3.564,58.591048610327626,0.024303126374521686,
469449874,NOVEL,0.0007728782900351,31.63751974076731,7.0,11.2395,,7.77972222939522,659,313,BLEND_POSSIBLE,469449765.0,-1.9227999999999987,50.766453233456375,0.00013151979045157236,
65497458,NOVEL,0.1000084770501684,285.0773202885194,6.0,13.8374,,2.4999079654980765,778,36,BLEND_POSSIBLE,65497409.0,-1.7424999999999997,53.19106916142775,0.020092631244143826,
78957274,NOVEL,0.1331195099782222,152.25785861742983,33.0,14.7076,,2.189395724293268,50,9,BLEND_POSSIBLE,78957281.0,0.5585000000000004,61.77699678446611,0.2226597464989319,
87009784,KNOWN_OTHER_TYPE,0.0080090024199346,47.58968319478016,3.0,12.6876,1.94588,5.241053937785152,214,101,BLEND_POSSIBLE,87023929.0,-0.8191000000000006,34.19960522486767,0.0037665039297467614,
91690216,NOVEL,0.0431597557998251,54.04001762298747,4.0,14.8765,,3.4123025531081552,47,23,BLEND_POSSIBLE,91690192.0,-1.8257999999999992,49.17641304039199,0.008030803114670058,
97017864,NOVEL,0.0002786808007222,49.17413955300434,33.0,7.7373,,8.88723237573755,200,9,BLEND_POSSIBLE,97017894.0,5.1246,37.94631661760161,0.03125698250758618,
162825247,NOVEL,0.0392541765324788,35.0229240831323,9.0,13.1692,,3.5152853219139146,619,52,BLEND_POSSIBLE,162825158.0,-0.44200000000000017,47.83059918554952,0.026126778972215194,
165598669,KNOWN_TOI,0.0229998076017394,46.939799662070286,12.0,13.4832,,4.095689492331278,4,1,BLEND_POSSIBLE,165598666.0,2.2956000000000003,52.55638511153159,0.19053036659155326,
169863685,NOVEL,0.0009241310393777,24.25447232940872,4.0,14.8837,,7.58566610646371,258,258,BLEND_POSSIBLE,169863610.0,-6.850299999999999,59.70664010425226,1.6811774551434928e-06,
221088464,NOVEL,0.0037176299510094,19.104887129416827,16.0,14.7961,,6.074334604076284,499,497,BLEND_POSSIBLE,221088378.0,-4.6998999999999995,49.80367037021803,4.901242134672256e-05,
285490479,NOVEL,0.0047073684249691,18.4391193496048,14.0,14.3477,,5.818054525122884,474,388,BLEND_POSSIBLE,285490456.0,-2.9505,59.732222099637056,0.0003108695538843295,
287652215,NOVEL,0.0664022962161319,157.45154387386157,9.0,13.0408,,2.944542255768481,25,2,BLEND_POSSIBLE,514875976.0,1.665799999999999,33.12796111551336,0.3079662307733921,
290187330,NOVEL,0.0523523750107755,109.84067293449267,4.0,13.8934,,3.202659028483501,49,10,BLEND_POSSIBLE,290187339.0,-0.5540000000000003,32.58104285292583,0.031429421592545734,
318520774,NOVEL,0.1329136666436118,109.82482022782618,58.0,14.7288,0.5519286,2.1910759027456947,60,17,BLEND_POSSIBLE,318520778.0,-2.211599999999999,56.32098418400548,0.0173352312273279,
319039733,NOVEL,0.0066252775723348,57.2557872567237,22.0,12.9558,0.358278722,5.446989804569186,64,35,BLEND_POSSIBLE,319039736.0,-0.6143999999999998,31.64061414775541,0.0037622190502282706,
343785964,NOVEL,0.011570630350956,86.46085432420334,48.0,14.4574,,4.841607451694793,343,174,BLEND_POSSIBLE,343785916.0,-2.9586000000000006,47.41632358165534,0.0007584326474034275,
377519200,NOVEL,0.5360564225822682,330.7148368372926,3.0,13.4085,,0.676973740663111,28,2,BLEND_POSSIBLE,377519196.0,-0.5362000000000009,25.62545699547129,0.3271376305226592,
377776359,NOVEL,0.0091670141831239,34.596540506855355,7.0,14.2651,,5.09443024178196,293,170,BLEND_POSSIBLE,377776240.0,-1.6578,59.68005904016512,0.001991167996166738,
378273307,NOVEL,0.000727671028246,62.13782835138744,75.0,9.4948,,7.845162289724568,226,43,BLEND_POSSIBLE,378273229.0,0.47330000000000005,48.14202209300473,0.0011252657079484944,
388766570,NOVEL,0.0378991941628632,104.4891664640648,12.0,13.2226,,3.5534250604586086,1,0,BLEND_RULED_OUT,,,,,
391729889,NOVEL,0.0456717186849279,262.967996522668,5.0,14.7936,,3.350881612577864,421,131,BLEND_POSSIBLE,391729896.0,-2.559099999999999,53.7319058218294,0.004325211559097793,
411767966,NOVEL,0.0683925095450785,302.02587129258006,3.0,12.4619,2.6904614,2.912478650720658,621,24,BLEND_POSSIBLE,411768056.0,-0.4789999999999992,28.552570305536552,0.043995528565345166,
441227343,NOVEL,0.0020323639421421,20.300061965458006,9.0,13.1858,,6.729996297181897,177,134,BLEND_POSSIBLE,441235407.0,-2.6241000000000003,45.66089791979097,0.00018128483729579756,
446777359,NOVEL,0.0372121979487463,101.57131198889196,6.0,12.6376,0.335711658,3.573286693743472,125,5,BLEND_POSSIBLE,446777385.0,1.118599999999999,21.95538685077578,0.10426182498805356,
447134694,NOVEL,0.0160769443024394,17.499749737859357,6.0,14.6178,,4.484491232049973,118,57,BLEND_POSSIBLE,447134751.0,-2.0714000000000006,58.10219891581741,0.0023858520401929834,
450663300,NOVEL,0.0077363490687053,100.49991176597678,22.0,13.1504,,5.278659857139306,270,102,BLEND_POSSIBLE,450663406.0,-2.2813999999999997,46.03035396658707,0.0009461849963112466,
46032792,NOVEL,0.1456836096664776,55.79724245494368,3.0,14.3338,,2.091473265939017,77,4,BLEND_POSSIBLE,46105258.0,1.2338000000000005,43.9909992750843,0.45386918068959525,
469447206,NOVEL,0.0053107275956213,33.27490736034245,3.0,12.4147,,5.687114935942156,661,136,BLEND_POSSIBLE,469447224.0,-0.3368000000000002,60.177970413186245,0.00389434143639562,
75204054,NOVEL,0.0831450534736346,140.40391178698806,5.0,14.9405,,2.7004089576026287,54,13,BLEND_POSSIBLE,75204035.0,-1.8734000000000002,51.053238082991854,0.014807318464446719,
78955414,NOVEL,0.0316913197056352,59.51176907657997,21.0,14.5016,,3.7476491883179195,48,15,BLEND_POSSIBLE,78955426.0,-0.0929000000000002,33.635733025932005,0.029092451881322704,
94249335,NOVEL,0.0140989024550877,18.602383715752733,4.0,13.3706,,4.627036735427428,76,24,BLEND_POSSIBLE,94249309.0,0.7744999999999997,61.027688504839766,0.028773010608185726,
1007466710,NOVEL,0.0379317096623005,494.56155141711525,11.0,14.0642,,3.5524939557153528,390,75,BLEND_POSSIBLE,340148285.0,-6.2528,46.64012776490745,0.0001196416565780881,
114872594,NOVEL,0.1735784206137106,84.9749924623151,4.0,13.3004,,1.9012606689661986,105,5,BLEND_POSSIBLE,114872604.0,0.8239999999999998,19.48367394093017,0.37076244069232756,
165591122,NOVEL,0.0126269801750224,218.20682281249185,16.0,13.4736,,4.746751253488492,96,27,BLEND_POSSIBLE,165585017.0,1.0483000000000011,52.94638872176028,0.03316037999375719,
214681795,NOVEL,0.126337807378358,422.3778926472288,27.0,14.187,,2.2461666616416283,186,21,BLEND_POSSIBLE,214681738.0,-1.2314999999999987,32.2645252907271,0.04063809444777813,
230116482,NOVEL,0.02198144744239,67.75293641934176,216.0,14.9265,,4.1448592834726625,7,4,BLEND_POSSIBLE,230116476.0,-0.28690000000000104,47.64034588604197,0.016877040268282087,
246576538,NOVEL,0.0150575866650437,106.55096477184586,20.0,13.7963,,4.555611571341165,914,250,BLEND_POSSIBLE,246576485.0,-2.2673000000000005,24.69261352999776,0.0018656723340973336,
257824366,NOVEL,0.2560206164007337,276.7583056077896,27.0,14.6939,,1.4793126528476628,223,9,BLEND_POSSIBLE,256894290.0,-3.0251,46.02077298862583,0.015784649357733504,
258290731,NOVEL,0.0005692959011777,22.88430429678017,20.0,10.1922,0.01696815,8.111654857537333,29,10,BLEND_POSSIBLE,258290742.0,4.5021,49.78839806031089,0.035989685951453874,
285475473,NOVEL,0.0324340630835244,51.77168156912099,4.0,13.9087,,3.722496607332096,598,98,BLEND_POSSIBLE,285475354.0,-1.4360999999999997,48.12169600932593,0.008640947312508716,
290218819,NOVEL,0.020257521369456,67.82667634860664,4.0,14.0717,,4.233534235719292,24,6,BLEND_POSSIBLE,290218815.0,-0.9689999999999994,11.063995468166176,0.008298246008545227,
294976780,NOVEL,0.0489952069792047,133.08687555806452,48.0,13.9235,,3.2746160083111904,141,22,BLEND_POSSIBLE,294976709.0,-0.2331000000000003,52.055515142232665,0.039528796930504484,
298866749,NOVEL,0.0214594784644749,152.15865079052958,9.0,14.7398,,4.170952092545974,157,65,BLEND_POSSIBLE,298876356.0,-3.6942000000000004,38.27017687486692,0.0007143962447170263,
318465653,NOVEL,0.010431112901401,122.1000456526885,37.0,14.7706,,4.954173384937214,451,278,BLEND_POSSIBLE,318465669.0,-3.7028999999999996,29.609625188541404,0.0003444852617322363,
318907244,NOVEL,0.0194858220169253,154.21722893762987,20.0,12.4139,0.29567796,4.275703171511106,55,8,BLEND_POSSIBLE,318907280.0,1.108600000000001,59.96827615297904,0.05409520007420834,
330423835,NOVEL,0.0224088636071127,67.27392027562708,11.0,14.1729,,4.123950416858898,195,78,BLEND_POSSIBLE,330423751.0,-1.7025000000000006,40.7980817638468,0.004671107188959702,
341241815,NOVEL,0.0001759497794947,14.926787774972484,45.0,9.1854,,9.38652818274681,32,15,BLEND_POSSIBLE,341241838.0,4.3115000000000006,56.70403882074872,0.009332300763783923,
356014887,NOVEL,0.0001163758730234,18.92011531581008,491.0,10.514,,9.835342620067898,11,11,BLEND_POSSIBLE,356014883.0,3.8033,38.33856985454596,0.0038652977325465718,
388576061,NOVEL,0.0264794971319079,32.79181436588198,3.0,14.8171,,3.942725666935758,57,31,BLEND_POSSIBLE,388576063.0,0.048799999999999955,61.10328082694824,0.027696808817627448,
402844955,KNOWN_OTHER_TYPE,0.0324501020884528,222.29212843258463,7.0,12.1833,0.487872243,3.7219598314131153,194,8,BLEND_POSSIBLE,402844997.0,1.1339000000000006,41.11993573375434,0.09220958500020945,
40574102,NOVEL,0.0026594552753201,67.32986332350704,12.0,10.1689,,6.438018272284063,238,29,BLEND_POSSIBLE,40574150.0,1.0076999999999998,33.14755154419943,0.0067277940908385975,
418883704,NOVEL,0.0238413396474174,47.59136133816717,3.0,14.012,,4.0566733629822895,119,58,BLEND_POSSIBLE,418869279.0,-1.056000000000001,55.33097934772689,0.009014271923430506,
467855166,NOVEL,0.0027382802284995,23.155859273343783,46.0,13.0509,,6.406305273390869,401,251,BLEND_POSSIBLE,467855044.0,-1.1598000000000006,56.42451881473787,0.0009409312460560146,
80717380,NOVEL,0.0522712254505667,68.6109161952632,223.0,13.1754,,3.2043432953754643,74,9,BLEND_POSSIBLE,80717375.0,-0.6509,46.0279837010007,0.02870137360045788,
1007259218,NOVEL,0.0158681642486315,61.35069165000128,18.0,14.0863,,4.498683282168346,313,119,BLEND_POSSIBLE,341171448.0,-0.5288000000000004,53.14294765498738,0.009750046504230935,
109311492,KNOWN_OTHER_TYPE,0.0149536356946897,58.66134670753007,4.0,14.1941,,4.563133009957806,71,38,BLEND_POSSIBLE,109311537.0,-1.3927000000000014,35.067885365612305,0.004146357993252054,
157654826,NOVEL,0.0268330266182485,36.1790664948008,4.0,14.9438,,3.928325846323288,33,17,BLEND_POSSIBLE,157654816.0,-0.594199999999999,52.60386605844464,0.015523500552919515,
169949222,NOVEL,0.0070688503287692,35.39335603908785,6.0,14.8654,,5.376628034274317,307,266,BLEND_POSSIBLE,169949143.0,-4.398399999999999,52.93301385950697,0.00012302370050420365,
214672965,NOVEL,0.0239695744150968,64.78983051764774,3.0,14.1468,,4.050849192222485,349,127,BLEND_POSSIBLE,214672923.0,-1.0950000000000006,15.50319580477871,0.008742996874033621,
221066136,NOVEL,0.0305879411817095,142.25505801288037,22.0,14.8984,,3.78612438399412,343,133,BLEND_POSSIBLE,221066163.0,-4.8749,46.63835371117111,0.00034323395640967956,
229490432,NOVEL,0.015931843115379,325.8784302647218,216.0,12.9048,,4.494334947104907,10,5,BLEND_POSSIBLE,229490429.0,0.9158000000000008,61.07440560135533,0.037032754929765946,
230458415,NOVEL,0.0226683433870688,66.07209721695443,27.0,13.8862,,4.111450542884322,454,159,BLEND_POSSIBLE,230453449.0,-1.3744000000000014,30.202913888752903,0.00639233876926963,
290114000,NOVEL,0.0350611128927076,131.81171505785775,16.0,14.1212,,3.637935757150691,206,43,BLEND_POSSIBLE,290113993.0,-2.591799999999999,45.27532441496022,0.0032218528196452443,
313684677,NOVEL,0.0090648523279167,83.14866852109088,7.0,12.5239,2.70103669,5.1065981660952815,475,86,BLEND_POSSIBLE,313684528.0,-2.655899999999999,60.9092497087855,0.000785236960943803,
319988008,NOVEL,0.0735935394351329,254.5995776997944,12.0,14.2981,,2.8329007736271823,191,36,BLEND_POSSIBLE,319988038.0,-2.5458999999999996,35.8071290028292,0.007054718524250523,
334485117,NOVEL,0.1126092107255432,571.1672434520002,182.0,13.2015,,2.371065213683284,85,7,BLEND_POSSIBLE,334485119.0,-1.0203999999999986,3.325512779991698,0.04399607305600246,
411838663,NOVEL,0.0016218583765755,49.82448492501275,19.0,10.0123,,6.974967679500052,22,3,BLEND_POSSIBLE,411838671.0,4.6631,44.09436992966939,0.11891945993028202,
42613466,KNOWN_OTHER_TYPE,0.0206404988226034,116.68696288706889,24.0,13.9414,,4.213199528115173,520,127,BLEND_POSSIBLE,42613375.0,-2.4002999999999997,42.06116937563874,0.0022625604367201577,
442551080,NOVEL,0.0064155473195189,62.5499247950554,16.0,14.5743,,5.48191571856268,146,124,BLEND_POSSIBLE,442550939.0,-5.133799999999999,60.671314410162864,5.671706026329274e-05,
44664792,KNOWN_OTHER_TYPE,0.0176559438892222,64.63044437474836,8.0,14.8049,,4.382772650091748,256,129,BLEND_POSSIBLE,44664734.0,-1.7453000000000003,37.92683636133488,0.0035381068141516012,
446838667,NOVEL,0.0209020114886192,265.76248665665787,17.0,12.0511,,4.1995297947256764,169,12,BLEND_POSSIBLE,446831194.0,1.0505999999999993,26.45651999548867,0.05500828208689826,
467854305,NOVEL,0.0131423309023388,51.22663104013896,15.0,13.8167,,4.703319005462565,468,157,BLEND_POSSIBLE,467854225.0,-1.4709000000000003,34.52479010939527,0.0033908798206650427,
48178046,NOVEL,0.0085652190464133,56.55304083449125,56.0,13.3068,,5.168153814836622,33,14,BLEND_POSSIBLE,48178038.0,-0.9410000000000007,39.8952251062578,0.0036002982060377884,
59603820,NOVEL,0.1735312094343877,547.4853031337055,3.0,12.3682,0.064670004,1.9015560159260003,28,1,BLEND_POSSIBLE,59603839.0,1.3952000000000009,48.49106245448226,0.6272744432345263,
78817261,NOVEL,0.0457492290050524,295.64936442704726,3.0,14.4654,,3.3490405513529997,66,17,BLEND_POSSIBLE,78817259.0,-2.2143000000000015,35.21232682630776,0.0059520117441019885,
87538041,NOVEL,0.0087272834293671,68.3372710933526,28.0,14.9825,,5.147802298879077,169,148,BLEND_POSSIBLE,87538020.0,-2.4685000000000006,53.27149334665536,0.0008984193155254893,
