TIC,role,verdict,sector,lc_pts_in_sector,t0_shift_phase,lc_dip_sigma,compactness,n_in,n_out,dip_sigma,diff_peak_snr,centroid_offset_px,centroid_offset_arcsec,nearest_capable_TIC,nearest_capable_dist_px,nearest_capable_dTmag,n_capable_in_cutout,note
427332229,control,ON_TARGET,42.0,10982.0,0.0025,60.70637055015959,0.9241947661656088,76.0,1238.0,36.40752487323658,11.892057769854157,0.3801495466961085,7.98314048061828,,,,0.0,
158329671,control,OFF_TARGET,9.0,1101.0,0.01,217.918114876731,0.7954905040651349,61.0,459.0,18.912508410101392,227.74456442873387,1.8508421609388104,38.86768537971501,158329676.0,0.0618404947485203,-4.4039,4.0,
287846593,candidate,OFF_TARGET,6.0,902.0,-0.0025,119.11194139619762,0.7800161750714062,34.0,381.0,42.31413908363873,162.64329569790897,1.3883109218965053,29.15452935982661,287846583.0,0.1658268093106687,-8.08693,25.0,"saturated star in cutout (TIC 287846583, Tmag 6.8) - bleed trails can carry its variability;"
146204013,candidate,OFF_TARGET,9.0,1103.0,0.0,742.0444412736999,0.7951898105185554,10.0,527.0,61.39097368084296,67.19429442913591,1.1064043872341232,23.234492131916586,146204045.0,0.1696137929003497,-4.7331,27.0,
437150434,candidate,ON_TARGET,34.0,3368.0,-0.0075,645.3943906484343,0.8009018480308295,69.0,1513.0,361.0828054125679,85.32720316797904,0.0656919508393115,1.3795309676255425,437150402.0,1.745417481253805,1.4598999999999993,5.0,
118352931,candidate,INCONCLUSIVE,91.0,9321.0,0.0,330.2706394944548,0.1480661682663007,26.0,3737.0,-44.68170127494114,236.48180687359493,6.462443637159496,135.71131638034942,118352793.0,9.340541822420048,0.9478000000000008,3.0,dimming is spread across the cutout rather than one star (background/systematics) - source cannot be located
426236217,candidate,OFF_TARGET,12.0,1085.0,-0.0075,116.578530206376,0.7788707636438079,42.0,521.0,153.20000441640568,307.94490780667223,1.4319397306293833,30.070734343217048,426236231.0,0.0061125234746308,-2.8415,16.0,
136191877,candidate,OFF_TARGET,81.0,11059.0,-0.0075,1074.3864224643503,0.8032457480228917,1002.0,4414.0,552.3362672149635,700.1191445497242,1.610144273517185,33.81302974386088,136191848.0,0.1510895013386751,-0.9133999999999992,3.0,
421566477,candidate,OFF_TARGET,12.0,1085.0,-0.0025,88.39218412008388,0.8160343677895845,128.0,507.0,108.33800165885212,338.97155663632543,1.967889228641144,41.32567380146403,423398759.0,0.0872577213151385,-4.207800000000001,315.0,
237115819,candidate,ON_TARGET,74.0,11267.0,0.0,51.14592382978248,0.830914804553659,26.0,5077.0,67.90688424260942,27.82054446347325,0.1753078533105561,3.681464919521678,237115821.0,1.7220597860086806,2.4997000000000007,4.0,
464765654,candidate,OFF_TARGET,12.0,1051.0,0.0075,59.00615062683624,0.8281122386421588,126.0,469.0,11.185092242021518,280.04549834347006,3.1361466471639607,65.85907959044317,464765603.0,0.0813636633424387,-4.732199999999999,58.0,
73561499,candidate,OFF_TARGET,80.0,11071.0,0.045,136.19115049909607,0.8572554745080433,974.0,4202.0,66.72441302159628,102.5050789236118,2.0125682672358005,42.26393361195181,73561494.0,0.0643792901032937,0.3889000000000013,10.0,
329832608,candidate,INCONCLUSIVE,11.0,1077.0,-0.01,321.15738873745664,0.4213090370971821,23.0,519.0,-2.1072784099612605,38.0129213689858,2.745227680636381,57.649781293364,1013886066.0,0.2592142424849113,3.276800000000001,393.0,dimming is spread across the cutout rather than one star (background/systematics) - source cannot be located
318928219,candidate,OFF_TARGET,11.0,1080.0,0.0025,71.2179022856134,0.7907194316450505,54.0,471.0,34.80156948885506,59.47529136588213,2.407016201192796,50.54734022504872,318928053.0,0.10836640214044,-3.218400000000001,97.0,
76879277,candidate,OFF_TARGET,71.0,10227.0,0.0174999999999999,235.84731110060156,0.7613304428443928,619.0,4149.0,18.17083525849617,20.59748887314103,1.2585431219984702,26.429405561967872,76879303.0,0.2258400029737592,-1.785,6.0,
66732476,candidate,ON_TARGET,46.0,3316.0,-0.005,234.7020313088892,0.8357369387103908,68.0,1383.0,98.31423579228148,26.93314263420839,0.3606771789051533,7.57422075700822,,,,0.0,
294852916,candidate,OFF_TARGET,9.0,1104.0,0.005,66.95503099402882,0.8611674402351576,71.0,454.0,14.487785121348852,196.7560577955574,2.2784335471397474,47.84710448993469,294852834.0,0.130486420031035,-3.876999999999999,288.0,
806803694,candidate,INCONCLUSIVE,9.0,1102.0,-0.015,17.40419505890684,0.1433098692754049,5.0,416.0,-0.107646030917999,299.8823488216232,3.041165786921341,63.86448152534816,341624478.0,0.477232838872163,2.923499999999999,36.0,dimming is spread across the cutout rather than one star (background/systematics) - source cannot be located
29495157,candidate,ON_TARGET,1.0,1148.0,0.0,93.99639231778696,0.9412836049440548,26.0,511.0,8.171232695715906,52.62458595200319,0.2381002096616305,5.000104402894242,29495166.0,1.793059786907815,-0.4765000000000015,2.0,
119459681,candidate,ON_TARGET,6.0,902.0,0.0,183.34477378134608,0.8092807173846586,24.0,395.0,241.81810753576391,68.14652753488824,0.1118967634365979,2.349832032168557,119459668.0,1.0529280256790785,1.1795999999999989,12.0,
309240602,candidate,UNRESOLVED,58.0,11690.0,0.0,235.1971189723567,0.8931237704948234,359.0,4557.0,297.2392732634332,156.83869021730044,0.1151034606953255,2.4171726746018365,309240600.0,0.0928176169627299,-0.5846999999999998,12.0,a capable neighbour is as close to the dimming as the target
304889252,candidate,OFF_TARGET,10.0,1106.0,0.0,22.529202619679157,0.8148311395268357,56.0,467.0,26.09778252888453,48.40314360019806,1.3154746164039492,27.62496694448293,304889195.0,0.1579064236948617,-0.8950999999999993,211.0,
313569577,candidate,OFF_TARGET,11.0,1080.0,0.0174999999999999,54.737889136468965,0.7425765951939686,77.0,474.0,24.08577386416747,67.62695033060787,3.054700134855413,64.14870283196367,313569594.0,0.0491742852122701,-4.8566,234.0,
412633548,candidate,OFF_TARGET,11.0,1079.0,0.0,60.75107668253077,0.7744939783192784,95.0,472.0,185.38652978532377,219.94565821015368,2.2189579393608225,46.59811672657728,412633616.0,0.1779777894610722,-3.5008,205.0,
411434067,candidate,ON_TARGET,56.0,11764.0,-0.0025,130.77750074341284,0.7948007414081839,759.0,4794.0,13.107124816577231,33.69620754070413,0.1875378190777014,3.938294200631731,411429819.0,1.2109431877937784,1.1875,6.0,
387142107,candidate,INCONCLUSIVE,6.0,902.0,-0.0025,123.61373195547016,0.0,33.0,393.0,6.328694594867204,26.939770173643467,3.1247593511955936,65.61994637510746,387142126.0,0.8388050381519744,-2.4946,12.0,dimming is spread across the cutout rather than one star (background/systematics) - source cannot be located
91599324,candidate,OFF_TARGET,6.0,903.0,0.0,97.10253660989235,0.9033272161947952,16.0,436.0,1.0753307588187406,15.809245018513437,2.14238845300499,44.99015751310479,91599309.0,0.2131772228530017,-2.3183999999999987,31.0,
208358448,candidate,UNRESOLVED,11.0,1080.0,0.0,21.57819440858255,0.7955978485976619,25.0,467.0,16.169377530473433,5.248033357822635,0.7829036586294964,16.440976831219423,208358470.0,0.0345231562916795,4.516700000000002,72.0,a capable neighbour is as close to the dimming as the target
154831114,candidate,OFF_TARGET,7.0,1070.0,-0.005,85.2596196176771,0.6744933931643518,61.0,436.0,75.98706005651924,125.4891734809602,4.332610635576553,90.9848233471076,154831097.0,0.0987181160067175,-3.4006000000000007,47.0,
153080360,candidate,INCONCLUSIVE,,,,,,,,,,,,,,,,no sector with light-curve data
231260455,candidate,INCONCLUSIVE,12.0,1054.0,0.495,38.98435410176732,0.0484324488864211,61.0,478.0,7.57612318893728,62.54112862249775,2.215235585398253,46.51994729336331,231255809.0,0.3726911383801718,-3.5067000000000004,132.0,dimming is spread across the cutout rather than one star (background/systematics) - source cannot be located
467851846,candidate,OFF_TARGET,10.0,1106.0,0.005,29.149691327445176,0.7927978682256716,92.0,467.0,18.84177937727509,46.74637324170101,1.224206727682159,25.708341281325342,923471986.0,0.1741295396434284,5.0969000000000015,975.0,
142841561,candidate,OFF_TARGET,7.0,1071.0,-0.0025,37.50386326089223,0.817644047476378,59.0,436.0,52.514207405092215,128.93162723041422,3.010221198115437,63.21464516042418,782325559.0,0.0211410264098911,2.99,79.0,
458301068,candidate,OFF_TARGET,10.0,1106.0,-0.0025,52.6064970568295,1.0,154.0,448.0,4.077852698930227,13.615406812580614,1.4059752444758602,29.525480133993064,860716403.0,0.2576065335045497,3.911000000000002,470.0,
378067576,candidate,OFF_TARGET,81.0,11062.0,-0.485,244.541622626174,0.9312322123496698,1121.0,4286.0,35.642705495328364,245.8975841376779,2.359584154424749,49.55126724291973,378067426.0,0.0140954417015255,0.1754999999999995,54.0,
59656329,candidate,OFF_TARGET,7.0,1071.0,-0.01,19.06680116814685,0.8225270984468549,73.0,430.0,76.28992312292117,58.94483139217876,1.3647484648342054,28.65971776151832,59656331.0,0.1172183351429792,0.9953000000000004,30.0,
122328031,candidate,INCONCLUSIVE,9.0,1103.0,-0.0949999999999999,9.350075697233589,0.0,17.0,469.0,6.64320457728688,10.22534906200922,4.981304031001376,104.60738465102892,808643966.0,0.2591697092354608,4.038800000000002,104.0,dimming is spread across the cutout rather than one star (background/systematics) - source cannot be located
160130060,candidate,OFF_TARGET,12.0,1027.0,0.0075,19.703979505635026,0.6885825648137303,22.0,484.0,-0.4017643131571477,11.761525152517573,3.054667376212514,64.14801490046278,160129925.0,0.1329433198437336,2.100299999999999,393.0,
67408849,candidate,OFF_TARGET,10.0,1081.0,0.0,45.031563404509335,0.8094115433530334,35.0,460.0,70.74332485507838,74.04384527242503,1.326515223609052,27.856819695790094,67131280.0,0.0854854784026052,-0.0038,176.0,
323961620,candidate,OFF_TARGET,10.0,1106.0,0.005,5.5899193615421,0.899595325893762,45.0,443.0,2.8698392403852035,83.56151916097835,1.897014656613532,39.837307788884175,323961589.0,0.1736070809351818,-1.465300000000001,507.0,
330901906,candidate,ON_TARGET,56.0,11765.0,0.0075,38.17276405067575,0.77037178959023,573.0,4740.0,142.19960394909924,87.23601717958894,0.1823062086568186,3.8284303817931913,2009125529.0,0.2480260861984934,4.3016000000000005,51.0,
23259249,candidate,INCONCLUSIVE,12.0,1085.0,0.0,32.839321694064594,0.0,37.0,476.0,7.048492336110423,5.927133225060546,4.994195091828453,104.87809692839753,20624114.0,0.2872772575760488,2.995799999999999,220.0,dimming is spread across the cutout rather than one star (background/systematics) - source cannot be located
35727587,candidate,INCONCLUSIVE,12.0,1085.0,-0.02,8.398812939361113,0.0,249.0,499.0,0.8254601320265322,2.563763036460124,6.426994494178042,134.9668843777389,1324091064.0,1.2258444109933997,6.6922000000000015,1466.0,difference image too weak to locate the source
303470667,candidate,ON_TARGET,13.0,1176.0,0.0025,33.51962251059776,1.0,20.0,522.0,7.063631114936687,5.022681413370515,0.4126257037533103,8.665139778819517,1689765373.0,0.5363940476502346,3.728299999999999,74.0,
1326118009,candidate,OFF_TARGET,12.0,1045.0,0.0,21.46953166026758,0.7941385175422254,38.0,450.0,13.417240014609725,18.496350149168293,1.8711995504941508,39.295190560377165,1326117740.0,0.0632360454964495,3.5406999999999997,480.0,
253168781,candidate,OFF_TARGET,11.0,1079.0,0.0025,22.549051580939985,0.783028781623588,83.0,475.0,51.82646128711494,303.8711047627053,3.2486408226459886,68.22145727556577,253168663.0,0.1613583088627869,-2.2509,302.0,
87175731,candidate,OFF_TARGET,13.0,1176.0,0.005,30.025805493211305,0.8853469027301996,58.0,513.0,1.737118934969929,23.006233130033763,2.450495862359221,51.46041310954365,87175673.0,0.1711750392939551,-0.9459,92.0,
3516691,candidate,INCONCLUSIVE,9.0,1100.0,0.0,27.193157119000738,0.4527798498615504,97.0,444.0,12.259126153206626,17.65171373186891,6.927852884566258,145.48491057589143,3516666.0,2.583326066351,0.6777000000000015,155.0,dimming is spread across the cutout rather than one star (background/systematics) - source cannot be located
458340718,candidate,OFF_TARGET,10.0,1106.0,0.0025,27.911520043874845,0.7686887506132475,32.0,434.0,15.869247508919887,77.02366800445597,3.487295809280476,73.23321199488998,458340636.0,0.1382522916462467,-4.211,259.0,
273158289,candidate,ON_TARGET,11.0,1080.0,0.005,27.420668404638253,1.0,58.0,471.0,11.83622515538894,17.244132448192996,0.1127992458178752,2.368784162175379,514580937.0,0.1186507448304298,0.7066999999999997,120.0,
81551538,candidate,OFF_TARGET,10.0,1084.0,-0.0449999999999999,7.7674284649571055,0.8142697555041717,116.0,461.0,-5.360867584764087,8.604753599308722,3.447191080684215,72.39101269436851,934506149.0,0.1788529901756962,4.1188,153.0,
146608979,candidate,OFF_TARGET,9.0,1101.0,-0.0025,26.40532667528876,0.7259828497506631,65.0,458.0,37.15105643359777,320.9473655877578,5.673750829503761,119.14876741957896,865324649.0,1.2403667268373626,4.030000000000001,58.0,
220148279,candidate,INCONCLUSIVE,6.0,903.0,0.0,23.78753438736893,0.0,24.0,410.0,8.10762660961363,2.3698336331285668,0.4936214377455331,10.366050192656196,712703266.0,0.4059197275832227,3.434799999999999,84.0,difference image too weak to locate the source
459536921,candidate,INCONCLUSIVE,10.0,1106.0,0.0,20.953540605615096,0.0,20.0,445.0,7.967482304884252,11.159201019910716,5.919745579980251,124.31465717958528,459537119.0,1.1419806021779682,1.1203000000000003,182.0,dimming is spread across the cutout rather than one star (background/systematics) - source cannot be located
203279104,candidate,INCONCLUSIVE,72.0,8854.0,-0.0075,13.270616115840918,0.0,725.0,4208.0,0.3862446255159623,2.687570956621676,0.6951288973664482,14.597706844695413,203279111.0,1.6267779389944967,5.75431,2.0,"saturated star in cutout (TIC 203279104, Tmag 7.3) - bleed trails can carry its variability; difference image too weak to locate the source"
343034455,candidate,OFF_TARGET,12.0,1085.0,0.0025,16.4002184253404,0.9747879976127684,32.0,505.0,55.19617527157845,122.96988104360256,1.4191536499258746,29.80222664844337,343034418.0,0.1433289815047831,-0.4354999999999993,185.0,
417861102,candidate,INCONCLUSIVE,17.0,1125.0,-0.005,29.181767220383247,0.0,50.0,446.0,6.830711606977627,11.798914794738868,2.4944603164076096,52.3836666445598,417856388.0,0.8355082640219544,2.3253999999999984,68.0,dimming is spread across the cutout rather than one star (background/systematics) - source cannot be located
309672362,candidate,OFF_TARGET,11.0,1080.0,0.0025,15.234758976959142,1.0,57.0,471.0,16.5170502598626,12.466927189994022,1.4899932264889515,31.289857756267985,974177941.0,0.0802692446413494,3.6477999999999984,571.0,
320474615,candidate,OFF_TARGET,7.0,1070.0,0.0025,14.672626160097249,0.926238227702514,31.0,430.0,1.5724860899808406,14.395685189011118,2.7848483303639138,58.48181493764219,320474625.0,0.1299180227940739,-1.0936000000000003,22.0,
402613330,candidate,UNRESOLVED,81.0,15895.0,0.0,10.43924248190044,0.8683244156236469,81.0,4511.0,-3.331717578333631,7.4154503811751935,0.8991584674178333,18.8823278157745,1906659213.0,0.8858836203731661,5.884120000000001,24.0,a capable neighbour is as close to the dimming as the target
366749440,candidate,INCONCLUSIVE,59.0,10071.0,0.005,3.637721844769244,,,,,,,,,,,,the light curve itself shows no clear eclipse in this sector
464366239,candidate,INCONCLUSIVE,9.0,1103.0,0.0,7.932978848821116,0.4111278749299348,8.0,421.0,7.987860519469492,6.888011815620806,5.264062941295195,110.54532176719908,464302740.0,1.174484393835619,3.2478,103.0,dimming is spread across the cutout rather than one star (background/systematics) - source cannot be located
298215657,candidate,OFF_TARGET,9.0,1104.0,0.005,10.923660314063278,0.8527593151054214,45.0,455.0,19.396361159396125,46.39685030675525,2.0700032471076137,43.47006818925989,298215640.0,0.1224220622267386,-0.7292000000000005,133.0,
207754858,candidate,INCONCLUSIVE,12.0,1085.0,-0.0075,6.395830972905993,0.0,47.0,472.0,-1.9474223593316613,3.5914898792217382,1.680234917245714,35.28493326216,1225829884.0,0.2388781220763194,5.940599999999998,1864.0,difference image too weak to locate the source
125900581,candidate,INCONCLUSIVE,7.0,1072.0,-0.005,8.029723605925428,0.0,22.0,438.0,7.753271741080489,33.22896783505755,4.172146810973163,87.61508303043642,125900596.0,0.2714666786769628,0.8053999999999988,151.0,dimming is spread across the cutout rather than one star (background/systematics) - source cannot be located
43333100,candidate,INCONCLUSIVE,79.0,7632.0,0.0174999999999999,10.698467928017102,0.0,1191.0,4581.0,2.8978845457641897,2.5823254021827124,0.7915043002068937,16.621590304344767,1507012790.0,1.8327870161208155,8.8671,17.0,difference image too weak to locate the source
230275619,candidate,INCONCLUSIVE,40.0,3916.0,0.0274999999999999,4.884062170474979,,,,,,,,,,,,the light curve itself shows no clear eclipse in this sector
111149941,candidate,ON_TARGET,51.0,1521.0,0.01,7.886213743426417,0.7517681970731336,138.0,966.0,-0.7346691402449692,9.725618915215078,0.9763914466181152,20.504220378980417,1002359509.0,1.6468370743530305,8.0553,5.0,
251898081,candidate,ON_TARGET,84.0,10535.0,0.0025,1459.774399330944,0.7044969314990117,151.0,4479.0,1064.2703507097306,464.15839195903817,0.146817246130691,3.0831621687445114,251898060.0,2.483584838578511,1.737400000000001,1.0,
467214801,candidate,ON_TARGET,82.0,10873.0,-0.01,25.869614840007973,0.7657335298790978,864.0,4395.0,25.390919804535063,21.35587240690137,0.0096901254256723,0.2034926339391198,467214771.0,4.009961208663661,4.5291,3.0,
86966148,candidate,OFF_TARGET,13.0,1177.0,-0.0075,166.32643142480157,0.8337679218166358,87.0,522.0,78.99182943022373,218.9911113152266,1.23513941728047,25.93792776288987,86966108.0,0.146321031391594,-0.6943999999999999,20.0,
29454613,candidate,INCONCLUSIVE,71.0,10284.0,-0.0025,213.013367824464,0.4972743301076703,291.0,3811.0,177.39515125695823,24.84969106231376,6.543885848014597,137.42160280830657,29454597.0,4.210875330210413,0.6833000000000009,7.0,dimming is spread across the cutout rather than one star (background/systematics) - source cannot be located
383101733,candidate,OFF_TARGET,11.0,1077.0,0.0,160.78922398749592,0.6105151670215526,8.0,398.0,10.993677628338896,69.04116321961898,1.605186711509444,33.708920941698324,383101829.0,0.1295727770323879,-1.8445,56.0,
399770041,candidate,ON_TARGET,10.0,1106.0,-0.0075,202.40668069891777,0.8834981198028798,43.0,472.0,36.75545094724592,36.92423515427611,0.043345192978266,0.9102490525435868,399770066.0,1.8274008673504816,2.1007,19.0,
282344989,candidate,INCONCLUSIVE,80.0,11056.0,0.0,143.83917653528775,,0.0,4413.0,,,,,,,,,too few in/out-of-eclipse cadences in this sector
414257425,candidate,OFF_TARGET,12.0,1085.0,0.0075,58.70398585116853,0.876113360311349,75.0,500.0,90.54429190182118,147.97777335978748,1.4330584296234872,30.094227022093232,414257374.0,0.1644894746410663,-2.5334000000000003,163.0,
31165161,candidate,OFF_TARGET,13.0,1112.0,0.0,85.03361233114595,0.8278298840231728,178.0,453.0,12.487232036427082,96.16211588110949,2.203095496581568,46.26500542821292,31165187.0,0.1000620563770589,-4.1737,43.0,
79414156,candidate,OFF_TARGET,72.0,9999.0,-0.0224999999999999,109.46407824956216,0.8904374105434066,737.0,3984.0,118.5829000744009,77.39739644960694,1.0882104347450694,22.852419129646456,79526806.0,0.2259719250713556,1.7091999999999992,10.0,
80886802,candidate,OFF_TARGET,71.0,10242.0,0.03,192.19530764529108,0.8856855948805201,1288.0,4062.0,72.13887671217246,74.93676628375397,1.5283991923129452,32.09638303857185,80886798.0,0.0896671346841912,-0.2365999999999992,8.0,
387142213,candidate,OFF_TARGET,6.0,902.0,0.0,53.39332091363156,0.7282261313522391,91.0,391.0,10.03354338778006,50.9180802847958,1.7396470638044683,36.53258833989384,387142211.0,0.1548580521912447,-3.8015000000000008,19.0,
349701853,candidate,ON_TARGET,80.0,11071.0,0.0,149.70383587106,0.6189114927585314,36.0,3945.0,51.57210136567192,51.0474303026191,0.308778179893971,6.484341777773391,349701859.0,1.0727385629611692,-0.5822000000000003,12.0,
437162640,candidate,UNRESOLVED,9.0,1103.0,0.0,74.47967916002877,0.9142293751578894,44.0,455.0,55.68056047665589,75.24837812107475,0.9019780143281836,18.941538300891857,437171483.0,0.1467800714183482,1.2677999999999994,29.0,a capable neighbour is as close to the dimming as the target
330871525,candidate,OFF_TARGET,81.0,11061.0,-0.02,360.3986394345397,0.8695255263217271,757.0,4361.0,125.32722655822982,263.86149104028897,1.7966268911861134,37.72916471490838,330871500.0,0.0343602681173237,0.1004999999999984,10.0,
100424264,candidate,INCONCLUSIVE,12.0,1027.0,0.0,48.59221923339414,1.0,97.0,471.0,4.638781668944734,3.083524388424857,1.336811443153934,28.073040306232613,1428638788.0,0.0991287935580393,2.5679000000000016,1590.0,difference image too weak to locate the source
394111941,candidate,INCONCLUSIVE,80.0,10997.0,-0.0324999999999999,19.41473876796772,0.0521465605490567,6.0,4258.0,-1.6788870469529047,31.27080852201888,5.461566155106295,114.6928892572322,394111922.0,2.3294157393117274,-1.5618,7.0,dimming is spread across the cutout rather than one star (background/systematics) - source cannot be located
344493385,candidate,INCONCLUSIVE,10.0,1106.0,0.0574999999999999,767.8037967537399,0.3960746658352808,13.0,554.0,0.0745493622707104,87.36834543921918,4.03203355891088,84.67270473712847,843746215.0,0.3445918636765907,2.907600000000002,43.0,dimming is spread across the cutout rather than one star (background/systematics) - source cannot be located
90130748,candidate,OFF_TARGET,9.0,1103.0,-0.0075,217.408746154856,0.8624428866155314,88.0,451.0,115.4661064571314,127.90663617369702,1.4264609487175108,29.955679923067727,90130761.0,0.2259184062095903,-3.3886000000000003,194.0,
402641241,candidate,UNRESOLVED,12.0,1085.0,0.0,96.04630267268304,0.9659677899225816,188.0,464.0,73.69426632898019,9.899078860218912,0.1346785570650286,2.8282496983656022,1210390367.0,0.0398704116888096,2.2487000000000013,41.0,a capable neighbour is as close to the dimming as the target
154831865,candidate,OFF_TARGET,7.0,1070.0,0.0025,104.7336682387846,0.5010543136098174,20.0,433.0,134.82946823798196,104.13795336769964,4.686269476248549,98.41165900121952,154831797.0,1.0014789635377237,-0.7882999999999996,23.0,
371603115,candidate,INCONCLUSIVE,10.0,1106.0,0.0,109.18730498133988,0.0,66.0,458.0,81.80656517877817,83.668185086009,4.663102941586942,97.92516177332578,371603181.0,0.6005845409726986,2.686,46.0,dimming is spread across the cutout rather than one star (background/systematics) - source cannot be located
233459038,candidate,ON_TARGET,76.0,6345.0,0.0,169.09905982868116,0.5273992552134006,52.0,4654.0,140.85266049625335,84.45563136369687,0.2312299417444049,4.855828776632503,,,,0.0,
333569585,candidate,INCONCLUSIVE,10.0,1078.0,0.0,47.14406023291204,0.0,7.0,446.0,24.59451679365327,19.913286043968768,4.815977798590255,101.13553377039536,333569675.0,1.3394884976053545,0.0717999999999996,34.0,dimming is spread across the cutout rather than one star (background/systematics) - source cannot be located
273148514,candidate,UNRESOLVED,64.0,11275.0,-0.0025,146.96747275267177,0.79072809086094,1381.0,4482.0,76.21484774730028,18.83744533928291,0.517606607629918,10.869738760228277,273148540.0,0.2530142897651738,5.8217,23.0,a capable neighbour is as close to the dimming as the target
298231916,candidate,OFF_TARGET,12.0,1085.0,-0.0075,67.19499571357458,0.9491076148334006,189.0,462.0,130.53239821035655,150.75670836281387,1.692567335891614,35.543914053723896,298231879.0,0.1411924972127682,-0.3256000000000014,156.0,
452557937,candidate,INCONCLUSIVE,10.0,1106.0,-0.0424999999999999,133.796764427002,,3.0,537.0,,,,,,,,,too few in/out-of-eclipse cadences in this sector
281310348,candidate,ON_TARGET,6.0,903.0,0.01,132.96228205611368,0.9050038206253614,45.0,387.0,7.540600002918697,57.86519320884632,0.1075172958881919,2.257863213652032,281310326.0,2.043725026207192,1.7657999999999987,14.0,
87926466,candidate,OFF_TARGET,74.0,11267.0,-0.02,157.41488503723238,0.7628976421760209,1918.0,3662.0,141.8346035623671,167.54986101379143,4.147376657951645,87.09490981698454,87926550.0,0.2501256060682646,-3.61,67.0,
135330868,candidate,INCONCLUSIVE,12.0,1074.0,0.0,20.27963213119109,0.4852270172457499,45.0,482.0,4.552052164353595,87.30978112254739,5.192767987993547,109.0481277478645,135338686.0,0.9183941945741958,-3.992900000000001,36.0,dimming is spread across the cutout rather than one star (background/systematics) - source cannot be located
80644534,candidate,INCONCLUSIVE,7.0,1071.0,-0.005,6.537015672349948,0.3355744422416714,44.0,441.0,6.085159176502352,13.795610046933168,5.376333179161594,112.90299676239349,80644456.0,0.5486530415227352,1.1082999999999998,66.0,dimming is spread across the cutout rather than one star (background/systematics) - source cannot be located
229494598,candidate,INCONCLUSIVE,40.0,19606.0,0.0174999999999999,18.798897886344363,0.8189377404437476,338.0,1560.0,8.990387295862822,3.125794766998684,0.3555571417754012,7.466699977283427,229494597.0,0.7256111783186129,5.713200000000002,12.0,difference image too weak to locate the source
346535587,candidate,OFF_TARGET,12.0,1045.0,-0.0025,31.058432989205063,0.7575637485001835,83.0,479.0,6.216707507342844,52.252544521973306,2.559114742515592,53.74140959282744,1329635711.0,0.1103917422402206,4.158000000000001,723.0,
73190461,candidate,OFF_TARGET,7.0,1071.0,0.0,70.11610295507921,0.87658347952383,58.0,439.0,82.90673981075228,14.933176007687251,1.392187991759286,29.235947826945008,73190464.0,0.1065531199665819,-1.3947999999999985,17.0,
318887646,candidate,ON_TARGET,31.0,3231.0,0.0,124.62848658442046,0.9220367727928048,24.0,1050.0,15.575468144959444,6.942053359000033,0.6406592889718025,13.453845068407851,,,,0.0,
444465823,candidate,ON_TARGET,58.0,11691.0,0.0025,61.82944947810379,0.7973761802801838,36.0,4683.0,61.38150765426038,25.180761465063224,0.071376462826996,1.4989057193669164,444465799.0,3.6529620328037415,2.925799999999999,3.0,
333569564,candidate,INCONCLUSIVE,10.0,1078.0,0.0,29.607022008352093,0.0,8.0,447.0,29.28611322499601,20.93748664924813,4.398007027100359,92.35814756910754,992140278.0,0.4584849596205083,2.4617000000000004,31.0,dimming is spread across the cutout rather than one star (background/systematics) - source cannot be located
411536289,candidate,OFF_TARGET,10.0,1081.0,0.0,32.83926998666168,0.7256264116266533,66.0,433.0,21.990068289269765,25.342148302592094,1.3709682111471726,28.790332434090622,411536274.0,0.1722760190186902,-0.1578999999999997,84.0,
465390277,candidate,OFF_TARGET,10.0,1107.0,0.3825,35.00736640903991,0.8231635951700587,26.0,448.0,17.651495512876654,71.63100422896474,2.0705440764897096,43.4814256062839,465390138.0,0.1852793829361705,-1.4802999999999995,370.0,
222705458,candidate,INCONCLUSIVE,80.0,10383.0,0.0,39.63380581287514,0.1759666533117567,24.0,4326.0,3.1741169318850817,50.7123254132432,5.55108535049091,116.57279236030912,222705498.0,4.869702854067177,1.139100000000001,7.0,dimming is spread across the cutout rather than one star (background/systematics) - source cannot be located
299139880,candidate,UNRESOLVED,9.0,1103.0,-0.0025,55.84876999406926,1.0,17.0,443.0,38.12596961125618,29.08534605650146,0.3174150219005541,6.665715459911636,299139900.0,0.1716728391990386,2.4053000000000004,40.0,a capable neighbour is as close to the dimming as the target
810800604,candidate,UNRESOLVED,9.0,1103.0,-0.0025,37.564193721860114,1.0,32.0,463.0,1.9869909125078875,5.311959153634846,0.0617457484965431,1.296660718427407,810800593.0,0.008673843728273,2.1679999999999997,484.0,a capable neighbour is as close to the dimming as the target
237507898,candidate,OFF_TARGET,6.0,903.0,-0.0025,83.21699853274818,0.8402583371928606,32.0,365.0,10.29766227673967,29.41419589275765,1.5946180234709129,33.48697849288917,237507887.0,0.1691577770785977,-2.7315000000000005,54.0,
380943251,candidate,ON_TARGET,3.0,798.0,0.0,25.927040790500165,0.9296496639765344,59.0,428.0,31.886386856107155,15.257971295075627,0.1288601523302968,2.706063198936234,380941073.0,4.651383685677662,0.5945,3.0,
329814247,candidate,OFF_TARGET,11.0,1080.0,0.0,65.25757174373862,0.8172682638805961,50.0,459.0,116.4981836041852,260.22780133822687,2.4419804375077288,51.28158918766231,1049416907.0,0.0511498980937996,-0.5433000000000003,80.0,
273150032,candidate,OFF_TARGET,11.0,1080.0,0.0025,44.89815481023641,0.8432899476646849,32.0,512.0,96.45747926226424,161.3295616798807,1.352628988497316,28.405208758443635,273150092.0,0.0649180756515385,-0.1034999999999986,52.0,
87175640,candidate,OFF_TARGET,13.0,1176.0,-0.0025,45.65228357038812,0.9062443611059297,29.0,522.0,2.1004650653482075,46.30820819026478,2.057096411639999,43.19902464443998,87175673.0,0.0919269457488659,-1.2348,56.0,
127263318,candidate,OFF_TARGET,7.0,1071.0,0.005,48.90612245545967,0.5659680904976894,33.0,429.0,36.15475353407686,20.41734310832861,3.808328827973248,79.9749053874382,127263222.0,0.290787564744667,2.1875,117.0,
315681366,candidate,UNRESOLVED,12.0,1085.0,0.025,15.24295148112911,0.8335232771121303,87.0,505.0,36.58084785761309,44.31218513480886,0.9280970818896604,19.490038719682868,1231010115.0,0.3446210838873618,0.284699999999999,626.0,a capable neighbour is as close to the dimming as the target
308628103,candidate,OFF_TARGET,11.0,1080.0,0.0,57.84318368557143,0.8068520270393069,36.0,476.0,95.0876047443233,223.0346142733565,2.3879072421231897,50.14605208458698,308628241.0,0.1537835855192413,-1.1441,92.0,
111381330,candidate,OFF_TARGET,87.0,11337.0,-0.0025,40.680915979700174,0.7353693651001333,423.0,4386.0,2.297187299311628,48.40184903732735,3.171645753103073,66.60456081516453,111381361.0,0.3117865005124071,1.7849000000000004,50.0,
323764927,candidate,INCONCLUSIVE,13.0,1120.0,-0.0025,23.13954176151204,0.0,76.0,486.0,26.553069745821997,29.230340783895667,4.784680806338845,100.47829693311576,1701595883.0,0.1534356511705961,3.3625000000000007,484.0,dimming is spread across the cutout rather than one star (background/systematics) - source cannot be located
348345578,candidate,OFF_TARGET,12.0,1045.0,0.0,13.931641765637147,1.0,44.0,473.0,8.737979669579957,41.57831360607545,1.380667637014602,28.994020377306644,348345616.0,0.1787215111271782,2.7178999999999984,126.0,
465334170,candidate,OFF_TARGET,10.0,1107.0,0.3325,7.311602591777099,1.0,82.0,468.0,3.553465500477337,8.136413117895643,1.0297768461354289,21.62531376884401,465334215.0,0.0497887367902844,0.5456000000000003,1138.0,
247637164,candidate,INCONCLUSIVE,6.0,903.0,0.0,45.52243592692512,0.0,16.0,408.0,8.377079597531939,8.45843069647631,4.385936484158401,92.10466616732644,247637110.0,0.8288659194566572,-3.6059,54.0,dimming is spread across the cutout rather than one star (background/systematics) - source cannot be located
66716482,candidate,ON_TARGET,46.0,3315.0,-0.0025,44.54351302567196,0.9114011637311336,48.0,1424.0,49.71112711591763,21.507998946020734,0.3502733559917673,7.355740475827114,66715933.0,2.1300247258792564,2.343,2.0,
233666475,candidate,OFF_TARGET,12.0,1054.0,0.015,15.617680648509944,0.9475469173238832,109.0,478.0,6.954361359504553,86.70292804058487,2.110547281373623,44.32149290884608,233664119.0,0.032786901127115,-1.2769999999999992,563.0,
295348592,candidate,OFF_TARGET,11.0,1080.0,-0.02,27.5771348874123,0.8656634891887355,141.0,461.0,29.86019080503053,43.17654066323537,1.5783211074829382,33.144743257141705,1132348056.0,0.1229225039352694,4.202300000000001,455.0,
313365243,candidate,OFF_TARGET,11.0,1080.0,-0.0125,32.73236963844832,0.8659745318682227,91.0,472.0,17.458177949245993,154.4089811480517,1.7812649058382513,37.40656302260328,313365142.0,0.1029724231191366,0.0096999999999987,322.0,
125941416,candidate,OFF_TARGET,7.0,1071.0,-0.0025,29.895393764563693,0.7325420241459023,57.0,457.0,33.70837554009092,31.921197856034752,1.838012625935026,38.59826514463555,125722194.0,0.1049255268733344,-2.930200000000001,234.0,
410907337,candidate,OFF_TARGET,10.0,1106.0,-0.0025,24.97637020206815,0.8493038614903174,32.0,461.0,28.60984905495572,66.00413879121845,1.666962464089126,35.006211745871646,410907372.0,0.1884556909538833,-0.010200000000001,146.0,
93622174,candidate,OFF_TARGET,10.0,1081.0,0.035,14.083669497287122,0.9267235374333934,125.0,436.0,123.82243112370256,109.1130646175701,1.2013819777023949,25.22902153175029,93622189.0,0.0804271046121148,0.2449000000000012,70.0,
54282826,candidate,UNRESOLVED,7.0,1071.0,0.4975,38.04189295621535,0.9513282144646432,77.0,432.0,11.520228183197087,34.84428378865179,0.191548333251471,4.022514998280891,750645713.0,0.1177307499618306,1.4900000000000002,65.0,a capable neighbour is as close to the dimming as the target
365996460,candidate,OFF_TARGET,13.0,1176.0,0.0,24.440765522982947,0.884816018193013,20.0,515.0,16.91401006122454,27.19264401078424,1.322560371241911,27.77376779608013,365996476.0,0.1555565294295822,-0.0526999999999997,22.0,
294658624,candidate,INCONCLUSIVE,10.0,1106.0,0.0025,25.741057992857417,0.3302772616905844,16.0,450.0,14.497847222864507,5.6795914364023465,6.711516931064018,140.94185555234438,294824278.0,1.9792129402250345,3.7708,131.0,dimming is spread across the cutout rather than one star (background/systematics) - source cannot be located
360088761,candidate,OFF_TARGET,11.0,1080.0,-0.0075,21.973619479215216,0.959664907806401,62.0,469.0,17.74000687419019,39.13737097295868,2.0262125493591987,42.55046353654317,360088758.0,0.0687759180943926,-0.5535999999999994,71.0,
309223749,candidate,INCONCLUSIVE,10.0,1098.0,-0.0399999999999999,13.16222224472322,,0.0,0.0,,,,,,,,,too few in/out-of-eclipse cadences in this sector
402630334,candidate,INCONCLUSIVE,81.0,9433.0,-0.005,25.60453669430873,0.3871966971951406,484.0,4381.0,12.511120132692444,54.7131601989894,5.262007900639376,110.5021659134269,402630241.0,0.7558075072530999,0.1297999999999994,81.0,dimming is spread across the cutout rather than one star (background/systematics) - source cannot be located
313371518,candidate,OFF_TARGET,11.0,1080.0,0.0025,14.061046036307788,0.9696265546288378,49.0,468.0,7.724621860715413,7.784896506468262,1.3797574270416189,28.974905967874,313371439.0,0.0558313037070061,1.325000000000001,692.0,
111122174,candidate,UNRESOLVED,81.0,9466.0,-0.0075,12.1122683153516,0.7267073595906243,995.0,4166.0,3.103444133483053,5.343128665204999,0.8434710979783624,17.71289305754561,1895056428.0,0.3931990914574115,8.24991,39.0,a capable neighbour is as close to the dimming as the target
453947125,candidate,OFF_TARGET,11.0,1080.0,-0.0025,19.624611404926224,0.8319740410196669,23.0,504.0,35.48163463146263,81.13280570729867,3.693412355061609,77.56165945629378,453947179.0,0.2010454205742859,-1.0086999999999993,78.0,
339901386,candidate,OFF_TARGET,11.0,1080.0,0.005,14.729623168733776,0.7869308763128177,62.0,463.0,9.026354146050007,105.13861285810356,3.158085146282542,66.31978807193337,1007043154.0,0.2159236713738943,4.4398,453.0,
333732585,candidate,OFF_TARGET,56.0,11763.0,0.035,13.215048376574504,0.94343112462198,1666.0,4534.0,5.82934370774915,9.817661074050392,1.4328063689310515,30.088933747552087,333732579.0,0.1310414418148931,2.8004,31.0,
120017739,candidate,OFF_TARGET,10.0,1085.0,0.005,14.042170515289069,0.8161750869539999,38.0,459.0,3.194197981822595,99.63676458165502,2.845908150048899,59.76407115102688,119928841.0,0.1681250960567545,0.2008000000000009,109.0,
309656476,candidate,ON_TARGET,62.0,9205.0,0.3974999999999999,8.462061623290456,0.8652138047428003,51.0,3514.0,-8.034743071404236,13.797297969387904,0.6570727881034678,13.798528550172824,309656481.0,1.2949087494982614,5.824999999999999,13.0,
297350195,candidate,OFF_TARGET,11.0,1080.0,-0.0175,15.637264909602196,0.96318244315351,95.0,482.0,13.055900143496336,81.1954881106571,1.1389484740779396,23.91791795563673,297350211.0,0.0922282271269233,0.5545999999999989,542.0,
121490919,candidate,OFF_TARGET,1.0,1061.0,0.0025,18.148917191411854,0.805130813658018,41.0,517.0,17.954929477540233,38.01621106632686,3.894391876541556,81.78222940737267,121490917.0,0.0573173525499103,-2.8429,5.0,
430253781,candidate,OFF_TARGET,12.0,1085.0,-0.0075,10.845805102484231,0.9485744873266954,46.0,497.0,6.921511284126552,18.608417026122112,2.114716401748087,44.40904443670982,1217887686.0,0.215688925108007,6.4437000000000015,1193.0,
451041955,candidate,INCONCLUSIVE,10.0,1106.0,-0.0025,10.985088530558096,1.0,9.0,466.0,2.786606852537944,3.317106993799155,1.8688911992065196,39.2467151833369,451041942.0,0.1015874499192481,-1.3870000000000005,459.0,difference image too weak to locate the source
397004906,candidate,INCONCLUSIVE,41.0,3657.0,-0.0025,12.735321621382766,1.0,712.0,659.0,4.876823912557796,3.410947280121844,0.7968185594990188,16.733189749479394,1953678100.0,0.3341041074214203,7.330099999999998,180.0,difference image too weak to locate the source
229494833,candidate,ON_TARGET,82.0,10873.0,0.0,6.8239434891098885,0.9564272484309548,72.0,4794.0,2.2081938134803205,5.187643430691672,0.5696028311078786,11.96165945326545,229494826.0,0.8750624481836846,4.836600000000001,32.0,
399552998,candidate,INCONCLUSIVE,80.0,7009.0,0.01,13.6611707558797,0.0,1412.0,4285.0,2.8038955134286594,2.4684529096862318,0.1279175516541908,2.6862685847380074,1676150288.0,0.9718473820341604,7.9718,97.0,difference image too weak to locate the source
44533527,candidate,ON_TARGET,79.0,7511.0,-0.3249999999999999,6.828309928291571,0.8109543010542904,63.0,5043.0,4.872954108228661,7.32690248563443,0.7700735271033421,16.171544069170185,44533532.0,1.2573364079543086,4.174700000000001,40.0,
139850283,candidate,OFF_TARGET,61.0,10141.0,-0.0025,448.5871333740441,0.8332564402530713,705.0,4330.0,333.6481608160779,399.6095185803192,1.6734592985128875,35.14264526877064,139850254.0,0.1065109946810089,-1.7502999999999993,7.0,
349702481,candidate,INCONCLUSIVE,80.0,11069.0,0.0,17.550754640930233,,0.0,4290.0,,,,,,,,,too few in/out-of-eclipse cadences in this sector
42256323,candidate,INCONCLUSIVE,41.0,3657.0,0.4625000000000001,4.940099408948315,,,,,,,,,,,,the light curve itself shows no clear eclipse in this sector
42256493,candidate,OFF_TARGET,41.0,18312.0,0.035,59.2618155242913,0.8233050542431991,265.0,1458.0,64.70611511859333,218.26424930396823,1.2355765365657392,25.94710726788052,378271610.0,0.1570296177681219,0.0419,15.0,
230907580,candidate,UNRESOLVED,12.0,1054.0,0.0,53.40827138118159,0.9651251193376016,12.0,482.0,9.913067650341423,32.62550132100648,0.7044518543155787,14.793488940627151,230913747.0,0.1452093845578546,-2.139000000000001,434.0,a capable neighbour is as close to the dimming as the target
379653933,candidate,OFF_TARGET,10.0,1106.0,-0.015,57.701013372596,0.8683136372887585,7.0,541.0,0.4817633719106036,15.20386195856054,5.09061098265653,106.90283063578714,976146629.0,0.2379605730450203,2.083500000000001,103.0,
330569407,candidate,OFF_TARGET,11.0,1077.0,0.0025,54.97388292037148,0.7812609681170073,74.0,447.0,230.64138365696135,165.86557219026025,1.616192162260908,33.940035407479066,330569388.0,0.0942642689474903,-0.5654000000000003,302.0,
230376393,candidate,UNRESOLVED,74.0,11267.0,0.0,47.48957191568917,0.5391727723470906,106.0,6094.0,27.97384013859279,21.14072282019391,0.9127194203431228,19.167107827205577,230376391.0,0.657079335520803,-4.7134,19.0,a capable neighbour is as close to the dimming as the target
46896701,candidate,OFF_TARGET,12.0,1029.0,-0.0075,69.86967956068045,0.8330565054665261,105.0,471.0,26.825851923065056,177.67801818603178,1.5175672772088953,31.8689128213868,46896749.0,0.1607319205308883,-3.3885000000000005,186.0,
383287412,candidate,INCONCLUSIVE,9.0,1103.0,-0.005,281.654577295479,0.1646072184764308,6.0,415.0,10.805379630904383,116.05612074287544,6.338991954700619,133.118831048713,383287361.0,2.622373885166584,1.8977999999999984,28.0,dimming is spread across the cutout rather than one star (background/systematics) - source cannot be located
218193457,candidate,OFF_TARGET,12.0,1053.0,0.0,122.37049197912046,0.8164330954153718,62.0,461.0,330.0394101793727,207.36489397813048,1.823913951470471,38.30219298087989,218193532.0,0.0815812917051667,-2.1913,81.0,
220423668,candidate,ON_TARGET,32.0,3503.0,0.0025,83.57539739336897,0.7528406757507459,86.0,1493.0,33.83195516146307,17.665564836548413,0.2770985730898002,5.819070034885804,220423674.0,3.2297667824808443,1.5769000000000002,3.0,
244978644,candidate,OFF_TARGET,101.0,11004.0,0.0124999999999999,154.48248548666277,0.7705312592670505,307.0,4370.0,198.50913087531836,61.10324180174588,1.3779098871209092,28.93610762953909,244978645.0,0.2035201957312969,-1.8806999999999992,14.0,
365998904,candidate,ON_TARGET,13.0,1176.0,-0.005,108.5454688309681,0.8639366252363928,88.0,514.0,8.216303318473262,15.522559764186044,0.1398796499345806,2.9374726486261937,365998896.0,2.58864054605376,-1.6250999999999998,7.0,
102509246,candidate,OFF_TARGET,74.0,11267.0,-0.005,122.44728366661124,0.8728958337551107,514.0,4535.0,17.55814339993012,298.79626989400487,2.334311715890599,49.02054603370257,102509309.0,0.0610529690097759,-1.0295000000000003,42.0,
378070153,candidate,INCONCLUSIVE,,,,,,,,,,,,,,,,search_tesscut did not respond within 90s
217028234,candidate,OFF_TARGET,12.0,1046.0,-0.0025,61.29491429150242,0.8551745183981808,187.0,440.0,23.840959073175917,67.63482129155415,1.9709902266740973,41.39079476015604,217028137.0,0.1511689850081311,-3.171100000000001,144.0,
135324633,candidate,OFF_TARGET,9.0,1103.0,-0.0125,110.98733101059408,0.5453176780143997,12.0,497.0,-7.689192324428603,42.12259868995096,4.380738885989025,91.99551660576952,135324492.0,4.326374419672141,0.4926000000000012,18.0,
309657355,candidate,INCONCLUSIVE,,,,,,,,,,,,,,,,search_tesscut did not respond within 90s
192855779,candidate,OFF_TARGET,11.0,1080.0,0.0,105.59678174406032,0.8029223236539529,12.0,423.0,78.0705741639731,118.81380595285158,2.0804006235485915,43.68841309452042,192865493.0,0.1844994177528463,-2.9644999999999992,61.0,
462781859,candidate,OFF_TARGET,9.0,1103.0,-0.0075,44.74654902151106,0.820132900004184,121.0,458.0,70.17086569596403,180.45179964596,2.487010073323894,52.22721153980177,462781925.0,0.1445392109854905,-3.2319,126.0,
457855575,candidate,OFF_TARGET,11.0,1080.0,-0.0025,110.45378044243677,0.8898219415380967,56.0,482.0,8.115930078513397,21.568731096849177,1.0453396789019975,21.95213325694195,457855551.0,0.0611611337854806,-0.011000000000001,78.0,
233452636,candidate,ON_TARGET,12.0,1053.0,0.005,57.07923345276036,1.0,162.0,466.0,55.66978121865537,8.94186251981892,0.0830655768346215,1.744377113527052,1332737174.0,0.1130978028300041,3.0656000000000017,183.0,
308626244,candidate,OFF_TARGET,11.0,1080.0,0.005,18.53169490343921,0.772280893352838,104.0,480.0,14.534312362416989,14.311346558148278,2.775674447543927,58.28916339842246,309044486.0,0.281395772048337,-2.3858999999999995,166.0,
57135731,candidate,UNRESOLVED,13.0,1120.0,0.0174999999999999,15.52203841953876,0.5718037413549438,93.0,500.0,10.071506694293292,22.06134311134927,0.5674758264354851,11.916992355145188,1702810408.0,0.2525936438289684,2.8062000000000022,767.0,a capable neighbour is as close to the dimming as the target
371605670,candidate,UNRESOLVED,10.0,1106.0,0.0,61.71114734085214,0.9802377145248417,104.0,466.0,45.33512455640509,47.1735343813653,0.1282672796098801,2.693612871807482,844980500.0,0.1159529611997275,2.486099999999998,58.0,a capable neighbour is as close to the dimming as the target
403676355,candidate,OFF_TARGET,7.0,1071.0,0.0025,120.52624689721232,0.8772148994775967,81.0,413.0,121.87806170464856,539.3224770358597,2.121686634364845,44.55541932166176,403676338.0,0.03943715117239,-1.3431000000000015,30.0,
369395377,candidate,OFF_TARGET,3.0,798.0,0.0025,53.68691273165625,0.8651596581123199,31.0,418.0,-0.7304349744767676,13.6932943749954,4.93857188903844,103.71000966980723,610140911.0,0.2582599162343418,2.1648999999999994,4.0,"saturated star in cutout (TIC 369395380, Tmag 6.2) - bleed trails can carry its variability;"
356500024,candidate,INCONCLUSIVE,74.0,10963.0,0.0,135.1169451043941,0.1826938723405165,6.0,4078.0,74.18769122048853,145.2214135701151,2.373641874176098,49.84647935769806,,,,0.0,dimming is spread across the cutout rather than one star (background/systematics) - source cannot be located
465390333,candidate,INCONCLUSIVE,10.0,1107.0,-0.0075,39.92972212405287,0.0,7.0,536.0,-0.5156508375018359,4.668459332872618,6.251246888338316,131.27618465510463,465390628.0,1.5118641336846783,2.014900000000001,197.0,difference image too weak to locate the source
146612348,candidate,OFF_TARGET,9.0,1102.0,-0.0025,61.341598381293664,0.6973883895263053,65.0,447.0,18.978606535621594,243.5984586926823,3.3551754602454995,70.45868466515549,146612333.0,0.1092292236051681,-1.8995,59.0,
237514076,candidate,INCONCLUSIVE,6.0,902.0,-0.005,62.410082654188834,0.0,24.0,428.0,14.21906440804138,12.399243260701857,5.420176619631939,113.82370901227073,237514090.0,0.4761354183514273,3.448500000000001,63.0,dimming is spread across the cutout rather than one star (background/systematics) - source cannot be located
239727281,candidate,INCONCLUSIVE,59.0,10070.0,-0.0025,34.07352968446613,0.2196232215406764,136.0,4533.0,21.958270548832573,16.893808109196968,0.7649917492083188,16.064826733374694,239727280.0,1.3534077990841569,3.6449,16.0,dimming is spread across the cutout rather than one star (background/systematics) - source cannot be located
123508954,candidate,INCONCLUSIVE,12.0,1045.0,-0.0025,28.079884689771603,0.0,72.0,471.0,7.482136031058771,42.24080089320379,4.723972299119696,99.20341828151362,1336658585.0,0.3017082865467797,3.3659,667.0,dimming is spread across the cutout rather than one star (background/systematics) - source cannot be located
383801019,candidate,OFF_TARGET,9.0,1103.0,-0.005,44.91718661628517,0.9469277157316008,71.0,450.0,12.001946887115832,28.71914021417568,1.5113138409430693,31.737590659804454,383801053.0,0.0466918914688432,0.7821999999999996,141.0,
234065903,candidate,UNRESOLVED,6.0,903.0,0.005,59.39020250815822,0.8575879473881618,28.0,384.0,5.92751296089111,29.565485892238947,0.7357722016598461,15.45121623485677,234065888.0,0.2809236278183031,-0.8361000000000001,50.0,a capable neighbour is as close to the dimming as the target
467851810,candidate,OFF_TARGET,10.0,1106.0,0.005,26.92811140438756,0.8167316060001364,90.0,464.0,19.343751267038986,48.84875392447568,1.8260008789233573,38.3460184573905,923471986.0,0.1733527316704343,5.180300000000001,917.0,
421567487,candidate,INCONCLUSIVE,12.0,1085.0,-0.0075,67.29701865470155,0.0,53.0,480.0,8.813136205739891,10.080422859795345,4.192634841126002,88.04533166364604,1121478287.0,0.1995490201738737,2.409699999999999,856.0,dimming is spread across the cutout rather than one star (background/systematics) - source cannot be located
435411138,candidate,OFF_TARGET,11.0,1080.0,-0.0075,19.50047202429745,0.8863265710723134,73.0,477.0,6.615308040991129,108.2875310911037,1.3203159734785952,27.726635443050498,435418220.0,0.1140763871879933,1.630700000000001,1355.0,
54280159,candidate,OFF_TARGET,7.0,1071.0,0.0,78.52925863482702,0.8432904197016139,18.0,433.0,5.4138005885652,15.803924293544442,1.7155286275423889,36.026101178390164,54280144.0,0.0738187421140713,-1.4236000000000004,48.0,
308473058,candidate,OFF_TARGET,11.0,1080.0,0.33,9.915445880689145,0.766820319241629,60.0,466.0,7.446875277573761,8.131342854822032,3.1969689339196203,67.13634761231202,308472961.0,0.1413906787525016,-4.989199999999999,267.0,
277917453,candidate,INCONCLUSIVE,12.0,1085.0,0.0,63.94369441560448,0.0,55.0,493.0,30.22437456104855,61.20442876560925,5.167419078742229,108.51580065358682,277917692.0,0.2668085573269532,0.5309000000000008,115.0,dimming is spread across the cutout rather than one star (background/systematics) - source cannot be located
102566477,candidate,OFF_TARGET,9.0,1101.0,-0.0249999999999999,10.120611891564485,0.5431335354169767,68.0,482.0,-2.893323861509657,5.938040801268329,1.73626799345116,36.46162786247436,102566473.0,0.53700850005363,1.5753999999999984,110.0,
145599024,candidate,INCONCLUSIVE,9.0,1103.0,0.29,4.434134426818073,,,,,,,,,,,,the light curve itself shows no clear eclipse in this sector
87168144,candidate,OFF_TARGET,13.0,1176.0,0.0025,19.29518899785513,0.845184776080207,90.0,520.0,-0.6698883138963354,13.607969846154424,1.7018830050540106,35.73954310613422,87168104.0,0.4131036309913949,1.9296000000000009,126.0,
316215136,candidate,UNRESOLVED,13.0,1119.0,0.0025,33.07732418097143,0.9732463090450688,59.0,486.0,56.72929587752215,23.41013594014228,0.2354257590869669,4.943940940826306,316215141.0,0.05510134439797,2.2744000000000018,100.0,a capable neighbour is as close to the dimming as the target
96982201,candidate,UNRESOLVED,7.0,1071.0,0.01,15.448895994145868,0.8097578321113957,64.0,435.0,30.28591186860559,8.703745728225151,0.8518038657441476,17.887881180627097,96982212.0,0.0938859570698237,3.591000000000001,44.0,a capable neighbour is as close to the dimming as the target
142837844,candidate,OFF_TARGET,7.0,1071.0,0.0,44.9483013004021,0.5255548924468487,15.0,417.0,12.573048761123614,17.824378384755192,7.316809773565303,153.65300524487137,142837877.0,2.6390333833437856,2.700799999999999,52.0,
87926353,candidate,OFF_TARGET,74.0,11267.0,-0.02,32.32326675893571,0.8022805388744219,1916.0,3663.0,-45.73703334700297,165.7092085481149,4.988972602862907,104.76842466012104,87926550.0,0.2235590021045858,-3.4734,231.0,
458340700,candidate,OFF_TARGET,10.0,1106.0,-0.0025,47.42281118218222,0.7694378069194409,33.0,434.0,35.70175318690018,73.88584337841097,3.674148450331399,77.15711745695937,458340636.0,0.2222817527810274,-4.2170000000000005,159.0,
376808346,candidate,INCONCLUSIVE,10.0,1106.0,0.3225,6.076379249530014,0.8278311508220275,123.0,459.0,4.37543712984155,3.2843721138117483,0.6103451758701918,12.817248693274028,376808339.0,0.7628827669436254,5.736199999999998,79.0,difference image too weak to locate the source
247637169,candidate,INCONCLUSIVE,6.0,903.0,0.0,45.522230753624825,0.0,16.0,408.0,8.377079597532221,8.458430696476011,4.610720774974141,96.82513627445697,247637110.0,0.8288659194566622,-3.397500000000001,49.0,dimming is spread across the cutout rather than one star (background/systematics) - source cannot be located
180187028,candidate,UNRESOLVED,11.0,1080.0,-0.0175,12.78603302321811,0.9780611728988612,246.0,129.0,1.3927239267088798,5.5437823060711,0.7264389010610535,15.255216922282123,180187017.0,0.3728314946094819,6.311400000000001,283.0,a capable neighbour is as close to the dimming as the target
304803946,candidate,OFF_TARGET,10.0,1106.0,0.015,33.703680440889414,0.8319278943170024,90.0,463.0,3.42989334743381,123.82947235947309,4.479562307347769,94.07080845430316,304803692.0,0.0340818291963517,-5.9473,1105.0,
464366281,candidate,OFF_TARGET,9.0,1103.0,0.0174999999999999,7.196722321256015,0.9492669840472836,82.0,457.0,14.451627929509566,36.15782416341021,1.0023639746759132,21.049643468194176,464366313.0,0.1115041324321139,0.6784999999999997,86.0,
12079324,candidate,INCONCLUSIVE,74.0,11267.0,0.0,53.98259606793448,0.4083484365987301,36.0,4830.0,2.8065456126107,45.57501566374453,3.1793036538706057,66.76537673128271,12079517.0,0.6486965036405972,2.7425999999999995,83.0,dimming is spread across the cutout rather than one star (background/systematics) - source cannot be located
425071197,candidate,INCONCLUSIVE,,,,,,,,,,,,,,,,no sector with light-curve data
73928199,candidate,OFF_TARGET,12.0,1085.0,0.0025,35.3730065961951,0.9615219356456606,16.0,501.0,3.3122640584000287,34.23406484044671,4.93225431728351,103.57734066295372,73928163.0,0.1229967530366239,-6.845600000000001,173.0,"saturated star in cutout (TIC 95737705, Tmag 6.9) - bleed trails can carry its variability;"
449836001,candidate,INCONCLUSIVE,11.0,1081.0,0.0075,24.06350417538432,0.2627152102469894,60.0,482.0,7.080453250172637,20.12829033544655,6.15453837092601,129.2453057894462,1029674447.0,1.2318820619197006,3.133500000000001,728.0,dimming is spread across the cutout rather than one star (background/systematics) - source cannot be located
323965420,candidate,INCONCLUSIVE,10.0,1106.0,0.0,18.51055543786222,0.2635120096834452,15.0,460.0,10.8538779933585,26.14993756458215,4.924494371404225,103.41438179948872,323965193.0,0.4511274238173643,2.0680999999999994,161.0,dimming is spread across the cutout rather than one star (background/systematics) - source cannot be located
160147252,candidate,OFF_TARGET,59.0,11126.0,0.0,6.680727752614082,0.7492863407553774,72.0,4691.0,5.481297252041162,18.402633649925374,1.0291363100424624,21.61186251089171,160147251.0,0.3412718780884764,1.1058000000000003,9.0,
80996206,candidate,INCONCLUSIVE,7.0,1071.0,0.0,18.8411345220952,0.0,207.0,91.0,15.067105554447291,15.565230932452064,7.195544595269439,151.10643650065822,819160732.0,2.245505531180382,2.727199999999998,243.0,dimming is spread across the cutout rather than one star (background/systematics) - source cannot be located
158493845,candidate,INCONCLUSIVE,40.0,19604.0,0.3175,10.382353997023923,0.0,280.0,1556.0,3.3526418040180306,2.08745355583944,0.6730273301182014,14.133573932482228,158493842.0,0.6158066522896356,4.907400000000001,33.0,difference image too weak to locate the source
3933500,candidate,OFF_TARGET,12.0,1058.0,0.0,11.431948934263072,0.94134871988199,13.0,480.0,41.864677627253386,22.480263697113823,2.0856553926898607,43.79876324648708,3933472.0,0.0865940679488596,-1.3574000000000002,47.0,
33986702,candidate,INCONCLUSIVE,29.0,2816.0,-0.0025,30.81623731657532,1.0,25.0,1242.0,11.950201470383972,4.125247987175752,0.6072678318257503,12.752624468340755,33986701.0,1.5110528224606563,3.5729999999999986,3.0,difference image too weak to locate the source
333569592,candidate,OFF_TARGET,10.0,1078.0,0.0025,20.01262230684314,0.8584182316989557,8.0,446.0,5.943154296200537,19.34459139934588,1.8225917148625568,38.2744260121137,992140205.0,0.2598446054180372,0.1209000000000006,69.0,
386205667,candidate,OFF_TARGET,7.0,1070.0,0.0,26.216740681030323,0.877156886582112,92.0,445.0,7.353951423294982,74.7107473347748,2.0287690826853217,42.60415073639176,386205637.0,0.1942599486453678,2.7985000000000007,109.0,
345086748,candidate,INCONCLUSIVE,13.0,1176.0,0.005,23.12084423904422,0.0,29.0,571.0,5.7275721402764415,9.504111095380594,6.394759344728224,134.2899462392927,1815597727.0,1.7265373829208552,3.3579000000000008,30.0,dimming is spread across the cutout rather than one star (background/systematics) - source cannot be located
468888299,candidate,INCONCLUSIVE,5.0,1119.0,0.0025,43.04104095439694,0.0,22.0,464.0,8.679210200351188,4.727043363143616,5.271926283555501,110.71045195466552,468888296.0,4.032087384783153,2.9575,4.0,difference image too weak to locate the source
188855091,candidate,INCONCLUSIVE,12.0,1085.0,0.0,17.424056807297116,0.0,25.0,473.0,3.3185022286706296,34.106662925069266,4.865929979969052,102.1845295793501,1145691559.0,0.0395115714073129,4.710000000000001,809.0,dimming is spread across the cutout rather than one star (background/systematics) - source cannot be located
297357238,candidate,INCONCLUSIVE,11.0,1080.0,0.0025,27.44987079465782,0.0,24.0,458.0,2.5758785991687128,7.27908776342681,5.56894367860603,116.94781725072664,967762795.0,0.6387526095840894,4.230599999999999,496.0,dimming is spread across the cutout rather than one star (background/systematics) - source cannot be located
299138242,candidate,INCONCLUSIVE,9.0,1103.0,-0.005,17.56202155979774,0.0,38.0,444.0,3.9725390452876894,8.815077101502503,4.591669372030054,96.42505681263114,859504968.0,0.2908503295446119,4.954599999999999,318.0,dimming is spread across the cutout rather than one star (background/systematics) - source cannot be located
338685900,candidate,INCONCLUSIVE,11.0,1080.0,0.0174999999999999,8.73284676874395,0.0,90.0,497.0,0.3359398907621153,3.4624295775516583,4.241161322087959,89.06438776384714,338685890.0,0.0234495783074309,-2.9193000000000016,444.0,difference image too weak to locate the source
307380812,candidate,INCONCLUSIVE,6.0,903.0,-0.0025,17.30052646782831,0.0,28.0,404.0,2.535975227963223,6.589650301179673,2.555661424603872,53.66888991668131,307380799.0,0.1686606298244273,1.6748999999999974,62.0,dimming is spread across the cutout rather than one star (background/systematics) - source cannot be located
516402299,candidate,OFF_TARGET,11.0,1080.0,0.0124999999999999,14.868848494653182,0.9192138679492278,83.0,466.0,7.688231021303786,42.823925289194456,1.4728200085853125,30.92922018029156,969365465.0,0.0172498186627751,-0.4138999999999999,1785.0,
398475596,candidate,INCONCLUSIVE,,,,,,,,,,,,,,,,search_tesscut did not respond within 90s
1966164973,candidate,INCONCLUSIVE,15.0,1188.0,0.0025,17.2995976544264,0.0,236.0,27.0,10.030412634512498,4.097444499275017,0.3229419241267485,6.781780406661718,90348276.0,0.1035951361149397,1.8324,692.0,difference image too weak to locate the source
43796360,candidate,INCONCLUSIVE,79.0,7713.0,-0.0025,7.135891507286118,0.0,109.0,4298.0,-0.3448888279471379,5.732818738975273,0.623185676188119,13.0868991999505,43796359.0,0.5905296793001759,-1.3734000000000002,26.0,dimming is spread across the cutout rather than one star (background/systematics) - source cannot be located
300359095,candidate,OFF_TARGET,11.0,1080.0,0.015,55.63437032602707,0.8517347305416167,42.0,471.0,72.9122465471196,82.3287227879172,1.1883072389468303,24.95445201788344,300359173.0,0.1366297751470422,-3.229899999999999,142.0,
246552692,candidate,OFF_TARGET,12.0,1053.0,0.0025,58.97718818560409,0.8433624916667074,133.0,472.0,15.457567749478178,49.129766327674986,2.443947491480328,51.32289732108688,246552446.0,0.2183422313322962,1.2401,274.0,
65504442,candidate,OFF_TARGET,13.0,1119.0,-0.0125,80.22168144881229,0.8204750958700591,140.0,484.0,119.2243554739239,39.15788430954246,1.9456367863051824,40.85837251240883,65504492.0,0.0794273602014824,-2.4631000000000007,372.0,
468353260,candidate,OFF_TARGET,79.0,11438.0,0.0,49.30121131047918,0.7095923182333874,25.0,4827.0,30.58805058957743,33.69635251650966,4.557897946106394,95.71585686823428,468353262.0,4.17707283489808,1.372300000000001,5.0,
469444192,candidate,OFF_TARGET,13.0,1120.0,0.0,68.39493330342616,0.8889490675454417,125.0,482.0,24.45256691125745,38.31271125076643,1.464329219643722,30.750913612518165,469444137.0,0.1089156181311176,0.6645000000000003,203.0,
317639628,candidate,OFF_TARGET,10.0,1106.0,-0.0025,44.39678694269289,0.8184571430452687,46.0,477.0,23.943696244744118,56.32022890583436,1.5624825733613483,32.81213404058831,317639576.0,0.2441155640082658,-0.7419999999999991,267.0,
418883686,candidate,INCONCLUSIVE,11.0,1080.0,-0.23,2.532272749629251,,,,,,,,,,,,the light curve itself shows no clear eclipse in this sector
467847068,candidate,OFF_TARGET,10.0,1106.0,0.015,29.120012344343937,0.8397788682075356,60.0,453.0,7.433161081399874,18.314133152146848,1.1468268670621404,24.08336420830495,467847141.0,0.1528455827519025,1.0999,583.0,
469136093,candidate,INCONCLUSIVE,9.0,1103.0,-0.005,36.73074988801047,0.0,40.0,459.0,7.698676170842676,64.9628234048411,6.718061095507177,141.07928300565072,469136259.0,2.325264497240359,3.2151999999999994,107.0,dimming is spread across the cutout rather than one star (background/systematics) - source cannot be located
378112774,candidate,OFF_TARGET,10.0,1106.0,-0.0075,61.706186411397134,0.9211549989630636,61.0,452.0,82.83188242762238,93.28278061742223,2.300746471696264,48.31567590562153,378112799.0,0.1353738120599214,-1.1133999999999986,97.0,
173381003,candidate,INCONCLUSIVE,7.0,1071.0,0.0025,19.023234798854084,0.1661391798936094,34.0,356.0,3.781650022633261,14.513198638961187,6.04917469047296,127.03266849993216,771019857.0,1.5411233673481315,2.771099999999999,62.0,dimming is spread across the cutout rather than one star (background/systematics) - source cannot be located
186430453,candidate,INCONCLUSIVE,80.0,10346.0,0.0,51.92900663432779,0.2659315958958962,36.0,3584.0,9.008350237867855,49.892283487941256,0.5307928283526687,11.146649395406044,186435771.0,0.4818887951200934,-1.3219999999999992,27.0,dimming is spread across the cutout rather than one star (background/systematics) - source cannot be located
178331790,candidate,UNRESOLVED,7.0,1071.0,-0.0025,58.81642053097368,0.9571486271982342,56.0,426.0,10.315550825675665,5.525437733936577,0.8003538681124484,16.807431230361416,178331798.0,0.094063893508371,0.3405999999999984,60.0,a capable neighbour is as close to the dimming as the target
45663447,candidate,OFF_TARGET,9.0,1099.0,-0.5,7.765012754141486,0.8764481616271426,57.0,451.0,5.502141469695936,6.656898028815436,1.511859839919175,31.749056638302672,45663435.0,0.2043801356417624,-0.3969000000000005,35.0,
233662516,candidate,INCONCLUSIVE,12.0,1054.0,-0.0075,9.250437749335386,0.3112616962339801,85.0,448.0,1.994942499380172,6.810213539119266,4.52229712613087,94.96823964874828,1332127622.0,0.3314599809878956,3.8233,450.0,dimming is spread across the cutout rather than one star (background/systematics) - source cannot be located
378232913,candidate,INCONCLUSIVE,10.0,1106.0,0.005,12.360743669721789,0.0,68.0,469.0,-0.2194046761343318,1.9870764918238597,1.279264227194031,26.86454877107466,378232863.0,0.0952982380356897,3.5470999999999986,143.0,difference image too weak to locate the source
308498714,candidate,INCONCLUSIVE,6.0,903.0,-0.0125,27.959856552120016,0.0,80.0,392.0,33.299376124506765,29.66772722338869,4.864360785630016,102.15157649823033,308498801.0,0.5943462114397905,3.1213999999999995,59.0,dimming is spread across the cutout rather than one star (background/systematics) - source cannot be located
259073145,candidate,OFF_TARGET,7.0,1070.0,0.0025,23.684839014798182,0.6300614934769976,44.0,433.0,0.6860952746983493,5.651614133594736,5.699316166745322,119.68563950165176,750056307.0,1.1273790637561902,3.872500000000001,149.0,
446737326,candidate,OFF_TARGET,11.0,1080.0,0.0,11.67432067957317,0.811358181639701,26.0,477.0,10.289430719763528,35.7488451108233,2.619211964996194,55.00345126492007,446737331.0,0.2272050454366118,-1.7314000000000007,257.0,
152404913,candidate,INCONCLUSIVE,7.0,1071.0,-0.1574999999999999,3.0935817633477547,,,,,,,,,,,,the light curve itself shows no clear eclipse in this sector
437171483,candidate,ON_TARGET,9.0,1103.0,-0.0025,127.68932628202654,0.9114652278045422,43.0,455.0,95.35412131660703,73.37428721560946,0.144693191934224,3.0385570306187057,437171484.0,0.5508600913664278,3.051400000000001,31.0,
318850005,candidate,OFF_TARGET,84.0,10830.0,0.0025,334.16274596230744,0.7658361973669711,315.0,4323.0,67.4500223978591,324.2017269826355,2.905674864748783,61.01917215972445,318849969.0,0.2715280962985378,-0.796899999999999,8.0,
421580853,candidate,OFF_TARGET,12.0,1085.0,-0.0025,88.39773141712726,0.8093972879099703,128.0,507.0,97.69356950756132,328.8215108995939,1.8343208930093804,38.52073875319699,423398759.0,0.0885770970994214,-4.085800000000001,308.0,
193558729,candidate,OFF_TARGET,52.0,16507.0,-0.3349999999999999,21.220704455178225,0.7936637266382691,114.0,1326.0,6.948219385675578,9.28848118050808,3.492936025197178,73.35165652914074,193558725.0,0.1937003864997555,-0.7274000000000012,1.0,
411457490,candidate,ON_TARGET,11.0,1080.0,0.01,231.26513418271932,0.9016681173064042,67.0,466.0,33.378720295085564,57.99515491456053,0.029490350019167,0.6192973504025084,411457450.0,0.9396675683410942,2.6838999999999995,48.0,
369341817,candidate,OFF_TARGET,12.0,1053.0,-0.0075,35.90238801787105,0.7950210529856805,186.0,433.0,7.767324330984054,30.859499785960804,1.6543318846782262,34.74096957824275,369341855.0,0.0334268188211588,-5.787099999999999,269.0,
230267345,candidate,INCONCLUSIVE,79.0,11439.0,0.0,34.64733968181023,0.0,9.0,4557.0,-4.921085681150351,11.065585010527824,0.7984787298755849,16.768053327387282,230267342.0,3.1385045857070324,0.7260000000000009,1.0,dimming is spread across the cutout rather than one star (background/systematics) - source cannot be located
295373509,candidate,ON_TARGET,13.0,1176.0,0.0,83.44393223331984,0.8720635580069366,34.0,515.0,34.02674133528218,22.116123403094296,0.0720824210883185,1.513730842854689,295373523.0,3.1886965642581706,2.1312,9.0,
217024538,candidate,INCONCLUSIVE,12.0,1046.0,-0.0025,92.90812616340776,0.3756158974245858,71.0,493.0,11.715225122538357,38.92614766907376,5.1391860389948585,107.92290681889205,217024791.0,0.1433646093403875,2.811099999999998,201.0,dimming is spread across the cutout rather than one star (background/systematics) - source cannot be located
466504538,candidate,OFF_TARGET,10.0,1106.0,0.0025,41.32445880178104,0.8314495698314269,24.0,471.0,22.01653726022796,47.48810347859036,1.703294277211028,35.769179821431585,466504458.0,0.2246081491165494,-3.4913999999999987,106.0,
256521802,candidate,OFF_TARGET,81.0,11040.0,0.0075,117.60093974165288,0.8600710034110632,615.0,4505.0,15.014127477242958,28.07429588705213,1.7790535073653233,37.36012365467179,256521813.0,0.1119116337795649,-3.348799999999999,38.0,
379012394,candidate,OFF_TARGET,10.0,1106.0,-0.0075,28.45805251813849,0.8239122566901496,69.0,480.0,11.687324824097868,23.702609477706588,3.13635538920247,65.86346317325187,980027298.0,0.1121987022222342,1.6628000000000025,634.0,"saturated star in cutout (TIC 379012185, Tmag 6.5) - bleed trails can carry its variability;"
250598318,candidate,INCONCLUSIVE,80.0,10817.0,0.0,93.0512713501386,0.4286122548036842,48.0,4035.0,37.42358232109584,77.77574223605252,3.2483509265408905,68.2153694573587,250598325.0,0.8983706753687837,-2.5123,6.0,dimming is spread across the cutout rather than one star (background/systematics) - source cannot be located
296483158,candidate,INCONCLUSIVE,12.0,1074.0,-0.005,32.56701706252,0.0,91.0,476.0,1.2706811807905436,2.263962298377382,1.1143524232067323,23.401400887341374,296365530.0,0.2362984192937019,0.1963000000000008,95.0,difference image too weak to locate the source
33973845,candidate,OFF_TARGET,62.0,10810.0,0.485,252.3065290625164,0.6686768831309712,976.0,4379.0,87.97452869246241,208.59017199414217,3.2718396673251497,68.70863301382815,33973807.0,0.4050430300471559,-2.8752000000000013,34.0,
374158907,candidate,ON_TARGET,9.0,1102.0,0.0,82.58781641224647,0.7705222689434025,8.0,368.0,48.37184072824395,21.402051538099894,0.1000473134249023,2.100993581922949,374158897.0,1.046917087372094,-0.7430000000000003,16.0,
146617448,candidate,OFF_TARGET,7.0,1071.0,0.0,40.23548775080479,0.7274437965395468,46.0,441.0,38.64257122822123,24.609790258815757,1.96307214752806,41.22451509808926,146617449.0,0.1408819670673171,0.0944000000000002,139.0,
399788046,candidate,OFF_TARGET,79.0,11438.0,-0.485,26.93369739683121,0.8273493677045226,914.0,4604.0,8.36475733179419,22.927142712388864,1.6897479627270378,35.48470721726779,399788045.0,0.3994051171003047,2.6288,17.0,
308629571,candidate,INCONCLUSIVE,11.0,1080.0,-0.0025,42.96017498036653,0.0,70.0,485.0,15.339153502832604,55.9803357525392,6.374974473015189,133.87446393331896,308629607.0,1.30549215871193,2.206299999999999,142.0,dimming is spread across the cutout rather than one star (background/systematics) - source cannot be located
70366294,candidate,OFF_TARGET,74.0,11267.0,0.0174999999999999,65.71679588927795,0.9085000680171794,1208.0,4488.0,51.89912627384539,85.1537335617426,1.1098177628983583,23.30617302086553,70366295.0,0.0333212232369091,1.580500000000001,115.0,
810681765,candidate,INCONCLUSIVE,10.0,1106.0,-0.0025,45.469528146481366,0.0,22.0,467.0,31.195038406801466,45.79390703624539,3.329008680184915,69.90918228388321,126425609.0,0.1231931030010922,1.5832999999999997,125.0,dimming is spread across the cutout rather than one star (background/systematics) - source cannot be located
64256419,candidate,OFF_TARGET,7.0,1071.0,0.0025,95.47431403345776,0.7884743547244218,56.0,459.0,22.897501248161884,181.26770068546185,2.281445944952542,47.91036484400338,64256439.0,0.0920316327373174,-2.2873,30.0,
251896439,candidate,OFF_TARGET,84.0,10830.0,0.0124999999999999,90.05829662869404,0.8195658136072724,753.0,4223.0,33.34215657095715,147.91474853382314,1.7879027283500135,37.54595729535029,251863329.0,0.1493971767813097,2.282400000000001,29.0,
29445056,candidate,OFF_TARGET,71.0,10223.0,0.0025,50.738961673199015,0.9171859824554636,359.0,4159.0,1.8700666387822729,30.27977040556373,1.6199476999748808,34.018901699472494,29445054.0,0.1063907612622972,0.7995999999999999,14.0,
465392301,candidate,OFF_TARGET,10.0,1107.0,-0.02,38.816774978363846,0.8924485783507821,133.0,465.0,7.861727323604389,125.91843389299692,1.3886206369648788,29.161033376262456,465392245.0,0.1814299542000692,-0.1449999999999995,601.0,
512887979,candidate,INCONCLUSIVE,13.0,1120.0,-0.0125,39.28785405003286,1.0,75.0,487.0,2.4871601188023043,4.437483410002842,1.1698092312421475,24.565993856085097,1531851868.0,0.0348890858030254,4.298300000000001,698.0,difference image too weak to locate the source
73994520,candidate,OFF_TARGET,12.0,1085.0,-0.01,57.03997682674876,0.933548280845452,64.0,492.0,5.146150706680267,7.869624501982925,1.300552906037536,27.311611026788256,73993367.0,0.0671937811982927,1.5355000000000008,983.0,
338106162,candidate,OFF_TARGET,12.0,1035.0,0.015,19.93894005955729,0.5385948747222086,230.0,235.0,35.396318209095895,157.46989977347198,6.236299718768938,130.9622940941477,338106484.0,1.3997383137332953,0.652000000000001,274.0,
348884775,candidate,ON_TARGET,8.0,862.0,0.4425,66.479935302428,0.7095763442921418,11.0,424.0,29.308111674691244,17.81859473341358,0.2014752773995269,4.230980825390066,348884765.0,4.703060655446865,0.9726,1.0,
442691390,candidate,OFF_TARGET,12.0,1060.0,0.005,37.13689220525161,0.7238197101337679,33.0,473.0,10.164754878486423,14.209945743902477,1.8291185520728452,38.41148959352975,442691398.0,0.3788587898388005,-1.5008,22.0,
51894332,candidate,UNRESOLVED,7.0,1071.0,0.0,51.83057125904698,0.7970440114108036,40.0,454.0,32.08004776095951,24.58452032175985,0.4285014403708161,8.998530247787139,51894335.0,0.1394127705915581,0.1267999999999993,19.0,a capable neighbour is as close to the dimming as the target
386539709,candidate,OFF_TARGET,8.0,862.0,-0.0374999999999999,18.96002228484128,0.5716073014034322,171.0,298.0,14.677348765284302,7.312063373221016,2.48649726453533,52.21644255524193,386539719.0,0.129047267745552,-0.8876000000000008,15.0,
154168756,candidate,OFF_TARGET,7.0,1071.0,-0.0125,16.510542281974523,0.6970037759950427,44.0,427.0,18.23125800176369,53.03062433179982,1.7846520608353171,37.47769327754166,154168786.0,0.1172771314690327,-0.9516000000000008,139.0,
172779889,candidate,OFF_TARGET,7.0,1071.0,-0.005,57.75795599689518,0.8023060360794941,35.0,442.0,4.393852733390324,14.515479860624144,2.2982758119522178,48.26379205099657,172779875.0,0.2013809842118785,-3.1007,40.0,
411553811,candidate,INCONCLUSIVE,57.0,10786.0,0.0,48.70348839353554,0.8580080516952053,52.0,4312.0,20.25500893937928,3.23247188282875,0.4361292640291356,9.158714544611849,411553814.0,2.613438549820159,4.317100000000002,3.0,difference image too weak to locate the source
457550536,candidate,OFF_TARGET,11.0,1080.0,0.0075,49.39850856963614,0.8330660643557918,55.0,485.0,14.62432322237918,85.65548735138869,2.323041105646665,48.78386321857997,457550475.0,0.0177761979505276,-1.0091,72.0,
222608562,candidate,OFF_TARGET,80.0,11044.0,0.0025,211.1579976894076,0.8265239405821703,1090.0,4287.0,72.73437629129893,101.63342165100104,2.036278703714181,42.7618527779978,222608663.0,0.0779750502049246,0.7703000000000007,30.0,
162918014,candidate,OFF_TARGET,10.0,1085.0,-0.015,22.052405705823745,0.8067185421063867,70.0,449.0,7.368355137522906,48.25499089669484,2.333625945223006,49.00614484968313,162917999.0,0.2074723994507065,-3.674,40.0,
322079215,candidate,OFF_TARGET,10.0,1106.0,-0.005,30.60928597254461,0.8184817326278327,188.0,396.0,137.3310748936682,129.61325287657485,4.785845755732642,100.50276087038549,322079159.0,0.1424152282540227,-5.8796,414.0,
262755917,candidate,OFF_TARGET,7.0,1072.0,0.0025,42.49357182373063,0.8374073628439764,21.0,435.0,16.837510045773875,79.01891645570592,2.017075280779932,42.35858089637857,262755928.0,0.1845685042472085,-0.9221000000000004,28.0,
382059023,candidate,OFF_TARGET,10.0,1106.0,0.0075,16.77923318550097,0.9690801010059872,122.0,456.0,17.641148717080966,16.917407573861475,1.5489319722727692,32.527571417728154,382058979.0,0.1131713991188207,1.3566000000000005,134.0,
90456042,candidate,OFF_TARGET,9.0,1103.0,0.0025,19.575819906261668,0.8575981211645088,39.0,424.0,28.697355499692534,16.392917615413435,1.9671343168747597,41.30982065436995,90456046.0,0.1928830491692782,0.539299999999999,34.0,
117150608,candidate,OFF_TARGET,15.0,1189.0,0.0,46.48614394229183,0.938946226915595,73.0,463.0,2.4793022839068226,20.34163785585474,2.872647053575533,60.325588125086206,117150606.0,0.320526097350844,-0.7636000000000003,34.0,
70762350,candidate,ON_TARGET,2.0,1027.0,0.0025,43.07349589993869,0.9327549122128582,26.0,489.0,35.593901139985064,15.201434441169752,0.1458570492699393,3.0629980346687256,70762352.0,2.010309142528763,2.450700000000001,2.0,
331043325,candidate,OFF_TARGET,56.0,11764.0,0.0025,37.28586035790523,0.7604175802156173,103.0,5332.0,20.258963639092027,37.229194342671576,1.3662566378321686,28.69138939447554,331043360.0,0.0511557318821808,0.1775999999999999,39.0,
450458029,candidate,OFF_TARGET,11.0,1080.0,-0.005,25.506161035967303,0.8615326209653626,130.0,465.0,29.007260705331063,28.23247698803632,1.1851271513372068,24.887670178081343,980905279.0,0.0986485167160098,5.167700000000002,1120.0,
154818955,candidate,INCONCLUSIVE,17.0,1126.0,-0.0025,32.227499162444595,0.2218188368858535,28.0,492.0,-5.349180198978632,134.75651400319046,2.845138984042729,59.74791866489731,154818945.0,1.079110967751186,-1.9132,20.0,dimming is spread across the cutout rather than one star (background/systematics) - source cannot be located
72388084,candidate,INCONCLUSIVE,74.0,11267.0,-0.3249999999999999,13.75198905272154,0.0,680.0,4487.0,10.917970998054388,8.502971712076576,5.347470411305004,112.29687863740509,72387909.0,0.7807885790294634,3.8544,133.0,dimming is spread across the cutout rather than one star (background/systematics) - source cannot be located
394600714,candidate,OFF_TARGET,11.0,1080.0,-0.0125,41.38478271036182,0.8481200289305151,73.0,468.0,36.27292380058989,120.08609792494283,2.141800271701754,44.977805705736834,394600704.0,0.1811886916171887,0.3138000000000005,111.0,
313372676,candidate,OFF_TARGET,11.0,1080.0,-0.0025,23.221950668457865,0.870495103901441,36.0,472.0,3.3143248432292407,41.12462152499204,2.2692762089234195,47.65480038739181,313372765.0,0.1230398800769393,-0.9407999999999994,555.0,
207760490,candidate,INCONCLUSIVE,12.0,1085.0,0.0025,29.96617826888807,0.0,60.0,489.0,1.1341810124698968,6.777107962725626,2.349251935906714,49.334290654041,1224445789.0,0.1061685797669716,3.585700000000001,1666.0,dimming is spread across the cutout rather than one star (background/systematics) - source cannot be located
64728461,candidate,UNRESOLVED,7.0,1071.0,0.0025,28.777667320135954,0.8956082801497525,24.0,436.0,16.815789937088866,35.19396824540817,0.3305541223675812,6.941636569719205,64728462.0,0.278670021032852,0.5286000000000008,57.0,a capable neighbour is as close to the dimming as the target
457804419,candidate,INCONCLUSIVE,10.0,1105.0,-0.0025,28.95097252477697,0.1433679790196294,33.0,442.0,45.57563921004268,33.63480401997798,4.62581581468832,97.14213210845472,457804400.0,0.2523312044701283,3.3412999999999986,211.0,dimming is spread across the cutout rather than one star (background/systematics) - source cannot be located
457631456,candidate,INCONCLUSIVE,10.0,1107.0,0.0075,26.145846674470665,0.0,100.0,477.0,8.31879456626871,34.94552211212161,4.638842139129865,97.41568492172718,457631722.0,0.1281891429494305,2.8574,430.0,dimming is spread across the cutout rather than one star (background/systematics) - source cannot be located
261575656,candidate,INCONCLUSIVE,10.0,1080.0,-0.0025,14.992670756305213,0.0,157.0,421.0,0.9205394725494048,40.33622429004107,5.587449656979602,117.33644279657165,989847866.0,0.5812849992588167,3.896000000000001,166.0,dimming is spread across the cutout rather than one star (background/systematics) - source cannot be located
435411143,candidate,OFF_TARGET,11.0,1080.0,-0.005,15.17378864961124,0.8935731283977586,146.0,468.0,32.1583495136418,101.5790824374156,1.7717543998015528,37.20684239583261,970196310.0,0.1197653518156848,5.0015,1755.0,
459439463,candidate,INCONCLUSIVE,10.0,1106.0,-0.0025,18.916237827397044,0.0,21.0,459.0,4.230972551810607,9.42242242349641,4.282093745658166,89.92396865882148,459439319.0,0.2463183148478648,4.142900000000001,402.0,dimming is spread across the cutout rather than one star (background/systematics) - source cannot be located
170084761,candidate,OFF_TARGET,7.0,1071.0,-0.0025,21.22461893006183,0.8975874102569632,215.0,252.0,9.1959852730668,32.602653990874174,2.0580716736060056,43.21950514572612,170084767.0,0.0915703897528302,0.5838999999999999,45.0,
458342304,candidate,OFF_TARGET,10.0,1106.0,0.0075,14.804437680796443,0.8193796315139102,45.0,486.0,5.326590621689613,24.32892324501591,2.6410100906555853,55.46121190376729,861099174.0,0.262713162926097,2.7600999999999978,266.0,
427344176,candidate,UNRESOLVED,52.0,3261.0,-0.0175,12.525869456043653,0.9783567778762432,48.0,1409.0,4.808525430358065,7.179780329782563,0.8712674900051933,18.29661729010906,427344167.0,0.2245178912462411,2.5579,30.0,a capable neighbour is as close to the dimming as the target
294659582,candidate,OFF_TARGET,10.0,1106.0,0.01,5.918711950903091,1.0,60.0,467.0,7.659231151511034,13.56276769084513,1.3532461724608482,28.41816962167781,294659611.0,0.2082038060675455,2.4399999999999995,285.0,
358411347,candidate,INCONCLUSIVE,80.0,11138.0,0.0,21.4259063358115,0.0796576731595288,6.0,3577.0,5.861226589407647,93.08164583632524,1.674462533458694,35.16371320263257,358300845.0,1.2335693369737846,-4.9028,4.0,dimming is spread across the cutout rather than one star (background/systematics) - source cannot be located
329787152,candidate,INCONCLUSIVE,11.0,1080.0,0.0075,7.585512348262611,,0.0,0.0,,,,,,,,,too few in/out-of-eclipse cadences in this sector
63206894,candidate,INCONCLUSIVE,,,,,,,,,,,,,,,,no sector with light-curve data
298242897,candidate,INCONCLUSIVE,12.0,1085.0,0.0,8.06117231627194,0.0,51.0,446.0,1.4012696558252296,3.5385088145878543,1.53496331665007,32.23422964965147,1133134761.0,0.2635501913659813,5.2239,668.0,difference image too weak to locate the source
43795649,candidate,OFF_TARGET,53.0,15016.0,0.0025,10.664347005028096,0.8057968114853025,54.0,1384.0,0.9145360364302244,5.63289012007308,1.3054124456633072,27.41366135892945,43795639.0,0.1806864693333594,6.501000000000001,16.0,
311025334,candidate,OFF_TARGET,56.0,11235.0,0.4925000000000001,6.320520320781392,0.8635062637860275,229.0,4773.0,10.802976915020892,18.654162408004687,2.168425287369869,45.53693103476724,311025335.0,0.2422797901739171,0.3808000000000007,5.0,
176245581,candidate,OFF_TARGET,7.0,1071.0,0.0025,12.01654033862292,0.8236841022242977,33.0,419.0,10.750152104156548,89.28918866849554,2.8011299141449686,58.82372819704434,176245606.0,0.2556520463051909,0.1028000000000002,93.0,
146159655,candidate,INCONCLUSIVE,12.0,1085.0,-0.0025,6.865944729102522,0.0,51.0,438.0,2.8425304761268726,3.1032099910067448,1.448459251013383,30.41764427128104,1143482143.0,0.1981179524366944,2.0600999999999985,856.0,difference image too weak to locate the source
446502638,candidate,ON_TARGET,80.0,12134.0,0.03,11.06814716512411,0.5596858683155819,868.0,4452.0,4.573182861128868,6.064783970473477,0.1576041878273001,3.309687944373302,1748977177.0,0.2473375010457987,6.557100000000002,220.0,
467216111,candidate,OFF_TARGET,82.0,10873.0,0.2875,5.378747887684716,0.8455363074836298,13.0,4005.0,1.997636480340922,8.647543205605135,1.061292965211298,22.28715226943726,1883911904.0,1.0184576759526076,8.580300000000001,36.0,
326225355,candidate,ON_TARGET,39.0,3647.0,0.36,285.8049590018574,0.7315376256678242,48.0,1261.0,68.11641965783352,71.42695652387614,0.04628384271271,0.9719606969669116,326225457.0,1.4984133147012173,0.8246000000000002,6.0,
230253564,candidate,OFF_TARGET,12.0,1054.0,-0.005,74.95791093736042,0.8535876764602873,66.0,448.0,53.17049659837535,85.03716465988276,1.0958888504917583,23.01366586032693,230244170.0,0.0261756244840924,-2.026399999999999,152.0,
250549396,candidate,ON_TARGET,6.0,904.0,0.0025,107.24798267183095,0.8467577739178177,50.0,397.0,12.240537445188735,41.14717566776925,0.0265546790399969,0.5576482598399349,250549395.0,1.731524701371093,2.3018,5.0,
430314843,candidate,ON_TARGET,43.0,3073.0,0.0,106.34797485537828,0.8730271981507781,120.0,1336.0,79.6902776818613,50.72720847588523,0.1436524689032645,3.016701846968556,397286164.0,2.6353121385942715,1.104099999999999,3.0,
383296680,candidate,OFF_TARGET,13.0,1176.0,0.3725,115.87180419712789,0.528653174119887,23.0,493.0,71.9446053408347,25.576958244378265,5.051582487450517,106.08323223646086,383296661.0,0.8305188284081483,-2.0490999999999997,3.0,
118307212,candidate,INCONCLUSIVE,9.0,1103.0,-0.0025,254.5748143305191,0.0,11.0,491.0,152.64096360514915,103.64248197270078,6.071192291269448,127.4950381166584,118307204.0,2.923716718925385,1.969199999999999,5.0,dimming is spread across the cutout rather than one star (background/systematics) - source cannot be located
33945481,candidate,OFF_TARGET,2.0,1027.0,0.0,408.9120368759354,0.819365907964305,95.0,472.0,15.518085509264074,198.4961593429017,1.9694433834062992,41.35831105153228,33945476.0,0.1039104379523603,-2.988999999999999,1.0,
341126060,candidate,OFF_TARGET,56.0,11764.0,0.005,258.21504132684214,0.7835783428902713,939.0,4778.0,21.616901733683008,106.549564569649,2.5831782448212417,54.24674314124608,341126094.0,0.3175712806716391,-0.2728999999999999,28.0,
100129572,candidate,INCONCLUSIVE,92.0,11118.0,-0.0075,130.16582929604013,0.194142541165215,34.0,4600.0,-56.27216803152726,197.5457001321492,4.250724330450085,89.26521093945179,100129538.0,0.7329758714227712,-0.7873000000000001,3.0,dimming is spread across the cutout rather than one star (background/systematics) - source cannot be located
387858879,candidate,OFF_TARGET,56.0,11764.0,-0.005,346.0221090264557,0.8805919236075045,655.0,4657.0,69.60113259362926,236.0485178156944,2.503936762157332,52.58267200530397,387858947.0,0.1107759099151234,-0.3781999999999996,28.0,
111365249,candidate,OFF_TARGET,66.0,11141.0,0.0,183.18013829970917,0.8605133645049631,297.0,4462.0,50.49338313786576,69.6214506818853,1.5859099346514558,33.30410862768057,111365207.0,0.1136546639895365,-0.0787999999999993,20.0,
370553309,candidate,ON_TARGET,10.0,1106.0,0.0025,126.55050316627349,0.9094863609942518,23.0,446.0,25.15316599118159,31.47759849236653,0.202908316886635,4.261074654619335,370553325.0,1.013957793544371,0.3068999999999988,12.0,
467847973,candidate,OFF_TARGET,10.0,1106.0,0.005,87.62046180925668,0.8639099537993536,81.0,460.0,52.79075127993797,73.4047792699949,1.2111673183854992,25.43451368609548,467848023.0,0.0242090482530209,-2.8896,433.0,
66702756,candidate,OFF_TARGET,75.0,11623.0,0.0025,803.7315263100197,0.8608366838523058,1332.0,4639.0,396.6543314111186,794.8962279139731,2.2980179385468595,48.25837670948405,66702753.0,0.1307308226058152,-0.7321000000000009,2.0,
299182924,candidate,OFF_TARGET,11.0,1080.0,0.01,68.21904803475837,0.8226606778430162,193.0,407.0,82.70434456686039,67.27309337529123,2.107608725993096,44.25978324585501,299182985.0,0.1319002108891407,-3.1592,204.0,
264345632,candidate,UNRESOLVED,13.0,1120.0,-0.0025,13.204697410210713,0.8095665511724595,34.0,492.0,12.71321032900047,11.858086226537162,0.6238191836726862,13.10020285712641,1564913545.0,0.1438904899334075,4.4178,2328.0,"saturated star in cutout (TIC 264345651, Tmag 7.3) - bleed trails can carry its variability; a capable neighbour is as close to the dimming as the target"
76873434,candidate,OFF_TARGET,43.0,3218.0,-0.0075,56.29848500909237,0.8590770696997503,375.0,1367.0,68.89760328785287,307.35683128005473,3.097782902298943,65.05344094827781,76873437.0,0.1155661436809611,-1.029300000000001,14.0,
126971563,candidate,OFF_TARGET,11.0,1080.0,0.01,188.05672823500535,0.8129641305765306,44.0,467.0,12.639983980864985,112.4428589913822,1.3769136743304842,28.915187160940167,126971579.0,0.1130750219650809,-1.2833000000000006,22.0,
230244165,candidate,OFF_TARGET,12.0,1054.0,0.005,34.18871334768438,0.8686467141699056,66.0,449.0,1.4092959718271665,77.21328995689495,2.6191638685933865,55.00244124046112,230244170.0,0.0212802426671355,-2.1591000000000005,402.0,
52030981,candidate,OFF_TARGET,58.0,11671.0,-0.0025,341.1297001217293,0.8259745136348482,653.0,4690.0,103.46564528847377,213.01524077459547,1.8867236679847348,39.62119702767943,52030963.0,0.1440764263557407,-1.0992000000000015,15.0,
183479054,candidate,INCONCLUSIVE,80.0,10395.0,0.0,112.37621843441408,0.2867877707189987,48.0,4008.0,47.22487832819216,43.49808350096957,0.6595196049829894,13.849911704642778,183479023.0,0.3279858474452359,1.2888000000000002,6.0,dimming is spread across the cutout rather than one star (background/systematics) - source cannot be located
309622406,candidate,INCONCLUSIVE,9.0,1103.0,-0.3575,7.3654534397106195,0.3830471113869132,17.0,585.0,0.5889053223243518,8.421494020412178,1.903372330984191,39.97081895066801,309622392.0,0.398786787860054,0.0243999999999999,11.0,dimming is spread across the cutout rather than one star (background/systematics) - source cannot be located
86956236,candidate,ON_TARGET,44.0,3144.0,0.0,103.7180587188479,0.8436723579744463,12.0,1341.0,40.13239698632193,14.677111185197402,0.5615750635437119,11.79307633441795,86956227.0,3.682778609215079,3.0853,2.0,
153332970,candidate,UNRESOLVED,7.0,1070.0,0.0,100.40391651455248,0.8282002080178307,16.0,457.0,44.54957578568922,35.79229425175295,0.4415849068584681,9.27328304402783,153349837.0,0.0666326012421803,0.3899999999999988,23.0,a capable neighbour is as close to the dimming as the target
86951579,candidate,INCONCLUSIVE,71.0,10247.0,0.0,68.10311193004031,0.3302161227045619,589.0,4031.0,37.28270932008157,55.1333094450056,2.789587646330069,58.58134057293146,86951545.0,1.0952068101660188,-3.2166,15.0,dimming is spread across the cutout rather than one star (background/systematics) - source cannot be located
192860401,candidate,OFF_TARGET,11.0,1080.0,-0.01,66.83521085645403,0.8756263147393105,79.0,476.0,30.16208571188652,44.23833858323117,1.1296447382910746,23.722539504112568,192870015.0,0.1046087557480132,-0.0316999999999989,192.0,
76863005,candidate,OFF_TARGET,75.0,11677.0,0.01,50.60458892321393,0.7843800680963419,797.0,4636.0,8.720843352870762,197.09020500330223,2.333895194163553,49.01179907743461,76863012.0,0.0652765007852776,2.2010000000000005,30.0,
464738698,candidate,OFF_TARGET,10.0,1105.0,0.0075,62.64906273159582,0.8308322354322045,127.0,469.0,132.13258582689718,145.68580583782347,3.5594299508815403,74.74802896851234,464738620.0,0.1110661970532014,-4.840199999999999,120.0,
261459141,candidate,UNRESOLVED,13.0,1176.0,-0.0025,131.76902188869963,0.8390381757746608,32.0,517.0,116.52522846222372,101.26595673372395,0.8069910738186153,16.946812550190923,261459139.0,0.1211637466453723,-1.2585999999999995,14.0,a capable neighbour is as close to the dimming as the target
264245944,candidate,INCONCLUSIVE,80.0,10638.0,0.0,145.53816428028236,0.1264911800676964,52.0,4112.0,13.241227648599883,122.1107779766856,1.3859080562573132,29.104069181403577,264245940.0,1.6010070652390742,0.8465000000000007,4.0,dimming is spread across the cutout rather than one star (background/systematics) - source cannot be located
329718159,candidate,INCONCLUSIVE,,,,,,,,,,,,,,,,download failed sector 13: SearchError('Unable to download FFI cutout. Desired target coordinates may be too near the edge of the FFI.Error: HTTPSC
383306124,candidate,INCONCLUSIVE,,,,,,,,,,,,,,,,search_tesscut did not respond within 90s
360003037,candidate,INCONCLUSIVE,12.0,1085.0,-0.01,149.50641616858368,0.1654073304491271,32.0,522.0,1.5835885445314983,24.454888787125675,1.7152656715814822,36.020579103211126,360003045.0,0.3237064625764934,1.7590000000000003,46.0,dimming is spread across the cutout rather than one star (background/systematics) - source cannot be located
367154070,candidate,OFF_TARGET,71.0,10227.0,-0.0125,54.03532005162503,0.9089279945602928,356.0,4015.0,13.01739354991702,106.1185899753538,2.1509070249000444,45.16904752290093,367154085.0,0.0988829913945927,1.6288,20.0,
349725115,candidate,ON_TARGET,81.0,11062.0,-0.0025,140.1221525625921,0.9237523954813164,102.0,3874.0,93.64391974302728,74.28465459599934,0.0717441104972914,1.5066263204431194,349725132.0,0.5743833569790493,0.8740000000000006,18.0,
235512374,candidate,ON_TARGET,6.0,902.0,0.0,119.47376985932846,0.9443620643559788,15.0,418.0,3.385257203155915,9.709808333885617,0.2422337902434581,5.086909595112621,235512361.0,1.6038766031732954,2.7155000000000005,14.0,
235517749,candidate,OFF_TARGET,12.0,1054.0,-0.0025,43.006331967613576,0.8252874483825118,80.0,481.0,12.57902574493228,107.95112328743612,3.386946921614067,71.1258853538954,235532474.0,0.1344121966953416,-3.8131,200.0,
207812312,candidate,OFF_TARGET,12.0,1084.0,0.0,67.93803728192822,0.9198714835796412,77.0,508.0,5.2952881057179,16.68215893578542,1.698667434170282,35.67201611757592,207812223.0,0.1874565362817076,-2.410399999999999,427.0,
244999763,candidate,ON_TARGET,11.0,1080.0,0.0075,51.92459358278153,0.9287175594693864,51.0,489.0,38.01202206379811,18.350798788273867,0.1293274745272455,2.7158769650721557,244999756.0,0.5777823872371688,2.5302000000000007,35.0,
250568183,candidate,OFF_TARGET,33.0,3484.0,0.005,79.37367456708803,0.7675051070004655,147.0,1408.0,3.6277601642731137,170.12429028273328,3.601654650733715,75.63474766540801,250568161.0,0.1002178442844068,0.3529999999999997,13.0,
453692800,candidate,OFF_TARGET,12.0,1085.0,-0.01,30.052933288779464,0.8816124603152098,197.0,448.0,33.36082278771977,36.34525739054323,1.0545382522581304,22.14530329742074,453692796.0,0.0048248284337805,0.1211999999999999,76.0,
73532606,candidate,INCONCLUSIVE,37.0,3089.0,-0.005,88.3534382767465,0.3298344054680707,144.0,1435.0,11.911776179316874,21.089203022877843,1.613739822705524,33.888536276816005,73532600.0,0.2454340739941173,3.1508000000000003,11.0,dimming is spread across the cutout rather than one star (background/systematics) - source cannot be located
462785412,candidate,OFF_TARGET,9.0,1103.0,-0.0549999999999999,15.31775224534051,0.7767665367647731,228.0,291.0,2.737914097405555,10.197320494409228,2.0120130716568005,42.25227450479281,462785373.0,0.1138564639005046,-4.5806,157.0,
458340637,candidate,OFF_TARGET,10.0,1106.0,0.005,72.40254213586459,0.759719618865112,32.0,434.0,76.36555636708326,72.69976148634478,1.7208069278277038,36.13694548438178,458340636.0,0.1388350895527857,-4.294499999999999,147.0,
146628522,candidate,OFF_TARGET,7.0,1071.0,-0.005,80.10565878878494,0.78189053592029,31.0,440.0,53.79986476190766,99.43119869223426,1.9721441649770284,41.41502746451759,146628500.0,0.1945319987855978,1.7767,62.0,
342232987,candidate,OFF_TARGET,65.0,11662.0,-0.005,84.94288225634808,0.6306871523898584,1020.0,4655.0,9.902270629202013,130.29149964137105,3.403740103381694,71.47854217101558,342232949.0,0.2432747393617967,-1.5835999999999988,60.0,
267516382,candidate,ON_TARGET,11.0,1080.0,-0.0025,38.97365299896673,0.7856618853376094,67.0,446.0,16.430922111475187,16.61588723240518,0.1911360845215299,4.013857774952129,267516364.0,0.2108885021133296,2.3409999999999997,344.0,
260342124,candidate,OFF_TARGET,12.0,1085.0,0.0025,87.40677093468683,0.8086890994029567,67.0,485.0,18.93193176531321,47.30771785801841,2.4189941587032857,50.798877332769,260342097.0,0.1385649662661013,-4.312799999999999,256.0,
451022388,candidate,UNRESOLVED,11.0,1080.0,0.0,42.30869106775104,0.8203110313503242,107.0,471.0,18.110287694655906,71.20312138092763,0.901491429912626,18.931320028165143,451022341.0,0.159441553978792,-1.9704999999999997,420.0,a capable neighbour is as close to the dimming as the target
333696426,candidate,OFF_TARGET,11.0,1077.0,-0.015,10.638272914250972,0.5272453892145595,94.0,467.0,14.172552989241764,8.133783082187945,5.927884382887121,124.48557204062952,334435524.0,1.2502925451804894,4.6884000000000015,73.0,
326172757,candidate,OFF_TARGET,11.0,1080.0,0.0,38.75860406458051,0.7878513304672456,35.0,475.0,26.09295306808694,67.2962125228638,3.2389211956853767,68.0173451093929,326172538.0,0.0803122428339575,-3.3988,94.0,
151718783,candidate,OFF_TARGET,7.0,1071.0,0.0,52.4478365486401,0.8480034131426979,43.0,427.0,18.43346881013053,115.89414692932282,1.7613286858184696,36.98790240218786,151925447.0,0.1638584006529578,-1.1424000000000003,56.0,
398397960,candidate,UNRESOLVED,10.0,1081.0,0.0025,48.199265637102094,0.7165673013475222,42.0,444.0,40.83033940080509,42.63347535116724,0.1544770327719316,3.2440176882105645,928868591.0,0.0926995755301312,2.1592,333.0,a capable neighbour is as close to the dimming as the target
256541183,candidate,OFF_TARGET,92.0,10814.0,-0.0025,59.97074169973452,0.670099035544026,366.0,4057.0,27.8907735789912,67.34349244668934,1.0717915613139528,22.507622787593007,256541104.0,0.1048985030419199,-0.7613000000000003,94.0,
366725821,candidate,OFF_TARGET,75.0,11623.0,0.025,198.59437864930428,0.8807766130954497,710.0,4629.0,34.626678912925584,105.57336073023806,1.4280422245174595,29.98888671486665,366725834.0,0.1391429254530334,0.6495999999999995,26.0,
58674267,candidate,OFF_TARGET,13.0,1120.0,-0.0025,14.213318191377772,0.6612439875448313,68.0,494.0,4.664589313322527,16.985529184550202,2.8803064377518868,60.48643519278962,58674098.0,0.1181225903346635,-3.8095,999.0,
313659902,candidate,OFF_TARGET,11.0,1080.0,-0.005,37.83977074076159,0.7420030749338561,115.0,473.0,9.39052928951861,62.75210119922069,1.8834089585640923,39.55158812984594,313569594.0,0.071657682493005,-1.8812999999999995,36.0,
72384776,candidate,INCONCLUSIVE,74.0,11267.0,0.0,38.66617688704435,0.2240744936970319,309.0,4637.0,32.37606650566291,32.76334794181268,3.386819835571236,71.12321654699595,72009368.0,0.3420937435694592,2.8104999999999998,87.0,dimming is spread across the cutout rather than one star (background/systematics) - source cannot be located
466069938,candidate,UNRESOLVED,10.0,1106.0,-0.0274999999999999,11.961077733651235,1.0,221.0,462.0,4.6598417930949,5.670063346989181,0.390684625223395,8.204377129691295,466069932.0,0.291435251628278,4.4399,86.0,a capable neighbour is as close to the dimming as the target
457534991,candidate,INCONCLUSIVE,9.0,1102.0,0.005,43.798837920489404,0.0,63.0,448.0,9.660283591554023,14.988582283930796,6.061527012110165,127.29206725431348,457535047.0,0.9154957852874132,2.403500000000001,102.0,dimming is spread across the cutout rather than one star (background/systematics) - source cannot be located
309141465,candidate,OFF_TARGET,58.0,11691.0,0.0,93.0488105957688,0.9423538890546456,257.0,4797.0,31.60750668281729,281.1839636945255,2.249634784917764,47.24233048327304,309141487.0,0.0666371785358652,1.5380000000000005,20.0,
170149900,candidate,OFF_TARGET,12.0,1085.0,0.005,42.12958796181629,0.7378372828977604,173.0,482.0,10.565036906185668,90.96169813377944,3.85401693066319,80.934355543927,170150046.0,0.1424180234326344,-4.614199999999999,330.0,
1324191533,candidate,UNRESOLVED,12.0,1053.0,0.0,16.986802771797304,0.8435891473761771,19.0,420.0,47.57875036294231,17.651966773359284,0.7436024989172171,15.61565247726156,38745508.0,0.2394865598985299,0.0350000000000001,570.0,a capable neighbour is as close to the dimming as the target
142785734,candidate,OFF_TARGET,60.0,7560.0,-0.0025,34.722937318654104,0.880202080042897,246.0,3566.0,31.310053018594814,21.79408148487421,1.387186827036662,29.130923367769903,142785735.0,0.1614203573424419,3.3307,9.0,
425067915,candidate,INCONCLUSIVE,,,,,,,,,,,,,,,,search_tesscut did not respond within 90s
173814613,candidate,INCONCLUSIVE,12.0,1085.0,0.005,30.293146098931807,1.0,62.0,488.0,3.0675006064818664,3.3922857597268985,0.7233562771817312,15.190481820816355,173814586.0,0.4187160473138724,2.6076999999999995,159.0,difference image too weak to locate the source
193548084,candidate,ON_TARGET,75.0,11623.0,0.0224999999999999,48.32739153502232,0.8224228611851494,2136.0,3631.0,37.05985286764402,24.253408795148022,0.2611664562786592,5.484495581851844,193548086.0,0.5880969182708445,4.810599999999999,69.0,
437226603,candidate,INCONCLUSIVE,61.0,10653.0,-0.01,42.12675517397423,0.4571528878580843,508.0,4340.0,56.55402008679461,38.71139962028733,6.621052491765431,139.04210232707405,437226565.0,2.3840635021970704,3.8493,42.0,dimming is spread across the cutout rather than one star (background/systematics) - source cannot be located
330774804,candidate,OFF_TARGET,56.0,9954.0,0.035,46.50777644058349,0.859756191814133,1149.0,4668.0,15.6464374388238,12.440104339883488,1.2470483461826922,26.188015269836537,330774821.0,0.1890015154951153,5.1595,42.0,
133688675,candidate,ON_TARGET,7.0,1071.0,0.0025,33.03534968994332,0.964858495984228,31.0,433.0,13.53310398080666,25.088963423846565,0.1928591725556198,4.050042623668016,133688658.0,0.4858007461554134,1.3907000000000007,84.0,
76861285,candidate,OFF_TARGET,55.0,2658.0,-0.0025,45.82116401887219,0.749962417481989,155.0,1538.0,8.439076732241562,259.1979089344483,2.8484022031557568,59.816446266270894,76861277.0,0.2408478806297786,0.9154999999999998,43.0,
457822202,candidate,INCONCLUSIVE,10.0,1105.0,0.0,29.947658132382685,0.0,66.0,455.0,16.87758691276297,20.37845901855829,5.33031389630302,111.9365918223634,457822382.0,0.2681579173629306,2.2467999999999986,142.0,dimming is spread across the cutout rather than one star (background/systematics) - source cannot be located
341077131,candidate,OFF_TARGET,13.0,1176.0,-0.0075,38.49420157013334,0.7404054980463114,52.0,511.0,133.1029413250449,292.58854196075305,5.045541525060543,105.9563720262714,341077135.0,0.0300046294732513,-0.9676000000000008,4.0,
22300053,candidate,INCONCLUSIVE,13.0,1177.0,-0.0025,34.65357627132281,0.0,19.0,522.0,6.8709609313296784,12.633034461688649,5.144391216812604,108.03221555306467,22292112.0,0.3435781887267004,2.7597000000000023,324.0,dimming is spread across the cutout rather than one star (background/systematics) - source cannot be located
326169163,candidate,OFF_TARGET,11.0,1080.0,0.0025,20.978053683841495,0.7261483848389203,22.0,478.0,15.777135287730884,70.24838857341098,4.355732512945723,91.4703827718602,326168892.0,0.1467969929357432,-2.6973000000000003,74.0,
307299562,candidate,INCONCLUSIVE,7.0,1071.0,0.0,26.980579958765635,0.0,12.0,435.0,4.531089895951494,5.859437361456801,2.585527030227093,54.29606763476896,307299541.0,0.1219001918709216,1.3933999999999995,56.0,dimming is spread across the cutout rather than one star (background/systematics) - source cannot be located
331084390,candidate,INCONCLUSIVE,81.0,11061.0,0.19,32.7034375987898,0.3078708432226159,473.0,4419.0,23.06676574793312,30.491421382514496,5.174715660233671,108.66902886490708,331084449.0,0.9649611660055152,-2.374600000000001,16.0,dimming is spread across the cutout rather than one star (background/systematics) - source cannot be located
145599063,candidate,INCONCLUSIVE,9.0,1103.0,0.02,7.984795110577527,0.3273024073068433,16.0,491.0,2.622703906421401,12.665671895186842,3.984936536947109,83.68366727588929,145598959.0,0.7242456625015765,1.7742000000000004,78.0,dimming is spread across the cutout rather than one star (background/systematics) - source cannot be located
224215371,candidate,ON_TARGET,70.0,8140.0,0.0025,28.76929799724741,1.0,76.0,4423.0,20.507041440934845,5.18172929602684,0.420819079997586,8.837200679949307,224217503.0,4.32203967018365,2.5612999999999992,1.0,
220115262,candidate,INCONCLUSIVE,6.0,903.0,0.005,28.281665985876963,0.2458286784161726,34.0,349.0,1.0275747218388496,14.279545424399709,2.950007105783761,61.950149221458986,712623574.0,0.3037021649209706,-3.5692000000000004,63.0,dimming is spread across the cutout rather than one star (background/systematics) - source cannot be located
239711580,candidate,INCONCLUSIVE,59.0,10070.0,0.0925,12.637156494571066,0.0,2234.0,4463.0,0.2445376097598925,2.218451516264894,0.4747651403193496,9.970067946706342,239711566.0,0.7071259790116615,8.431499999999998,58.0,difference image too weak to locate the source
139783888,candidate,OFF_TARGET,7.0,1071.0,0.005,21.092221290250706,0.904250292624927,127.0,448.0,6.713962794342849,24.072399540546527,3.7828077412776686,79.43896256683104,139783833.0,0.0547701715487118,-4.774800000000001,149.0,
218135121,candidate,INCONCLUSIVE,12.0,1052.0,-0.0125,24.12461505481808,0.2931454921604177,70.0,501.0,10.002627951053787,79.1750507649227,3.7135681112150967,77.98493033551703,218135173.0,0.3750417016675362,2.339599999999999,172.0,dimming is spread across the cutout rather than one star (background/systematics) - source cannot be located
64781731,candidate,OFF_TARGET,7.0,1071.0,0.0025,31.50270672682268,0.8830665788595242,32.0,444.0,6.520725973653586,36.37988201773908,2.27132095517679,47.69774005871259,64781704.0,0.0599338132438037,-1.9979999999999996,93.0,
158436333,candidate,INCONCLUSIVE,75.0,8283.0,-0.2624999999999999,26.196091150302887,0.0,2326.0,4700.0,2.242467634630769,2.458576676231457,0.6741874872222314,14.15793723166686,158436330.0,3.417190137015004,7.7446,1.0,difference image too weak to locate the source
297089673,candidate,OFF_TARGET,12.0,1085.0,0.0025,20.71305525475784,0.9035130948149204,63.0,493.0,4.330171911471247,15.4672026469764,1.748375047272636,36.71587599272536,297089632.0,0.0423012141937081,-4.0921,543.0,
123580762,candidate,OFF_TARGET,6.0,902.0,0.0124999999999999,13.508881031870896,0.8462595870167041,159.0,336.0,13.264370103075288,43.10610870626295,2.088803766044801,43.86487908694082,123580749.0,0.1629067839992535,-2.534700000000001,128.0,
304790516,candidate,OFF_TARGET,10.0,1106.0,0.01,16.98628142979699,0.950193082030398,74.0,457.0,17.032061879066934,48.00820736393176,1.7037493769087957,35.77873691508471,304790519.0,0.1115844772782708,-0.2544000000000004,319.0,
42143884,candidate,INCONCLUSIVE,12.0,1086.0,0.0,18.89720083104997,0.371736115584162,16.0,479.0,-5.011953502802762,11.609792087966255,2.5603273341106254,53.766874016323136,42143971.0,0.407155511618012,2.249000000000001,117.0,dimming is spread across the cutout rather than one star (background/systematics) - source cannot be located
419744983,candidate,OFF_TARGET,13.0,1176.0,0.0075,16.024759190859445,0.7314285671387615,47.0,501.0,35.97356348894965,94.8437934055432,6.397246116181248,134.34216843980622,419744992.0,2.789239100903356,1.982000000000001,10.0,
453840224,candidate,OFF_TARGET,12.0,1085.0,0.0,12.7543019140957,0.8372624289504957,46.0,481.0,13.011596064340148,33.65878466314702,3.451070525903608,72.47248104397576,1122982911.0,0.1363676036626423,4.753900000000002,501.0,
139805341,candidate,ON_TARGET,1.0,1061.0,-0.0025,19.80689461854661,1.0,24.0,505.0,2.631874964543676,5.289755795121197,0.2541126081940245,5.336364772074514,139805343.0,0.5037898902690312,3.853300000000001,14.0,
442703447,candidate,INCONCLUSIVE,11.0,1081.0,0.0124999999999999,9.288104594665205,0.4196338725792849,24.0,472.0,3.717844960689944,35.88608044168766,2.7035444294785376,56.77443301904929,971902986.0,0.0505699978911149,5.8268,922.0,dimming is spread across the cutout rather than one star (background/systematics) - source cannot be located
423202567,candidate,INCONCLUSIVE,,,,,,,,,,,,,,,,no sector with light-curve data
127107006,candidate,OFF_TARGET,6.0,904.0,0.0,11.711635204127315,0.9718241982988848,28.0,396.0,1.1492125275078064,51.95906746557728,1.896973809563776,39.836450000839285,127106989.0,0.0510299594600165,0.6061000000000014,75.0,
43330648,candidate,ON_TARGET,26.0,16915.0,0.1325,6.4941129401234585,0.8399332684850234,6.0,516.0,2.0025934870011604,25.823085647354752,0.7935294663945316,16.664118794285162,43330659.0,2.006846655252956,7.830199999999998,7.0,
315531484,candidate,INCONCLUSIVE,12.0,1085.0,-0.0324999999999999,7.160487851019558,0.0,211.0,401.0,1.656529558605198,3.8886798406696137,5.0527295888561055,106.1073213659782,1226392799.0,0.1275744588008471,5.513299999999999,1978.0,difference image too weak to locate the source
449823787,candidate,OFF_TARGET,11.0,1080.0,-0.01,9.036659425212884,0.8236681352720543,61.0,482.0,3.1738280817360294,6.394740591331036,3.609889923906561,75.80768840203777,1030903283.0,0.097673686006858,3.5790000000000024,1491.0,
411495979,candidate,INCONCLUSIVE,56.0,11268.0,-0.2224999999999999,2.132650350664215,,,,,,,,,,,,the light curve itself shows no clear eclipse in this sector
441262791,candidate,OFF_TARGET,11.0,1080.0,-0.0075,247.08551375812576,0.7144959385712163,44.0,413.0,62.423287586625925,305.7871371842765,1.9790596045885112,41.56025169635873,441262784.0,0.2208541843619344,-2.388300000000001,35.0,
446758441,candidate,ON_TARGET,9.0,1103.0,-0.0075,390.5006002234271,0.827557875754569,41.0,458.0,255.79544238783413,97.04159948696578,0.1003554588101788,2.1074646350137565,446900352.0,3.792521267542055,1.1658999999999988,7.0,
330431529,candidate,OFF_TARGET,11.0,1080.0,0.0,128.13758753145913,0.859667020511531,18.0,482.0,27.796966901081955,39.15436497455799,1.2637201688090696,26.538123544990466,330431447.0,0.0749655281964849,-3.7163,85.0,
87448561,candidate,OFF_TARGET,12.0,1084.0,0.0124999999999999,26.92630435514629,0.8764640307310002,78.0,502.0,65.53611054913239,42.28596702157856,1.4055730076009023,29.517033159618958,87443622.0,0.0360538983189771,-2.924199999999999,898.0,
391708053,candidate,OFF_TARGET,9.0,1102.0,0.0025,47.00996266669296,0.8260791864253946,56.0,450.0,6.297484949433336,27.6664544660064,1.248715996482232,26.223035926126872,391708079.0,0.0218563306500167,-4.4682,102.0,
178335238,candidate,OFF_TARGET,7.0,1071.0,0.0174999999999999,90.63310021553508,0.5006126866334868,134.0,435.0,17.387480640479488,78.95819286772323,5.8124298225970765,122.0610262745386,178335286.0,2.431019388802944,3.154299999999999,58.0,
221066214,candidate,OFF_TARGET,12.0,1086.0,0.01,49.318962669640925,0.8665513711968178,96.0,496.0,231.417648911216,213.25330247916935,2.279214209242076,47.8634983940836,1219214465.0,0.1223410169803516,1.8534000000000008,342.0,
469447216,candidate,INCONCLUSIVE,13.0,1120.0,0.0,18.350880841634773,0.0476924383414364,21.0,477.0,6.276400765141398,25.275033265867428,5.2943306283272005,111.1809431948712,469447251.0,0.5924246882039756,3.9884999999999984,171.0,dimming is spread across the cutout rather than one star (background/systematics) - source cannot be located
290146135,candidate,OFF_TARGET,12.0,1085.0,-0.0025,39.43622765381341,0.8837646322307093,79.0,500.0,8.373511637291562,79.84831487770562,1.6845379577409605,35.37529711256017,290150771.0,0.2221684256461653,-2.2227999999999994,150.0,
373896170,candidate,ON_TARGET,58.0,19472.0,0.0,46.64177801473706,0.9107854327580672,157.0,4768.0,35.91754944517879,7.758595636126178,0.0549201012761615,1.153322126799392,373896176.0,1.232455917866444,5.4643000000000015,29.0,
318511155,candidate,OFF_TARGET,10.0,1106.0,-0.0125,10.093329517896564,0.8911318449553359,5.0,540.0,0.9030409066365982,7.994532468907555,3.941715867283057,82.7760332129442,318510970.0,0.0670218070273547,-0.6434999999999995,238.0,
450674516,candidate,OFF_TARGET,10.0,1106.0,-0.005,17.48283339528289,0.9399174621143148,141.0,462.0,4.296251387823823,24.99286212824781,1.6698748381792026,35.067371601763256,927132287.0,0.1086025798320133,5.6202000000000005,545.0,
313731012,candidate,INCONCLUSIVE,81.0,7658.0,-0.0025,1.6465005830031485,,,,,,,,,,,,the light curve itself shows no clear eclipse in this sector
377770027,candidate,INCONCLUSIVE,10.0,1106.0,0.0,5.547082348938311,0.0,13.0,449.0,-1.6839669186453845,14.3206733730017,5.811006798939,122.031142777719,377769976.0,1.0626655812455894,2.8320000000000007,281.0,dimming is spread across the cutout rather than one star (background/systematics) - source cannot be located
229506826,candidate,INCONCLUSIVE,56.0,11144.0,0.26,5.6772799754524375,0.0,1473.0,4702.0,6.652255624025074,2.683845115905563,1.1865322221518202,24.917176665188222,229506825.0,0.9869330160179752,6.419900000000002,47.0,difference image too weak to locate the source
65497458,candidate,INCONCLUSIVE,13.0,1119.0,-0.0025,137.788457717478,0.100085650185004,71.0,488.0,64.61617154590391,25.07823506289696,6.517386625966935,136.86511914530564,65497601.0,1.59932339219778,1.3248999999999995,126.0,dimming is spread across the cutout rather than one star (background/systematics) - source cannot be located
378273145,candidate,OFF_TARGET,81.0,8656.0,-0.0025,29.49179112293074,0.8401876374413371,762.0,4402.0,9.59732986815756,27.023402661128717,2.187647415326519,45.9405957218569,378273244.0,0.0185871464236016,3.2486,43.0,
367266138,candidate,OFF_TARGET,72.0,10000.0,-0.0125,87.58078538480483,0.8746267687462702,727.0,4023.0,21.97347781113237,59.18633631301322,1.632664008617155,34.285944180960264,367266114.0,0.1348869820459853,0.9844000000000008,19.0,
78957274,candidate,INCONCLUSIVE,7.0,1071.0,0.0,60.490623774113175,0.3463774864604873,47.0,430.0,50.65179030265627,74.93686805570347,5.06583074703579,106.38244568775158,78957310.0,0.7630520740549313,-2.5062999999999995,28.0,dimming is spread across the cutout rather than one star (background/systematics) - source cannot be located
251936538,candidate,OFF_TARGET,54.0,1822.0,0.0,36.66471259660912,0.8928835747712427,99.0,1138.0,19.89009080906426,19.657918215751256,1.11117452678126,23.33466506240646,251936530.0,0.3232959888413185,3.4128000000000007,7.0,
330435841,candidate,OFF_TARGET,11.0,1080.0,-0.0075,20.457053610790364,0.83758354115967,145.0,475.0,105.52124223316528,146.60325902683587,1.8063224304721808,37.93277103991581,1027379863.0,0.0862938418206884,1.9366000000000003,341.0,
337529045,candidate,INCONCLUSIVE,12.0,1035.0,-0.0025,23.29626566996943,0.3893329892594082,189.0,409.0,-8.093566495247083,86.65808138285844,4.826351777466609,101.3533873267988,338103290.0,0.9823201598246368,2.723699999999999,125.0,dimming is spread across the cutout rather than one star (background/systematics) - source cannot be located
153038604,candidate,OFF_TARGET,7.0,1071.0,0.0025,30.156361886482323,0.9192893075951768,52.0,432.0,5.494540353724654,31.486535931360752,2.0543686875504497,43.14174243855944,153038594.0,0.0276448979251874,-0.3669999999999991,166.0,
120152239,candidate,INCONCLUSIVE,10.0,1085.0,0.0025,9.059848673061856,0.0,47.0,445.0,7.351591395395908,7.649828881022487,4.970833507478057,104.3875036570392,120152248.0,0.298600923464911,1.8732999999999984,148.0,dimming is spread across the cutout rather than one star (background/systematics) - source cannot be located
307424361,candidate,OFF_TARGET,11.0,961.0,0.0,22.196798262096515,0.5765099104999899,43.0,425.0,1.6206661379459042,12.469305525057724,5.541553284084956,116.37261896578408,307424455.0,0.3011819748589401,-7.3905,95.0,"saturated star in cutout (TIC 307424455, Tmag 6.7) - bleed trails can carry its variability;"
91690216,candidate,OFF_TARGET,6.0,902.0,0.005,28.918219173694,0.8662198167909477,24.0,399.0,6.654828854501828,55.77068555295682,2.381369946671002,50.00876888009104,91690192.0,0.0927394380509712,-1.8257999999999992,63.0,
97017864,candidate,INCONCLUSIVE,66.0,8864.0,0.035,21.71729788603732,0.0,2162.0,1584.0,9.013002666138794,2.2531839124108206,0.6872857931854662,14.43300165689479,97017886.0,0.8088171839916942,8.809099999999997,42.0,difference image too weak to locate the source
246561638,candidate,INCONCLUSIVE,13.0,1120.0,0.0,24.53333186334585,1.0,32.0,491.0,18.357568973685925,4.277206302879415,0.9980936265044884,20.959966156594252,1403920738.0,0.0651659739969451,3.0836999999999986,590.0,difference image too weak to locate the source
43796424,candidate,INCONCLUSIVE,53.0,3015.0,-0.005,16.024907202701907,0.7029549612150872,693.0,521.0,10.950102340958598,4.309703691565061,0.7953026663864052,16.70135599411451,1505871901.0,1.015303434955762,6.908600000000002,29.0,difference image too weak to locate the source
273212554,candidate,ON_TARGET,64.0,11270.0,-0.005,11.584614976947403,0.9141941047672446,254.0,4339.0,10.422636385211336,47.315450292423705,0.2323029775030204,4.878362527563429,273212581.0,2.803784215053781,8.8468,14.0,"saturated star in cutout (TIC 273212554, Tmag 6.6) - bleed trails can carry its variability;"
469449874,candidate,INCONCLUSIVE,13.0,1120.0,0.0374999999999999,8.080002258757846,0.0,124.0,513.0,0.2515426491209217,5.050400807611484,2.352748067508102,49.40770941767014,1402661881.0,0.1564637490269577,5.808199999999999,865.0,dimming is spread across the cutout rather than one star (background/systematics) - source cannot be located
418888630,candidate,OFF_TARGET,7.0,1071.0,0.04,10.715029161375636,0.7714612143199971,207.0,299.0,2.560128523029716,47.58987625684302,2.622746857486566,55.07768400721788,418888696.0,0.0957782551816027,-1.8177000000000003,270.0,
377519200,candidate,INCONCLUSIVE,79.0,11424.0,-0.2724999999999999,20.70308657968229,0.4068301628858434,25.0,4489.0,4.913327087122125,20.68635650905876,5.980013688861076,125.5802874660826,377519196.0,7.055039449748922,-0.5362000000000009,3.0,dimming is spread across the cutout rather than one star (background/systematics) - source cannot be located
411767966,candidate,UNRESOLVED,12.0,1085.0,-0.0025,177.40892267242458,0.9378305400821694,24.0,456.0,13.527145163924333,57.11345814046541,0.3594847779393577,7.549180336726511,411768001.0,0.355264037562662,2.177199999999999,84.0,a capable neighbour is as close to the dimming as the target
391729889,candidate,INCONCLUSIVE,10.0,1106.0,0.0,116.16976030174526,0.2766280149726949,15.0,459.0,31.28542461634598,39.37621132147195,0.1116004689504544,2.343609847959544,391729883.0,0.1456262819705729,1.6061999999999994,361.0,dimming is spread across the cutout rather than one star (background/systematics) - source cannot be located
287652215,candidate,OFF_TARGET,82.0,10525.0,-0.5,67.7553401858037,0.8560892590581682,51.0,3863.0,8.416093176832653,16.352298658227305,1.723963064806972,36.203224360946415,514875976.0,0.1294017298405122,1.665799999999999,6.0,
75204054,candidate,INCONCLUSIVE,9.0,1103.0,-0.0025,75.82356643789788,0.0,15.0,474.0,25.57016381249846,32.996866316636904,7.618999180442062,159.9989827892833,75204076.0,3.709098536653904,2.521699999999999,28.0,dimming is spread across the cutout rather than one star (background/systematics) - source cannot be located
290187330,candidate,INCONCLUSIVE,9.0,1102.0,-0.0025,151.40059979127474,0.3113567325866399,31.0,504.0,7.64195355337762,32.09154611402752,6.383885983613686,134.0616056558874,290187317.0,4.989987006976679,2.9301999999999992,19.0,dimming is spread across the cutout rather than one star (background/systematics) - source cannot be located
318520774,candidate,OFF_TARGET,57.0,10790.0,-0.0075,87.90293464292716,0.8246410866695619,1056.0,4302.0,20.33427800333194,92.18972397199654,2.580128349722893,54.18269534418076,318520778.0,0.1657264117184565,-2.211599999999999,40.0,
388766570,candidate,INCONCLUSIVE,43.0,2745.0,0.0,23.43353506962748,0.7516804024416116,48.0,1318.0,13.50100102546936,4.302259424690649,0.2958998671686586,6.213897210541831,388766578.0,4.236238131780365,3.5169999999999995,1.0,difference image too weak to locate the source
446777359,candidate,OFF_TARGET,11.0,1080.0,0.0025,41.88436300653195,0.8652209126418435,15.0,466.0,45.4578672122988,19.42979520544307,1.229656718768635,25.822791094141333,446777385.0,0.2253215445932129,1.118599999999999,25.0,
450663300,candidate,UNRESOLVED,11.0,1080.0,-0.015,38.73009097967019,0.8687944389716187,180.0,421.0,9.273774533909016,10.462374006212158,0.0798789246751261,1.677457418177648,976893933.0,0.0172262718874154,2.2392000000000003,282.0,a capable neighbour is as close to the dimming as the target
343785964,candidate,OFF_TARGET,11.0,1077.0,0.01,53.12258996522159,0.8038491292670454,101.0,469.0,18.149764243416087,45.44022217202679,1.3191226658997055,27.70157598389381,1012604199.0,0.1906985289451203,-0.8127999999999993,491.0,
378273307,candidate,OFF_TARGET,81.0,8656.0,-0.02,31.28412074953151,0.8910913593432302,1415.0,4412.0,4.775701824586573,16.51293448283365,2.405316120409893,50.51163852860776,378273229.0,0.2231458376139526,0.4733,152.0,
78955414,candidate,ON_TARGET,7.0,1071.0,-0.0025,29.32349653672155,0.9803436603856348,33.0,423.0,8.507500997915507,18.33727225655196,0.2220031301382787,4.662065732903853,744665449.0,1.3758477266963225,3.2515,50.0,
319039733,candidate,INCONCLUSIVE,7.0,1071.0,0.0025,34.120629790614174,0.3232625384836797,89.0,434.0,4.311087745926768,20.744799303393247,1.8357493262539069,38.55073585133204,319039723.0,0.1667516838823487,1.3657000000000004,82.0,dimming is spread across the cutout rather than one star (background/systematics) - source cannot be located
46032792,candidate,INCONCLUSIVE,9.0,1103.0,-0.005,56.17268745862195,0.2085378145425009,6.0,522.0,-12.532898946529375,20.37826976340747,4.608643514272351,96.78151379971936,46032741.0,2.3059287465209284,2.0075000000000003,18.0,dimming is spread across the cutout rather than one star (background/systematics) - source cannot be located
162825247,candidate,INCONCLUSIVE,80.0,11080.0,0.0124999999999999,18.36062899069942,0.2423677090136204,591.0,4525.0,33.116190865588095,98.44064383084212,4.143949184086627,87.02293286581917,162825177.0,0.1239307884662776,1.0864999999999991,178.0,dimming is spread across the cutout rather than one star (background/systematics) - source cannot be located
377776359,candidate,OFF_TARGET,10.0,1106.0,0.0,20.60560445173718,0.8401420214806834,16.0,459.0,19.0186173747641,69.47802019440455,3.1894984209335866,66.97946683960532,377776339.0,0.0336862958711444,-3.3811,491.0,
469447206,candidate,INCONCLUSIVE,13.0,1120.0,-0.005,9.61506326335901,0.2798883288247213,49.0,478.0,2.0992892994347963,4.239882372588588,5.873103732116555,123.33517837444766,469447258.0,0.7504570077529802,4.662800000000001,394.0,difference image too weak to locate the source
169863685,candidate,OFF_TARGET,12.0,1085.0,-0.0025,9.046953392418247,0.5849553530905646,63.0,511.0,11.948935178351112,21.06730869528772,2.122678346606904,44.57624527874498,1321232119.0,0.1690056044315753,2.6335999999999995,709.0,
441227343,candidate,INCONCLUSIVE,10.0,1106.0,0.025,9.15330674886391,0.0,147.0,465.0,1.685888511790811,2.850257754349417,1.6971847802840545,35.64088038596515,854167147.0,0.073480650710088,5.793299999999999,426.0,difference image too weak to locate the source
221088464,candidate,OFF_TARGET,12.0,1085.0,-0.01,9.011894724831423,0.8894285306635747,60.0,490.0,2.117104780410598,35.406045161474644,1.5467686464617638,32.48214157569704,221088523.0,0.1597453025574761,-0.0776999999999983,1430.0,
94249335,candidate,OFF_TARGET,10.0,1080.0,-0.0025,11.25495177685027,0.7199507735885396,16.0,409.0,1.8184321074509413,9.304289461154092,3.296469189158951,69.22585297233796,94249345.0,0.1260434030932024,-0.2786999999999988,51.0,
285490479,candidate,OFF_TARGET,12.0,1085.0,0.0274999999999999,11.532377523052824,0.9339058664499236,152.0,508.0,-3.4528259532454397,123.60521137436196,3.5310795926174965,74.15267144496742,285490376.0,0.0521829442212975,-2.7323000000000004,1067.0,
447134694,candidate,OFF_TARGET,12.0,1085.0,-0.005,6.96528904378956,0.9468960011714944,33.0,501.0,9.67675744378204,23.0561430948996,1.716724913609606,36.05122318580173,447134721.0,0.0669911260781549,-0.6750000000000007,168.0,
1007466710,candidate,OFF_TARGET,11,1080,0.0025000000000000577,32.23013611475565,0.7365540388149588,60,466,65.6694635138666,89.1036041244096,2.2610455128989484,47.48195577087792,1007466588,0.11309484122920795,2.9827000000000012,194,
214681795,candidate,OFF_TARGET,12,1085,0.007500000000000062,92.78117690994233,0.9259876810440264,167,503,157.3606481005363,200.35198362860797,1.517909005390882,31.876089113208522,214681738,0.11572292780538744,-1.2314999999999987,73,
257824366,candidate,OFF_TARGET,12,1080,0.002500000000000058,63.9838021810491,0.8569439872218043,152,474,125.67452320952754,114.2468849481687,2.0380357358330694,42.79875045249446,256894290,0.2086825049276483,-3.0251,38,
165591122,candidate,OFF_TARGET,11,1080,-0.0025000000000000022,44.46078234166146,0.823276345153429,52,478,1.812741762319942,20.71500978816342,3.4103952338690413,71.61829991124986,990883448,0.5856915547153847,4.4001,84,"saturated star in cutout (TIC 165591132, Tmag 6.4) - bleed trails can carry its variability;"
318907244,candidate,ON_TARGET,7,1071,0.0050000000000000044,106.8325252008686,0.8647028183767238,62,434,76.60181739410937,6.156091441001523,0.25580506767911887,5.371906421261496,752400182,0.37067021174747505,2.585000000000001,25,
298866749,candidate,OFF_TARGET,12,1080,0.0,22.927266539535196,0.624917427921221,50,481,11.986619340320116,100.5071446932571,1.2149609264569268,25.51417945559546,298866750,0.19873686004457353,-3.1259000000000015,191,
294976780,candidate,ON_TARGET,9,1103,0.0050000000000000044,59.31447356712237,1.0,99,441,61.31532648147709,16.970301736198532,0.09711386071170247,2.039391074945752,294976803,0.8424987751394375,2.958400000000001,64,
318465653,candidate,OFF_TARGET,11,1080,0.0050000000000000044,52.238657495480545,0.8262491086133784,154,458,87.40518346110244,102.66567495609671,1.63541199524423,34.34365190012883,318465696,0.10531534267336726,-2.2932000000000006,823,
246576538,candidate,OFF_TARGET,13,1120,-0.0025000000000000022,54.57146992665762,0.9343011745640419,84,497,14.132764365073111,15.491286377156827,1.1819278474333037,24.82048479609938,246576485,0.05352153844213376,-2.2673000000000005,643,
114872594,candidate,OFF_TARGET,80,11147,0.0,44.671166899151295,0.5102504346705895,8,3547,-0.8241104569986567,16.833319122621234,5.2561994147104585,110.38018770891964,114872637,0.5714289937403981,1.2277000000000005,9,
80717380,candidate,OFF_TARGET,88,11717,-0.49750000000000005,34.85162806658887,0.8717701071807966,681,4685,24.149687184716917,31.395031384686707,2.159380021592295,45.3469804534382,80717418,0.06866532900750957,0.3987999999999996,19,
290218819,candidate,INCONCLUSIVE,13,1176,-0.007500000000000007,6.408303556017376,0.4547620745161451,22,531,1.426653390072376,5.318926927382525,1.0084985854381185,21.17847029420049,290218815,0.7600784554772401,-0.9689999999999994,23,dimming is spread across the cutout rather than one star (background/systematics) - source cannot be located
230116482,candidate,UNRESOLVED,79,19069,0.0050000000000000044,23.3834137177759,0.8306745009680816,473,4597,27.817135881507358,35.999039598628485,0.9017530646180006,18.936814356978015,230116480,0.20622505005091987,0.3188999999999993,14,a capable neighbour is as close to the dimming as the target
40574102,candidate,OFF_TARGET,81,8196,0.0,51.29013103318088,0.874947506220721,819,4309,19.34425665368948,121.98126373824249,1.5532643291585226,32.61855091232898,40574133,0.15290916326640777,2.0046999999999997,62,
330423835,candidate,OFF_TARGET,11,1080,0.0025000000000000577,30.687122766793586,0.9886952125510555,93,466,25.869127918396543,18.598325419014856,1.5570918223221293,32.69892826876472,330423822,0.13105128202307598,0.4016000000000002,256,
285475473,candidate,INCONCLUSIVE,12,1085,-0.007500000000000007,27.972388659567255,0.250835994241568,61,494,7.367979194124827,66.91704862748796,3.500435424241684,73.50914390907536,285475574,0.0351576683135488,0.6470000000000002,285,dimming is spread across the cutout rather than one star (background/systematics) - source cannot be located
418883704,candidate,INCONCLUSIVE,11,1080,0.29000000000000004,12.528405308019199,0.154040193736124,16,414,-2.1360489970001,31.320691523171106,3.228116477608385,67.79044602977608,418870362,0.290356808510742,3.5730000000000004,151,dimming is spread across the cutout rather than one star (background/systematics) - source cannot be located
388576061,candidate,INCONCLUSIVE,8,862,-0.010000000000000009,23.073047718939424,0.3887963077287425,22,382,6.399537404011885,9.505034075198491,3.748619983270419,78.7210196486788,388576008,0.4967224569675292,-1.3201,82,dimming is spread across the cutout rather than one star (background/systematics) - source cannot be located
467855166,candidate,INCONCLUSIVE,10,1106,0.03500000000000003,6.19707913152836,0.0,126,464,5.036141834781006,19.43026878778653,5.95935380145432,125.14642983054071,923404261,1.0061024694701333,6.2857,692,dimming is spread across the cutout rather than one star (background/systematics) - source cannot be located
258290731,candidate,INCONCLUSIVE,60,7697,-0.0050000000000000044,8.291796877264236,0.8675392123885117,551,3384,1.3654068577309173,4.646680599425441,1.0157383834164078,21.330506051744564,258290729,0.38312380228715437,7.256900000000002,37,difference image too weak to locate the source
356014887,candidate,INCONCLUSIVE,79,11438,-0.4475,3.7139437494358805,,,,,,,,,,,,the light curve itself shows no clear eclipse in this sector
341241815,candidate,UNRESOLVED,81,8177,0.007500000000000062,8.496803993014629,0.7553430308318978,944,4377,0.8530421681632031,5.210534582295779,0.8143257369971137,17.10084047693939,341241808,0.5598877953005578,6.7635000000000005,37,a capable neighbour is as close to the dimming as the target
334485117,candidate,OFF_TARGET,57,10790,0.05500000000000005,542.2217966952063,0.8419361657574848,1439,4320,184.98866077465942,241.48080169039517,2.0766549373953795,43.60975368530297,334485096,0.14833232374495608,-0.44619999999999926,15,
59603820,candidate,ON_TARGET,8,861,0.0,111.45376731351982,0.8537943143659158,12,400,106.83815487549768,23.993738437627446,0.20606060487476802,4.327272702370128,59603839,2.2880453444495044,1.3952000000000009,3,
229490432,candidate,ON_TARGET,79,18790,0.007500000000000061,73.80316218073955,0.7972797285807867,878,4616,135.93628923219512,82.72652232995948,0.1567759103398061,3.2922941171359277,1884311093,0.9903667314975241,4.461499999999999,17,
78817261,candidate,OFF_TARGET,7,1071,0.0,72.01967727425398,0.8422867115871446,24,410,42.99120127442896,111.8540503515968,4.118298938995893,86.48427771891375,746425945,0.11015467892597859,-6.151730000000001,47,
446838667,candidate,OFF_TARGET,9,1103,0.0,114.54139922765475,0.8629069259701251,44,456,72.74280440716089,124.61375154995024,1.3624465139510276,28.61137679297158,446831194,0.12374690312572802,1.0505999999999993,35,
319988008,candidate,OFF_TARGET,11,1080,-0.0025000000000000022,38.647481851198,0.892732756243219,192,441,49.512056517589194,42.19913860478912,1.6406568978857703,34.453794855601174,319988038,0.11457143984821525,-2.5458999999999996,136,
221066136,candidate,OFF_TARGET,12,1086,-0.010000000000000009,83.0186219751151,0.8680567407867038,96,495,163.41577395626953,232.63894822736393,2.0931357854217656,43.955851493857075,1219214465,0.12412611093455826,1.7386,382,
290114000,candidate,OFF_TARGET,12,1074,-0.0025000000000000022,49.71534576456336,0.8293077840662062,95,479,44.25088425116878,138.9531108747904,1.2415243217808687,26.072010757398242,290113985,0.1855835987921607,-1.8953000000000007,126,
313684677,candidate,ON_TARGET,11,1080,0.0050000000000000044,40.517863065679386,1.0,36,472,4.599395920323843,13.086043086255115,0.12092307991110746,2.5393846781332567,313684682,0.16944581708677586,1.565100000000001,264,
87538041,candidate,UNRESOLVED,13,1176,-0.012500000000000011,14.437115084262535,0.940932993470845,222,413,4.685462497960715,16.4126770157556,0.7264560010952317,15.255576022999865,1695706481,0.11901662523364526,3.4628999999999994,414,a capable neighbour is as close to the dimming as the target
230458415,candidate,OFF_TARGET,12,1054,-0.0025000000000000022,13.41125060565542,0.9150148168177641,115,480,13.115122681705909,46.90372218563878,2.0072925640609087,42.15314384527908,230458414,0.08027612066469503,-1.0913000000000004,479,
214672965,candidate,INCONCLUSIVE,12,1085,0.0025000000000000577,29.470203026586375,0.0,44,468,20.599950179473847,9.603247208870204,7.522261126918771,157.9674836652942,214673192,2.4295285213631543,1.4296999999999986,354,dimming is spread across the cutout rather than one star (background/systematics) - source cannot be located
442551080,candidate,INCONCLUSIVE,9,1103,-0.012500000000000011,4.579760091495771,,,,,,,,,,,,the light curve itself shows no clear eclipse in this sector
1007259218,candidate,ON_TARGET,11,1080,-0.007500000000000007,25.62361278928364,0.903260636001072,30,459,19.46266303471314,23.281708142670798,0.12057880649889442,2.532154936476783,341171462,0.23448444066242222,-0.5992999999999995,326,
48178046,candidate,OFF_TARGET,7,1072,0.010000000000000009,28.44364230519893,0.8428699840685049,85,436,34.554362366244824,156.161456359195,1.92176251355473,40.35701278464933,48178038,0.12161997959925505,-0.9410000000000007,38,
467854305,candidate,INCONCLUSIVE,10,1106,-0.0025000000000000022,17.524406450113606,0.0,30,452,17.63531002720557,13.004220986605953,6.489835807716629,136.2865519620492,467854588,1.6807910196108815,2.4999000000000002,458,dimming is spread across the cutout rather than one star (background/systematics) - source cannot be located
411838663,candidate,OFF_TARGET,71,8825,0.0,33.94094682040992,0.8246527309279782,490,4214,19.198947453904566,52.15123327306776,2.108220596983291,44.27263253664911,411838671,0.13351264319434494,4.6631,15,
157654826,candidate,OFF_TARGET,7,1070,0.0,24.66516099188654,0.8146024927391291,22,440,15.97789797411629,10.889361330366652,3.1737865155906895,66.64951682740448,157654828,0.174126737547475,-3.2713,49,
169949222,candidate,INCONCLUSIVE,12,1085,-0.0050000000000000044,21.597065129958416,0.1624399185063303,46,468,0.5107199889054864,5.424974518027145,3.1786208115156818,66.75103704182932,1321749802,0.09371918028846583,4.161500000000002,751,dimming is spread across the cutout rather than one star (background/systematics) - source cannot be located
153816845,candidate,OFF_TARGET,12,1029,-0.0025000000000000022,24.04966618869194,0.827749093868076,169,449,14.251796668622573,65.24258967976942,2.6639256708800585,55.94243908848123,154051309,0.07294942405534921,-4.4893,161,
82378781,candidate,INCONCLUSIVE,10,1081,0.0,215.54440599930143,0.4873191162346866,10,409,3.3588090921519123,41.7099496462215,3.8302834055396993,80.43595151633369,82378757,0.7319034053636624,0.688699999999999,12,dimming is spread across the cutout rather than one star (background/systematics) - source cannot be located
376905285,candidate,OFF_TARGET,10,1106,-0.007500000000000007,237.13420937810952,0.8448719280694885,48,461,202.0419072189095,150.5855057571504,1.2594664790731498,26.448796060536147,376905300,0.08680172622716803,0.5747,10,
290129286,candidate,ON_TARGET,1,1032,0.0025000000000000577,47.04445562055794,0.8448800500094793,79,508,46.72896757135768,16.05325987651221,0.12490613104692075,2.623028751985336,290129279,4.375958800309411,1.0914000000000001,3,
342586820,candidate,ON_TARGET,11,1080,-0.0025000000000000022,120.91172510660626,0.9064703039254678,75,463,72.42315361421775,38.91108869350474,0.07509189238696207,1.5769297401262035,1006143852,0.14439061562541317,1.7963000000000005,45,
153227379,candidate,UNRESOLVED,12,1029,-0.0050000000000000044,52.61025579481415,0.7948368703011557,54,468,77.1690289493249,96.6444430619661,0.5834448845000396,12.252342574500831,153227400,0.04830049239433557,-0.17079999999999984,384,a capable neighbour is as close to the dimming as the target
229488142,candidate,UNRESOLVED,79,19066,0.0025000000000000577,28.95802104418819,0.7923632142921673,376,4480,27.194259465077256,9.61923659293639,0.18489950097340294,3.8828895204414615,1884193280,0.17756277543643767,3.2813999999999997,26,a capable neighbour is as close to the dimming as the target
308473067,candidate,OFF_TARGET,11,1080,0.33000000000000007,9.915379951235888,0.7754595795602005,60,466,7.392268709468759,8.64993440007542,3.212339110397368,67.45912131834473,308472961,0.1405941702236676,-5.1814,319,
237307453,candidate,INCONCLUSIVE,85,10728,0.0,11.698927995656213,0.29515408615395405,74,4847,14.86087404436441,10.59661755325708,5.899025928059862,123.8795444892571,237305633,2.0325079928536063,1.9985999999999997,13,dimming is spread across the cutout rather than one star (background/systematics) - source cannot be located
230458181,candidate,INCONCLUSIVE,12,1054,0.0,24.404514976198065,0.0,32,473,0.36077355050664234,54.69701893591519,2.7203732455085694,57.12783815567996,1237390721,0.14954063453249136,3.3542999999999985,534,dimming is spread across the cutout rather than one star (background/systematics) - source cannot be located
457555870,candidate,OFF_TARGET,11,1080,0.0,35.48466488423975,0.8849903439418014,17,472,5.6673405551715055,29.890303863544318,1.6402935774209475,34.4461651258399,457555833,0.18381734486598295,-3.0473,190,
447076072,candidate,OFF_TARGET,12,1086,0.007500000000000062,19.98170304289572,0.8488310489795067,81,489,32.55679002583819,132.3222881965837,2.044240452708217,42.92904950687256,447076048,0.04837834808889144,-2.9951000000000008,100,
441263248,candidate,INCONCLUSIVE,,,,,,,,,,,,,,,,sector 101: only 0 light-curve points inside it
442550825,candidate,OFF_TARGET,9,1103,0.0,34.45022946575121,0.9492960259911316,10,437,7.623346025557259,102.82193965688417,2.438312480292532,51.20456208614317,442558108,0.17381466762052722,-1.6798000000000002,125,
341471277,candidate,UNRESOLVED,12,1085,0.0,40.44519648151781,0.9166491435102813,46,505,98.3672118043944,41.75751114364403,0.993621621030935,20.866054041649633,341471315,0.034356212887252234,1.330499999999999,141,a capable neighbour is as close to the dimming as the target
221066179,candidate,OFF_TARGET,12,1086,-0.012500000000000011,24.858372755971516,0.7962648553140249,139,494,26.125903772744987,234.236135743707,3.6129652513427284,75.87227027819729,1219214465,0.11040560425524777,1.7039000000000009,938,
300267162,candidate,OFF_TARGET,12,1085,0.0,30.466037980133272,0.7986760792752865,87,481,10.030668069564246,16.364816856843166,3.124241305726625,65.60906742025912,1240370598,0.17458470527750997,-8.801,774,
65409906,candidate,INCONCLUSIVE,7,1071,-0.0025000000000000022,18.71667161973132,0.3241259837788057,24,439,21.81909932970611,25.054495217171876,6.082387052784286,127.73012810847001,781161580,1.1931898353134878,3.4778000000000002,82,dimming is spread across the cutout rather than one star (background/systematics) - source cannot be located
467856038,candidate,INCONCLUSIVE,10,1106,0.007500000000000061,2.5787330392204555,,,,,,,,,,,,the light curve itself shows no clear eclipse in this sector
446838709,candidate,OFF_TARGET,9,1103,-0.010000000000000009,9.924660644986849,0.9119596558504813,57,461,1.481308423986341,63.52835631083969,2.0453259525182013,42.95184500288222,863339077,0.07140944918216117,2.8307,254,
