TIC,Tmag,status,author_used,n_sectors,n_points,authors_tried,error
224291351,10.58,OK,TESS-SPOC,1,6421,TESS-SPOC,
453937711,12.96,OK,GSFC-ELEANOR-LITE,2,2188,GSFC-ELEANOR-LITE,
326260517,12.03,OK,QLP,39,240405,QLP,
236345227,12.85,OK,TESS-SPOC,4,5915,TESS-SPOC,
230275619,11.62,OK,TESS-SPOC,3,8089,TESS-SPOC,
375578998,12.11,OK,QLP,2,13705,QLP,
73561499,11.46,OK,QLP,5,23163,QLP,
158495042,12.81,OK,QLP,11,75449,QLP,
79419093,12.12,OK,QLP,4,20048,QLP,
349477745,12.08,OK,TESS-SPOC,24,46905,TESS-SPOC,
86968460,11.95,OK,GSFC-ELEANOR-LITE,1,1177,GSFC-ELEANOR-LITE,
250630820,11.18,OK,TESS-SPOC,1,991,TESS-SPOC,
220426670,7.84,OK,SPOC,1,14740,SPOC,
394420407,12.35,OK,QLP,3,25464,QLP,
183517039,10.88,OK,QLP,6,50883,QLP,
341194762,10.84,OK,GSFC-ELEANOR-LITE,3,3073,GSFC-ELEANOR-LITE,
399550694,9.52,OK,TESS-SPOC,1,7042,TESS-SPOC,
96965237,9.71,OK,SPOC,1,13326,SPOC,
427332229,11.02,OK,SPOC,1,10987,SPOC,
466062107,13.03,OK,GSFC-ELEANOR-LITE,2,2188,GSFC-ELEANOR-LITE,
111392188,12.0,OK,QLP,2,15006,QLP,
444461874,12.05,OK,QLP,6,32262,QLP,
430248214,12.89,OK,GSFC-ELEANOR-LITE,1,1086,GSFC-ELEANOR-LITE,
59633038,13.0,OK,QLP,8,56714,QLP,
76879277,11.61,OK,QLP,5,28021,QLP,
402613330,8.2,OK,SPOC,2,25377,SPOC,
383290559,12.9,OK,GSFC-ELEANOR-LITE,3,3073,GSFC-ELEANOR-LITE,
90463574,12.35,OK,QLP,8,46615,QLP,
366749440,8.29,OK,TESS-SPOC,4,27824,TESS-SPOC,
66732476,12.48,OK,TESS-SPOC,1,3316,TESS-SPOC,
118352931,11.96,OK,QLP,3,30841,QLP,
278233128,12.6,OK,QLP,3,18292,QLP,
342315249,10.69,OK,TESS-SPOC,10,44919,TESS-SPOC,
264273483,11.78,OK,GSFC-ELEANOR-LITE,1,1029,GSFC-ELEANOR-LITE,
273158289,12.92,OK,GSFC-ELEANOR-LITE,1,1081,GSFC-ELEANOR-LITE,
142837818,10.64,OK,GSFC-ELEANOR-LITE,1,1072,GSFC-ELEANOR-LITE,
437150434,11.94,OK,TESS-SPOC,1,3368,TESS-SPOC,
378067576,12.62,OK,QLP,5,23440,QLP,
313705269,11.25,OK,SPOC,1,7846,SPOC,
370596397,12.38,OK,QLP,3,23519,QLP,
43333100,9.46,OK,TESS-SPOC,1,7633,TESS-SPOC,
403645199,9.48,OK,TESS-SPOC,1,6713,TESS-SPOC,
273854781,11.15,OK,QLP,3,21377,QLP,
193621561,12.95,OK,QLP,9,65919,QLP,
229497968,11.96,OK,QLP,42,244035,QLP,
239727049,13.0,OK,QLP,8,52448,QLP,
309240602,12.91,OK,QLP,2,12795,QLP,
31717527,8.14,OK,TESS-SPOC,1,10172,TESS-SPOC,
367167782,12.58,OK,QLP,6,31261,QLP,
111149941,10.05,OK,TESS-SPOC,1,1521,TESS-SPOC,
318928219,12.98,OK,GSFC-ELEANOR-LITE,1,1081,GSFC-ELEANOR-LITE,
433770378,9.91,OK,TESS-SPOC,1,7758,TESS-SPOC,
333745611,13.0,OK,GSFC-ELEANOR-LITE,1,964,GSFC-ELEANOR-LITE,
181674559,12.18,OK,GSFC-ELEANOR-LITE,2,1966,GSFC-ELEANOR-LITE,
229685062,10.95,OK,TESS-SPOC,17,152531,TESS-SPOC,
235555541,12.14,OK,TESS-SPOC,7,20166,TESS-SPOC,
446487595,12.32,OK,QLP,2,22238,QLP,
258270250,12.67,OK,QLP,9,50427,QLP,
355981677,12.73,OK,QLP,3,25483,QLP,
358453926,11.84,OK,GSFC-ELEANOR-LITE,2,2211,GSFC-ELEANOR-LITE,
203279104,7.26,OK,TESS-SPOC,2,10678,TESS-SPOC,
183663600,12.28,OK,GSFC-ELEANOR-LITE,1,862,GSFC-ELEANOR-LITE,
373702198,10.96,OK,TESS-SPOC,1,6434,TESS-SPOC,
35877600,12.9,OK,GSFC-ELEANOR-LITE,1,1051,GSFC-ELEANOR-LITE,
311062286,12.61,OK,QLP,3,21850,QLP,
333584947,10.92,OK,QLP,3,30682,QLP,
397004767,10.99,OK,QLP,5,20382,QLP,
40701396,12.06,OK,GSFC-ELEANOR-LITE,1,1086,GSFC-ELEANOR-LITE,
138407805,11.16,OK,TESS-SPOC,4,10618,TESS-SPOC,
44533833,10.98,OK,TESS-SPOC,1,7384,TESS-SPOC,
467213914,13.01,OK,QLP,19,140732,QLP,
366004177,11.25,OK,GSFC-ELEANOR-LITE,1,1177,GSFC-ELEANOR-LITE,
20817046,7.32,OK,TESS-SPOC,3,25380,TESS-SPOC,
411513993,12.79,OK,GSFC-ELEANOR-LITE,2,2165,GSFC-ELEANOR-LITE,
342332744,12.36,OK,QLP,8,52084,QLP,
222712042,12.87,OK,QLP,2,12952,QLP,
411434067,12.91,OK,QLP,2,22258,QLP,
93197394,12.09,OK,GSFC-ELEANOR-LITE,2,1966,GSFC-ELEANOR-LITE,
180251856,12.47,OK,QLP,2,13110,QLP,
29495157,12.71,OK,TESS-SPOC,1,1175,TESS-SPOC,
43796359,8.16,OK,QLP,5,29709,QLP,
251903236,11.73,OK,QLP,1,2654,QLP,
469308938,9.77,OK,TESS-SPOC,2,22215,TESS-SPOC,
224650490,12.98,OK,QLP,5,20380,QLP,
153080360,10.74,OK,SPOC,1,14902,SPOC,
387142107,12.7,OK,GSFC-ELEANOR-LITE,1,904,GSFC-ELEANOR-LITE,
309672362,12.6,OK,GSFC-ELEANOR-LITE,1,1081,GSFC-ELEANOR-LITE,
330901906,12.15,OK,QLP,4,34792,QLP,
237094240,12.17,OK,TESS-SPOC,3,6588,TESS-SPOC,
376797272,12.15,OK,TESS-SPOC,2,12292,TESS-SPOC,
208358448,12.82,OK,GSFC-ELEANOR-LITE,1,1081,GSFC-ELEANOR-LITE,
174089663,11.99,OK,GSFC-ELEANOR-LITE,2,1934,GSFC-ELEANOR-LITE,
358892555,12.85,OK,QLP,4,19717,QLP,
60946457,12.81,OK,QLP,5,30418,QLP,
335504077,8.56,OK,SPOC,4,58901,SPOC,
159809844,12.94,OK,QLP,7,24277,QLP,
42217803,11.96,OK,GSFC-ELEANOR-LITE,1,1054,GSFC-ELEANOR-LITE,
282345650,10.97,OK,QLP,5,33070,QLP,
230270636,12.65,OK,QLP,4,19623,QLP,
399763709,11.19,OK,QLP,10,50910,QLP,
313931543,13.64,PROCESSING_ERROR,,0,0,CDIPS,The unit 'day' is unrecognized.  It can not be converted to other units.
230232986,13.61,OK,TASOC,2,2292,TASOC,
84713868,13.73,OK,TASOC,2,2292,TASOC,
374139336,13.14,OK,QLP,5,44998,QLP,
34044618,13.55,OK,GSFC-ELEANOR-LITE,1,1049,GSFC-ELEANOR-LITE,
72394047,13.68,PROCESSING_ERROR,,0,0,TASOC,"cannot reshape array of size 0 into shape (0,newaxis)"
154831114,13.59,OK,GSFC-ELEANOR-LITE,2,1934,GSFC-ELEANOR-LITE,
239757265,13.38,OK,QLP,8,52394,QLP,
296463994,13.12,OK,QLP,9,65847,QLP,
93608201,13.84,OK,GSFC-ELEANOR-LITE,1,1072,GSFC-ELEANOR-LITE,
150250315,13.27,OK,GSFC-ELEANOR-LITE,12,12295,GSFC-ELEANOR-LITE,
233460609,13.76,OK,TASOC,2,2148,TASOC,
43690105,13.43,OK,GSFC-ELEANOR-LITE,1,1046,GSFC-ELEANOR-LITE,
186143099,13.36,OK,GSFC-ELEANOR-LITE,1,862,GSFC-ELEANOR-LITE,
394085020,13.6,OK,GSFC-ELEANOR-LITE,1,1062,GSFC-ELEANOR-LITE,
313356920,13.32,OK,TESS-SPOC,2,2948,TESS-SPOC,
70382217,13.24,OK,QLP,5,30254,QLP,
64270945,13.62,NO_DATA,,0,0,,
87926455,13.52,NO_DATA,,0,0,,
237115819,13.38,OK,QLP,42,253891,QLP,
376023348,13.05,OK,QLP,13,96436,QLP,
231260455,13.62,OK,GSFC-ELEANOR-LITE,1,1054,GSFC-ELEANOR-LITE,
139853641,13.22,OK,GSFC-ELEANOR-LITE,1,1072,GSFC-ELEANOR-LITE,
414232493,13.49,OK,QLP,2,21660,QLP,
236791479,13.44,OK,QLP,31,219812,QLP,
335217393,13.48,OK,QLP,3,25719,QLP,
132203740,13.59,OK,GSFC-ELEANOR-LITE,2,2211,GSFC-ELEANOR-LITE,
47929727,13.49,OK,QLP,2,13236,QLP,
393915029,13.25,OK,GSFC-ELEANOR-LITE,1,862,GSFC-ELEANOR-LITE,
349697123,13.45,OK,QLP,7,50439,QLP,
269665647,13.07,OK,QLP,33,203316,QLP,
299130161,13.76,NO_DATA,,0,0,,
363736935,13.17,OK,QLP,4,28669,QLP,
12080822,13.43,OK,QLP,6,44901,QLP,
348337110,13.67,OK,GSFC-ELEANOR-LITE,1,1048,GSFC-ELEANOR-LITE,
218210390,13.83,OK,GSFC-ELEANOR-LITE,1,1056,GSFC-ELEANOR-LITE,
1421912603,13.75,NO_DATA,,0,0,,
10511594,13.57,NO_DATA,,0,0,,
417861102,13.84,OK,PATHOS,2,2229,PATHOS,
451541079,13.19,OK,GSFC-ELEANOR-LITE,2,2165,GSFC-ELEANOR-LITE,
257287171,13.76,OK,GSFC-ELEANOR-LITE,2,2167,GSFC-ELEANOR-LITE,
51796937,13.51,NO_DATA,,0,0,,
135346783,13.87,OK,GSFC-ELEANOR-LITE,1,1087,GSFC-ELEANOR-LITE,
323961620,13.43,OK,GSFC-ELEANOR-LITE,2,2188,GSFC-ELEANOR-LITE,
47219281,13.09,OK,QLP,6,47843,QLP,
295338154,13.63,OK,GSFC-ELEANOR-LITE,1,1081,GSFC-ELEANOR-LITE,
234073743,13.42,OK,GSFC-ELEANOR-LITE,1,904,GSFC-ELEANOR-LITE,
147639214,13.82,OK,GSFC-ELEANOR-LITE,1,1072,GSFC-ELEANOR-LITE,
153336799,13.57,OK,GSFC-ELEANOR-LITE,2,1934,GSFC-ELEANOR-LITE,
241201125,13.56,NO_DATA,,0,0,,
279166510,13.47,OK,QLP,8,62140,QLP,
216742782,13.35,OK,QLP,5,23445,QLP,
256934833,13.65,NO_DATA,,0,0,,
462781855,13.76,OK,GSFC-ELEANOR-LITE,2,2211,GSFC-ELEANOR-LITE,
385450616,13.37,OK,QLP,4,16507,QLP,
244980174,13.57,NO_DATA,,0,0,,
256515125,13.59,PROCESSING_ERROR,,0,0,TASOC,"cannot reshape array of size 0 into shape (0,newaxis)"
138362838,13.37,OK,QLP,9,60873,QLP,
176255016,13.24,OK,TESS-SPOC,2,5215,TESS-SPOC,
338475617,13.56,DOWNLOAD_ERROR,,0,0,TARS,Error in reading Data product C:\Users\Admin\.cache\lightkurve\mastDownload\HLSP\hlsp_tars_tess_ffi_s0053-0000000338475617_tess\hlsp_tars_tess_ffi_s0053-0000000338475617_tess_v01_lc.fits of type gener
355228225,13.23,OK,GSFC-ELEANOR-LITE,3,3073,GSFC-ELEANOR-LITE,
233415701,13.29,OK,SPOC,10,163220,SPOC,
253168781,13.43,OK,GSFC-ELEANOR-LITE,1,1081,GSFC-ELEANOR-LITE,
166275439,13.57,NO_DATA,,0,0,,
281286325,13.44,OK,SPOC,3,48132,SPOC,
165500822,13.6,PROCESSING_ERROR,,0,0,TASOC,"cannot reshape array of size 0 into shape (0,newaxis)"
255964136,13.65,OK,GSFC-ELEANOR-LITE,1,1081,GSFC-ELEANOR-LITE,
383767904,13.51,OK,GSFC-ELEANOR-LITE,1,962,GSFC-ELEANOR-LITE,
331023501,13.08,OK,GSFC-ELEANOR-LITE,2,2164,GSFC-ELEANOR-LITE,
228353254,13.63,NO_DATA,,0,0,,
280490331,13.77,OK,GSFC-ELEANOR-LITE,2,2211,GSFC-ELEANOR-LITE,
144079288,13.61,OK,GSFC-ELEANOR-LITE,1,1086,GSFC-ELEANOR-LITE,
464366239,13.77,OK,GSFC-ELEANOR-LITE,2,2211,GSFC-ELEANOR-LITE,
42000662,13.53,OK,TASOC,2,1790,TASOC,
76139867,13.04,OK,QLP,6,44770,QLP,
308626100,13.17,OK,GSFC-ELEANOR-LITE,1,1081,GSFC-ELEANOR-LITE,
373696759,13.74,NO_DATA,,0,0,,
468601716,13.11,OK,QLP,11,70554,QLP,
356499723,13.36,OK,QLP,4,9923,QLP,
387839266,13.76,NO_DATA,,0,0,,
250684958,13.26,OK,QLP,3,23313,QLP,
80889140,13.7,NO_DATA,,0,0,,
298215657,13.31,OK,GSFC-ELEANOR-LITE,1,1104,GSFC-ELEANOR-LITE,
329691265,13.13,OK,GSFC-ELEANOR-LITE,1,1081,GSFC-ELEANOR-LITE,
440115699,13.4,OK,QLP,2,20370,QLP,
100128388,13.63,NO_DATA,,0,0,,
382024699,13.11,OK,GSFC-ELEANOR-LITE,1,1053,GSFC-ELEANOR-LITE,
290958279,13.87,OK,GSFC-ELEANOR-LITE,1,1086,GSFC-ELEANOR-LITE,
87175731,13.36,OK,GSFC-ELEANOR-LITE,1,1177,GSFC-ELEANOR-LITE,
133776248,13.88,OK,CDIPS,1,2726,CDIPS,
136191877,13.14,OK,QLP,6,39395,QLP,
22206966,13.38,OK,QLP,5,32435,QLP,
294657132,13.39,OK,GSFC-ELEANOR-LITE,2,2188,GSFC-ELEANOR-LITE,
386140833,13.59,OK,GSFC-ELEANOR-LITE,1,1072,GSFC-ELEANOR-LITE,
89383957,13.18,OK,QLP,1,1237,QLP,
457801118,13.73,NO_DATA,,0,0,,
465390148,13.75,OK,GSFC-ELEANOR-LITE,2,2188,GSFC-ELEANOR-LITE,
43370478,13.15,OK,QLP,4,17353,QLP,
356056529,13.2,OK,QLP,5,22986,QLP,
442679755,13.44,OK,GSFC-ELEANOR-LITE,1,1081,GSFC-ELEANOR-LITE,
229612958,13.96,PROCESSING_ERROR,,0,0,TASOC,"cannot reshape array of size 0 into shape (0,newaxis)"
305125669,14.06,OK,GSFC-ELEANOR-LITE,1,1107,GSFC-ELEANOR-LITE,
466508331,14.08,OK,GSFC-ELEANOR-LITE,2,2188,GSFC-ELEANOR-LITE,
117158713,14.11,NO_DATA,,0,0,,
161095652,14.18,PROCESSING_ERROR,,0,0,CDIPS,The unit 'day' is unrecognized.  It can not be converted to other units.
307517618,14.02,NO_DATA,,0,0,,
2048673132,14.17,PROCESSING_ERROR,,0,0,CDIPS,The unit 'day' is unrecognized.  It can not be converted to other units.
403681426,14.07,NO_DATA,,0,0,,
464765654,14.2,OK,GSFC-ELEANOR-LITE,1,1070,GSFC-ELEANOR-LITE,
386206443,14.26,OK,GSFC-ELEANOR-LITE,1,1072,GSFC-ELEANOR-LITE,
67246159,14.1,NO_DATA,,0,0,,
145599042,14.2,OK,GSFC-ELEANOR-LITE,2,1966,GSFC-ELEANOR-LITE,
88102874,14.32,NO_DATA,,0,0,,
405257804,14.16,NO_DATA,,0,0,,
394004289,14.15,OK,TASOC,2,2292,TASOC,
393920926,14.18,OK,GSFC-ELEANOR-LITE,1,862,GSFC-ELEANOR-LITE,
452561655,14.35,NO_DATA,,0,0,,
414578031,13.9,NO_DATA,,0,0,,
275371226,14.2,NO_DATA,,0,0,,
468896309,14.15,NO_DATA,,0,0,,
13831700,14.2,OK,GSFC-ELEANOR-LITE,1,862,GSFC-ELEANOR-LITE,
63206701,14.04,PROCESSING_ERROR,,0,0,TASOC,"cannot reshape array of size 0 into shape (0,newaxis)"
373956357,14.31,NO_DATA,,0,0,,
142841561,14.01,OK,GSFC-ELEANOR-LITE,1,1072,GSFC-ELEANOR-LITE,
83726674,14.18,NO_DATA,,0,0,,
256180240,13.97,PROCESSING_ERROR,,0,0,TASOC,"cannot reshape array of size 0 into shape (0,newaxis)"
457570870,14.21,OK,GSFC-ELEANOR-LITE,2,2211,GSFC-ELEANOR-LITE,
219587275,14.16,NO_DATA,,0,0,,
10030816,14.15,NO_DATA,,0,0,,
62048731,14.0,OK,GSFC-ELEANOR-LITE,1,1147,GSFC-ELEANOR-LITE,
453958141,14.03,NO_DATA,,0,0,,
319686315,14.23,NO_DATA,,0,0,,
410918190,14.04,OK,GSFC-ELEANOR-LITE,2,2188,GSFC-ELEANOR-LITE,
286026002,14.07,NO_DATA,,0,0,,
260366193,14.03,PROCESSING_ERROR,,0,0,TASOC,"cannot reshape array of size 0 into shape (0,newaxis)"
341797047,14.27,OK,GSFC-ELEANOR-LITE,4,4145,GSFC-ELEANOR-LITE,
75629800,14.3,OK,GSFC-ELEANOR-LITE,2,1966,GSFC-ELEANOR-LITE,
149927541,14.03,PROCESSING_ERROR,,0,0,TASOC,"cannot reshape array of size 0 into shape (0,newaxis)"
308474943,14.04,OK,GSFC-ELEANOR-LITE,1,1081,GSFC-ELEANOR-LITE,
356276681,14.13,OK,QLP,4,29379,QLP,
66797025,13.94,NO_DATA,,0,0,,
271435617,14.33,NO_DATA,,0,0,,
170070402,13.93,NO_DATA,,0,0,,
151641120,14.17,NO_DATA,,0,0,,
242904663,14.29,NO_DATA,,0,0,,
334486363,14.12,NO_DATA,,0,0,,
126939797,14.3,OK,TASOC,2,1712,TASOC,
9964969,13.92,OK,GSFC-ELEANOR-LITE,1,963,GSFC-ELEANOR-LITE,
366842270,14.26,NO_DATA,,0,0,,
425075553,14.1,DOWNLOAD_ERROR,,0,0,TARS,Error in reading Data product C:\Users\Admin\.cache\lightkurve\mastDownload\HLSP\hlsp_tars_tess_ffi_s0042-0000000425075553_tess\hlsp_tars_tess_ffi_s0042-0000000425075553_tess_v01_lc.fits of type gener
14001269,14.36,OK,GSFC-ELEANOR-LITE,1,1124,GSFC-ELEANOR-LITE,
55587172,14.29,OK,GSFC-ELEANOR-LITE,1,1072,GSFC-ELEANOR-LITE,
1967958719,14.19,NO_DATA,,0,0,,
67408849,13.95,OK,GSFC-ELEANOR-LITE,2,2165,GSFC-ELEANOR-LITE,
359149543,13.93,NO_DATA,,0,0,,
220148279,14.02,OK,GSFC-ELEANOR-LITE,1,904,GSFC-ELEANOR-LITE,
383120828,14.18,NO_DATA,,0,0,,
208502852,14.22,NO_DATA,,0,0,,
157099770,14.0,NO_DATA,,0,0,,
43901938,13.97,OK,GSFC-ELEANOR-LITE,1,1124,GSFC-ELEANOR-LITE,
261074799,14.32,NO_DATA,,0,0,,
423233335,13.91,NO_DATA,,0,0,,
73180604,14.26,OK,GSFC-ELEANOR-LITE,1,1080,GSFC-ELEANOR-LITE,
229785541,14.24,NO_DATA,,0,0,,
470029986,14.31,DOWNLOAD_ERROR,,0,0,TARS,Error in reading Data product C:\Users\Admin\.cache\lightkurve\mastDownload\HLSP\hlsp_tars_tess_ffi_s0039-0000000470030025_tess\hlsp_tars_tess_ffi_s0039-0000000470030025_tess_v01_lc.fits of type gener
91599324,14.21,OK,GSFC-ELEANOR-LITE,1,904,GSFC-ELEANOR-LITE,
319830439,14.34,NO_DATA,,0,0,,
43316524,14.24,NO_DATA,,0,0,,
146608979,14.16,OK,GSFC-ELEANOR-LITE,2,2189,GSFC-ELEANOR-LITE,
240178745,14.34,OK,TASOC,2,1940,TASOC,
457863226,14.15,OK,GSFC-ELEANOR-LITE,2,2211,GSFC-ELEANOR-LITE,
3959001,13.96,OK,GSFC-ELEANOR-LITE,1,798,GSFC-ELEANOR-LITE,
377799443,14.06,PROCESSING_ERROR,,0,0,TASOC,"cannot reshape array of size 0 into shape (0,newaxis)"
348329290,14.0,NO_DATA,,0,0,,
54302698,14.12,NO_DATA,,0,0,,
142276339,14.11,PROCESSING_ERROR,,0,0,TASOC,"cannot reshape array of size 0 into shape (0,newaxis)"
217034661,14.25,NO_DATA,,0,0,,
100128445,14.28,NO_DATA,,0,0,,
265527807,14.18,OK,GSFC-ELEANOR-LITE,1,1062,GSFC-ELEANOR-LITE,
291156885,14.36,NO_DATA,,0,0,,
513014562,14.17,NO_DATA,,0,0,,
391093942,14.34,NO_DATA,,0,0,,
229770046,14.05,PROCESSING_ERROR,,0,0,TASOC,"cannot reshape array of size 0 into shape (0,newaxis)"
335026399,14.33,OK,PATHOS,3,3468,"CDIPS,PATHOS",
304809821,14.17,OK,GSFC-ELEANOR-LITE,2,2188,GSFC-ELEANOR-LITE,
366665638,14.19,NO_DATA,,0,0,,
371619957,14.16,NO_DATA,,0,0,,
119459681,14.09,OK,GSFC-ELEANOR-LITE,1,903,GSFC-ELEANOR-LITE,
264300229,14.02,NO_DATA,,0,0,,
377920315,14.27,PROCESSING_ERROR,,0,0,TASOC,"cannot reshape array of size 0 into shape (0,newaxis)"
453810717,14.33,OK,GSFC-ELEANOR-LITE,1,962,GSFC-ELEANOR-LITE,
158329671,13.94,OK,GSFC-ELEANOR-LITE,1,1101,GSFC-ELEANOR-LITE,
60234259,14.33,OK,GSFC-ELEANOR-LITE,1,903,GSFC-ELEANOR-LITE,
298052582,14.15,PROCESSING_ERROR,,0,0,TASOC,"cannot reshape array of size 0 into shape (0,newaxis)"
145905547,14.36,OK,GSFC-ELEANOR-LITE,2,1934,GSFC-ELEANOR-LITE,
192855782,14.01,OK,GSFC-ELEANOR-LITE,2,2167,GSFC-ELEANOR-LITE,
71268733,14.28,NO_DATA,,0,0,,
8084396,14.23,OK,TASOC,2,2292,TASOC,
647002004,14.21,OK,QLP,3,22957,QLP,
457635413,14.33,NO_DATA,,0,0,,
150250239,14.59,OK,GSFC-ELEANOR-LITE,12,12295,GSFC-ELEANOR-LITE,
46387913,14.44,OK,GSFC-ELEANOR-LITE,1,903,GSFC-ELEANOR-LITE,
146204013,14.7,OK,GSFC-ELEANOR-LITE,2,1966,GSFC-ELEANOR-LITE,
33091659,14.38,OK,GSFC-ELEANOR-LITE,1,1072,GSFC-ELEANOR-LITE,
318916172,14.58,OK,GSFC-ELEANOR-LITE,1,1081,GSFC-ELEANOR-LITE,
71927676,14.41,NO_DATA,,0,0,,
188337079,14.43,NO_DATA,,0,0,,
68304700,14.53,OK,QLP,5,33756,QLP,
120037212,14.49,OK,GSFC-ELEANOR-LITE,1,1177,GSFC-ELEANOR-LITE,
386512970,14.5,OK,GSFC-ELEANOR-LITE,1,1104,GSFC-ELEANOR-LITE,
329182885,14.46,PROCESSING_ERROR,,0,0,TASOC,"cannot reshape array of size 0 into shape (0,newaxis)"
380965656,14.37,NO_DATA,,0,0,,
196227720,14.64,OK,QLP,7,63111,QLP,
1956100031,14.46,OK,TASOC,4,3700,TASOC,
316236490,14.52,OK,GSFC-ELEANOR-LITE,2,2188,GSFC-ELEANOR-LITE,
93198521,14.54,OK,GSFC-ELEANOR-LITE,2,1966,GSFC-ELEANOR-LITE,
172880645,14.52,NO_DATA,,0,0,,
297403541,14.45,NO_DATA,,0,0,,
367820299,14.47,NO_DATA,,0,0,,
323775614,14.53,OK,GSFC-ELEANOR-LITE,2,2188,GSFC-ELEANOR-LITE,
451940699,14.53,PROCESSING_ERROR,,0,0,CDIPS,The unit 'day' is unrecognized.  It can not be converted to other units.
360124630,14.37,OK,GSFC-ELEANOR-LITE,2,2211,GSFC-ELEANOR-LITE,
229760858,14.47,OK,TASOC,2,2032,TASOC,
219577874,14.56,NO_DATA,,0,0,,
303470667,14.52,OK,GSFC-ELEANOR-LITE,1,1177,GSFC-ELEANOR-LITE,
84374009,14.53,NO_DATA,,0,0,,
345297138,14.69,NO_DATA,,0,0,,
459445841,14.38,NO_DATA,,0,0,,
345139941,14.49,PROCESSING_ERROR,,0,0,CDIPS,The unit 'day' is unrecognized.  It can not be converted to other units.
255798096,14.72,NO_DATA,,0,0,,
276121342,14.61,NO_DATA,,0,0,,
247647672,14.51,OK,GSFC-ELEANOR-LITE,1,1048,GSFC-ELEANOR-LITE,
516258268,14.4,NO_DATA,,0,0,,
262775292,14.56,OK,GSFC-ELEANOR-LITE,1,1029,GSFC-ELEANOR-LITE,
348901745,14.72,OK,GSFC-ELEANOR-LITE,1,862,GSFC-ELEANOR-LITE,
127319649,14.44,OK,GSFC-ELEANOR-LITE,1,960,GSFC-ELEANOR-LITE,
395250686,14.4,NO_DATA,,0,0,,
463169440,14.68,OK,GSFC-ELEANOR-LITE,1,1032,GSFC-ELEANOR-LITE,
130163890,14.44,NO_DATA,,0,0,,
102598649,14.66,NO_DATA,,0,0,,
188895121,14.71,NO_DATA,,0,0,,
320474615,14.4,OK,GSFC-ELEANOR-LITE,1,1072,GSFC-ELEANOR-LITE,
229736831,14.65,PROCESSING_ERROR,,0,0,TASOC,"cannot reshape array of size 0 into shape (0,newaxis)"
70812373,14.59,NO_DATA,,0,0,,
311320974,14.53,NO_DATA,,0,0,,
261629937,14.44,DOWNLOAD_ERROR,,0,0,TARS,Error in reading Data product C:\Users\Admin\.cache\lightkurve\mastDownload\HLSP\hlsp_tars_tess_ffi_s0054-0000000261629959_tess\hlsp_tars_tess_ffi_s0054-0000000261629959_tess_v01_lc.fits of type gener
420219026,14.72,NO_DATA,,0,0,,
405097003,14.6,NO_DATA,,0,0,,
310823787,14.38,NO_DATA,,0,0,,
391678173,14.65,NO_DATA,,0,0,,
272051395,14.72,NO_DATA,,0,0,,
361568408,14.38,OK,GSFC-ELEANOR-LITE,1,1086,GSFC-ELEANOR-LITE,
102549137,14.57,OK,GSFC-ELEANOR-LITE,1,904,GSFC-ELEANOR-LITE,
239902853,14.53,NO_DATA,,0,0,,
165987273,14.7,NO_DATA,,0,0,,
394015319,14.48,NO_DATA,,0,0,,
313569577,14.49,OK,GSFC-ELEANOR-LITE,1,1081,GSFC-ELEANOR-LITE,
417497411,14.51,NO_DATA,,0,0,,
338704161,14.71,NO_DATA,,0,0,,
137091217,14.57,OK,Kepler,17,64794,Kepler,
304889252,14.71,OK,GSFC-ELEANOR-LITE,2,2188,GSFC-ELEANOR-LITE,
44448395,14.7,OK,GSFC-ELEANOR-LITE,1,1100,GSFC-ELEANOR-LITE,
408688061,14.37,NO_DATA,,0,0,,
239101225,14.48,NO_DATA,,0,0,,
467851846,14.58,OK,GSFC-ELEANOR-LITE,2,2188,GSFC-ELEANOR-LITE,
307392778,14.59,OK,GSFC-ELEANOR-LITE,1,1072,GSFC-ELEANOR-LITE,
166406052,14.63,NO_DATA,,0,0,,
468471467,14.45,NO_DATA,,0,0,,
366930898,14.6,NO_DATA,,0,0,,
69497120,14.53,NO_DATA,,0,0,,
213645216,14.63,NO_DATA,,0,0,,
465334376,14.4,OK,GSFC-ELEANOR-LITE,2,2188,GSFC-ELEANOR-LITE,
285301235,14.68,NO_DATA,,0,0,,
278127716,14.53,OK,GSFC-ELEANOR-LITE,1,1113,GSFC-ELEANOR-LITE,
90158182,14.64,OK,GSFC-ELEANOR-LITE,1,1177,GSFC-ELEANOR-LITE,
423553597,14.47,NO_DATA,,0,0,,
267600122,14.4,OK,GSFC-ELEANOR-LITE,3,3038,GSFC-ELEANOR-LITE,
249793248,14.37,NO_DATA,,0,0,,
322089858,14.51,OK,TASOC,2,2292,TASOC,
121520099,14.57,NO_DATA,,0,0,,
86818092,14.7,DOWNLOAD_ERROR,,0,0,TARS,Error in reading Data product C:\Users\Admin\.cache\lightkurve\mastDownload\HLSP\hlsp_tars_tess_ffi_s0014-0000000086818103_tess\hlsp_tars_tess_ffi_s0014-0000000086818103_tess_v01_lc.fits of type gener
19938261,14.42,OK,GSFC-ELEANOR-LITE,1,1072,GSFC-ELEANOR-LITE,
48597862,14.6,NO_DATA,,0,0,,
366138850,14.64,NO_DATA,,0,0,,
40236726,14.39,NO_DATA,,0,0,,
451043397,14.46,OK,GSFC-ELEANOR-LITE,1,1084,GSFC-ELEANOR-LITE,
458301068,14.71,OK,GSFC-ELEANOR-LITE,1,1107,GSFC-ELEANOR-LITE,
390730434,14.4,NO_DATA,,0,0,,
464070511,14.68,OK,GSFC-ELEANOR-LITE,2,2211,GSFC-ELEANOR-LITE,
233544437,14.63,NO_DATA,,0,0,,
385261316,14.71,NO_DATA,,0,0,,
468649109,14.61,NO_DATA,,0,0,,
421972575,14.72,NO_DATA,,0,0,,
199617844,14.56,OK,TASOC,4,4472,TASOC,
386850204,14.4,OK,GSFC-ELEANOR-LITE,1,1104,GSFC-ELEANOR-LITE,
359416551,14.67,OK,TASOC,2,2292,TASOC,
277951730,14.44,NO_DATA,,0,0,,
162965799,14.41,OK,GSFC-ELEANOR-LITE,1,1029,GSFC-ELEANOR-LITE,
385172967,14.72,OK,GSFC-ELEANOR-LITE,2,2211,GSFC-ELEANOR-LITE,
379052292,14.43,NO_DATA,,0,0,,
55462736,14.93,OK,GSFC-ELEANOR-LITE,1,1148,GSFC-ELEANOR-LITE,
417492883,14.8,OK,TASOC,3,15763,TASOC,
125900581,14.88,OK,GSFC-ELEANOR-LITE,1,1072,GSFC-ELEANOR-LITE,
125356758,14.98,OK,GSFC-ELEANOR-LITE,1,1072,GSFC-ELEANOR-LITE,
351965208,14.74,NO_DATA,,0,0,,
207754858,14.76,OK,GSFC-ELEANOR-LITE,1,1086,GSFC-ELEANOR-LITE,
458340718,14.73,OK,GSFC-ELEANOR-LITE,1,1107,GSFC-ELEANOR-LITE,
64652555,14.88,NO_DATA,,0,0,,
160130060,14.84,OK,GSFC-ELEANOR-LITE,1,1029,GSFC-ELEANOR-LITE,
412633548,14.99,OK,GSFC-ELEANOR-LITE,1,1081,GSFC-ELEANOR-LITE,
2011335425,14.98,DOWNLOAD_ERROR,,0,0,TARS,Error in reading Data product C:\Users\Admin\.cache\lightkurve\mastDownload\HLSP\hlsp_tars_tess_ffi_s0015-0000000417205412_tess\hlsp_tars_tess_ffi_s0015-0000000417205412_tess_v01_lc.fits of type gener
147410827,14.97,OK,GSFC-ELEANOR-LITE,2,2189,GSFC-ELEANOR-LITE,
146939207,14.95,OK,GSFC-ELEANOR-LITE,2,2189,GSFC-ELEANOR-LITE,
264403082,14.93,NO_DATA,,0,0,,
46873158,14.98,NO_DATA,,0,0,,
385152027,14.81,NO_DATA,,0,0,,
22227414,14.79,PROCESSING_ERROR,,0,0,TASOC,"cannot reshape array of size 0 into shape (0,newaxis)"
309674872,14.92,OK,GSFC-ELEANOR-LITE,1,1081,GSFC-ELEANOR-LITE,
1271119061,14.94,PROCESSING_ERROR,,0,0,TASOC,"cannot reshape array of size 0 into shape (0,newaxis)"
239883893,14.93,PROCESSING_ERROR,,0,0,CDIPS,The unit 'day' is unrecognized.  It can not be converted to other units.
20203754,14.81,NO_DATA,,0,0,,
233679637,14.99,NO_DATA,,0,0,,
394871046,15.0,NO_DATA,,0,0,,
57109349,14.84,OK,GSFC-ELEANOR-LITE,1,1147,GSFC-ELEANOR-LITE,
235808533,14.83,NO_DATA,,0,0,,
100404140,14.99,NO_DATA,,0,0,,
356451290,14.96,OK,GSFC-ELEANOR-LITE,3,3292,GSFC-ELEANOR-LITE,
339919194,14.86,NO_DATA,,0,0,,
273015082,14.83,OK,GSFC-ELEANOR-LITE,1,1134,GSFC-ELEANOR-LITE,
319485583,14.84,OK,GSFC-ELEANOR-LITE,2,2188,GSFC-ELEANOR-LITE,
239187638,14.9,OK,QLP,6,32907,QLP,
344508608,14.79,NO_DATA,,0,0,,
236322307,14.79,NO_DATA,,0,0,,
622763988,14.82,NO_DATA,,0,0,,
24622856,14.87,OK,GSFC-ELEANOR-LITE,2,1962,GSFC-ELEANOR-LITE,
374771610,14.82,NO_DATA,,0,0,,
45368770,14.97,NO_DATA,,0,0,,
237513289,14.87,OK,GSFC-ELEANOR-LITE,1,904,GSFC-ELEANOR-LITE,
12915138,14.83,OK,TASOC,2,28422,TASOC,
394614755,14.73,NO_DATA,,0,0,,
403655729,14.84,NO_DATA,,0,0,,
80622497,14.93,NO_DATA,,0,0,,
385508802,14.88,NO_DATA,,0,0,,
351650032,14.79,NO_DATA,,0,0,,
449837951,14.97,OK,GSFC-ELEANOR-LITE,1,1081,GSFC-ELEANOR-LITE,
51837127,14.99,NO_DATA,,0,0,,
1966168199,14.96,NO_DATA,,0,0,,
29216744,14.76,OK,GSFC-ELEANOR-LITE,2,1966,GSFC-ELEANOR-LITE,
311300780,14.76,DOWNLOAD_ERROR,,0,0,TARS,Error in reading Data product C:\Users\Admin\.cache\lightkurve\mastDownload\HLSP\hlsp_tars_tess_ffi_s0025-0000000311300780_tess\hlsp_tars_tess_ffi_s0025-0000000311300780_tess_v01_lc.fits of type gener
8562426,14.81,NO_DATA,,0,0,,
28485047,14.81,NO_DATA,,0,0,,
1326118009,14.87,OK,GSFC-ELEANOR-LITE,1,1048,GSFC-ELEANOR-LITE,
338160026,14.82,NO_DATA,,0,0,,
58557666,14.77,NO_DATA,,0,0,,
338191842,14.84,NO_DATA,,0,0,,
102334361,14.8,OK,GSFC-ELEANOR-LITE,1,1101,GSFC-ELEANOR-LITE,
403630242,14.96,OK,GSFC-ELEANOR-LITE,1,1072,GSFC-ELEANOR-LITE,
70569796,14.85,NO_DATA,,0,0,,
369413693,14.94,NO_DATA,,0,0,,
386560433,14.79,NO_DATA,,0,0,,
122792457,14.88,OK,GSFC-ELEANOR-LITE,1,1072,GSFC-ELEANOR-LITE,
329832608,14.73,OK,GSFC-ELEANOR-LITE,2,2164,GSFC-ELEANOR-LITE,
398499986,14.97,OK,GSFC-ELEANOR-LITE,2,2188,GSFC-ELEANOR-LITE,
346566618,14.98,NO_DATA,,0,0,,
332950091,14.79,OK,GSFC-ELEANOR-LITE,1,1084,GSFC-ELEANOR-LITE,
123497912,14.89,PROCESSING_ERROR,,0,0,TASOC,"cannot reshape array of size 0 into shape (0,newaxis)"
421566477,14.93,OK,GSFC-ELEANOR-LITE,1,1086,GSFC-ELEANOR-LITE,
315702957,14.88,OK,GSFC-ELEANOR-LITE,2,2188,GSFC-ELEANOR-LITE,
139716826,14.84,OK,GSFC-ELEANOR-LITE,1,1072,GSFC-ELEANOR-LITE,
281176866,14.85,OK,GSFC-ELEANOR-LITE,2,2211,GSFC-ELEANOR-LITE,
383287519,14.95,OK,GSFC-ELEANOR-LITE,3,3073,GSFC-ELEANOR-LITE,
145593829,14.77,OK,GSFC-ELEANOR-LITE,2,1966,GSFC-ELEANOR-LITE,
283184380,14.9,OK,TASOC,2,1988,TASOC,
16334285,14.78,NO_DATA,,0,0,,
98782915,14.93,NO_DATA,,0,0,,
419745655,14.83,NO_DATA,,0,0,,
3478796,14.73,NO_DATA,,0,0,,
411932509,14.83,NO_DATA,,0,0,,
31123635,14.96,OK,GSFC-ELEANOR-LITE,1,1056,GSFC-ELEANOR-LITE,
450445835,14.94,OK,GSFC-ELEANOR-LITE,1,1081,GSFC-ELEANOR-LITE,
367854604,14.91,OK,QLP,27,214214,QLP,
3516691,14.84,OK,GSFC-ELEANOR-LITE,2,1962,GSFC-ELEANOR-LITE,
373118838,14.79,NO_DATA,,0,0,,
441849650,14.89,OK,GSFC-ELEANOR-LITE,2,2211,GSFC-ELEANOR-LITE,
400910916,14.99,OK,GSFC-ELEANOR-LITE,2,2188,GSFC-ELEANOR-LITE,
62280600,14.91,OK,GSFC-ELEANOR-LITE,1,1147,GSFC-ELEANOR-LITE,
452988263,14.93,NO_DATA,,0,0,,
426236217,14.9,OK,GSFC-ELEANOR-LITE,1,1086,GSFC-ELEANOR-LITE,
435410981,14.83,OK,GSFC-ELEANOR-LITE,1,1081,GSFC-ELEANOR-LITE,
73896638,14.89,NO_DATA,,0,0,,
810818754,14.85,OK,GSFC-ELEANOR-LITE,2,2211,GSFC-ELEANOR-LITE,
8346376,14.75,OK,QLP,4,22079,QLP,
284747537,14.83,NO_DATA,,0,0,,
24130394,14.99,OK,GSFC-ELEANOR-LITE,1,1081,GSFC-ELEANOR-LITE,
7167704,14.88,NO_DATA,,0,0,,
806803694,14.82,OK,GSFC-ELEANOR-LITE,3,3038,GSFC-ELEANOR-LITE,
419078599,14.77,NO_DATA,,0,0,,
269671340,14.97,NO_DATA,,0,0,,
154125993,14.95,OK,QLP,6,37841,QLP,
80979554,14.93,DOWNLOAD_ERROR,,0,0,TARS,Error in reading Data product C:\Users\Admin\.cache\lightkurve\mastDownload\HLSP\hlsp_tars_tess_ffi_s0043-0000000080979554_tess\hlsp_tars_tess_ffi_s0043-0000000080979554_tess_v01_lc.fits of type gener
224289866,12.18,OK,QLP,6,21006,QLP,
453950058,12.47,OK,GSFC-ELEANOR-LITE,1,1107,GSFC-ELEANOR-LITE,
326257590,10.36,OK,SPOC,16,252853,SPOC,
236345038,8.77,OK,SPOC,1,11010,SPOC,
230274667,12.15,OK,TESS-SPOC,3,8088,TESS-SPOC,
375578782,12.52,OK,QLP,2,13709,QLP,
73553445,10.65,OK,QLP,5,23168,QLP,
158465358,12.73,OK,GSFC-ELEANOR-LITE,1,1032,GSFC-ELEANOR-LITE,
79413227,12.37,OK,QLP,4,20046,QLP,
349452512,11.79,OK,QLP,4,22061,QLP,
86966148,12.78,OK,GSFC-ELEANOR-LITE,1,1177,GSFC-ELEANOR-LITE,
250619194,9.88,OK,TESS-SPOC,1,6978,TESS-SPOC,
220418521,12.13,OK,TESS-SPOC,34,126431,TESS-SPOC,
394427501,12.48,OK,QLP,3,25498,QLP,
183502362,11.17,OK,QLP,2,13632,QLP,
341191487,12.14,OK,GSFC-ELEANOR-LITE,3,3038,GSFC-ELEANOR-LITE,
399573126,13.02,OK,QLP,5,37738,QLP,
96963521,11.88,OK,TESS-SPOC,2,12587,TESS-SPOC,
427333609,12.63,OK,TESS-SPOC,3,13510,TESS-SPOC,
466068020,12.54,OK,GSFC-ELEANOR-LITE,2,2188,GSFC-ELEANOR-LITE,
111381330,12.75,OK,QLP,4,37182,QLP,
444465823,12.44,OK,QLP,6,22700,QLP,
430263373,12.29,OK,GSFC-ELEANOR-LITE,1,1086,GSFC-ELEANOR-LITE,
59631698,12.97,OK,QLP,8,56713,QLP,
76878237,12.02,OK,TESS-SPOC,3,9624,TESS-SPOC,
402641241,11.04,OK,GSFC-ELEANOR-LITE,1,1086,GSFC-ELEANOR-LITE,
383290587,13.01,OK,GSFC-ELEANOR-LITE,3,3073,GSFC-ELEANOR-LITE,
90461786,11.8,OK,QLP,8,46626,QLP,
366745206,11.96,OK,QLP,7,49528,QLP,
66716482,12.91,OK,TESS-SPOC,1,3315,TESS-SPOC,
118335393,4.87,OK,SPOC,3,46782,SPOC,
278214660,12.47,OK,QLP,8,65252,QLP,
342313510,11.58,OK,GSFC-ELEANOR-LITE,3,3073,GSFC-ELEANOR-LITE,
264252827,12.59,OK,TESS-SPOC,2,3929,TESS-SPOC,
273148514,9.35,OK,TESS-SPOC,1,11275,TESS-SPOC,
142828344,12.42,OK,QLP,7,32242,QLP,
437162640,11.15,OK,GSFC-ELEANOR-LITE,2,2211,GSFC-ELEANOR-LITE,
378068052,12.12,OK,QLP,5,23441,QLP,
313697172,12.38,OK,QLP,6,32771,QLP,
370587413,12.88,OK,GSFC-ELEANOR-LITE,2,2167,GSFC-ELEANOR-LITE,
43332384,11.16,OK,TESS-SPOC,1,7313,TESS-SPOC,
403648240,12.18,OK,QLP,2,13018,QLP,
273850494,11.18,OK,TESS-SPOC,1,1072,TESS-SPOC,
193593800,12.93,OK,QLP,5,45686,QLP,
229494598,10.62,OK,SPOC,7,111924,SPOC,
239725587,11.91,OK,QLP,8,52451,QLP,
309223749,12.72,OK,GSFC-ELEANOR-LITE,1,1107,GSFC-ELEANOR-LITE,
31701995,12.53,OK,GSFC-ELEANOR-LITE,3,2888,GSFC-ELEANOR-LITE,
367167769,12.34,OK,QLP,6,31444,QLP,
111122174,8.44,OK,TESS-SPOC,1,9467,TESS-SPOC,
318887646,12.3,OK,TESS-SPOC,2,4138,TESS-SPOC,
433790982,12.7,OK,QLP,8,49888,QLP,
333732585,11.58,OK,TESS-SPOC,13,118182,TESS-SPOC,
181639959,13.0,OK,QLP,1,10331,QLP,
229676619,11.6,OK,TESS-SPOC,42,208388,TESS-SPOC,
235552009,12.47,OK,GSFC-ELEANOR-LITE,1,904,GSFC-ELEANOR-LITE,
446493783,10.56,OK,QLP,2,22312,QLP,
258268207,12.48,OK,QLP,9,50434,QLP,
355979380,10.84,OK,TESS-SPOC,3,23113,TESS-SPOC,
358416013,10.72,OK,TESS-SPOC,3,8613,TESS-SPOC,
203230329,9.7,OK,QLP,2,12252,QLP,
183647770,12.07,OK,GSFC-ELEANOR-LITE,1,1100,GSFC-ELEANOR-LITE,
373700841,11.77,OK,QLP,8,46837,QLP,
35852001,9.8,OK,TESS-SPOC,2,20531,TESS-SPOC,
311051394,8.18,OK,TESS-SPOC,1,11270,TESS-SPOC,
333569564,11.81,OK,GSFC-ELEANOR-LITE,2,2160,GSFC-ELEANOR-LITE,
397004906,11.82,OK,TESS-SPOC,4,9010,TESS-SPOC,
40684627,12.88,OK,QLP,6,34713,QLP,
138403932,12.08,OK,TESS-SPOC,1,3201,TESS-SPOC,
44533527,10.43,OK,TESS-SPOC,2,13990,TESS-SPOC,
467214801,9.0,OK,TESS-SPOC,11,104789,TESS-SPOC,
365994829,12.53,OK,TESS-SPOC,2,3507,TESS-SPOC,
20814790,12.31,OK,QLP,7,45663,QLP,
411537393,12.38,OK,GSFC-ELEANOR-LITE,2,2165,GSFC-ELEANOR-LITE,
342324942,11.69,OK,QLP,4,19453,QLP,
222703556,10.94,OK,QLP,1,10383,QLP,
411437999,11.92,OK,QLP,5,52856,QLP,
93196458,11.87,OK,GSFC-ELEANOR-LITE,2,1966,GSFC-ELEANOR-LITE,
180179270,12.3,OK,GSFC-ELEANOR-LITE,1,1081,GSFC-ELEANOR-LITE,
29454613,12.34,OK,QLP,5,30312,QLP,
43795716,12.28,OK,QLP,5,29363,QLP,
251898081,10.41,OK,TESS-SPOC,5,45998,TESS-SPOC,
469314911,12.02,OK,QLP,4,36352,QLP,
224631871,10.83,OK,QLP,5,20382,QLP,
153022654,11.42,OK,QLP,4,30760,QLP,
387142213,12.41,OK,GSFC-ELEANOR-LITE,1,904,GSFC-ELEANOR-LITE,
309656210,12.94,OK,GSFC-ELEANOR-LITE,12,12259,GSFC-ELEANOR-LITE,
330871525,12.55,OK,QLP,3,25360,QLP,
237093434,10.68,OK,TESS-SPOC,2,5640,TESS-SPOC,
376802340,11.61,OK,GSFC-ELEANOR-LITE,1,1107,GSFC-ELEANOR-LITE,
208339043,12.26,OK,GSFC-ELEANOR-LITE,1,1086,GSFC-ELEANOR-LITE,
174043944,12.98,OK,QLP,4,23866,QLP,
358867136,12.73,OK,GSFC-ELEANOR-LITE,3,3292,GSFC-ELEANOR-LITE,
60917822,12.04,OK,TESS-SPOC,2,4543,TESS-SPOC,
335494207,6.69,OK,TESS-SPOC,2,14787,TESS-SPOC,
159799291,12.81,OK,GSFC-ELEANOR-LITE,1,1029,GSFC-ELEANOR-LITE,
42207915,11.62,OK,QLP,8,49288,QLP,
282344827,12.05,OK,QLP,5,32898,QLP,
230269652,12.69,OK,QLP,4,19347,QLP,
399770903,11.72,OK,GSFC-ELEANOR-LITE,2,2188,GSFC-ELEANOR-LITE,
313949626,13.78,OK,GSFC-ELEANOR-LITE,1,1134,GSFC-ELEANOR-LITE,
230232290,13.39,OK,QLP,3,15131,QLP,
84708426,13.67,OK,TASOC,2,2292,TASOC,
374156377,13.57,OK,GSFC-ELEANOR-LITE,3,3292,GSFC-ELEANOR-LITE,
34002384,13.32,OK,QLP,4,31223,QLP,
72393521,13.54,NO_DATA,,0,0,,
154831865,13.2,OK,GSFC-ELEANOR-LITE,2,1934,GSFC-ELEANOR-LITE,
239757081,13.63,NO_DATA,,0,0,,
296469435,13.6,NO_DATA,,0,0,,
93622174,13.54,OK,GSFC-ELEANOR-LITE,1,1084,GSFC-ELEANOR-LITE,
150250304,13.27,OK,GSFC-ELEANOR-LITE,12,12295,GSFC-ELEANOR-LITE,
233458959,13.63,PROCESSING_ERROR,,0,0,TASOC,"cannot reshape array of size 0 into shape (0,newaxis)"
43676310,13.54,OK,TASOC,2,2292,TASOC,
186141550,13.69,NO_DATA,,0,0,,
394115969,13.15,OK,QLP,4,29434,QLP,
313371518,13.66,OK,GSFC-ELEANOR-LITE,1,1081,GSFC-ELEANOR-LITE,
70377183,13.09,OK,QLP,5,30409,QLP,
64266117,13.7,PROCESSING_ERROR,,0,0,CDIPS,The unit 'day' is unrecognized.  It can not be converted to other units.
87926466,13.49,OK,QLP,7,46184,QLP,
237115895,13.38,OK,QLP,42,253891,QLP,
376047919,13.78,NO_DATA,,0,0,,
224290741,12.77,OK,QLP,6,20993,QLP,
453947125,12.76,OK,GSFC-ELEANOR-LITE,1,1081,GSFC-ELEANOR-LITE,
326257760,11.34,OK,TESS-SPOC,10,92059,TESS-SPOC,
236345107,12.38,OK,TESS-SPOC,5,10398,TESS-SPOC,
230275195,12.87,OK,QLP,4,19667,QLP,
73559223,11.78,OK,TESS-SPOC,1,3916,TESS-SPOC,
158491393,10.13,OK,TESS-SPOC,4,38374,TESS-SPOC,
79414156,12.03,OK,QLP,4,20047,QLP,
349452665,11.25,OK,TESS-SPOC,1,9649,TESS-SPOC,
86966508,12.22,OK,GSFC-ELEANOR-LITE,1,1177,GSFC-ELEANOR-LITE,
250624888,10.87,OK,SPOC,1,11615,SPOC,
220421821,10.77,OK,TESS-SPOC,34,125781,TESS-SPOC,
183504393,12.38,OK,QLP,2,13659,QLP,
341191997,12.92,OK,GSFC-ELEANOR-LITE,3,3038,GSFC-ELEANOR-LITE,
399552998,10.51,OK,TESS-SPOC,1,7010,TESS-SPOC,
96964370,11.89,OK,QLP,2,14187,QLP,
427332291,11.1,OK,QLP,1,3044,QLP,
466068018,12.62,OK,GSFC-ELEANOR-LITE,2,2188,GSFC-ELEANOR-LITE,
111381389,10.98,OK,QLP,4,37184,QLP,
444461903,11.72,OK,QLP,6,32262,QLP,
430253781,12.94,OK,GSFC-ELEANOR-LITE,1,1086,GSFC-ELEANOR-LITE,
59632062,12.19,OK,QLP,8,48848,QLP,
76878389,12.42,OK,QLP,5,30273,QLP,
402630334,9.91,OK,TESS-SPOC,1,9434,TESS-SPOC,
90461835,12.98,OK,QLP,8,46608,QLP,
366745208,12.21,OK,QLP,7,49588,QLP,
66719638,11.46,OK,QLP,6,42040,QLP,
118338397,13.03,OK,QLP,5,30263,QLP,
278221174,11.66,OK,GSFC-ELEANOR-LITE,1,1113,GSFC-ELEANOR-LITE,
342314040,12.96,OK,GSFC-ELEANOR-LITE,3,3073,GSFC-ELEANOR-LITE,
264252839,11.66,OK,SPOC,16,249505,SPOC,
273150032,12.52,OK,GSFC-ELEANOR-LITE,1,1081,GSFC-ELEANOR-LITE,
142828597,10.39,OK,SPOC,5,86405,SPOC,
437162445,13.02,OK,GSFC-ELEANOR-LITE,2,2211,GSFC-ELEANOR-LITE,
313697192,12.84,OK,QLP,6,32752,QLP,
370591535,12.49,OK,GSFC-ELEANOR-LITE,2,2167,GSFC-ELEANOR-LITE,
43332820,10.98,OK,TESS-SPOC,4,6124,TESS-SPOC,
403648124,12.85,OK,QLP,2,12974,QLP,
273851609,12.19,OK,TESS-SPOC,1,1070,TESS-SPOC,
193601147,11.35,OK,TESS-SPOC,11,51679,TESS-SPOC,
229494833,9.98,OK,TESS-SPOC,14,125728,TESS-SPOC,
309234923,11.22,OK,TESS-SPOC,1,991,TESS-SPOC,
31702462,11.97,OK,TESS-SPOC,5,22421,TESS-SPOC,
367167773,11.87,OK,QLP,6,31445,QLP,
111123764,11.13,OK,TESS-SPOC,1,1807,TESS-SPOC,
318894871,12.63,OK,GSFC-ELEANOR-LITE,1,1072,GSFC-ELEANOR-LITE,
433784316,12.97,OK,QLP,9,61565,QLP,
333732697,11.16,OK,TESS-SPOC,13,118283,TESS-SPOC,
181640057,12.8,OK,QLP,1,10247,QLP,
229679695,11.47,OK,GSFC-ELEANOR-LITE,1,1073,GSFC-ELEANOR-LITE,
235552030,10.51,OK,TESS-SPOC,3,19333,TESS-SPOC,
446489907,9.66,OK,TESS-SPOC,1,7266,TESS-SPOC,
258269775,8.24,OK,SPOC,13,586220,SPOC,
355979420,11.54,OK,TESS-SPOC,3,23113,TESS-SPOC,
358416094,11.09,OK,QLP,5,33143,QLP,
203230336,12.9,OK,TESS-SPOC,1,1604,TESS-SPOC,
183652582,13.03,OK,QLP,2,13461,QLP,
35852034,12.53,OK,GSFC-ELEANOR-LITE,1,1101,GSFC-ELEANOR-LITE,
311051534,12.95,OK,GSFC-ELEANOR-LITE,1,1081,GSFC-ELEANOR-LITE,
333569585,12.46,OK,GSFC-ELEANOR-LITE,2,2160,GSFC-ELEANOR-LITE,
40688128,12.81,OK,QLP,5,23647,QLP,
138404120,11.34,OK,QLP,8,49655,QLP,
44533622,12.15,OK,QLP,4,26873,QLP,
467213980,11.19,OK,TESS-SPOC,5,39364,TESS-SPOC,
365996460,11.94,OK,GSFC-ELEANOR-LITE,1,1177,GSFC-ELEANOR-LITE,
20815767,11.56,OK,QLP,7,45663,QLP,
411536289,12.37,OK,GSFC-ELEANOR-LITE,2,2165,GSFC-ELEANOR-LITE,
342327688,12.85,OK,QLP,4,19382,QLP,
222705458,12.36,OK,QLP,2,10384,QLP,
411437824,12.22,OK,GSFC-ELEANOR-LITE,1,1081,GSFC-ELEANOR-LITE,
93196990,11.22,OK,GSFC-ELEANOR-LITE,2,1966,GSFC-ELEANOR-LITE,
180182305,11.98,OK,GSFC-ELEANOR-LITE,1,1081,GSFC-ELEANOR-LITE,
29455183,7.38,OK,SPOC,3,48492,SPOC,
43796218,11.45,OK,TESS-SPOC,3,4958,TESS-SPOC,
251902931,12.95,OK,QLP,1,2537,QLP,
469311289,11.68,OK,GSFC-ELEANOR-LITE,2,2211,GSFC-ELEANOR-LITE,
224640575,12.7,OK,QLP,2,14297,QLP,
153030770,12.59,OK,GSFC-ELEANOR-LITE,2,1934,GSFC-ELEANOR-LITE,
387142211,8.6,OK,TESS-SPOC,3,19778,TESS-SPOC,
309656476,8.84,OK,TESS-SPOC,7,62989,TESS-SPOC,
330872401,11.6,OK,QLP,5,30240,QLP,
237093537,11.45,OK,TESS-SPOC,1,4035,TESS-SPOC,
208339985,12.66,OK,GSFC-ELEANOR-LITE,1,1086,GSFC-ELEANOR-LITE,
174049941,12.71,OK,QLP,1,10383,QLP,
358870305,12.26,OK,GSFC-ELEANOR-LITE,2,2185,GSFC-ELEANOR-LITE,
60922988,12.31,OK,QLP,5,29139,QLP,
335497763,12.7,OK,QLP,3,25762,QLP,
159800860,12.94,OK,GSFC-ELEANOR-LITE,1,1029,GSFC-ELEANOR-LITE,
42208515,12.55,OK,GSFC-ELEANOR-LITE,1,1054,GSFC-ELEANOR-LITE,
282344989,12.87,OK,QLP,5,33002,QLP,
230269712,12.59,OK,QLP,4,19536,QLP,
399770041,12.01,OK,GSFC-ELEANOR-LITE,2,2188,GSFC-ELEANOR-LITE,
313945902,13.35,OK,GSFC-ELEANOR-LITE,1,1134,GSFC-ELEANOR-LITE,
230232470,13.31,OK,QLP,3,15177,QLP,
84712980,13.61,NO_DATA,,0,0,,
374153172,13.71,OK,GSFC-ELEANOR-LITE,2,2185,GSFC-ELEANOR-LITE,
34012277,13.86,NO_DATA,,0,0,,
72393771,13.51,NO_DATA,,0,0,,
296467859,13.43,OK,QLP,10,67002,QLP,
233459038,13.26,OK,TESS-SPOC,6,14763,TESS-SPOC,
43676321,13.56,OK,TASOC,2,2292,TASOC,
186142270,13.47,OK,QLP,9,66215,QLP,
394111941,13.21,OK,QLP,4,29392,QLP,
313365243,13.18,OK,GSFC-ELEANOR-LITE,1,1081,GSFC-ELEANOR-LITE,
70378879,13.11,OK,QLP,5,30422,QLP,
64266696,13.65,NO_DATA,,0,0,,
376043469,13.73,NO_DATA,,0,0,,
231203994,13.08,OK,GSFC-ELEANOR-LITE,1,904,GSFC-ELEANOR-LITE,
414257425,13.81,OK,GSFC-ELEANOR-LITE,1,1086,GSFC-ELEANOR-LITE,
236791292,13.63,DOWNLOAD_ERROR,,0,0,TARS,Error in reading Data product C:\Users\Admin\.cache\lightkurve\mastDownload\HLSP\hlsp_tars_tess_ffi_s0014-0000000236791287_tess\hlsp_tars_tess_ffi_s0014-0000000236791287_tess_v01_lc.fits of type gener
335219408,13.24,OK,QLP,3,25702,QLP,
132196354,13.28,OK,GSFC-ELEANOR-LITE,2,2211,GSFC-ELEANOR-LITE,
47925310,13.08,OK,QLP,2,13256,QLP,
393923433,13.28,OK,GSFC-ELEANOR-LITE,1,862,GSFC-ELEANOR-LITE,
349701853,13.06,OK,QLP,4,22012,QLP,
269667790,13.87,NO_DATA,,0,0,,
299139880,13.35,OK,GSFC-ELEANOR-LITE,2,2211,GSFC-ELEANOR-LITE,
363753824,13.23,OK,QLP,3,3453,QLP,
348345578,13.86,OK,GSFC-ELEANOR-LITE,1,1048,GSFC-ELEANOR-LITE,
218195662,13.83,OK,GSFC-ELEANOR-LITE,1,1056,GSFC-ELEANOR-LITE,
10510721,13.62,NO_DATA,,0,0,,
417900012,13.15,OK,QLP,4,19518,QLP,
451541693,13.75,OK,GSFC-ELEANOR-LITE,2,2165,GSFC-ELEANOR-LITE,
257301155,13.11,OK,GSFC-ELEANOR-LITE,1,1072,GSFC-ELEANOR-LITE,
135330868,13.37,OK,GSFC-ELEANOR-LITE,1,1077,GSFC-ELEANOR-LITE,
323968835,13.83,OK,GSFC-ELEANOR-LITE,3,3344,GSFC-ELEANOR-LITE,
47215035,13.8,OK,QLP,4,20299,QLP,
295348592,13.31,OK,GSFC-ELEANOR-LITE,2,2167,GSFC-ELEANOR-LITE,
234073517,13.69,OK,GSFC-ELEANOR-LITE,1,904,GSFC-ELEANOR-LITE,
147634864,13.3,OK,GSFC-ELEANOR-LITE,1,1072,GSFC-ELEANOR-LITE,
279169017,13.82,NO_DATA,,0,0,,
216737462,13.74,NO_DATA,,0,0,,
256949088,13.53,NO_DATA,,0,0,,
385457541,13.51,OK,GSFC-ELEANOR-LITE,2,2211,GSFC-ELEANOR-LITE,
244980200,13.66,NO_DATA,,0,0,,
256515888,13.66,OK,TASOC,4,4442,TASOC,
138361036,13.63,OK,TASOC,2,1616,TASOC,
338476519,13.59,NO_DATA,,0,0,,
355237275,13.78,OK,GSFC-ELEANOR-LITE,4,4154,GSFC-ELEANOR-LITE,
233413513,13.8,PROCESSING_ERROR,,0,0,TASOC,"cannot reshape array of size 0 into shape (0,newaxis)"
253169711,13.87,OK,GSFC-ELEANOR-LITE,1,1081,GSFC-ELEANOR-LITE,
281310348,13.49,OK,GSFC-ELEANOR-LITE,1,904,GSFC-ELEANOR-LITE,
255964195,13.42,OK,GSFC-ELEANOR-LITE,1,1081,GSFC-ELEANOR-LITE,
383799332,13.7,OK,GSFC-ELEANOR-LITE,3,3073,GSFC-ELEANOR-LITE,
331031476,13.81,NO_DATA,,0,0,,
228334540,13.69,NO_DATA,,0,0,,
280490452,13.53,OK,GSFC-ELEANOR-LITE,2,2211,GSFC-ELEANOR-LITE,
42000494,13.88,NO_DATA,,0,0,,
76132511,13.31,OK,GSFC-ELEANOR-LITE,1,955,GSFC-ELEANOR-LITE,
308628103,13.66,OK,GSFC-ELEANOR-LITE,1,1081,GSFC-ELEANOR-LITE,
373698711,13.08,OK,QLP,8,46833,QLP,
468604939,13.87,NO_DATA,,0,0,,
356501128,13.13,OK,QLP,5,28823,QLP,
387840566,13.78,DOWNLOAD_ERROR,,0,0,TARS,Error in reading Data product C:\Users\Admin\.cache\lightkurve\mastDownload\HLSP\hlsp_tars_tess_ffi_s0054-0000000387840566_tess\hlsp_tars_tess_ffi_s0054-0000000387840566_tess_v01_lc.fits of type gener
80886802,13.11,OK,QLP,5,30280,QLP,
298231916,13.38,OK,GSFC-ELEANOR-LITE,1,1086,GSFC-ELEANOR-LITE,
329697675,13.52,OK,GSFC-ELEANOR-LITE,1,1081,GSFC-ELEANOR-LITE,
382047393,13.78,OK,GSFC-ELEANOR-LITE,1,1081,GSFC-ELEANOR-LITE,
291001220,13.45,OK,GSFC-ELEANOR-LITE,1,1086,GSFC-ELEANOR-LITE,
87175640,13.65,OK,GSFC-ELEANOR-LITE,1,1177,GSFC-ELEANOR-LITE,
133774355,13.33,OK,QLP,2,13350,QLP,
136187489,13.2,OK,QLP,2,13356,QLP,
22204600,13.51,NO_DATA,,0,0,,
294658624,13.6,OK,GSFC-ELEANOR-LITE,2,2188,GSFC-ELEANOR-LITE,
386160810,13.09,OK,GSFC-ELEANOR-LITE,2,2211,GSFC-ELEANOR-LITE,
465390277,13.68,OK,GSFC-ELEANOR-LITE,2,2188,GSFC-ELEANOR-LITE,
43369120,13.61,PROCESSING_ERROR,,0,0,TASOC,"cannot reshape array of size 0 into shape (0,newaxis)"
356056914,13.25,OK,QLP,5,23120,QLP,
442683122,13.64,OK,GSFC-ELEANOR-LITE,1,1081,GSFC-ELEANOR-LITE,
229612753,14.36,PROCESSING_ERROR,,0,0,TASOC,"cannot reshape array of size 0 into shape (0,newaxis)"
305122323,14.35,OK,GSFC-ELEANOR-LITE,1,1107,GSFC-ELEANOR-LITE,
466507480,14.03,OK,GSFC-ELEANOR-LITE,2,2188,GSFC-ELEANOR-LITE,
161101296,13.89,OK,GSFC-ELEANOR-LITE,1,964,GSFC-ELEANOR-LITE,
403680605,13.94,NO_DATA,,0,0,,
464750142,14.33,NO_DATA,,0,0,,
386205624,13.95,OK,GSFC-ELEANOR-LITE,1,1072,GSFC-ELEANOR-LITE,
67246200,14.16,NO_DATA,,0,0,,
88112999,14.22,NO_DATA,,0,0,,
405257355,14.24,NO_DATA,,0,0,,
394003174,14.0,NO_DATA,,0,0,,
393920221,14.3,OK,GSFC-ELEANOR-LITE,1,862,GSFC-ELEANOR-LITE,
452557937,13.99,OK,GSFC-ELEANOR-LITE,3,3274,GSFC-ELEANOR-LITE,
414578023,13.89,NO_DATA,,0,0,,
468888637,14.08,OK,GSFC-ELEANOR-LITE,1,1119,GSFC-ELEANOR-LITE,
13841231,14.03,NO_DATA,,0,0,,
373953668,14.21,NO_DATA,,0,0,,
83760154,14.31,OK,GSFC-ELEANOR-LITE,1,971,GSFC-ELEANOR-LITE,
256180238,14.36,NO_DATA,,0,0,,
457566715,14.19,OK,GSFC-ELEANOR-LITE,2,2211,GSFC-ELEANOR-LITE,
219586166,14.01,PROCESSING_ERROR,,0,0,TASOC,"cannot reshape array of size 0 into shape (0,newaxis)"
10037750,14.14,NO_DATA,,0,0,,
453941747,14.12,OK,GSFC-ELEANOR-LITE,2,2188,GSFC-ELEANOR-LITE,
319667639,14.1,NO_DATA,,0,0,,
410907337,13.94,OK,GSFC-ELEANOR-LITE,1,1107,GSFC-ELEANOR-LITE,
260354948,14.08,OK,GSFC-ELEANOR-LITE,13,13367,GSFC-ELEANOR-LITE,
341793116,14.23,OK,GSFC-ELEANOR-LITE,4,4036,GSFC-ELEANOR-LITE,
75629878,14.31,OK,GSFC-ELEANOR-LITE,2,1966,GSFC-ELEANOR-LITE,
149927592,14.0,PROCESSING_ERROR,,0,0,TASOC,"cannot reshape array of size 0 into shape (0,newaxis)"
356264134,14.25,NO_DATA,,0,0,,
170074183,14.18,NO_DATA,,0,0,,
151645315,14.02,NO_DATA,,0,0,,
334477407,14.26,OK,GSFC-ELEANOR-LITE,1,1072,GSFC-ELEANOR-LITE,
366841172,14.28,NO_DATA,,0,0,,
425075516,14.3,NO_DATA,,0,0,,
14005082,14.05,DOWNLOAD_ERROR,,0,0,TARS,Error in reading Data product C:\Users\Admin\.cache\lightkurve\mastDownload\HLSP\hlsp_tars_tess_ffi_s0017-0000000014005082_tess\hlsp_tars_tess_ffi_s0017-0000000014005082_tess_v01_lc.fits of type gener
55586854,14.34,OK,GSFC-ELEANOR-LITE,1,1072,GSFC-ELEANOR-LITE,
1967850858,14.11,DOWNLOAD_ERROR,,0,0,TARS,Error in reading Data product C:\Users\Admin\.cache\lightkurve\mastDownload\HLSP\hlsp_tars_tess_ffi_s0014-0000000043302326_tess\hlsp_tars_tess_ffi_s0014-0000000043302326_tess_v01_lc.fits of type gener
67410006,14.0,OK,GSFC-ELEANOR-LITE,2,2165,GSFC-ELEANOR-LITE,
359138815,14.23,OK,GSFC-ELEANOR-LITE,2,2167,GSFC-ELEANOR-LITE,
383101733,14.33,OK,GSFC-ELEANOR-LITE,2,2164,GSFC-ELEANOR-LITE,
208499311,13.9,NO_DATA,,0,0,,
157100234,14.1,NO_DATA,,0,0,,
423229949,14.3,NO_DATA,,0,0,,
73190461,14.34,OK,GSFC-ELEANOR-LITE,1,1072,GSFC-ELEANOR-LITE,
470026675,14.05,NO_DATA,,0,0,,
91602495,14.16,NO_DATA,,0,0,,
319830342,14.33,NO_DATA,,0,0,,
43316469,13.96,NO_DATA,,0,0,,
146612334,14.1,OK,GSFC-ELEANOR-LITE,2,2189,GSFC-ELEANOR-LITE,
457850280,14.22,OK,GSFC-ELEANOR-LITE,1,1081,GSFC-ELEANOR-LITE,
377799312,14.01,OK,QLP,1,1237,QLP,
348327272,14.34,PROCESSING_ERROR,,0,0,TASOC,"cannot reshape array of size 0 into shape (0,newaxis)"
54282826,14.32,OK,GSFC-ELEANOR-LITE,1,1072,GSFC-ELEANOR-LITE,
142276193,13.93,DOWNLOAD_ERROR,,0,0,"TASOC,TARS",Error in reading Data product C:\Users\Admin\.cache\lightkurve\mastDownload\HLSP\hlsp_tars_tess_ffi_s0014-0000000142276193_tess\hlsp_tars_tess_ffi_s0014-0000000142276193_tess_v01_lc.fits of type gener
217034625,14.03,NO_DATA,,0,0,,
100128573,14.22,NO_DATA,,0,0,,
391093272,14.11,NO_DATA,,0,0,,
335020489,14.28,OK,GSFC-ELEANOR-LITE,1,964,GSFC-ELEANOR-LITE,
304804018,14.25,OK,GSFC-ELEANOR-LITE,2,2188,GSFC-ELEANOR-LITE,
366664421,14.04,NO_DATA,,0,0,,
371603115,14.29,OK,GSFC-ELEANOR-LITE,2,2188,GSFC-ELEANOR-LITE,
119461205,13.97,OK,GSFC-ELEANOR-LITE,1,903,GSFC-ELEANOR-LITE,
377920276,14.21,NO_DATA,,0,0,,
453801383,14.31,OK,GSFC-ELEANOR-LITE,2,2193,GSFC-ELEANOR-LITE,
158333642,14.13,OK,GSFC-ELEANOR-LITE,2,2189,GSFC-ELEANOR-LITE,
60231369,14.04,NO_DATA,,0,0,,
298050447,14.27,PROCESSING_ERROR,,0,0,TASOC,"cannot reshape array of size 0 into shape (0,newaxis)"
71277966,14.29,OK,TASOC,2,1616,TASOC,
457634605,13.89,NO_DATA,,0,0,,
150246803,14.49,OK,GSFC-ELEANOR-LITE,12,12295,GSFC-ELEANOR-LITE,
46375910,14.49,DOWNLOAD_ERROR,,0,0,TARS,Error in reading Data product C:\Users\Admin\.cache\lightkurve\mastDownload\HLSP\hlsp_tars_tess_ffi_s0051-0000000046375910_tess\hlsp_tars_tess_ffi_s0051-0000000046375910_tess_v01_lc.fits of type gener
146183625,14.62,OK,GSFC-ELEANOR-LITE,2,1934,GSFC-ELEANOR-LITE,
33085006,14.68,OK,GSFC-ELEANOR-LITE,1,1049,GSFC-ELEANOR-LITE,
318879521,14.41,NO_DATA,,0,0,,
71903832,14.48,NO_DATA,,0,0,,
188306671,14.42,PROCESSING_ERROR,,0,0,TASOC,"cannot reshape array of size 0 into shape (0,newaxis)"
68276140,14.49,NO_DATA,,0,0,,
120017739,14.67,OK,GSFC-ELEANOR-LITE,1,1086,GSFC-ELEANOR-LITE,
386512940,14.71,OK,GSFC-ELEANOR-LITE,1,1104,GSFC-ELEANOR-LITE,
329178178,14.56,NO_DATA,,0,0,,
380943251,14.53,OK,GSFC-ELEANOR-LITE,1,798,GSFC-ELEANOR-LITE,
196206002,14.48,NO_DATA,,0,0,,
316210401,14.68,OK,QLP,3,19007,QLP,
93198134,14.61,OK,GSFC-ELEANOR-LITE,2,1966,GSFC-ELEANOR-LITE,
172865957,14.66,NO_DATA,,0,0,,
297350195,14.56,OK,GSFC-ELEANOR-LITE,1,1081,GSFC-ELEANOR-LITE,
367820296,14.62,NO_DATA,,0,0,,
323764927,14.67,OK,GSFC-ELEANOR-LITE,1,1147,GSFC-ELEANOR-LITE,
451940416,14.54,OK,PATHOS,1,1237,"CDIPS,PATHOS",
360088761,14.61,OK,GSFC-ELEANOR-LITE,2,2167,GSFC-ELEANOR-LITE,
229751826,14.45,PROCESSING_ERROR,,0,0,TASOC,"cannot reshape array of size 0 into shape (0,newaxis)"
219569680,14.61,OK,TASOC,2,1988,TASOC,
303450688,14.67,NO_DATA,,0,0,,
84366970,14.44,NO_DATA,,0,0,,
345292208,14.67,NO_DATA,,0,0,,
459443875,14.48,NO_DATA,,0,0,,
345085224,14.56,OK,GSFC-ELEANOR-LITE,1,1177,GSFC-ELEANOR-LITE,
255797489,14.45,NO_DATA,,0,0,,
276077884,14.41,OK,GSFC-ELEANOR-LITE,1,1120,GSFC-ELEANOR-LITE,
247637164,14.69,OK,GSFC-ELEANOR-LITE,1,904,GSFC-ELEANOR-LITE,
516299460,14.52,OK,GSFC-ELEANOR-LITE,1,1107,GSFC-ELEANOR-LITE,
262762948,14.54,OK,GSFC-ELEANOR-LITE,1,1029,GSFC-ELEANOR-LITE,
348897865,14.6,OK,GSFC-ELEANOR-LITE,11,11253,GSFC-ELEANOR-LITE,
127263318,14.62,OK,GSFC-ELEANOR-LITE,1,1072,GSFC-ELEANOR-LITE,
395250832,14.44,NO_DATA,,0,0,,
463169336,14.39,OK,GSFC-ELEANOR-LITE,1,1032,GSFC-ELEANOR-LITE,
130140198,14.52,NO_DATA,,0,0,,
102573447,14.67,OK,GSFC-ELEANOR-LITE,1,904,GSFC-ELEANOR-LITE,
188870010,14.46,NO_DATA,,0,0,,
320471925,14.55,NO_DATA,,0,0,,
229712390,14.67,OK,TASOC,6,6798,TASOC,
70789982,14.38,OK,QLP,3,29815,QLP,
311308747,14.63,NO_DATA,,0,0,,
261590581,14.4,OK,TESS-SPOC,6,26367,TESS-SPOC,
310811375,14.69,OK,GSFC-ELEANOR-LITE,2,2211,GSFC-ELEANOR-LITE,
272041181,14.7,NO_DATA,,0,0,,
361560062,14.38,NO_DATA,,0,0,,
102540577,14.55,NO_DATA,,0,0,,
239896374,14.44,NO_DATA,,0,0,,
165945160,14.51,NO_DATA,,0,0,,
313557128,14.42,NO_DATA,,0,0,,
338685040,14.4,OK,GSFC-ELEANOR-LITE,1,1081,GSFC-ELEANOR-LITE,
137078673,14.64,NO_DATA,,0,0,,
304876499,14.58,NO_DATA,,0,0,,
44446770,14.39,OK,GSFC-ELEANOR-LITE,1,1100,GSFC-ELEANOR-LITE,
239055283,14.58,NO_DATA,,0,0,,
307379353,14.4,OK,GSFC-ELEANOR-LITE,1,904,GSFC-ELEANOR-LITE,
166383528,14.7,OK,GSFC-ELEANOR-LITE,1,955,GSFC-ELEANOR-LITE,
366929136,14.42,NO_DATA,,0,0,,
69492951,14.66,NO_DATA,,0,0,,
213632815,14.62,PROCESSING_ERROR,,0,0,TASOC,"cannot reshape array of size 0 into shape (0,newaxis)"
465334170,14.58,OK,GSFC-ELEANOR-LITE,2,2188,GSFC-ELEANOR-LITE,
285297743,14.71,NO_DATA,,0,0,,
278117209,14.49,NO_DATA,,0,0,,
90130748,14.54,OK,GSFC-ELEANOR-LITE,2,1966,GSFC-ELEANOR-LITE,
423553806,14.62,NO_DATA,,0,0,,
267574177,14.67,PROCESSING_ERROR,,0,0,TASOC,"cannot reshape array of size 0 into shape (0,newaxis)"
249784260,14.42,NO_DATA,,0,0,,
322085933,14.49,OK,GSFC-ELEANOR-LITE,2,2188,GSFC-ELEANOR-LITE,
121490919,14.53,OK,GSFC-ELEANOR-LITE,1,1062,GSFC-ELEANOR-LITE,
86817096,14.4,NO_DATA,,0,0,,
19932586,14.69,NO_DATA,,0,0,,
48552849,14.44,NO_DATA,,0,0,,
366132205,14.59,NO_DATA,,0,0,,
40220617,14.58,DOWNLOAD_ERROR,,0,0,TARS,Error in reading Data product C:\Users\Admin\.cache\lightkurve\mastDownload\HLSP\hlsp_tars_tess_ffi_s0014-0000000040220584_tess\hlsp_tars_tess_ffi_s0014-0000000040220584_tess_v01_lc.fits of type gener
451041955,14.49,OK,GSFC-ELEANOR-LITE,1,1107,GSFC-ELEANOR-LITE,
458299617,14.44,OK,GSFC-ELEANOR-LITE,1,1107,GSFC-ELEANOR-LITE,
464064971,14.63,OK,GSFC-ELEANOR-LITE,2,2211,GSFC-ELEANOR-LITE,
233542350,14.64,NO_DATA,,0,0,,
385259303,14.55,NO_DATA,,0,0,,
468658156,14.43,NO_DATA,,0,0,,
199612647,14.68,OK,TASOC,2,2292,TASOC,
359416109,14.42,OK,TASOC,2,2292,TASOC,
277909276,14.72,OK,GSFC-ELEANOR-LITE,1,1113,GSFC-ELEANOR-LITE,
162951253,14.56,NO_DATA,,0,0,,
385172724,14.67,OK,GSFC-ELEANOR-LITE,2,2211,GSFC-ELEANOR-LITE,
379037786,14.59,PROCESSING_ERROR,,0,0,TASOC,"cannot reshape array of size 0 into shape (0,newaxis)"
55476985,14.86,OK,GSFC-ELEANOR-LITE,13,13367,GSFC-ELEANOR-LITE,
417489696,14.97,NO_DATA,,0,0,,
125941416,14.95,OK,GSFC-ELEANOR-LITE,1,1072,GSFC-ELEANOR-LITE,
125365552,14.84,NO_DATA,,0,0,,
351953147,14.94,NO_DATA,,0,0,,
64690585,14.74,OK,GSFC-ELEANOR-LITE,1,1072,GSFC-ELEANOR-LITE,
160147404,14.89,NO_DATA,,0,0,,
412628074,14.83,OK,GSFC-ELEANOR-LITE,1,1081,GSFC-ELEANOR-LITE,
147441723,14.92,OK,GSFC-ELEANOR-LITE,1,862,GSFC-ELEANOR-LITE,
146949445,14.84,NO_DATA,,0,0,,
264401494,14.73,PROCESSING_ERROR,,0,0,TASOC,"cannot reshape array of size 0 into shape (0,newaxis)"
46892841,14.95,OK,GSFC-ELEANOR-LITE,1,1032,GSFC-ELEANOR-LITE,
385139198,14.98,NO_DATA,,0,0,,
22228965,14.99,NO_DATA,,0,0,,
309653965,14.85,OK,GSFC-ELEANOR-LITE,11,11391,GSFC-ELEANOR-LITE,
1271033182,14.76,DOWNLOAD_ERROR,,0,0,TARS,Error in reading Data product C:\Users\Admin\.cache\lightkurve\mastDownload\HLSP\hlsp_tars_tess_ffi_s0017-0000001271033182_tess\hlsp_tars_tess_ffi_s0017-0000001271033182_tess_v01_lc.fits of type gener
20212807,14.96,NO_DATA,,0,0,,
233666475,14.91,OK,GSFC-ELEANOR-LITE,1,1054,GSFC-ELEANOR-LITE,
394867664,14.8,OK,TASOC,2,1616,TASOC,
57131520,14.94,OK,GSFC-ELEANOR-LITE,1,1147,GSFC-ELEANOR-LITE,
235808468,14.99,NO_DATA,,0,0,,
100424264,14.98,OK,GSFC-ELEANOR-LITE,1,1029,GSFC-ELEANOR-LITE,
356438647,14.76,NO_DATA,,0,0,,
339901386,14.84,OK,GSFC-ELEANOR-LITE,2,2167,GSFC-ELEANOR-LITE,
272992785,14.79,NO_DATA,,0,0,,
319414089,14.86,NO_DATA,,0,0,,
239187202,14.98,NO_DATA,,0,0,,
344493385,14.94,OK,GSFC-ELEANOR-LITE,3,3274,GSFC-ELEANOR-LITE,
236322059,14.83,NO_DATA,,0,0,,
622656974,14.76,DOWNLOAD_ERROR,,0,0,TARS,Error in reading Data product C:\Users\Admin\.cache\lightkurve\mastDownload\HLSP\hlsp_tars_tess_ffi_s0017-0000000622656974_tess\hlsp_tars_tess_ffi_s0017-0000000622656974_tess_v01_lc.fits of type gener
24657372,15.0,NO_DATA,,0,0,,
374759769,14.94,OK,TASOC,2,1850,TASOC,
45375947,14.95,NO_DATA,,0,0,,
237507898,14.88,OK,GSFC-ELEANOR-LITE,1,904,GSFC-ELEANOR-LITE,
12928088,14.91,NO_DATA,,0,0,,
394602680,14.74,OK,GSFC-ELEANOR-LITE,2,2167,GSFC-ELEANOR-LITE,
403653178,14.95,NO_DATA,,0,0,,
80644534,14.87,OK,GSFC-ELEANOR-LITE,1,1072,GSFC-ELEANOR-LITE,
385467422,14.81,NO_DATA,,0,0,,
351609866,14.93,NO_DATA,,0,0,,
449836177,15.0,OK,GSFC-ELEANOR-LITE,1,1081,GSFC-ELEANOR-LITE,
51869521,14.95,NO_DATA,,0,0,,
1966166204,15.0,PROCESSING_ERROR,,0,0,CDIPS,The unit 'day' is unrecognized.  It can not be converted to other units.
29260883,14.94,NO_DATA,,0,0,,
311298006,14.95,NO_DATA,,0,0,,
8563543,14.99,NO_DATA,,0,0,,
28515500,14.94,OK,GSFC-ELEANOR-LITE,1,1134,GSFC-ELEANOR-LITE,
338112339,14.88,NO_DATA,,0,0,,
58593381,14.93,OK,GSFC-ELEANOR-LITE,1,1075,GSFC-ELEANOR-LITE,
338161179,14.97,NO_DATA,,0,0,,
102370006,14.94,NO_DATA,,0,0,,
403618454,14.88,NO_DATA,,0,0,,
70598890,14.78,OK,GSFC-ELEANOR-LITE,1,1124,GSFC-ELEANOR-LITE,
369389016,14.92,NO_DATA,,0,0,,
386543695,14.99,NO_DATA,,0,0,,
122818891,14.9,NO_DATA,,0,0,,
329814247,14.96,OK,GSFC-ELEANOR-LITE,1,1081,GSFC-ELEANOR-LITE,
398493152,14.81,NO_DATA,,0,0,,
346535587,14.82,OK,GSFC-ELEANOR-LITE,1,1048,GSFC-ELEANOR-LITE,
332927577,14.93,NO_DATA,,0,0,,
123520305,14.88,NO_DATA,,0,0,,
315681366,14.78,OK,GSFC-ELEANOR-LITE,1,1086,GSFC-ELEANOR-LITE,
139739694,14.99,OK,GSFC-ELEANOR-LITE,2,1966,GSFC-ELEANOR-LITE,
281172097,14.91,OK,GSFC-ELEANOR-LITE,2,2211,GSFC-ELEANOR-LITE,
383287339,14.9,OK,GSFC-ELEANOR-LITE,3,3073,GSFC-ELEANOR-LITE,
145593952,14.89,OK,GSFC-ELEANOR-LITE,2,1966,GSFC-ELEANOR-LITE,
283160340,14.92,NO_DATA,,0,0,,
16343628,14.89,NO_DATA,,0,0,,
98787140,14.98,NO_DATA,,0,0,,
411929530,14.89,PROCESSING_ERROR,,0,0,"TARS,CDIPS",The unit 'day' is unrecognized.  It can not be converted to other units.
31165161,14.85,OK,GSFC-ELEANOR-LITE,1,1123,GSFC-ELEANOR-LITE,
367853691,14.83,PROCESSING_ERROR,,0,0,TASOC,"cannot reshape array of size 0 into shape (0,newaxis)"
3516799,14.77,OK,GSFC-ELEANOR-LITE,2,1962,GSFC-ELEANOR-LITE,
373101514,14.84,OK,GSFC-ELEANOR-LITE,2,2211,GSFC-ELEANOR-LITE,
400871834,15.14,OK,GSFC-ELEANOR-LITE,1,1084,GSFC-ELEANOR-LITE,
62281583,14.74,OK,GSFC-ELEANOR-LITE,1,1147,GSFC-ELEANOR-LITE,
73928182,14.89,OK,GSFC-ELEANOR-LITE,1,1086,GSFC-ELEANOR-LITE,
810800604,14.73,OK,GSFC-ELEANOR-LITE,3,3073,GSFC-ELEANOR-LITE,
8347978,14.78,NO_DATA,,0,0,,
284745381,14.76,NO_DATA,,0,0,,
24143229,14.85,OK,GSFC-ELEANOR-LITE,1,1054,GSFC-ELEANOR-LITE,
806642213,14.82,OK,GSFC-ELEANOR-LITE,3,3073,GSFC-ELEANOR-LITE,
419078364,14.96,NO_DATA,,0,0,,
269666311,14.85,OK,QLP,21,177752,QLP,
154149959,14.73,NO_DATA,,0,0,,
80990897,14.83,OK,GSFC-ELEANOR-LITE,2,1934,GSFC-ELEANOR-LITE,
231200465,13.82,OK,TGLC,1,981,"GSFC-ELEANOR-LITE,TGLC",
139850283,13.27,OK,QLP,3,24457,QLP,
414262531,13.49,OK,GSFC-ELEANOR-LITE,1,1086,GSFC-ELEANOR-LITE,
236791259,13.66,NO_DATA,,0,0,,
335219533,13.74,DOWNLOAD_ERROR,,0,0,TARS,Error in reading Data product C:\Users\Admin\.cache\lightkurve\mastDownload\HLSP\hlsp_tars_tess_ffi_s0026-0000000335219531_tess\hlsp_tars_tess_ffi_s0026-0000000335219531_tess_v01_lc.fits of type gener
132195655,13.16,OK,GSFC-ELEANOR-LITE,2,2211,GSFC-ELEANOR-LITE,
47917292,13.46,OK,QLP,2,13473,QLP,
393923434,13.78,OK,GSFC-ELEANOR-LITE,1,862,GSFC-ELEANOR-LITE,
349702481,13.38,OK,QLP,4,22010,QLP,
269668501,13.28,OK,QLP,4,19145,QLP,
299146010,13.58,OK,GSFC-ELEANOR-LITE,2,2211,GSFC-ELEANOR-LITE,
42256323,10.48,OK,TESS-SPOC,5,12793,TESS-SPOC,
379654616,13.37,OK,GSFC-ELEANOR-LITE,2,2188,GSFC-ELEANOR-LITE,
330564044,13.98,OK,GSFC-ELEANOR-LITE,1,1081,GSFC-ELEANOR-LITE,
230913119,14.4,OK,GSFC-ELEANOR-LITE,1,1054,GSFC-ELEANOR-LITE,
230375743,14.74,PROCESSING_ERROR,,0,0,TASOC,"cannot reshape array of size 0 into shape (0,newaxis)"
42256493,10.27,OK,SPOC,6,104286,SPOC,
379653933,13.74,OK,GSFC-ELEANOR-LITE,2,2188,GSFC-ELEANOR-LITE,
330563946,14.26,OK,GSFC-ELEANOR-LITE,1,1081,GSFC-ELEANOR-LITE,
230907580,14.46,OK,GSFC-ELEANOR-LITE,1,1054,GSFC-ELEANOR-LITE,
230376086,14.85,NO_DATA,,0,0,,
42257620,11.87,OK,QLP,8,46637,QLP,
379655189,13.53,OK,GSFC-ELEANOR-LITE,2,2188,GSFC-ELEANOR-LITE,
330569407,14.29,OK,GSFC-ELEANOR-LITE,1,1078,GSFC-ELEANOR-LITE,
230913196,14.69,OK,GSFC-ELEANOR-LITE,1,1054,GSFC-ELEANOR-LITE,
230376393,14.78,OK,QLP,28,220633,QLP,
224290807,12.41,OK,TESS-SPOC,6,16170,TESS-SPOC,
326258589,12.72,OK,QLP,40,240615,QLP,
375579079,10.9,OK,TESS-SPOC,1,7774,TESS-SPOC,
158493845,9.83,OK,SPOC,4,72411,SPOC,
79420230,9.15,OK,TESS-SPOC,2,10761,TESS-SPOC,
349453472,11.41,OK,TESS-SPOC,1,9465,TESS-SPOC,
183513269,12.53,OK,GSFC-ELEANOR-LITE,1,862,GSFC-ELEANOR-LITE,
341193568,12.87,OK,GSFC-ELEANOR-LITE,4,4145,GSFC-ELEANOR-LITE,
399576273,12.45,OK,QLP,5,45311,QLP,
96982201,12.5,OK,GSFC-ELEANOR-LITE,2,1975,GSFC-ELEANOR-LITE,
111405721,8.39,OK,TESS-SPOC,1,7740,TESS-SPOC,
383290622,12.33,OK,GSFC-ELEANOR-LITE,3,3073,GSFC-ELEANOR-LITE,
90463599,11.63,OK,QLP,8,46628,QLP,
66738763,10.1,OK,GSFC-ELEANOR-LITE,1,903,GSFC-ELEANOR-LITE,
342314354,10.5,OK,TESS-SPOC,10,44793,TESS-SPOC,
273154304,12.98,OK,GSFC-ELEANOR-LITE,1,1081,GSFC-ELEANOR-LITE,
142831984,12.92,OK,GSFC-ELEANOR-LITE,1,862,GSFC-ELEANOR-LITE,
378070153,12.3,OK,QLP,5,23446,QLP,
313697299,12.21,OK,QLP,6,32771,QLP,
403648279,11.52,OK,QLP,2,13042,QLP,
193604853,12.23,OK,TESS-SPOC,5,12702,TESS-SPOC,
229495312,12.8,OK,QLP,28,168931,QLP,
239727281,10.72,OK,TESS-SPOC,5,37450,TESS-SPOC,
309235372,9.15,OK,TESS-SPOC,3,19613,TESS-SPOC,
31694643,11.0,OK,GSFC-ELEANOR-LITE,1,1123,GSFC-ELEANOR-LITE,
318898673,12.47,OK,GSFC-ELEANOR-LITE,1,1072,GSFC-ELEANOR-LITE,
433791153,13.03,OK,QLP,7,52781,QLP,
333733223,9.09,OK,SPOC,2,34182,SPOC,
181645213,12.86,OK,QLP,1,10363,QLP,
229684540,12.23,OK,QLP,43,255031,QLP,
203249293,11.8,OK,TESS-SPOC,3,7200,TESS-SPOC,
183661635,12.84,OK,GSFC-ELEANOR-LITE,1,862,GSFC-ELEANOR-LITE,
373702848,10.83,OK,TESS-SPOC,3,25520,TESS-SPOC,
311054491,12.06,OK,GSFC-ELEANOR-LITE,1,1081,GSFC-ELEANOR-LITE,
333569592,12.59,OK,GSFC-ELEANOR-LITE,2,2160,GSFC-ELEANOR-LITE,
397005373,12.75,OK,QLP,5,20382,QLP,
138407532,11.97,OK,QLP,8,49647,QLP,
44534838,12.06,OK,QLP,4,27124,QLP,
342332703,12.58,OK,QLP,8,65221,QLP,
222706196,11.41,OK,QLP,2,13024,QLP,
411444050,12.6,OK,GSFC-ELEANOR-LITE,1,1081,GSFC-ELEANOR-LITE,
93197515,12.33,OK,GSFC-ELEANOR-LITE,2,1966,GSFC-ELEANOR-LITE,
180187028,11.53,OK,GSFC-ELEANOR-LITE,1,1081,GSFC-ELEANOR-LITE,
43796360,9.53,OK,TESS-SPOC,2,14193,TESS-SPOC,
224647483,11.75,OK,QLP,5,20379,QLP,
153034525,12.76,OK,GSFC-ELEANOR-LITE,2,1934,GSFC-ELEANOR-LITE,
309657355,12.81,OK,SPOC,22,359147,SPOC,
330872568,12.91,OK,QLP,5,30233,QLP,
376808346,10.91,OK,GSFC-ELEANOR-LITE,2,2188,GSFC-ELEANOR-LITE,
208343672,12.93,OK,QLP,5,37078,QLP,
174052338,11.22,OK,QLP,1,10388,QLP,
358888850,12.46,OK,QLP,3,16155,QLP,
335497764,9.79,OK,TESS-SPOC,1,10287,TESS-SPOC,
159801146,11.58,OK,GSFC-ELEANOR-LITE,1,1029,GSFC-ELEANOR-LITE,
282345416,9.73,OK,TESS-SPOC,2,16288,TESS-SPOC,
230270456,11.32,OK,QLP,3,8517,QLP,
399771056,12.62,OK,GSFC-ELEANOR-LITE,2,2188,GSFC-ELEANOR-LITE,
313944190,13.77,OK,GSFC-ELEANOR-LITE,1,1134,GSFC-ELEANOR-LITE,
230231754,13.37,OK,QLP,3,15184,QLP,
84703792,13.52,NO_DATA,,0,0,,
374148644,13.46,OK,GSFC-ELEANOR-LITE,3,3292,GSFC-ELEANOR-LITE,
33986702,13.27,OK,TESS-SPOC,2,4011,TESS-SPOC,
154829665,13.86,OK,GSFC-ELEANOR-LITE,2,1934,GSFC-ELEANOR-LITE,
239754164,13.71,OK,QLP,4,11196,QLP,
296464820,13.84,NO_DATA,,0,0,,
93600792,13.64,OK,GSFC-ELEANOR-LITE,1,1072,GSFC-ELEANOR-LITE,
150250303,13.56,OK,GSFC-ELEANOR-LITE,12,12295,GSFC-ELEANOR-LITE,
186141255,13.08,OK,QLP,9,66216,QLP,
394116358,13.65,NO_DATA,,0,0,,
313362847,13.84,OK,GSFC-ELEANOR-LITE,1,1081,GSFC-ELEANOR-LITE,
87926353,13.36,OK,QLP,7,46146,QLP,
237114537,13.39,OK,SPOC,1,15942,SPOC,
376032481,13.45,OK,GSFC-ELEANOR-LITE,2,2188,GSFC-ELEANOR-LITE,
231195265,13.67,OK,GSFC-ELEANOR-LITE,1,904,GSFC-ELEANOR-LITE,
139850004,13.81,NO_DATA,,0,0,,
236789367,13.55,NO_DATA,,0,0,,
335218865,13.7,NO_DATA,,0,0,,
349697920,13.74,NO_DATA,,0,0,,
269666263,13.79,OK,TASOC,2,1968,TASOC,
299138242,13.16,OK,GSFC-ELEANOR-LITE,2,2211,GSFC-ELEANOR-LITE,
363738917,13.7,OK,GSFC-ELEANOR-LITE,1,1086,GSFC-ELEANOR-LITE,
12079324,13.17,OK,QLP,6,44923,QLP,
348337167,13.23,OK,GSFC-ELEANOR-LITE,1,1048,GSFC-ELEANOR-LITE,
218193457,13.83,OK,GSFC-ELEANOR-LITE,1,1056,GSFC-ELEANOR-LITE,
1421984476,13.37,OK,QLP,5,45347,QLP,
10507887,13.15,OK,QLP,8,46834,QLP,
417901835,13.54,NO_DATA,,0,0,,
451542515,13.16,OK,GSFC-ELEANOR-LITE,2,2165,GSFC-ELEANOR-LITE,
257287204,13.48,OK,GSFC-ELEANOR-LITE,2,2167,GSFC-ELEANOR-LITE,
51790397,13.16,OK,QLP,2,13443,QLP,
135324633,13.77,OK,GSFC-ELEANOR-LITE,2,2211,GSFC-ELEANOR-LITE,
323965420,13.59,OK,GSFC-ELEANOR-LITE,2,2188,GSFC-ELEANOR-LITE,
47210922,13.6,NO_DATA,,0,0,,
295347171,13.11,OK,GSFC-ELEANOR-LITE,2,2167,GSFC-ELEANOR-LITE,
234065903,13.68,OK,GSFC-ELEANOR-LITE,1,904,GSFC-ELEANOR-LITE,
147626523,13.88,PROCESSING_ERROR,,0,0,TASOC,"cannot reshape array of size 0 into shape (0,newaxis)"
153333352,13.46,OK,GSFC-ELEANOR-LITE,2,1934,GSFC-ELEANOR-LITE,
241200742,13.79,OK,TEQUILA,1,1003,TEQUILA,
216733045,13.8,OK,GSFC-ELEANOR-LITE,1,1073,GSFC-ELEANOR-LITE,
256948962,13.15,OK,QLP,4,23931,QLP,
462781859,13.79,OK,GSFC-ELEANOR-LITE,2,2211,GSFC-ELEANOR-LITE,
385457563,13.68,OK,GSFC-ELEANOR-LITE,2,2211,GSFC-ELEANOR-LITE,
244978644,13.43,OK,QLP,6,49202,QLP,
256515594,13.13,OK,QLP,34,227283,QLP,
138360731,13.72,NO_DATA,,0,0,,
176253573,13.61,OK,GSFC-ELEANOR-LITE,2,1934,GSFC-ELEANOR-LITE,
338476434,13.45,OK,QLP,3,18101,QLP,
355236158,13.54,OK,GSFC-ELEANOR-LITE,4,4154,GSFC-ELEANOR-LITE,
233409941,13.39,OK,SPOC,7,109375,SPOC,
166275268,13.48,OK,QLP,2,14849,QLP,
281298791,13.42,OK,GSFC-ELEANOR-LITE,1,1100,GSFC-ELEANOR-LITE,
165499386,13.19,OK,QLP,34,211264,QLP,
255964183,13.67,OK,GSFC-ELEANOR-LITE,1,1081,GSFC-ELEANOR-LITE,
383801019,13.82,OK,GSFC-ELEANOR-LITE,3,3073,GSFC-ELEANOR-LITE,
331030092,13.66,OK,GSFC-ELEANOR-LITE,2,2164,GSFC-ELEANOR-LITE,
228325060,13.77,NO_DATA,,0,0,,
280490446,13.68,OK,GSFC-ELEANOR-LITE,2,2211,GSFC-ELEANOR-LITE,
144065546,13.13,OK,TESS-SPOC,1,1184,TESS-SPOC,
464366281,13.85,OK,GSFC-ELEANOR-LITE,2,2211,GSFC-ELEANOR-LITE,
41999811,13.67,NO_DATA,,0,0,,
76129824,13.75,OK,GSFC-ELEANOR-LITE,1,955,GSFC-ELEANOR-LITE,
308626244,13.63,OK,GSFC-ELEANOR-LITE,1,1081,GSFC-ELEANOR-LITE,
373698283,13.82,NO_DATA,,0,0,,
468625445,13.71,NO_DATA,,0,0,,
356500024,13.26,OK,QLP,7,25987,QLP,
387840874,13.71,NO_DATA,,0,0,,
250683723,13.71,NO_DATA,,0,0,,
80886363,13.72,NO_DATA,,0,0,,
298227133,13.84,NO_DATA,,0,0,,
329691283,13.65,OK,GSFC-ELEANOR-LITE,1,1081,GSFC-ELEANOR-LITE,
440117557,13.84,NO_DATA,,0,0,,
100128100,13.8,NO_DATA,,0,0,,
382050502,13.21,OK,GSFC-ELEANOR-LITE,1,1081,GSFC-ELEANOR-LITE,
87168144,13.67,OK,GSFC-ELEANOR-LITE,1,1177,GSFC-ELEANOR-LITE,
133773826,13.61,NO_DATA,,0,0,,
136186341,13.47,OK,QLP,2,13278,QLP,
22204538,13.79,OK,TASOC,2,2292,TASOC,
294657487,13.11,OK,GSFC-ELEANOR-LITE,2,2188,GSFC-ELEANOR-LITE,
386166029,13.84,OK,GSFC-ELEANOR-LITE,2,2211,GSFC-ELEANOR-LITE,
89384914,13.04,OK,QLP,8,56712,QLP,
457802104,13.56,NO_DATA,,0,0,,
465390333,13.88,OK,GSFC-ELEANOR-LITE,2,2188,GSFC-ELEANOR-LITE,
43368844,13.75,OK,TASOC,2,2292,TASOC,
356056611,13.76,NO_DATA,,0,0,,
442687558,13.62,OK,GSFC-ELEANOR-LITE,1,1081,GSFC-ELEANOR-LITE,
229612169,14.31,OK,TASOC,1,16942,TASOC,
305117967,13.99,OK,GSFC-ELEANOR-LITE,2,2188,GSFC-ELEANOR-LITE,
466506609,14.13,OK,GSFC-ELEANOR-LITE,2,2188,GSFC-ELEANOR-LITE,
117156027,14.1,NO_DATA,,0,0,,
161099836,14.31,OK,GSFC-ELEANOR-LITE,1,964,GSFC-ELEANOR-LITE,
307511724,14.23,NO_DATA,,0,0,,
260354037,14.18,OK,GSFC-ELEANOR-LITE,13,13367,GSFC-ELEANOR-LITE,
403676355,14.05,OK,GSFC-ELEANOR-LITE,1,1072,GSFC-ELEANOR-LITE,
464750131,14.05,NO_DATA,,0,0,,
386205667,14.08,OK,GSFC-ELEANOR-LITE,1,1072,GSFC-ELEANOR-LITE,
145599024,14.27,OK,GSFC-ELEANOR-LITE,2,1966,GSFC-ELEANOR-LITE,
88113104,14.36,NO_DATA,,0,0,,
393920906,14.2,OK,GSFC-ELEANOR-LITE,1,862,GSFC-ELEANOR-LITE,
452555052,14.32,OK,GSFC-ELEANOR-LITE,3,3274,GSFC-ELEANOR-LITE,
275362770,14.23,NO_DATA,,0,0,,
468888299,14.19,OK,GSFC-ELEANOR-LITE,1,1119,GSFC-ELEANOR-LITE,
13841475,14.06,NO_DATA,,0,0,,
63206698,13.98,PROCESSING_ERROR,,0,0,TASOC,"cannot reshape array of size 0 into shape (0,newaxis)"
373954440,14.3,NO_DATA,,0,0,,
142837844,14.21,OK,GSFC-ELEANOR-LITE,1,1072,GSFC-ELEANOR-LITE,
83759084,14.28,OK,GSFC-ELEANOR-LITE,1,968,GSFC-ELEANOR-LITE,
256179853,13.95,NO_DATA,,0,0,,
457564239,14.31,OK,GSFC-ELEANOR-LITE,2,2211,GSFC-ELEANOR-LITE,
219585594,14.23,OK,TASOC,2,1988,TASOC,
10039469,13.93,NO_DATA,,0,0,,
62040572,14.33,OK,GSFC-ELEANOR-LITE,1,1147,GSFC-ELEANOR-LITE,
453947226,14.02,OK,GSFC-ELEANOR-LITE,1,1081,GSFC-ELEANOR-LITE,
319665963,14.15,PROCESSING_ERROR,,0,0,CDIPS,The unit 'day' is unrecognized.  It can not be converted to other units.
410907335,13.89,OK,GSFC-ELEANOR-LITE,1,1107,GSFC-ELEANOR-LITE,
286002257,14.06,NO_DATA,,0,0,,
260354071,14.23,OK,GSFC-ELEANOR-LITE,13,13367,GSFC-ELEANOR-LITE,
341795566,14.22,OK,GSFC-ELEANOR-LITE,3,3073,GSFC-ELEANOR-LITE,
75629896,14.3,OK,GSFC-ELEANOR-LITE,2,1966,GSFC-ELEANOR-LITE,
308473058,14.27,OK,GSFC-ELEANOR-LITE,1,1081,GSFC-ELEANOR-LITE,
356264264,14.33,PROCESSING_ERROR,,0,0,"TARS,CDIPS",The unit 'day' is unrecognized.  It can not be converted to other units.
66797933,14.16,NO_DATA,,0,0,,
271434158,13.99,OK,Kepler,2,8635,Kepler,
170070466,14.16,NO_DATA,,0,0,,
151642565,14.11,OK,GSFC-ELEANOR-LITE,2,2189,GSFC-ELEANOR-LITE,
242904229,14.05,NO_DATA,,0,0,,
334477692,13.95,OK,GSFC-ELEANOR-LITE,1,1072,GSFC-ELEANOR-LITE,
126939649,14.3,OK,QLP,2,7429,QLP,
9970471,13.95,NO_DATA,,0,0,,
366840401,13.91,NO_DATA,,0,0,,
425071197,14.27,OK,K2,1,3165,K2,
14005721,13.92,NO_DATA,,0,0,,
55585164,14.2,OK,GSFC-ELEANOR-LITE,1,1072,GSFC-ELEANOR-LITE,
1967831283,14.31,PROCESSING_ERROR,,0,0,TASOC,"cannot reshape array of size 0 into shape (0,newaxis)"
67412186,14.1,OK,GSFC-ELEANOR-LITE,2,2165,GSFC-ELEANOR-LITE,
359140116,14.31,OK,GSFC-ELEANOR-LITE,2,2167,GSFC-ELEANOR-LITE,
220140862,14.06,OK,GSFC-ELEANOR-LITE,1,904,GSFC-ELEANOR-LITE,
383109701,14.22,OK,GSFC-ELEANOR-LITE,2,2164,GSFC-ELEANOR-LITE,
208490570,13.96,OK,GSFC-ELEANOR-LITE,1,1086,GSFC-ELEANOR-LITE,
157100087,14.24,NO_DATA,,0,0,,
43898709,14.3,PROCESSING_ERROR,,0,0,TASOC,"cannot reshape array of size 0 into shape (0,newaxis)"
261068464,14.08,NO_DATA,,0,0,,
423230517,14.22,NO_DATA,,0,0,,
73183863,14.36,OK,GSFC-ELEANOR-LITE,2,2165,GSFC-ELEANOR-LITE,
229785487,14.26,NO_DATA,,0,0,,
470026616,14.31,NO_DATA,,0,0,,
91602021,14.09,NO_DATA,,0,0,,
319828891,14.11,NO_DATA,,0,0,,
43316421,14.18,PROCESSING_ERROR,,0,0,TASOC,"cannot reshape array of size 0 into shape (0,newaxis)"
146612348,13.91,OK,GSFC-ELEANOR-LITE,2,2189,GSFC-ELEANOR-LITE,
240178635,14.28,OK,TASOC,4,4414,TASOC,
457855575,14.02,OK,GSFC-ELEANOR-LITE,1,1081,GSFC-ELEANOR-LITE,
3933500,14.01,OK,GSFC-ELEANOR-LITE,1,1059,GSFC-ELEANOR-LITE,
377799185,14.29,PROCESSING_ERROR,,0,0,TASOC,"cannot reshape array of size 0 into shape (0,newaxis)"
348327287,14.02,NO_DATA,,0,0,,
54280159,14.35,OK,GSFC-ELEANOR-LITE,1,1072,GSFC-ELEANOR-LITE,
142261967,14.28,OK,GSFC-ELEANOR-LITE,1,1073,GSFC-ELEANOR-LITE,
217028234,14.32,OK,GSFC-ELEANOR-LITE,1,1049,GSFC-ELEANOR-LITE,
100128862,13.96,NO_DATA,,0,0,,
265523007,14.11,OK,GSFC-ELEANOR-LITE,1,1148,GSFC-ELEANOR-LITE,
291156298,14.25,OK,QLP,2,12540,QLP,
512989037,13.99,OK,QLP,2,13325,QLP,
391092857,14.36,NO_DATA,,0,0,,
229769563,14.19,DOWNLOAD_ERROR,,0,0,"TASOC,TARS",Error in reading Data product /home/runner/.cache/lightkurve/mastDownload/HLSP/hlsp_tars_tess_ffi_s0014-0000000229769563_tess/hlsp_tars_tess_ffi_s0014-0000000229769563_tess_v01_lc.fits of type generic
304803946,14.28,OK,GSFC-ELEANOR-LITE,2,2188,GSFC-ELEANOR-LITE,
366664485,14.31,NO_DATA,,0,0,,
371605670,14.09,OK,GSFC-ELEANOR-LITE,2,2188,GSFC-ELEANOR-LITE,
264299461,13.94,DOWNLOAD_ERROR,,0,0,TARS,Error in reading Data product /home/runner/.cache/lightkurve/mastDownload/HLSP/hlsp_tars_tess_ffi_s0014-0000000264299461_tess/hlsp_tars_tess_ffi_s0014-0000000264299461_tess_v01_lc.fits of type generic
377920069,14.11,PROCESSING_ERROR,,0,0,TASOC,"cannot reshape array of size 0 into shape (0,newaxis)"
453802670,13.99,OK,GSFC-ELEANOR-LITE,2,2193,GSFC-ELEANOR-LITE,
158332477,13.91,OK,GSFC-ELEANOR-LITE,2,2189,GSFC-ELEANOR-LITE,
60219968,14.35,NO_DATA,,0,0,,
298031901,14.14,NO_DATA,,0,0,,
145904137,14.27,OK,GSFC-ELEANOR-LITE,2,1934,GSFC-ELEANOR-LITE,
192855779,14.12,OK,GSFC-ELEANOR-LITE,2,2167,GSFC-ELEANOR-LITE,
71279174,14.17,NO_DATA,,0,0,,
8086395,14.22,NO_DATA,,0,0,,
647084463,14.13,NO_DATA,,0,0,,
457631854,13.89,OK,GSFC-ELEANOR-LITE,1,1107,GSFC-ELEANOR-LITE,
150246762,14.61,OK,GSFC-ELEANOR-LITE,12,12295,GSFC-ELEANOR-LITE,
46373804,14.6,OK,QLP,1,2214,QLP,
146181323,14.49,OK,GSFC-ELEANOR-LITE,2,1934,GSFC-ELEANOR-LITE,
33084982,14.52,OK,GSFC-ELEANOR-LITE,1,1049,GSFC-ELEANOR-LITE,
318885450,14.45,OK,GSFC-ELEANOR-LITE,1,963,GSFC-ELEANOR-LITE,
71903584,14.66,NO_DATA,,0,0,,
188304122,14.38,PROCESSING_ERROR,,0,0,TASOC,"cannot reshape array of size 0 into shape (0,newaxis)"
68273113,14.44,NO_DATA,,0,0,,
120017701,14.5,OK,GSFC-ELEANOR-LITE,1,1086,GSFC-ELEANOR-LITE,
386512936,14.4,OK,GSFC-ELEANOR-LITE,1,1104,GSFC-ELEANOR-LITE,
329180790,14.66,OK,TASOC,2,1854,TASOC,
380942574,14.54,OK,QLP,3,17101,QLP,
196202960,14.55,PROCESSING_ERROR,,0,0,TASOC,"cannot reshape array of size 0 into shape (0,newaxis)"
1956026105,14.38,OK,QLP,7,43046,QLP,
316215136,14.51,OK,GSFC-ELEANOR-LITE,1,1120,GSFC-ELEANOR-LITE,
93197975,14.41,OK,GSFC-ELEANOR-LITE,2,1966,GSFC-ELEANOR-LITE,
172830461,14.48,NO_DATA,,0,0,,
297357238,14.47,OK,GSFC-ELEANOR-LITE,1,1081,GSFC-ELEANOR-LITE,
367820093,14.57,NO_DATA,,0,0,,
323774715,14.37,OK,GSFC-ELEANOR-LITE,2,2188,GSFC-ELEANOR-LITE,
451940481,14.71,NO_DATA,,0,0,,
360112109,14.66,NO_DATA,,0,0,,
229750292,14.5,NO_DATA,,0,0,,
219568206,14.48,OK,TASOC,2,1988,TASOC,
303450873,14.45,NO_DATA,,0,0,,
84366964,14.67,NO_DATA,,0,0,,
345292716,14.49,OK,QLP,3,10624,QLP,
459443806,14.49,NO_DATA,,0,0,,
345086748,14.45,OK,GSFC-ELEANOR-LITE,1,1177,GSFC-ELEANOR-LITE,
255797576,14.57,DOWNLOAD_ERROR,,0,0,TARS,Error in reading Data product /home/runner/.cache/lightkurve/mastDownload/HLSP/hlsp_tars_tess_ffi_s0040-0000000255797567_tess/hlsp_tars_tess_ffi_s0040-0000000255797567_tess_v01_lc.fits of type generic
276084608,14.58,OK,GSFC-ELEANOR-LITE,1,1120,GSFC-ELEANOR-LITE,
247637169,14.48,OK,GSFC-ELEANOR-LITE,1,904,GSFC-ELEANOR-LITE,
516402299,14.7,OK,GSFC-ELEANOR-LITE,1,1081,GSFC-ELEANOR-LITE,
262774849,14.72,OK,GSFC-ELEANOR-LITE,1,1029,GSFC-ELEANOR-LITE,
348898155,14.38,OK,GSFC-ELEANOR-LITE,13,13367,GSFC-ELEANOR-LITE,
127259977,14.54,OK,GSFC-ELEANOR-LITE,1,1072,GSFC-ELEANOR-LITE,
395250919,14.63,NO_DATA,,0,0,,
463166500,14.57,OK,GSFC-ELEANOR-LITE,1,1032,GSFC-ELEANOR-LITE,
130139819,14.72,OK,QLP,3,24472,QLP,
102566477,14.6,OK,GSFC-ELEANOR-LITE,1,1101,GSFC-ELEANOR-LITE,
188855091,14.57,OK,GSFC-ELEANOR-LITE,1,1086,GSFC-ELEANOR-LITE,
320472946,14.63,DOWNLOAD_ERROR,,0,0,TARS,Error in reading Data product /home/runner/.cache/lightkurve/mastDownload/HLSP/hlsp_tars_tess_ffi_s0025-0000000320472946_tess/hlsp_tars_tess_ffi_s0025-0000000320472946_tess_v01_lc.fits of type generic
229710690,14.57,PROCESSING_ERROR,,0,0,TASOC,"cannot reshape array of size 0 into shape (0,newaxis)"
70785218,14.65,NO_DATA,,0,0,,
311320037,14.6,DOWNLOAD_ERROR,,0,0,TARS,Error in reading Data product /home/runner/.cache/lightkurve/mastDownload/HLSP/hlsp_tars_tess_ffi_s0040-0000000311320107_tess/hlsp_tars_tess_ffi_s0040-0000000311320107_tess_v01_lc.fits of type generic
261610152,14.7,OK,GSFC-ELEANOR-LITE,1,1148,GSFC-ELEANOR-LITE,
420219042,14.72,PROCESSING_ERROR,,0,0,TASOC,"cannot reshape array of size 0 into shape (0,newaxis)"
405097041,14.56,NO_DATA,,0,0,,
310813547,14.5,OK,GSFC-ELEANOR-LITE,2,2211,GSFC-ELEANOR-LITE,
391678518,14.68,NO_DATA,,0,0,,
272043787,14.39,NO_DATA,,0,0,,
361562001,14.67,OK,TASOC,2,1988,TASOC,
102509246,14.59,OK,QLP,6,52015,QLP,
239897648,14.49,DOWNLOAD_ERROR,,0,0,TARS,Error in reading Data product /home/runner/.cache/lightkurve/mastDownload/HLSP/hlsp_tars_tess_ffi_s0043-0000000239897652_tess/hlsp_tars_tess_ffi_s0043-0000000239897652_tess_v01_lc.fits of type generic
165904501,14.44,OK,GSFC-ELEANOR-LITE,2,2165,GSFC-ELEANOR-LITE,
394019805,14.66,OK,TASOC,2,2292,TASOC,
313559692,14.61,NO_DATA,,0,0,,
417497378,14.69,PROCESSING_ERROR,,0,0,TASOC,"cannot reshape array of size 0 into shape (0,newaxis)"
338685900,14.49,OK,GSFC-ELEANOR-LITE,1,1081,GSFC-ELEANOR-LITE,
137056654,14.67,NO_DATA,,0,0,,
304877913,14.67,NO_DATA,,0,0,,
44446150,14.4,OK,GSFC-ELEANOR-LITE,1,1100,GSFC-ELEANOR-LITE,
408696301,14.51,NO_DATA,,0,0,,
239056640,14.44,NO_DATA,,0,0,,
467851810,14.5,OK,GSFC-ELEANOR-LITE,2,2188,GSFC-ELEANOR-LITE,
307380812,14.46,OK,GSFC-ELEANOR-LITE,1,904,GSFC-ELEANOR-LITE,
166361703,14.71,PROCESSING_ERROR,,0,0,TASOC,"cannot reshape array of size 0 into shape (0,newaxis)"
468471963,14.37,PROCESSING_ERROR,,0,0,TASOC,"cannot reshape array of size 0 into shape (0,newaxis)"
366929144,14.59,NO_DATA,,0,0,,
69492839,14.66,NO_DATA,,0,0,,
213632656,14.6,NO_DATA,,0,0,,
465333807,14.5,OK,GSFC-ELEANOR-LITE,2,2188,GSFC-ELEANOR-LITE,
285298947,14.53,NO_DATA,,0,0,,
278121809,14.61,NO_DATA,,0,0,,
90130721,14.67,OK,GSFC-ELEANOR-LITE,2,1966,GSFC-ELEANOR-LITE,
423560211,14.58,NO_DATA,,0,0,,
267576211,14.55,NO_DATA,,0,0,,
249785660,14.67,NO_DATA,,0,0,,
322086056,14.57,OK,GSFC-ELEANOR-LITE,2,2188,GSFC-ELEANOR-LITE,
121468940,14.45,OK,GSFC-ELEANOR-LITE,1,1062,GSFC-ELEANOR-LITE,
86817074,14.68,NO_DATA,,0,0,,
19932542,14.51,NO_DATA,,0,0,,
48552574,14.45,NO_DATA,,0,0,,
366133550,14.65,DOWNLOAD_ERROR,,0,0,TARS,Error in reading Data product /home/runner/.cache/lightkurve/mastDownload/HLSP/hlsp_tars_tess_ffi_s0054-0000000366133558_tess/hlsp_tars_tess_ffi_s0054-0000000366133558_tess_v01_lc.fits of type generic
40220507,14.55,NO_DATA,,0,0,,
451039310,14.38,OK,GSFC-ELEANOR-LITE,2,2188,GSFC-ELEANOR-LITE,
458295812,14.45,OK,GSFC-ELEANOR-LITE,1,1107,GSFC-ELEANOR-LITE,
390732369,14.46,NO_DATA,,0,0,,
464064888,14.47,OK,GSFC-ELEANOR-LITE,2,2211,GSFC-ELEANOR-LITE,
233543319,14.67,PROCESSING_ERROR,,0,0,TASOC,"cannot reshape array of size 0 into shape (0,newaxis)"
385257088,14.58,NO_DATA,,0,0,,
468658669,14.65,NO_DATA,,0,0,,
421974923,14.66,NO_DATA,,0,0,,
199612036,14.64,OK,TASOC,2,2292,TASOC,
386850136,14.47,OK,GSFC-ELEANOR-LITE,1,1104,GSFC-ELEANOR-LITE,
359416156,14.51,OK,QLP,4,28618,QLP,
277917453,14.46,OK,GSFC-ELEANOR-LITE,1,1086,GSFC-ELEANOR-LITE,
162949365,14.47,NO_DATA,,0,0,,
385172812,14.66,OK,GSFC-ELEANOR-LITE,2,2211,GSFC-ELEANOR-LITE,
379039437,14.38,PROCESSING_ERROR,,0,0,TASOC,"cannot reshape array of size 0 into shape (0,newaxis)"
55477016,14.81,OK,GSFC-ELEANOR-LITE,13,13367,GSFC-ELEANOR-LITE,
417489557,14.84,OK,QLP,7,65891,QLP,
125936286,14.92,OK,QLP,2,13610,QLP,
125365351,14.99,NO_DATA,,0,0,,
351942055,14.91,OK,GSFC-ELEANOR-LITE,1,1073,GSFC-ELEANOR-LITE,
207753394,15.0,OK,GSFC-ELEANOR-LITE,1,1086,GSFC-ELEANOR-LITE,
458340700,14.74,OK,GSFC-ELEANOR-LITE,1,1107,GSFC-ELEANOR-LITE,
64687397,14.79,DOWNLOAD_ERROR,,0,0,TARS,Error in reading Data product /home/runner/.cache/lightkurve/mastDownload/HLSP/hlsp_tars_tess_ffi_s0015-0000000064687382_tess/hlsp_tars_tess_ffi_s0015-0000000064687382_tess_v01_lc.fits of type generic
160147252,14.87,OK,QLP,9,74943,QLP,
412633483,14.87,OK,GSFC-ELEANOR-LITE,1,1081,GSFC-ELEANOR-LITE,
2011318169,14.9,OK,QLP,5,35980,QLP,
147440772,14.9,OK,GSFC-ELEANOR-LITE,1,862,GSFC-ELEANOR-LITE,
146947218,14.83,NO_DATA,,0,0,,
264401903,14.75,NO_DATA,,0,0,,
46896701,14.81,OK,GSFC-ELEANOR-LITE,1,1032,GSFC-ELEANOR-LITE,
385139532,14.99,NO_DATA,,0,0,,
22229107,14.78,OK,QLP,5,32016,QLP,
309663329,14.94,NO_DATA,,0,0,,
1270818280,14.82,OK,TASOC,2,2292,TASOC,
239884913,14.98,NO_DATA,,0,0,,
20216413,14.8,NO_DATA,,0,0,,
233671996,14.89,NO_DATA,,0,0,,
394867579,14.89,NO_DATA,,0,0,,
57135731,14.84,OK,GSFC-ELEANOR-LITE,1,1147,GSFC-ELEANOR-LITE,
235808519,14.75,NO_DATA,,0,0,,
100424241,14.75,OK,GSFC-ELEANOR-LITE,1,1029,GSFC-ELEANOR-LITE,
356439018,14.92,NO_DATA,,0,0,,
339902507,14.95,OK,GSFC-ELEANOR-LITE,2,2167,GSFC-ELEANOR-LITE,
272993880,14.95,NO_DATA,,0,0,,
319433145,14.9,OK,GSFC-ELEANOR-LITE,6,6075,GSFC-ELEANOR-LITE,
239187682,14.81,NO_DATA,,0,0,,
344494909,14.99,OK,GSFC-ELEANOR-LITE,2,2188,GSFC-ELEANOR-LITE,
622251418,14.82,NO_DATA,,0,0,,
24657413,14.96,NO_DATA,,0,0,,
374765295,14.99,OK,QLP,5,23446,QLP,
45377985,14.89,NO_DATA,,0,0,,
237514076,14.86,OK,GSFC-ELEANOR-LITE,1,904,GSFC-ELEANOR-LITE,
12929095,14.81,NO_DATA,,0,0,,
394603788,14.84,OK,GSFC-ELEANOR-LITE,2,2167,GSFC-ELEANOR-LITE,
403653820,14.92,NO_DATA,,0,0,,
80642345,14.77,OK,GSFC-ELEANOR-LITE,1,1072,GSFC-ELEANOR-LITE,
385465182,14.92,OK,GSFC-ELEANOR-LITE,2,2211,GSFC-ELEANOR-LITE,
351611163,14.73,NO_DATA,,0,0,,
449836001,14.87,OK,GSFC-ELEANOR-LITE,1,1081,GSFC-ELEANOR-LITE,
51870295,14.93,NO_DATA,,0,0,,
1966164973,14.95,OK,PATHOS,2,2427,PATHOS,
29261991,14.84,NO_DATA,,0,0,,
311299033,14.93,NO_DATA,,0,0,,
8570398,14.78,NO_DATA,,0,0,,
28517182,14.79,OK,GSFC-ELEANOR-LITE,1,1134,GSFC-ELEANOR-LITE,
1325721550,14.8,OK,GSFC-ELEANOR-LITE,1,1048,GSFC-ELEANOR-LITE,
338112769,14.9,NO_DATA,,0,0,,
58599336,14.85,OK,GSFC-ELEANOR-LITE,1,1069,GSFC-ELEANOR-LITE,
338163345,14.96,NO_DATA,,0,0,,
102373706,14.93,OK,SPOC,3,52561,SPOC,
403617364,14.79,NO_DATA,,0,0,,
70600748,14.8,PROCESSING_ERROR,,0,0,CDIPS,The unit 'day' is unrecognized.  It can not be converted to other units.
369395377,14.78,OK,GSFC-ELEANOR-LITE,1,798,GSFC-ELEANOR-LITE,
386543694,14.92,NO_DATA,,0,0,,
122821443,14.92,NO_DATA,,0,0,,
329819163,14.9,NO_DATA,,0,0,,
398475596,14.93,OK,GSFC-ELEANOR-LITE,2,2160,GSFC-ELEANOR-LITE,
346557669,14.95,NO_DATA,,0,0,,
332928894,14.78,NO_DATA,,0,0,,
123508954,14.91,OK,GSFC-ELEANOR-LITE,1,1048,GSFC-ELEANOR-LITE,
421567487,14.76,OK,GSFC-ELEANOR-LITE,1,1086,GSFC-ELEANOR-LITE,
315681379,14.77,OK,GSFC-ELEANOR-LITE,1,1086,GSFC-ELEANOR-LITE,
139739718,14.87,OK,GSFC-ELEANOR-LITE,2,1966,GSFC-ELEANOR-LITE,
281172204,14.75,OK,GSFC-ELEANOR-LITE,2,2211,GSFC-ELEANOR-LITE,
383287412,14.73,OK,GSFC-ELEANOR-LITE,3,3073,GSFC-ELEANOR-LITE,
145593909,15.47,OK,GSFC-ELEANOR-LITE,2,1966,GSFC-ELEANOR-LITE,
283161971,14.92,NO_DATA,,0,0,,
16349835,14.83,NO_DATA,,0,0,,
98787222,14.83,NO_DATA,,0,0,,
419751492,14.96,NO_DATA,,0,0,,
3478259,14.73,NO_DATA,,0,0,,
411931163,14.74,DOWNLOAD_ERROR,,0,0,TARS,Error in reading Data product /home/runner/.cache/lightkurve/mastDownload/HLSP/hlsp_tars_tess_ffi_s0043-0000000411931163_tess/hlsp_tars_tess_ffi_s0043-0000000411931163_tess_v01_lc.fits of type generic
31170242,14.94,OK,GSFC-ELEANOR-LITE,1,1123,GSFC-ELEANOR-LITE,
450443008,14.88,OK,GSFC-ELEANOR-LITE,1,1081,GSFC-ELEANOR-LITE,
367853726,14.86,NO_DATA,,0,0,,
3521345,14.73,OK,GSFC-ELEANOR-LITE,2,1962,GSFC-ELEANOR-LITE,
373101598,14.95,OK,GSFC-ELEANOR-LITE,2,2211,GSFC-ELEANOR-LITE,
441849486,14.87,OK,GSFC-ELEANOR-LITE,2,2211,GSFC-ELEANOR-LITE,
400881317,14.85,NO_DATA,,0,0,,
62282699,14.74,OK,GSFC-ELEANOR-LITE,1,1147,GSFC-ELEANOR-LITE,
452988252,14.9,NO_DATA,,0,0,,
426243522,14.94,NO_DATA,,0,0,,
435411138,14.91,OK,GSFC-ELEANOR-LITE,1,1081,GSFC-ELEANOR-LITE,
73928199,14.8,OK,GSFC-ELEANOR-LITE,1,1086,GSFC-ELEANOR-LITE,
810694960,14.78,NO_DATA,,0,0,,
8348450,14.92,NO_DATA,,0,0,,
284746216,14.78,NO_DATA,,0,0,,
24145461,14.84,OK,GSFC-ELEANOR-LITE,1,1054,GSFC-ELEANOR-LITE,
7167732,14.81,NO_DATA,,0,0,,
806289733,14.85,OK,GSFC-ELEANOR-LITE,5,5216,GSFC-ELEANOR-LITE,
269668551,14.76,NO_DATA,,0,0,,
154149408,14.85,NO_DATA,,0,0,,
80996206,14.9,OK,GSFC-ELEANOR-LITE,2,1934,GSFC-ELEANOR-LITE,
313736377,12.97,OK,QLP,5,19891,QLP,
264303052,11.94,OK,QLP,41,243022,QLP,
220441072,12.31,OK,GSFC-ELEANOR-LITE,2,2211,GSFC-ELEANOR-LITE,
411741018,11.52,OK,GSFC-ELEANOR-LITE,1,1081,GSFC-ELEANOR-LITE,
43797282,12.15,OK,QLP,5,28822,QLP,
87030058,12.04,OK,QLP,2,14634,QLP,
394614352,12.48,OK,QLP,6,34714,QLP,
378232913,10.91,OK,GSFC-ELEANOR-LITE,2,2188,GSFC-ELEANOR-LITE,
341288037,11.49,OK,GSFC-ELEANOR-LITE,2,2167,GSFC-ELEANOR-LITE,
59645648,12.86,OK,QLP,8,56803,QLP,
97019627,12.94,OK,GSFC-ELEANOR-LITE,1,1056,GSFC-ELEANOR-LITE,
469444192,12.46,OK,GSFC-ELEANOR-LITE,1,1148,GSFC-ELEANOR-LITE,
258297319,11.9,OK,QLP,3,19486,QLP,
402811138,12.81,OK,QLP,10,69397,QLP,
376882175,11.02,OK,TESS-SPOC,17,153705,TESS-SPOC,
183690527,10.19,OK,TESS-SPOC,1,7476,TESS-SPOC,
356056948,12.46,OK,QLP,5,23120,QLP,
203322715,11.16,OK,QLP,3,25455,QLP,
224714574,12.9,OK,QLP,5,20380,QLP,
229510068,12.96,OK,QLP,42,246485,QLP,
273229127,12.5,OK,QLP,9,58148,QLP,
230278138,12.71,OK,QLP,4,19667,QLP,
251941465,11.53,OK,QLP,2,13685,QLP,
373899211,12.67,OK,QLP,4,26864,QLP,
446737326,12.94,OK,GSFC-ELEANOR-LITE,2,2167,GSFC-ELEANOR-LITE,
349481397,12.88,OK,GSFC-ELEANOR-LITE,12,12263,GSFC-ELEANOR-LITE,
319127053,12.79,OK,GSFC-ELEANOR-LITE,2,2188,GSFC-ELEANOR-LITE,
40693244,12.08,OK,QLP,6,35275,QLP,
367266670,8.89,OK,SPOC,1,14859,SPOC,
450666696,13.63,OK,GSFC-ELEANOR-LITE,1,1085,GSFC-ELEANOR-LITE,
40621423,13.2,OK,QLP,9,58143,QLP,
114936473,13.06,OK,QLP,5,33154,QLP,
467847068,13.74,OK,GSFC-ELEANOR-LITE,2,2188,GSFC-ELEANOR-LITE,
156878224,13.43,OK,QLP,3,24783,QLP,
188747441,13.8,OK,GSFC-ELEANOR-LITE,1,1081,GSFC-ELEANOR-LITE,
165606118,13.22,OK,QLP,7,60779,QLP,
80785690,13.04,OK,GSFC-ELEANOR-LITE,1,1086,GSFC-ELEANOR-LITE,
287657973,13.77,OK,GSFC-ELEANOR-LITE,2,2165,GSFC-ELEANOR-LITE,
246552692,13.74,OK,GSFC-ELEANOR-LITE,1,1054,GSFC-ELEANOR-LITE,
377518416,13.45,OK,QLP,3,17503,QLP,
441234364,13.82,OK,GSFC-ELEANOR-LITE,2,2211,GSFC-ELEANOR-LITE,
314481187,13.6,NO_DATA,,0,0,,
65504442,13.55,OK,GSFC-ELEANOR-LITE,1,1147,GSFC-ELEANOR-LITE,
388736229,13.58,OK,GSFC-ELEANOR-LITE,1,960,GSFC-ELEANOR-LITE,
341429113,13.72,NO_DATA,,0,0,,
334463051,13.79,OK,GSFC-ELEANOR-LITE,1,1081,GSFC-ELEANOR-LITE,
186430453,13.27,OK,QLP,1,10347,QLP,
458521313,13.48,OK,QLP,5,23392,QLP,
367253312,13.06,OK,QLP,8,53209,QLP,
239743305,13.66,DOWNLOAD_ERROR,,0,0,TARS,Error in reading Data product /home/runner/.cache/lightkurve/mastDownload/HLSP/hlsp_tars_tess_ffi_s0019-0000000239743305_tess/hlsp_tars_tess_ffi_s0019-0000000239743305_tess_v01_lc.fits of type generic
342547005,13.65,NO_DATA,,0,0,,
213680763,13.12,OK,QLP,5,23649,QLP,
162837059,13.2,OK,QLP,1,7712,QLP,
348754615,13.73,OK,GSFC-ELEANOR-LITE,1,862,GSFC-ELEANOR-LITE,
242915617,13.44,OK,QLP,3,18363,QLP,
48199029,13.26,OK,QLP,2,11781,QLP,
229885656,13.09,OK,TESS-SPOC,5,11696,TESS-SPOC,
94262469,13.59,OK,GSFC-ELEANOR-LITE,1,1072,GSFC-ELEANOR-LITE,
405181219,13.65,OK,GSFC-ELEANOR-LITE,1,1087,GSFC-ELEANOR-LITE,
307409547,14.14,OK,GSFC-ELEANOR-LITE,2,2188,GSFC-ELEANOR-LITE,
285502069,14.04,OK,TASOC,2,2292,TASOC,
290222550,13.93,NO_DATA,,0,0,,
230448894,14.08,PROCESSING_ERROR,,0,0,TASOC,"cannot reshape array of size 0 into shape (0,newaxis)"
377773424,14.07,OK,GSFC-ELEANOR-LITE,2,2188,GSFC-ELEANOR-LITE,
330425387,13.9,OK,GSFC-ELEANOR-LITE,1,1081,GSFC-ELEANOR-LITE,
120173573,14.18,PROCESSING_ERROR,,0,0,TASOC,"cannot reshape array of size 0 into shape (0,newaxis)"
42626059,13.96,NO_DATA,,0,0,,
124464833,14.2,NO_DATA,,0,0,,
390318873,14.02,OK,GSFC-ELEANOR-LITE,2,2165,GSFC-ELEANOR-LITE,
19502632,14.01,NO_DATA,,0,0,,
337509299,13.94,OK,GSFC-ELEANOR-LITE,1,1081,GSFC-ELEANOR-LITE,
17513605,14.1,NO_DATA,,0,0,,
244563901,14.33,NO_DATA,,0,0,,
1010391149,14.14,OK,GSFC-ELEANOR-LITE,2,2167,GSFC-ELEANOR-LITE,
418883686,14.17,OK,GSFC-ELEANOR-LITE,2,2167,GSFC-ELEANOR-LITE,
178331790,14.01,OK,GSFC-ELEANOR-LITE,1,1072,GSFC-ELEANOR-LITE,
153727748,14.33,OK,GSFC-ELEANOR-LITE,2,1934,GSFC-ELEANOR-LITE,
46032705,14.21,OK,GSFC-ELEANOR-LITE,3,3073,GSFC-ELEANOR-LITE,
214704512,14.07,NO_DATA,,0,0,,
319960004,14.36,NO_DATA,,0,0,,
232199442,14.29,OK,GSFC-ELEANOR-LITE,1,1054,GSFC-ELEANOR-LITE,
287275704,14.23,OK,GSFC-ELEANOR-LITE,7,7023,GSFC-ELEANOR-LITE,
294973865,13.9,OK,GSFC-ELEANOR-LITE,2,2211,GSFC-ELEANOR-LITE,
1794877423,14.26,NO_DATA,,0,0,,
417956274,13.98,PROCESSING_ERROR,,0,0,TASOC,"cannot reshape array of size 0 into shape (0,newaxis)"
290150987,14.35,OK,GSFC-ELEANOR-LITE,1,1086,GSFC-ELEANOR-LITE,
109258378,14.18,NO_DATA,,0,0,,
58205869,14.26,NO_DATA,,0,0,,
140987393,13.95,OK,GSFC-ELEANOR-LITE,2,1966,GSFC-ELEANOR-LITE,
317362815,14.57,OK,GSFC-ELEANOR-LITE,1,1081,GSFC-ELEANOR-LITE,
343799367,14.52,OK,GSFC-ELEANOR-LITE,1,1086,GSFC-ELEANOR-LITE,
308498714,14.63,OK,GSFC-ELEANOR-LITE,1,904,GSFC-ELEANOR-LITE,
349374091,14.43,OK,GSFC-ELEANOR-LITE,13,13367,GSFC-ELEANOR-LITE,
82521131,14.51,NO_DATA,,0,0,,
152404913,14.72,OK,GSFC-ELEANOR-LITE,2,1934,GSFC-ELEANOR-LITE,
122501349,14.7,OK,GSFC-ELEANOR-LITE,3,3073,GSFC-ELEANOR-LITE,
447170236,14.45,OK,GSFC-ELEANOR-LITE,1,1086,GSFC-ELEANOR-LITE,
78974066,14.62,NO_DATA,,0,0,,
237516911,14.68,NO_DATA,,0,0,,
257957990,14.37,DOWNLOAD_ERROR,,0,0,TARS,Error in reading Data product /home/runner/.cache/lightkurve/mastDownload/HLSP/hlsp_tars_tess_ffi_s0042-0000000257957990_tess/hlsp_tars_tess_ffi_s0042-0000000257957990_tess_v01_lc.fits of type generic
460097917,14.63,PROCESSING_ERROR,,0,0,TASOC,"cannot reshape array of size 0 into shape (0,newaxis)"
84860783,14.5,DOWNLOAD_ERROR,,0,0,TARS,Error in reading Data product /home/runner/.cache/lightkurve/mastDownload/HLSP/hlsp_tars_tess_ffi_s0043-0000000084860778_tess/hlsp_tars_tess_ffi_s0043-0000000084860778_tess_v01_lc.fits of type generic
468353260,14.6,OK,TESS-SPOC,8,29337,TESS-SPOC,
188270503,14.55,NO_DATA,,0,0,,
350545979,14.51,NO_DATA,,0,0,,
260240216,14.39,OK,GSFC-ELEANOR-LITE,13,13367,GSFC-ELEANOR-LITE,
469136093,14.49,OK,GSFC-ELEANOR-LITE,2,2211,GSFC-ELEANOR-LITE,
233662516,14.61,OK,GSFC-ELEANOR-LITE,1,1054,GSFC-ELEANOR-LITE,
60670877,14.64,NO_DATA,,0,0,,
442590989,14.54,OK,GSFC-ELEANOR-LITE,1,1081,GSFC-ELEANOR-LITE,
258699299,14.37,OK,TASOC,2,2292,TASOC,
185947071,14.58,NO_DATA,,0,0,,
197159282,14.47,OK,GSFC-ELEANOR-LITE,1,1134,GSFC-ELEANOR-LITE,
176007923,14.52,NO_DATA,,0,0,,
45663447,14.38,OK,GSFC-ELEANOR-LITE,1,1100,GSFC-ELEANOR-LITE,
136852206,14.59,NO_DATA,,0,0,,
173381003,14.7,OK,GSFC-ELEANOR-LITE,2,1934,GSFC-ELEANOR-LITE,
258127970,14.59,NO_DATA,,0,0,,
378112774,14.68,OK,GSFC-ELEANOR-LITE,1,1107,GSFC-ELEANOR-LITE,
157526248,14.89,OK,GSFC-ELEANOR-LITE,2,1975,GSFC-ELEANOR-LITE,
318521292,14.87,NO_DATA,,0,0,,
391709662,14.78,OK,GSFC-ELEANOR-LITE,2,1966,GSFC-ELEANOR-LITE,
388618491,14.82,NO_DATA,,0,0,,
298986673,14.78,NO_DATA,,0,0,,
335388971,14.86,PROCESSING_ERROR,,0,0,TASOC,"cannot reshape array of size 0 into shape (0,newaxis)"
302820498,14.81,DOWNLOAD_ERROR,,0,0,TARS,Error in reading Data product /home/runner/.cache/lightkurve/mastDownload/HLSP/hlsp_tars_tess_ffi_s0020-0000000302820498_tess/hlsp_tars_tess_ffi_s0020-0000000302820498_tess_v01_lc.fits of type generic
152999050,14.75,OK,GSFC-ELEANOR-LITE,1,1032,GSFC-ELEANOR-LITE,
221066239,14.97,OK,GSFC-ELEANOR-LITE,1,1086,GSFC-ELEANOR-LITE,
96296822,14.78,NO_DATA,,0,0,,
342885560,14.94,OK,GSFC-ELEANOR-LITE,2,1969,GSFC-ELEANOR-LITE,
300359095,14.96,OK,GSFC-ELEANOR-LITE,1,1081,GSFC-ELEANOR-LITE,
48613391,14.95,NO_DATA,,0,0,,
75128778,14.77,OK,GSFC-ELEANOR-LITE,2,1966,GSFC-ELEANOR-LITE,
87420655,14.86,OK,GSFC-ELEANOR-LITE,1,1177,GSFC-ELEANOR-LITE,
72276612,14.76,PROCESSING_ERROR,,0,0,CDIPS,The unit 'day' is unrecognized.  It can not be converted to other units.
457539717,14.85,OK,GSFC-ELEANOR-LITE,2,2211,GSFC-ELEANOR-LITE,
230126048,15.0,PROCESSING_ERROR,,0,0,TASOC,"cannot reshape array of size 0 into shape (0,newaxis)"
91617798,14.85,NO_DATA,,0,0,,
54052001,14.81,NO_DATA,,0,0,,
1789271467,14.8,NO_DATA,,0,0,,
44606608,14.74,OK,GSFC-ELEANOR-LITE,1,1047,GSFC-ELEANOR-LITE,
89658227,14.8,OK,GSFC-ELEANOR-LITE,1,1177,GSFC-ELEANOR-LITE,
317639628,14.76,OK,GSFC-ELEANOR-LITE,2,2188,GSFC-ELEANOR-LITE,
337002768,14.84,NO_DATA,,0,0,,
329768972,14.98,NO_DATA,,0,0,,
259073145,14.83,OK,GSFC-ELEANOR-LITE,1,1072,GSFC-ELEANOR-LITE,
169840295,14.85,OK,GSFC-ELEANOR-LITE,1,1072,GSFC-ELEANOR-LITE,
377558226,14.94,NO_DATA,,0,0,,
23048413,14.86,NO_DATA,,0,0,,
224289440,12.15,OK,TESS-SPOC,6,19302,TESS-SPOC,
453978254,12.75,OK,GSFC-ELEANOR-LITE,2,2188,GSFC-ELEANOR-LITE,
326247759,12.37,OK,QLP,7,64095,QLP,
236342697,13.01,OK,TESS-SPOC,3,3746,TESS-SPOC,
230271870,12.75,OK,QLP,4,19656,QLP,
73551067,12.98,OK,QLP,5,23161,QLP,
158448041,10.89,OK,TESS-SPOC,9,29977,TESS-SPOC,
79411022,12.44,OK,QLP,4,20045,QLP,
349442532,12.47,OK,TESS-SPOC,1,2182,TESS-SPOC,
86959051,11.56,OK,QLP,5,30168,QLP,
250598318,12.57,OK,QLP,1,10818,QLP,
220411839,11.22,OK,SPOC,20,315816,SPOC,
394428207,13.02,OK,QLP,3,25506,QLP,
183497913,10.4,OK,TESS-SPOC,1,8627,TESS-SPOC,
341180251,12.01,OK,TESS-SPOC,3,11618,TESS-SPOC,
399580421,12.01,OK,QLP,3,23311,QLP,
96962400,11.39,OK,QLP,1,3751,QLP,
427344176,11.24,OK,TESS-SPOC,5,7428,TESS-SPOC,
466068334,12.87,OK,SPOC,2,134411,SPOC,
111375650,12.53,OK,QLP,4,37183,QLP,
444478675,9.73,OK,TESS-SPOC,1,10071,TESS-SPOC,
430294689,12.4,OK,QLP,7,64095,QLP,
59629605,12.92,OK,QLP,7,52946,QLP,
76878072,11.74,OK,QLP,5,30273,QLP,
402655839,10.84,OK,QLP,29,177050,QLP,
383292935,12.64,OK,GSFC-ELEANOR-LITE,1,1177,GSFC-ELEANOR-LITE,
90456042,11.72,OK,GSFC-ELEANOR-LITE,2,1966,GSFC-ELEANOR-LITE,
366743368,12.23,OK,QLP,6,39372,QLP,
118334237,12.85,OK,TESS-SPOC,1,2908,TESS-SPOC,
278212082,11.98,OK,QLP,8,65285,QLP,
342292226,12.46,OK,GSFC-ELEANOR-LITE,1,1086,GSFC-ELEANOR-LITE,
264252142,12.9,OK,QLP,41,250567,QLP,
273135607,12.73,OK,QLP,9,58147,QLP,
142826086,9.82,OK,TESS-SPOC,7,26369,TESS-SPOC,
378075172,12.2,OK,QLP,4,19875,QLP,
313672903,12.48,OK,GSFC-ELEANOR-LITE,1,1081,GSFC-ELEANOR-LITE,
370578451,12.9,OK,GSFC-ELEANOR-LITE,1,1081,GSFC-ELEANOR-LITE,
43331615,11.41,OK,TESS-SPOC,1,7237,TESS-SPOC,
403651165,9.97,OK,TESS-SPOC,1,6742,TESS-SPOC,
273845781,12.95,OK,GSFC-ELEANOR-LITE,1,1086,GSFC-ELEANOR-LITE,
193558729,10.05,OK,SPOC,2,28931,SPOC,
229491530,11.7,OK,QLP,43,255034,QLP,
239718857,10.77,OK,QLP,7,39119,QLP,
309209557,12.06,OK,GSFC-ELEANOR-LITE,1,1081,GSFC-ELEANOR-LITE,
31674205,12.16,OK,TESS-SPOC,8,26264,TESS-SPOC,
367166751,11.35,OK,QLP,6,31445,QLP,
111121605,11.69,OK,TESS-SPOC,1,1801,TESS-SPOC,
318850005,12.75,OK,QLP,6,47644,QLP,
433842832,12.77,OK,GSFC-ELEANOR-LITE,1,1081,GSFC-ELEANOR-LITE,
333725999,12.75,OK,QLP,4,32687,QLP,
181602709,12.76,OK,GSFC-ELEANOR-LITE,2,1966,GSFC-ELEANOR-LITE,
229675496,12.38,OK,TESS-SPOC,30,99312,TESS-SPOC,
235544316,12.02,OK,GSFC-ELEANOR-LITE,1,904,GSFC-ELEANOR-LITE,
258252104,12.69,OK,QLP,5,25253,QLP,
355975951,12.71,OK,GSFC-ELEANOR-LITE,2,1966,GSFC-ELEANOR-LITE,
358411347,12.62,OK,QLP,6,41641,QLP,
203202328,11.58,OK,QLP,6,41832,QLP,
183607235,12.5,OK,GSFC-ELEANOR-LITE,1,862,GSFC-ELEANOR-LITE,
373696987,10.88,OK,TESS-SPOC,2,18106,TESS-SPOC,
35846988,11.01,OK,GSFC-ELEANOR-LITE,1,1101,GSFC-ELEANOR-LITE,
311025334,12.27,OK,TESS-SPOC,4,32381,TESS-SPOC,
333558332,6.33,OK,TESS-SPOC,1,8889,TESS-SPOC,
397009295,11.31,OK,TESS-SPOC,4,8797,TESS-SPOC,
40649946,13.01,OK,GSFC-ELEANOR-LITE,1,1046,GSFC-ELEANOR-LITE,
138384167,9.23,OK,TESS-SPOC,4,8814,TESS-SPOC,
467216111,9.68,OK,TESS-SPOC,11,100013,TESS-SPOC,
365980081,10.92,OK,QLP,8,62109,QLP,
20805870,9.79,OK,TESS-SPOC,3,20295,TESS-SPOC,
411553811,12.05,OK,TESS-SPOC,3,20273,TESS-SPOC,
342322702,9.55,OK,QLP,3,8517,QLP,
222608562,11.99,OK,QLP,2,14619,QLP,
93193604,12.5,OK,GSFC-ELEANOR-LITE,2,1966,GSFC-ELEANOR-LITE,
180173977,12.96,OK,GSFC-ELEANOR-LITE,1,1081,GSFC-ELEANOR-LITE,
29445056,13.02,OK,QLP,3,23480,QLP,
43795649,9.56,OK,SPOC,2,19110,SPOC,
251896439,13.01,OK,QLP,6,47644,QLP,
469322519,12.71,OK,QLP,3,20594,QLP,
224624614,12.9,OK,QLP,5,20347,QLP,
152992592,10.97,OK,TESS-SPOC,2,4528,TESS-SPOC,
387149762,12.64,OK,GSFC-ELEANOR-LITE,1,904,GSFC-ELEANOR-LITE,
309626033,11.91,OK,GSFC-ELEANOR-LITE,5,5216,GSFC-ELEANOR-LITE,
330848452,10.77,OK,QLP,9,66445,QLP,
237092603,12.83,OK,TESS-SPOC,3,6939,TESS-SPOC,
208300999,13.01,OK,GSFC-ELEANOR-LITE,1,1086,GSFC-ELEANOR-LITE,
173978476,11.58,OK,GSFC-ELEANOR-LITE,1,1086,GSFC-ELEANOR-LITE,
358858962,10.52,OK,TESS-SPOC,2,16280,TESS-SPOC,
335486046,12.61,OK,QLP,10,72073,QLP,
159776709,10.7,OK,TESS-SPOC,2,20478,TESS-SPOC,
42200587,12.75,OK,QLP,8,49288,QLP,
282344575,10.63,OK,TESS-SPOC,3,10511,TESS-SPOC,
230267345,13.02,OK,QLP,3,17522,QLP,
399788046,11.38,OK,TESS-SPOC,15,131227,TESS-SPOC,
313951052,13.25,OK,GSFC-ELEANOR-LITE,1,1134,GSFC-ELEANOR-LITE,
230229514,13.54,OK,TASOC,2,2292,TASOC,
84700256,13.61,NO_DATA,,0,0,,
33973845,13.35,OK,QLP,7,59617,QLP,
72388084,13.06,OK,QLP,7,55717,QLP,
154818955,13.37,OK,QLP,2,2244,QLP,
296483158,13.59,OK,GSFC-ELEANOR-LITE,1,1075,GSFC-ELEANOR-LITE,
93594051,13.62,OK,GSFC-ELEANOR-LITE,1,1072,GSFC-ELEANOR-LITE,
150250265,13.38,OK,GSFC-ELEANOR-LITE,12,12295,GSFC-ELEANOR-LITE,
233427052,13.42,OK,QLP,13,106273,QLP,
43675414,13.22,OK,QLP,4,28505,QLP,
186140991,13.75,OK,TASOC,4,4414,TASOC,
394122787,13.62,DOWNLOAD_ERROR,,0,0,"TASOC,TARS",Error in reading Data product /home/runner/.cache/lightkurve/mastDownload/HLSP/hlsp_tars_tess_ffi_s0014-0000000394122787_tess/hlsp_tars_tess_ffi_s0014-0000000394122787_tess_v01_lc.fits of type generic
313372676,13.55,OK,GSFC-ELEANOR-LITE,1,1081,GSFC-ELEANOR-LITE,
70366294,13.45,OK,QLP,8,50104,QLP,
64256419,13.85,OK,GSFC-ELEANOR-LITE,1,1072,GSFC-ELEANOR-LITE,
87925719,13.84,NO_DATA,,0,0,,
237114154,13.87,PROCESSING_ERROR,,0,0,TASOC,"cannot reshape array of size 0 into shape (0,newaxis)"
376056463,13.74,NO_DATA,,0,0,,
231187571,13.29,OK,GSFC-ELEANOR-LITE,1,904,GSFC-ELEANOR-LITE,
139839359,13.12,OK,GSFC-ELEANOR-LITE,1,1062,GSFC-ELEANOR-LITE,
414274052,13.76,NO_DATA,,0,0,,
236787781,13.05,OK,QLP,40,242045,QLP,
335219623,13.43,OK,QLP,3,25706,QLP,
132173785,13.34,OK,GSFC-ELEANOR-LITE,2,1934,GSFC-ELEANOR-LITE,
47896759,13.58,OK,GSFC-ELEANOR-LITE,1,862,GSFC-ELEANOR-LITE,
393946398,13.38,OK,TESS-SPOC,4,6327,TESS-SPOC,
349706918,13.55,NO_DATA,,0,0,,
269677693,13.32,OK,GSFC-ELEANOR-LITE,2,2185,GSFC-ELEANOR-LITE,
299149180,13.6,OK,GSFC-ELEANOR-LITE,2,2211,GSFC-ELEANOR-LITE,
363765138,13.61,DOWNLOAD_ERROR,,0,0,"TASOC,TARS",Error in reading Data product /home/runner/.cache/lightkurve/mastDownload/HLSP/hlsp_tars_tess_ffi_s0026-0000000363765138_tess/hlsp_tars_tess_ffi_s0026-0000000363765138_tess_v01_lc.fits of type generic
12079149,13.47,OK,QLP,6,44888,QLP,
348372033,13.5,OK,GSFC-ELEANOR-LITE,1,1072,GSFC-ELEANOR-LITE,
218167495,13.74,NO_DATA,,0,0,,
1422379962,13.59,OK,CDIPS,1,3755,CDIPS,
10498121,13.83,NO_DATA,,0,0,,
417904773,13.63,PROCESSING_ERROR,,0,0,TASOC,"cannot reshape array of size 0 into shape (0,newaxis)"
451543198,13.74,OK,GSFC-ELEANOR-LITE,2,2165,GSFC-ELEANOR-LITE,
257313537,13.21,OK,QLP,2,22258,QLP,
51786869,13.14,OK,QLP,2,13478,QLP,
135309378,13.05,OK,GSFC-ELEANOR-LITE,1,1087,GSFC-ELEANOR-LITE,
323968872,13.52,OK,GSFC-ELEANOR-LITE,3,3344,GSFC-ELEANOR-LITE,
47187962,13.51,OK,GSFC-ELEANOR-LITE,1,1086,GSFC-ELEANOR-LITE,
234059142,13.74,OK,GSFC-ELEANOR-LITE,1,904,GSFC-ELEANOR-LITE,
147618228,13.66,OK,GSFC-ELEANOR-LITE,2,2189,GSFC-ELEANOR-LITE,
153314214,13.81,OK,GSFC-ELEANOR-LITE,1,1032,GSFC-ELEANOR-LITE,
241204004,13.86,DOWNLOAD_ERROR,,0,0,TARS,Error in reading Data product /home/runner/.cache/lightkurve/mastDownload/HLSP/hlsp_tars_tess_ffi_s0042-0000000241204004_tess/hlsp_tars_tess_ffi_s0042-0000000241204004_tess_v01_lc.fits of type generic
279170239,13.61,NO_DATA,,0,0,,
216722980,13.42,OK,GSFC-ELEANOR-LITE,1,1073,GSFC-ELEANOR-LITE,
256958382,13.31,OK,QLP,5,45332,QLP,
462783511,13.61,OK,GSFC-ELEANOR-LITE,2,2211,GSFC-ELEANOR-LITE,
385457782,13.67,OK,GSFC-ELEANOR-LITE,2,2211,GSFC-ELEANOR-LITE,
244983510,13.69,NO_DATA,,0,0,,
256521802,13.36,OK,QLP,3,18266,QLP,
138350240,13.77,OK,TASOC,2,1616,TASOC,
176245581,13.59,OK,GSFC-ELEANOR-LITE,1,1072,GSFC-ELEANOR-LITE,
338476735,13.55,NO_DATA,,0,0,,
355238066,13.7,OK,GSFC-ELEANOR-LITE,4,4154,GSFC-ELEANOR-LITE,
233403107,13.36,OK,QLP,12,88898,QLP,
253177786,13.86,OK,GSFC-ELEANOR-LITE,1,1081,GSFC-ELEANOR-LITE,
166269434,13.36,OK,QLP,2,14767,QLP,
281336865,13.51,PROCESSING_ERROR,,0,0,TASOC,"cannot reshape array of size 0 into shape (0,newaxis)"
165492429,13.24,OK,GSFC-ELEANOR-LITE,1,1087,GSFC-ELEANOR-LITE,
255978491,13.43,OK,QLP,6,32270,QLP,
383810462,13.34,OK,GSFC-ELEANOR-LITE,2,1969,GSFC-ELEANOR-LITE,
331043325,13.24,OK,QLP,8,65221,QLP,
228277164,13.29,OK,QLP,2,12656,QLP,
280490537,13.06,OK,GSFC-ELEANOR-LITE,2,2211,GSFC-ELEANOR-LITE,
144052429,13.55,OK,GSFC-ELEANOR-LITE,2,1934,GSFC-ELEANOR-LITE,
464366477,13.15,OK,GSFC-ELEANOR-LITE,2,2211,GSFC-ELEANOR-LITE,
41983066,13.85,NO_DATA,,0,0,,
76105940,13.79,OK,GSFC-ELEANOR-LITE,1,1086,GSFC-ELEANOR-LITE,
308629571,13.18,OK,GSFC-ELEANOR-LITE,1,1081,GSFC-ELEANOR-LITE,
373704595,13.19,OK,QLP,8,46830,QLP,
468631634,13.72,NO_DATA,,0,0,,
356507671,13.83,NO_DATA,,0,0,,
387841670,13.7,NO_DATA,,0,0,,
250706212,13.33,OK,QLP,3,23311,QLP,
80850270,13.49,OK,GSFC-ELEANOR-LITE,1,1086,GSFC-ELEANOR-LITE,
298242897,13.06,OK,GSFC-ELEANOR-LITE,1,1086,GSFC-ELEANOR-LITE,
329709399,13.58,OK,TASOC,2,1854,TASOC,
440116494,13.12,OK,QLP,3,22748,QLP,
100127682,13.58,NO_DATA,,0,0,,
382059023,13.33,OK,GSFC-ELEANOR-LITE,2,2188,GSFC-ELEANOR-LITE,
291007009,13.55,NO_DATA,,0,0,,
87159103,13.74,NO_DATA,,0,0,,
133761962,13.87,OK,GSFC-ELEANOR-LITE,2,1934,GSFC-ELEANOR-LITE,
136167117,13.72,NO_DATA,,0,0,,
22201632,13.11,OK,QLP,5,32569,QLP,
294659582,13.17,OK,GSFC-ELEANOR-LITE,2,2188,GSFC-ELEANOR-LITE,
386174898,13.7,OK,TASOC,1,18173,TASOC,
89383895,13.88,NO_DATA,,0,0,,
457804419,13.83,OK,GSFC-ELEANOR-LITE,1,1107,GSFC-ELEANOR-LITE,
465392301,13.47,OK,GSFC-ELEANOR-LITE,2,2188,GSFC-ELEANOR-LITE,
43368145,13.17,OK,QLP,4,18671,QLP,
356057968,13.11,OK,QLP,5,22739,QLP,
442691390,13.62,OK,GSFC-ELEANOR-LITE,1,1081,GSFC-ELEANOR-LITE,
229611733,14.08,PROCESSING_ERROR,,0,0,TASOC,"cannot reshape array of size 0 into shape (0,newaxis)"
466504538,14.12,OK,GSFC-ELEANOR-LITE,2,2188,GSFC-ELEANOR-LITE,
117150608,14.01,OK,QLP,1,1190,QLP,
161125159,14.03,OK,GSFC-ELEANOR-LITE,1,1029,GSFC-ELEANOR-LITE,
307524323,14.1,NO_DATA,,0,0,,
260352250,14.14,OK,GSFC-ELEANOR-LITE,13,13367,GSFC-ELEANOR-LITE,
464748754,14.13,NO_DATA,,0,0,,
67251845,14.24,NO_DATA,,0,0,,
145598965,13.96,OK,GSFC-ELEANOR-LITE,2,1966,GSFC-ELEANOR-LITE,
88132817,14.21,NO_DATA,,0,0,,
405260090,14.18,OK,GSFC-ELEANOR-LITE,1,862,GSFC-ELEANOR-LITE,
394009747,14.23,OK,TASOC,2,2292,TASOC,
452545462,14.22,OK,TASOC,4,3700,TASOC,
414578127,14.29,NO_DATA,,0,0,,
275371190,14.29,NO_DATA,,0,0,,
468885543,14.15,NO_DATA,,0,0,,
13865272,14.2,NO_DATA,,0,0,,
63206894,13.9,OK,Kepler,2,4819,Kepler,
373953429,14.06,NO_DATA,,0,0,,
142837835,14.02,OK,GSFC-ELEANOR-LITE,1,1072,GSFC-ELEANOR-LITE,
83767830,14.27,NO_DATA,,0,0,,
256179718,14.21,OK,TASOC,2,2292,TASOC,
457550536,14.11,OK,GSFC-ELEANOR-LITE,1,1081,GSFC-ELEANOR-LITE,
219584767,14.2,NO_DATA,,0,0,,
10045505,14.27,NO_DATA,,0,0,,
62049387,13.92,OK,GSFC-ELEANOR-LITE,1,1147,GSFC-ELEANOR-LITE,
453915796,14.02,NO_DATA,,0,0,,
319666080,14.14,NO_DATA,,0,0,,
285992821,14.14,OK,GSFC-ELEANOR-LITE,2,1966,GSFC-ELEANOR-LITE,
260353353,14.01,OK,GSFC-ELEANOR-LITE,10,10285,GSFC-ELEANOR-LITE,
341800578,14.24,OK,GSFC-ELEANOR-LITE,1,1086,GSFC-ELEANOR-LITE,
75630038,14.05,OK,GSFC-ELEANOR-LITE,2,1966,GSFC-ELEANOR-LITE,
149928877,13.92,OK,TASOC,2,2198,TASOC,
308475549,14.06,OK,GSFC-ELEANOR-LITE,1,1081,GSFC-ELEANOR-LITE,
356258818,14.19,NO_DATA,,0,0,,
66806582,14.13,OK,TASOC,2,1844,TASOC,
271436611,14.2,NO_DATA,,0,0,,
170084761,14.16,OK,GSFC-ELEANOR-LITE,1,1072,GSFC-ELEANOR-LITE,
151653287,14.15,NO_DATA,,0,0,,
242902673,14.31,NO_DATA,,0,0,,
126939843,14.09,OK,TASOC,2,1712,TASOC,
9961086,14.02,NO_DATA,,0,0,,
366840380,14.27,NO_DATA,,0,0,,
425075916,14.22,OK,QLP,2,13925,QLP,
14042248,14.27,NO_DATA,,0,0,,
55581199,13.99,OK,GSFC-ELEANOR-LITE,1,1072,GSFC-ELEANOR-LITE,
67425566,13.97,NO_DATA,,0,0,,
359130558,14.1,NO_DATA,,0,0,,
220140765,13.89,OK,GSFC-ELEANOR-LITE,1,904,GSFC-ELEANOR-LITE,
208476741,14.3,OK,GSFC-ELEANOR-LITE,1,1081,GSFC-ELEANOR-LITE,
157100484,14.36,NO_DATA,,0,0,,
43897804,14.35,NO_DATA,,0,0,,
261070049,14.14,NO_DATA,,0,0,,
73201514,14.06,OK,GSFC-ELEANOR-LITE,1,1101,GSFC-ELEANOR-LITE,
229784999,14.05,NO_DATA,,0,0,,
470026085,14.01,NO_DATA,,0,0,,
91606467,13.97,OK,GSFC-ELEANOR-LITE,1,904,GSFC-ELEANOR-LITE,
43313476,14.26,NO_DATA,,0,0,,
146617448,14.02,OK,GSFC-ELEANOR-LITE,2,1934,GSFC-ELEANOR-LITE,
240178383,14.18,PROCESSING_ERROR,,0,0,TASOC,"cannot reshape array of size 0 into shape (0,newaxis)"
457835699,14.0,OK,GSFC-ELEANOR-LITE,2,2211,GSFC-ELEANOR-LITE,
3959007,14.22,OK,GSFC-ELEANOR-LITE,1,798,GSFC-ELEANOR-LITE,
377799325,14.14,PROCESSING_ERROR,,0,0,CDIPS,The unit 'day' is unrecognized.  It can not be converted to other units.
348329508,14.35,NO_DATA,,0,0,,
54277555,14.34,OK,GSFC-ELEANOR-LITE,1,1072,GSFC-ELEANOR-LITE,
142251239,14.11,NO_DATA,,0,0,,
217024538,13.93,OK,GSFC-ELEANOR-LITE,1,1049,GSFC-ELEANOR-LITE,
100136166,14.29,DOWNLOAD_ERROR,,0,0,TARS,Error in reading Data product /home/runner/.cache/lightkurve/mastDownload/HLSP/hlsp_tars_tess_ffi_s0054-0000000100136166_tess/hlsp_tars_tess_ffi_s0054-0000000100136166_tess_v01_lc.fits of type generic
265532485,14.0,OK,GSFC-ELEANOR-LITE,2,2188,GSFC-ELEANOR-LITE,
291156348,13.99,DOWNLOAD_ERROR,,0,0,TARS,Error in reading Data product /home/runner/.cache/lightkurve/mastDownload/HLSP/hlsp_tars_tess_ffi_s0023-0000000291156348_tess/hlsp_tars_tess_ffi_s0023-0000000291156348_tess_v01_lc.fits of type generic
512887979,14.11,OK,GSFC-ELEANOR-LITE,1,1148,GSFC-ELEANOR-LITE,
391095243,13.92,NO_DATA,,0,0,,
229769088,14.28,OK,QLP,35,203194,QLP,
335027883,14.06,NO_DATA,,0,0,,
304803997,14.02,OK,GSFC-ELEANOR-LITE,2,2188,GSFC-ELEANOR-LITE,
366661623,14.17,NO_DATA,,0,0,,
371600942,14.35,OK,GSFC-ELEANOR-LITE,2,2188,GSFC-ELEANOR-LITE,
119461354,14.05,OK,GSFC-ELEANOR-LITE,1,903,GSFC-ELEANOR-LITE,
264299705,14.2,NO_DATA,,0,0,,
377920457,14.03,NO_DATA,,0,0,,
453792262,13.91,OK,GSFC-ELEANOR-LITE,1,1081,GSFC-ELEANOR-LITE,
158365702,14.31,NO_DATA,,0,0,,
60219962,14.23,NO_DATA,,0,0,,
145905627,14.35,OK,GSFC-ELEANOR-LITE,2,1934,GSFC-ELEANOR-LITE,
192855587,14.12,OK,GSFC-ELEANOR-LITE,2,2167,GSFC-ELEANOR-LITE,
71286391,13.99,NO_DATA,,0,0,,
8050826,13.89,NO_DATA,,0,0,,
646839042,14.06,OK,QLP,4,34271,QLP,
457631456,14.35,OK,GSFC-ELEANOR-LITE,1,1107,GSFC-ELEANOR-LITE,
150231082,14.56,OK,GSFC-ELEANOR-LITE,1,1077,GSFC-ELEANOR-LITE,
46363033,14.57,NO_DATA,,0,0,,
146159655,14.54,OK,GSFC-ELEANOR-LITE,1,1086,GSFC-ELEANOR-LITE,
33067083,14.41,OK,GSFC-ELEANOR-LITE,1,903,GSFC-ELEANOR-LITE,
318855084,14.38,NO_DATA,,0,0,,
71897396,14.45,NO_DATA,,0,0,,
188270639,14.57,NO_DATA,,0,0,,
68267106,14.37,NO_DATA,,0,0,,
120001462,14.49,OK,GSFC-ELEANOR-LITE,1,1086,GSFC-ELEANOR-LITE,
329175039,14.59,NO_DATA,,0,0,,
380939751,14.58,OK,GSFC-ELEANOR-LITE,1,1081,GSFC-ELEANOR-LITE,
196147214,14.68,NO_DATA,,0,0,,
1955847421,14.61,NO_DATA,,0,0,,
316184797,14.52,NO_DATA,,0,0,,
93197863,14.61,OK,GSFC-ELEANOR-LITE,2,1966,GSFC-ELEANOR-LITE,
172779889,14.72,OK,GSFC-ELEANOR-LITE,2,1975,GSFC-ELEANOR-LITE,
297314472,14.67,OK,GSFC-ELEANOR-LITE,1,1086,GSFC-ELEANOR-LITE,
367819504,14.47,OK,TASOC,2,2292,TASOC,
323759434,14.62,OK,GSFC-ELEANOR-LITE,1,1177,GSFC-ELEANOR-LITE,
451932342,14.65,PROCESSING_ERROR,,0,0,TASOC,"cannot reshape array of size 0 into shape (0,newaxis)"
360068795,14.68,DOWNLOAD_ERROR,,0,0,TARS,Error in reading Data product /home/runner/.cache/lightkurve/mastDownload/HLSP/hlsp_tars_tess_ffi_s0014-0000000360068905_tess/hlsp_tars_tess_ffi_s0014-0000000360068905_tess_v01_lc.fits of type generic
229747597,14.66,PROCESSING_ERROR,,0,0,TASOC,"cannot reshape array of size 0 into shape (0,newaxis)"
219549710,14.59,NO_DATA,,0,0,,
303436548,14.67,NO_DATA,,0,0,,
84359829,14.44,NO_DATA,,0,0,,
345290724,14.56,NO_DATA,,0,0,,
459439463,14.7,OK,GSFC-ELEANOR-LITE,1,1107,GSFC-ELEANOR-LITE,
345057145,14.69,OK,GSFC-ELEANOR-LITE,1,1177,GSFC-ELEANOR-LITE,
255795449,14.37,NO_DATA,,0,0,,
276052678,14.53,NO_DATA,,0,0,,
247605434,14.68,OK,GSFC-ELEANOR-LITE,1,904,GSFC-ELEANOR-LITE,
516479427,14.61,NO_DATA,,0,0,,
262755917,14.44,OK,GSFC-ELEANOR-LITE,1,1072,GSFC-ELEANOR-LITE,
127234755,14.58,NO_DATA,,0,0,,
395257387,14.42,NO_DATA,,0,0,,
463160366,14.58,OK,GSFC-ELEANOR-LITE,1,1032,GSFC-ELEANOR-LITE,
130128446,14.54,NO_DATA,,0,0,,
102549044,14.49,OK,GSFC-ELEANOR-LITE,1,904,GSFC-ELEANOR-LITE,
188835167,14.47,PROCESSING_ERROR,,0,0,TASOC,"cannot reshape array of size 0 into shape (0,newaxis)"
320468884,14.41,NO_DATA,,0,0,,
229704983,14.46,DOWNLOAD_ERROR,,0,0,TARS,Error in reading Data product /home/runner/.cache/lightkurve/mastDownload/HLSP/hlsp_tars_tess_ffi_s0014-0000000229704982_tess/hlsp_tars_tess_ffi_s0014-0000000229704982_tess_v01_lc.fits of type generic
311300793,14.52,NO_DATA,,0,0,,
261575656,14.54,OK,GSFC-ELEANOR-LITE,2,2165,GSFC-ELEANOR-LITE,
420215764,14.61,PROCESSING_ERROR,,0,0,TASOC,"cannot reshape array of size 0 into shape (0,newaxis)"
405097148,14.39,NO_DATA,,0,0,,
310795195,14.64,OK,GSFC-ELEANOR-LITE,2,2263,GSFC-ELEANOR-LITE,
391690270,14.52,NO_DATA,,0,0,,
272011962,14.46,OK,GSFC-ELEANOR-LITE,1,1101,GSFC-ELEANOR-LITE,
361543216,14.63,PROCESSING_ERROR,,0,0,TASOC,"cannot reshape array of size 0 into shape (0,newaxis)"
102496902,14.61,NO_DATA,,0,0,,
239889459,14.54,NO_DATA,,0,0,,
165852941,14.41,DOWNLOAD_ERROR,,0,0,TARS,Error in reading Data product /home/runner/.cache/lightkurve/mastDownload/HLSP/hlsp_tars_tess_ffi_s0015-0000000165852941_tess/hlsp_tars_tess_ffi_s0015-0000000165852941_tess_v01_lc.fits of type generic
394020116,14.44,PROCESSING_ERROR,,0,0,TASOC,"cannot reshape array of size 0 into shape (0,newaxis)"
313537979,14.39,NO_DATA,,0,0,,
417496913,14.57,NO_DATA,,0,0,,
338675882,14.51,OK,GSFC-ELEANOR-LITE,1,1081,GSFC-ELEANOR-LITE,
137055188,14.69,NO_DATA,,0,0,,
304848010,14.51,OK,GSFC-ELEANOR-LITE,1,1177,GSFC-ELEANOR-LITE,
44439670,14.58,OK,GSFC-ELEANOR-LITE,1,1100,GSFC-ELEANOR-LITE,
408692702,14.55,OK,QLP,4,28303,QLP,
239043205,14.58,NO_DATA,,0,0,,
467849513,14.68,OK,GSFC-ELEANOR-LITE,2,2188,GSFC-ELEANOR-LITE,
307369196,14.61,NO_DATA,,0,0,,
166340031,14.72,NO_DATA,,0,0,,
468472558,14.62,NO_DATA,,0,0,,
366921505,14.41,NO_DATA,,0,0,,
69463091,14.7,NO_DATA,,0,0,,
213597156,14.58,NO_DATA,,0,0,,
465332211,14.48,OK,GSFC-ELEANOR-LITE,1,1029,GSFC-ELEANOR-LITE,
285296222,14.37,NO_DATA,,0,0,,
278112560,14.62,NO_DATA,,0,0,,
90118012,14.46,OK,TASOC,2,1790,TASOC,
423574742,14.72,OK,GSFC-ELEANOR-LITE,1,1086,GSFC-ELEANOR-LITE,
267572186,14.44,DOWNLOAD_ERROR,,0,0,TARS,Error in reading Data product /home/runner/.cache/lightkurve/mastDownload/HLSP/hlsp_tars_tess_ffi_s0015-0000000267572186_tess/hlsp_tars_tess_ffi_s0015-0000000267572186_tess_v01_lc.fits of type generic
249773381,14.55,OK,QLP,6,62977,QLP,
322079215,14.37,OK,GSFC-ELEANOR-LITE,2,2188,GSFC-ELEANOR-LITE,
121457897,14.44,OK,TASOC,2,1616,TASOC,
86800174,14.42,NO_DATA,,0,0,,
19909340,14.67,OK,GSFC-ELEANOR-LITE,2,1962,GSFC-ELEANOR-LITE,
48550850,14.68,NO_DATA,,0,0,,
366124498,14.46,PROCESSING_ERROR,,0,0,TASOC,"cannot reshape array of size 0 into shape (0,newaxis)"
40219110,14.67,OK,TASOC,2,28438,TASOC,
451037961,14.59,OK,GSFC-ELEANOR-LITE,2,2188,GSFC-ELEANOR-LITE,
458293785,14.56,NO_DATA,,0,0,,
390737347,14.71,NO_DATA,,0,0,,
464063580,14.57,OK,GSFC-ELEANOR-LITE,2,2211,GSFC-ELEANOR-LITE,
233534328,14.62,PROCESSING_ERROR,,0,0,TASOC,"cannot reshape array of size 0 into shape (0,newaxis)"
385256497,14.68,NO_DATA,,0,0,,
468658713,14.52,NO_DATA,,0,0,,
421973310,14.62,DOWNLOAD_ERROR,,0,0,TARS,Error in reading Data product /home/runner/.cache/lightkurve/mastDownload/HLSP/hlsp_tars_tess_ffi_s0024-0000000421973308_tess/hlsp_tars_tess_ffi_s0024-0000000421973308_tess_v01_lc.fits of type generic
199609083,14.5,NO_DATA,,0,0,,
386850246,14.62,OK,GSFC-ELEANOR-LITE,1,1104,GSFC-ELEANOR-LITE,
359414030,14.54,OK,TASOC,2,2292,TASOC,
277876409,14.61,NO_DATA,,0,0,,
162918014,14.6,OK,GSFC-ELEANOR-LITE,1,1086,GSFC-ELEANOR-LITE,
385165957,14.63,OK,GSFC-ELEANOR-LITE,2,2211,GSFC-ELEANOR-LITE,
379012394,14.59,OK,GSFC-ELEANOR-LITE,2,2188,GSFC-ELEANOR-LITE,
55481509,14.94,OK,GSFC-ELEANOR-LITE,12,12295,GSFC-ELEANOR-LITE,
417490001,14.78,DOWNLOAD_ERROR,,0,0,TARS,Error in reading Data product /home/runner/.cache/lightkurve/mastDownload/HLSP/hlsp_tars_tess_ffi_s0014-0000000417489971_tess/hlsp_tars_tess_ffi_s0014-0000000417489971_tess_v01_lc.fits of type generic
126024768,14.78,NO_DATA,,0,0,,
125403207,14.83,OK,GSFC-ELEANOR-LITE,1,972,GSFC-ELEANOR-LITE,
351937167,14.78,NO_DATA,,0,0,,
207760490,14.95,OK,GSFC-ELEANOR-LITE,1,1086,GSFC-ELEANOR-LITE,
458342304,14.86,OK,GSFC-ELEANOR-LITE,1,1107,GSFC-ELEANOR-LITE,
64728461,14.91,OK,GSFC-ELEANOR-LITE,1,1072,GSFC-ELEANOR-LITE,
160174135,14.9,DOWNLOAD_ERROR,,0,0,"TASOC,TARS",Error in reading Data product /home/runner/.cache/lightkurve/mastDownload/HLSP/hlsp_tars_tess_ffi_s0015-0000000160174135_tess/hlsp_tars_tess_ffi_s0015-0000000160174135_tess_v01_lc.fits of type generic
2011242501,14.88,NO_DATA,,0,0,,
147448721,14.94,OK,GSFC-ELEANOR-LITE,1,862,GSFC-ELEANOR-LITE,
146966972,14.85,OK,GSFC-ELEANOR-LITE,1,862,GSFC-ELEANOR-LITE,
264398548,14.74,NO_DATA,,0,0,,
46919644,14.95,DOWNLOAD_ERROR,,0,0,TARS,Error in reading Data product /home/runner/.cache/lightkurve/mastDownload/HLSP/hlsp_tars_tess_ffi_s0080-0000000046919658_tess/hlsp_tars_tess_ffi_s0080-0000000046919658_tess_v01_lc.fits of type generic
385132878,14.77,NO_DATA,,0,0,,
22231557,14.83,NO_DATA,,0,0,,
309626635,14.86,OK,GSFC-ELEANOR-LITE,5,5216,GSFC-ELEANOR-LITE,
1270649603,14.75,NO_DATA,,0,0,,
239885496,14.98,NO_DATA,,0,0,,
20217296,14.81,NO_DATA,,0,0,,
233659282,14.77,PROCESSING_ERROR,,0,0,TASOC,"cannot reshape array of size 0 into shape (0,newaxis)"
394867529,14.88,NO_DATA,,0,0,,
57170798,14.98,NO_DATA,,0,0,,
235807976,14.9,OK,TASOC,2,2292,TASOC,
100486037,14.99,NO_DATA,,0,0,,
356436141,14.98,OK,TASOC,2,2292,TASOC,
339897003,14.77,OK,GSFC-ELEANOR-LITE,2,2167,GSFC-ELEANOR-LITE,
272990243,14.85,NO_DATA,,0,0,,
319406456,14.75,NO_DATA,,0,0,,
239187694,14.89,NO_DATA,,0,0,,
344490174,14.98,OK,GSFC-ELEANOR-LITE,1,1086,GSFC-ELEANOR-LITE,
236321826,14.75,NO_DATA,,0,0,,
621768558,14.91,NO_DATA,,0,0,,
24671839,14.76,NO_DATA,,0,0,,
374750346,14.84,OK,GSFC-ELEANOR-LITE,2,2188,GSFC-ELEANOR-LITE,
45406337,14.96,OK,GSFC-ELEANOR-LITE,3,3073,GSFC-ELEANOR-LITE,
12933985,14.95,NO_DATA,,0,0,,
394600714,14.94,OK,GSFC-ELEANOR-LITE,2,2167,GSFC-ELEANOR-LITE,
80664093,14.78,OK,GSFC-ELEANOR-LITE,1,904,GSFC-ELEANOR-LITE,
385463098,14.91,OK,GSFC-ELEANOR-LITE,2,2211,GSFC-ELEANOR-LITE,
351595803,14.96,NO_DATA,,0,0,,
449834981,14.74,OK,GSFC-ELEANOR-LITE,1,1081,GSFC-ELEANOR-LITE,
51894332,14.78,OK,GSFC-ELEANOR-LITE,2,1975,GSFC-ELEANOR-LITE,
1966155039,14.88,NO_DATA,,0,0,,
29275038,14.95,NO_DATA,,0,0,,
311276337,14.91,NO_DATA,,0,0,,
8575745,14.9,DOWNLOAD_ERROR,,0,0,TARS,Error in reading Data product /home/runner/.cache/lightkurve/mastDownload/HLSP/hlsp_tars_tess_ffi_s0024-0000000008575745_tess/hlsp_tars_tess_ffi_s0024-0000000008575745_tess_v01_lc.fits of type generic
28517652,14.85,OK,GSFC-ELEANOR-LITE,1,1134,GSFC-ELEANOR-LITE,
1325274504,14.97,OK,GSFC-ELEANOR-LITE,1,1048,GSFC-ELEANOR-LITE,
338106162,14.99,OK,GSFC-ELEANOR-LITE,1,1049,GSFC-ELEANOR-LITE,
58616508,15.0,NO_DATA,,0,0,,
338145155,14.97,OK,GSFC-ELEANOR-LITE,2,2188,GSFC-ELEANOR-LITE,
102426073,14.89,OK,GSFC-ELEANOR-LITE,1,1101,GSFC-ELEANOR-LITE,
403625194,14.93,NO_DATA,,0,0,,
70609405,14.85,PROCESSING_ERROR,,0,0,TASOC,"cannot reshape array of size 0 into shape (0,newaxis)"
369341817,14.94,OK,GSFC-ELEANOR-LITE,1,1056,GSFC-ELEANOR-LITE,
386539709,14.91,OK,GSFC-ELEANOR-LITE,1,862,GSFC-ELEANOR-LITE,
122835497,14.87,PROCESSING_ERROR,,0,0,TASOC,"cannot reshape array of size 0 into shape (0,newaxis)"
329787152,14.79,OK,GSFC-ELEANOR-LITE,1,1081,GSFC-ELEANOR-LITE,
398471045,14.79,OK,GSFC-ELEANOR-LITE,2,2160,GSFC-ELEANOR-LITE,
346511517,14.99,OK,GSFC-ELEANOR-LITE,1,1046,GSFC-ELEANOR-LITE,
332923127,14.98,NO_DATA,,0,0,,
123527372,14.79,NO_DATA,,0,0,,
421580853,14.8,OK,GSFC-ELEANOR-LITE,1,1086,GSFC-ELEANOR-LITE,
315667274,14.74,OK,GSFC-ELEANOR-LITE,1,1086,GSFC-ELEANOR-LITE,
139739961,14.78,OK,GSFC-ELEANOR-LITE,2,1966,GSFC-ELEANOR-LITE,
281171267,14.89,OK,GSFC-ELEANOR-LITE,2,2211,GSFC-ELEANOR-LITE,
383287204,14.97,OK,GSFC-ELEANOR-LITE,3,3073,GSFC-ELEANOR-LITE,
145598830,14.88,OK,GSFC-ELEANOR-LITE,2,1966,GSFC-ELEANOR-LITE,
283156382,14.96,NO_DATA,,0,0,,
16376276,14.85,NO_DATA,,0,0,,
98799090,14.86,NO_DATA,,0,0,,
419752487,14.84,NO_DATA,,0,0,,
3479770,14.92,NO_DATA,,0,0,,
411926081,14.93,NO_DATA,,0,0,,
31208139,14.82,NO_DATA,,0,0,,
450458029,14.73,OK,GSFC-ELEANOR-LITE,1,1081,GSFC-ELEANOR-LITE,
367849674,14.79,NO_DATA,,0,0,,
3521405,14.76,OK,GSFC-ELEANOR-LITE,2,1962,GSFC-ELEANOR-LITE,
373087699,14.77,OK,GSFC-ELEANOR-LITE,2,1969,GSFC-ELEANOR-LITE,
441813570,14.8,PROCESSING_ERROR,,0,0,TASOC,"cannot reshape array of size 0 into shape (0,newaxis)"
400871803,14.99,OK,GSFC-ELEANOR-LITE,1,1084,GSFC-ELEANOR-LITE,
62329793,14.89,NO_DATA,,0,0,,
452989647,14.82,NO_DATA,,0,0,,
426255900,14.86,NO_DATA,,0,0,,
435411143,14.99,OK,GSFC-ELEANOR-LITE,1,1081,GSFC-ELEANOR-LITE,
73994520,14.73,OK,GSFC-ELEANOR-LITE,1,1086,GSFC-ELEANOR-LITE,
810681765,14.81,OK,GSFC-ELEANOR-LITE,2,1969,GSFC-ELEANOR-LITE,
8348741,14.79,NO_DATA,,0,0,,
284726139,14.87,NO_DATA,,0,0,,
24159513,14.86,NO_DATA,,0,0,,
7167803,14.89,NO_DATA,,0,0,,
806175804,14.93,OK,GSFC-ELEANOR-LITE,4,4154,GSFC-ELEANOR-LITE,
419078625,14.96,NO_DATA,,0,0,,
269665654,14.74,NO_DATA,,0,0,,
154168756,14.77,OK,GSFC-ELEANOR-LITE,2,1934,GSFC-ELEANOR-LITE,
81060695,14.94,NO_DATA,,0,0,,
224287841,12.24,OK,GSFC-ELEANOR-LITE,1,1028,GSFC-ELEANOR-LITE,
453999374,12.36,OK,GSFC-ELEANOR-LITE,1,1086,GSFC-ELEANOR-LITE,
326225355,10.34,OK,TESS-SPOC,2,4591,TESS-SPOC,
236341849,12.72,OK,TESS-SPOC,5,10431,TESS-SPOC,
230271482,12.17,OK,QLP,4,19667,QLP,
375578212,12.0,OK,TESS-SPOC,1,1692,TESS-SPOC,
73549796,11.53,OK,GSFC-ELEANOR-LITE,1,1101,GSFC-ELEANOR-LITE,
158436333,7.75,OK,TESS-SPOC,2,16789,TESS-SPOC,
79410615,12.14,OK,QLP,4,20047,QLP,
349429649,10.6,OK,GSFC-ELEANOR-LITE,1,1177,GSFC-ELEANOR-LITE,
86956236,11.79,OK,TESS-SPOC,4,10594,TESS-SPOC,
250568183,10.78,OK,TESS-SPOC,2,4461,TESS-SPOC,
220393658,12.83,OK,TESS-SPOC,4,8488,TESS-SPOC,
394431024,12.61,OK,QLP,3,25490,QLP,
183479054,11.7,OK,QLP,1,10396,QLP,
341126060,12.12,OK,QLP,8,65221,QLP,
399584439,12.51,OK,QLP,2,22300,QLP,
96954562,12.31,OK,QLP,7,50121,QLP,
427345339,11.54,DOWNLOAD_ERROR,,0,0,QLP,download_all did not finish within 300s
466069938,10.28,OK,GSFC-ELEANOR-LITE,2,2188,GSFC-ELEANOR-LITE,
111365249,12.49,OK,QLP,4,36558,QLP,
444494015,7.08,OK,TESS-SPOC,2,18807,TESS-SPOC,
430302857,12.91,OK,TESS-SPOC,1,3571,TESS-SPOC,
59624904,12.77,OK,GSFC-ELEANOR-LITE,1,904,GSFC-ELEANOR-LITE,
76873434,11.47,OK,TESS-SPOC,2,6419,TESS-SPOC,
402658843,11.45,OK,TESS-SPOC,28,95514,TESS-SPOC,
383296680,12.53,OK,GSFC-ELEANOR-LITE,3,3344,GSFC-ELEANOR-LITE,
90427014,10.29,OK,TESS-SPOC,1,1129,TESS-SPOC,
366734331,12.35,OK,QLP,8,64670,QLP,
66704204,11.65,OK,QLP,7,53950,QLP,
118326046,12.69,OK,TESS-SPOC,1,3864,TESS-SPOC,
278207072,12.75,OK,QLP,5,35978,QLP,
342282644,11.89,OK,QLP,2,14533,QLP,
264251709,10.73,OK,SPOC,1,18212,SPOC,
273125583,12.67,OK,GSFC-ELEANOR-LITE,1,1084,GSFC-ELEANOR-LITE,
142809564,12.25,PROCESSING_ERROR,,0,0,"QLP,TASOC","cannot reshape array of size 0 into shape (0,newaxis)"
437172789,12.83,OK,GSFC-ELEANOR-LITE,2,2211,GSFC-ELEANOR-LITE,
378076396,10.75,OK,QLP,8,59638,QLP,
313659902,11.51,OK,GSFC-ELEANOR-LITE,1,1081,GSFC-ELEANOR-LITE,
370557903,10.81,OK,TESS-SPOC,1,9859,TESS-SPOC,
43330648,8.58,OK,SPOC,5,70071,SPOC,
403653836,10.85,OK,QLP,2,13097,QLP,
273824622,12.55,OK,TESS-SPOC,5,22829,TESS-SPOC,
193548084,11.67,OK,QLP,9,65918,QLP,
224271028,9.67,OK,TESS-SPOC,3,13055,TESS-SPOC,
454008678,12.64,OK,GSFC-ELEANOR-LITE,1,1087,GSFC-ELEANOR-LITE,
326208751,12.69,OK,QLP,3,14772,QLP,
236338955,12.49,OK,QLP,5,12891,QLP,
230270806,12.89,OK,QLP,4,19667,QLP,
375576744,9.6,OK,QLP,1,2702,QLP,
73547544,12.66,OK,GSFC-ELEANOR-LITE,1,1101,GSFC-ELEANOR-LITE,
158433771,10.39,OK,TESS-SPOC,4,14550,TESS-SPOC,
79405858,12.72,OK,GSFC-ELEANOR-LITE,1,1062,GSFC-ELEANOR-LITE,
349413507,12.16,OK,GSFC-ELEANOR-LITE,11,11253,GSFC-ELEANOR-LITE,
86951579,12.78,OK,QLP,5,30160,QLP,
250549396,11.7,OK,GSFC-ELEANOR-LITE,1,904,GSFC-ELEANOR-LITE,
220375668,11.49,OK,GSFC-ELEANOR-LITE,1,1177,GSFC-ELEANOR-LITE,
394441318,11.87,OK,TESS-SPOC,3,5779,TESS-SPOC,
183455550,11.55,OK,QLP,2,13652,QLP,
341112289,11.04,OK,GSFC-ELEANOR-LITE,4,4145,"TESS-SPOC,GSFC-ELEANOR-LITE",
399586249,11.89,OK,QLP,3,23382,QLP,
96952592,9.3,DOWNLOAD_ERROR,,0,0,"SPOC,TESS-SPOC,QLP,TARS",Error in reading Data product C:\Users\Admin\.cache\lightkurve\mastDownload\HLSP\hlsp_tars_tess_ffi_s0019-0000000096952592_tess\hlsp_tars_tess_ffi_s0019-0000000096952592_tess_v01_lc.fits of type gener
427347849,12.75,OK,GSFC-ELEANOR-LITE,1,904,GSFC-ELEANOR-LITE,
466071009,11.95,OK,GSFC-ELEANOR-LITE,2,2188,GSFC-ELEANOR-LITE,
111333525,11.56,OK,TASOC,2,1616,"QLP,TASOC",
444495081,12.83,OK,QLP,6,32278,QLP,
430311659,12.21,OK,QLP,3,18405,QLP,
59621300,11.9,OK,TESS-SPOC,5,13883,TESS-SPOC,
76863005,10.2,OK,TESS-SPOC,4,42692,TESS-SPOC,
402659104,12.1,OK,QLP,29,177039,QLP,
383306124,13.01,OK,QLP,3,25270,QLP,
90419608,12.65,OK,GSFC-ELEANOR-LITE,1,1177,GSFC-ELEANOR-LITE,
366728412,10.81,OK,QLP,8,64669,QLP,
66702756,12.04,OK,QLP,7,53950,QLP,
118315649,9.66,OK,TESS-SPOC,3,30263,TESS-SPOC,
278199349,11.5,OK,SPOC,6,184826,SPOC,
342251767,12.0,OK,GSFC-ELEANOR-LITE,1,1046,GSFC-ELEANOR-LITE,
264248575,12.87,DOWNLOAD_ERROR,,0,0,"QLP,TASOC","HTTPSConnectionPool(host='mast.stsci.edu', port=443): Read timed out. (read timeout=None)"
273123476,12.25,OK,GSFC-ELEANOR-LITE,1,1084,GSFC-ELEANOR-LITE,
142794067,12.97,OK,TESS-SPOC,6,19077,TESS-SPOC,
437192251,10.09,OK,TESS-SPOC,4,14586,TESS-SPOC,
224215371,12.58,OK,TESS-SPOC,2,10049,TESS-SPOC,
454012553,11.89,OK,TESS-SPOC,3,7175,TESS-SPOC,
326172757,13.03,OK,GSFC-ELEANOR-LITE,1,1081,GSFC-ELEANOR-LITE,
236338645,10.92,OK,SPOC,4,52113,SPOC,
230270717,12.24,OK,QLP,4,19667,QLP,
375575235,11.45,OK,TESS-SPOC,1,8008,TESS-SPOC,
73539779,9.38,OK,QLP,2,3592,QLP,
158425914,12.22,OK,QLP,3,8513,QLP,
79404252,12.23,OK,GSFC-ELEANOR-LITE,1,1062,GSFC-ELEANOR-LITE,
349413295,9.83,OK,SPOC,11,170830,SPOC,
86942014,12.85,OK,QLP,8,56956,QLP,
250517377,7.47,OK,TESS-SPOC,2,4462,TESS-SPOC,
220368528,11.99,OK,GSFC-ELEANOR-LITE,1,1177,GSFC-ELEANOR-LITE,
394420403,11.42,OK,QLP,3,25493,QLP,
183450230,12.71,OK,QLP,2,13581,QLP,
341105354,11.5,OK,GSFC-ELEANOR-LITE,3,3038,GSFC-ELEANOR-LITE,
399593526,11.57,OK,QLP,6,46501,QLP,
96952163,11.84,OK,QLP,7,49510,QLP,
427348925,11.9,OK,TESS-SPOC,2,4406,TESS-SPOC,
466071790,12.12,OK,GSFC-ELEANOR-LITE,2,2188,GSFC-ELEANOR-LITE,
111316600,11.39,OK,GSFC-ELEANOR-LITE,1,1072,GSFC-ELEANOR-LITE,
444513332,12.63,OK,QLP,5,34853,QLP,
430314843,12.19,OK,TESS-SPOC,2,6223,TESS-SPOC,
59613727,11.88,OK,GSFC-ELEANOR-LITE,1,904,GSFC-ELEANOR-LITE,
76861285,10.64,OK,TESS-SPOC,1,2659,TESS-SPOC,
402659272,12.83,OK,TASOC,4,4260,"QLP,TASOC",
383312814,12.68,OK,GSFC-ELEANOR-LITE,1,1177,GSFC-ELEANOR-LITE,
90396789,10.9,OK,QLP,5,31143,QLP,
366725821,12.96,OK,QLP,7,63489,QLP,
66696709,10.42,OK,SPOC,1,18222,SPOC,
118307212,12.93,OK,GSFC-ELEANOR-LITE,3,3073,GSFC-ELEANOR-LITE,
278195770,10.53,OK,TESS-SPOC,1,6511,TESS-SPOC,
342243709,12.15,OK,TESS-SPOC,3,8118,TESS-SPOC,
264248229,12.54,DOWNLOAD_ERROR,,0,0,"QLP,TASOC,TARS",Error in reading Data product C:\Users\Admin\.cache\lightkurve\mastDownload\HLSP\hlsp_tars_tess_ffi_s0014-0000000264248229_tess\hlsp_tars_tess_ffi_s0014-0000000264248229_tess_v01_lc.fits of type gener
273098156,12.91,OK,QLP,4,33088,QLP,
142785734,11.79,OK,TESS-SPOC,8,26409,TESS-SPOC,
437219226,12.19,OK,GSFC-ELEANOR-LITE,2,1934,GSFC-ELEANOR-LITE,
378077333,13.03,OK,QLP,8,59638,QLP,
313628447,12.06,OK,QLP,2,13206,QLP,
370553309,11.9,OK,GSFC-ELEANOR-LITE,2,2188,GSFC-ELEANOR-LITE,
43316567,11.7,OK,QLP,8,46618,QLP,
403669274,12.97,OK,QLP,5,30585,QLP,
273817884,12.01,OK,SPOC,4,215346,SPOC,
193479325,13.02,OK,QLP,9,65919,QLP,
229484249,11.08,OK,TESS-SPOC,13,108976,TESS-SPOC,
239712677,10.83,OK,TESS-SPOC,3,17743,TESS-SPOC,
309141465,12.6,OK,QLP,2,12795,QLP,
31654004,12.73,OK,GSFC-ELEANOR-LITE,4,3995,GSFC-ELEANOR-LITE,
367154070,13.02,OK,QLP,5,21422,QLP,
111099065,12.72,OK,QLP,2,11535,QLP,
318764312,12.99,OK,GSFC-ELEANOR-LITE,1,1072,GSFC-ELEANOR-LITE,
433873891,11.83,OK,QLP,2,21601,QLP,
333696426,11.86,OK,GSFC-ELEANOR-LITE,1,1078,GSFC-ELEANOR-LITE,
181598127,10.68,OK,GSFC-ELEANOR-LITE,2,1966,GSFC-ELEANOR-LITE,
229668214,12.54,OK,TESS-SPOC,8,20681,TESS-SPOC,
235517749,12.88,OK,GSFC-ELEANOR-LITE,1,1054,GSFC-ELEANOR-LITE,
446540982,12.81,OK,QLP,4,43986,QLP,
258243750,10.43,OK,TESS-SPOC,1,7002,TESS-SPOC,
355950056,11.12,OK,GSFC-ELEANOR-LITE,3,3292,GSFC-ELEANOR-LITE,
358386162,12.78,OK,QLP,5,30320,QLP,
203037220,11.55,OK,QLP,3,23346,QLP,
183532608,12.72,OK,SPOC,3,42857,SPOC,
373662379,12.25,OK,QLP,8,61898,QLP,
35808742,12.28,OK,QLP,2,22038,QLP,
310998967,11.6,OK,QLP,5,46930,QLP,
333468732,11.99,OK,TESS-SPOC,1,1919,TESS-SPOC,
397010842,9.33,OK,TESS-SPOC,5,19884,TESS-SPOC,
40612527,12.84,OK,QLP,9,58147,QLP,
138351791,10.77,OK,TESS-SPOC,4,35475,TESS-SPOC,
44532997,12.11,OK,TESS-SPOC,2,4121,TESS-SPOC,
467220950,12.47,OK,TESS-SPOC,1,977,TESS-SPOC,
365965666,11.0,OK,TESS-SPOC,3,21140,TESS-SPOC,
20783571,12.91,OK,QLP,7,45634,QLP,
411607787,12.01,OK,QLP,3,22678,QLP,
342314656,10.71,OK,SPOC,10,166296,SPOC,
222518943,11.19,OK,QLP,2,13954,QLP,
411471665,12.8,OK,QLP,2,22258,QLP,
93131198,11.83,OK,QLP,1,11074,QLP,
180061715,11.48,OK,QLP,2,13114,QLP,
29418536,12.64,OK,SPOC,1,16576,SPOC,
43794052,12.05,OK,QLP,5,29740,QLP,
251867212,11.73,OK,TESS-SPOC,2,1948,TESS-SPOC,
469345601,10.51,OK,GSFC-ELEANOR-LITE,2,2211,GSFC-ELEANOR-LITE,
224598413,12.95,OK,SPOC,12,188657,SPOC,
152891227,12.46,OK,GSFC-ELEANOR-LITE,1,1032,GSFC-ELEANOR-LITE,
387151893,12.79,OK,GSFC-ELEANOR-LITE,1,904,GSFC-ELEANOR-LITE,
309622406,12.99,OK,GSFC-ELEANOR-LITE,5,5216,GSFC-ELEANOR-LITE,
330791148,12.74,OK,SPOC,1,18492,SPOC,
237085922,11.52,OK,TESS-SPOC,2,15515,TESS-SPOC,
376809615,12.95,OK,GSFC-ELEANOR-LITE,2,2188,GSFC-ELEANOR-LITE,
208198775,11.01,OK,QLP,6,57774,QLP,
173814613,12.46,OK,GSFC-ELEANOR-LITE,1,1086,GSFC-ELEANOR-LITE,
358840294,12.9,OK,GSFC-ELEANOR-LITE,2,2211,GSFC-ELEANOR-LITE,
60889307,12.38,OK,QLP,3,32836,QLP,
335460194,13.01,OK,QLP,3,19140,QLP,
159730525,10.55,OK,SPOC,4,58561,SPOC,
42176081,10.01,OK,GSFC-ELEANOR-LITE,1,904,GSFC-ELEANOR-LITE,
282343935,12.23,OK,QLP,5,32989,QLP,
230253564,12.89,OK,GSFC-ELEANOR-LITE,1,1054,GSFC-ELEANOR-LITE,
399792855,11.39,OK,QLP,9,50434,QLP,
313999365,13.7,NO_DATA,,0,0,,
230202223,13.8,DOWNLOAD_ERROR,,0,0,TARS,Error in reading Data product C:\Users\Admin\.cache\lightkurve\mastDownload\HLSP\hlsp_tars_tess_ffi_s0025-0000000230202223_tess\hlsp_tars_tess_ffi_s0025-0000000230202223_tess_v01_lc.fits of type gener
84693825,13.15,OK,QLP,5,30179,QLP,
374197488,13.08,OK,QLP,2,13639,QLP,
33950517,13.38,OK,QLP,1,11032,QLP,
72385954,13.17,OK,QLP,6,44954,QLP,
154833937,13.48,OK,GSFC-ELEANOR-LITE,2,1934,GSFC-ELEANOR-LITE,
239761195,13.46,OK,QLP,6,31421,QLP,
296549189,13.87,NO_DATA,,0,0,,
93624265,13.82,OK,GSFC-ELEANOR-LITE,1,1086,GSFC-ELEANOR-LITE,
150250215,13.51,OK,GSFC-ELEANOR-LITE,12,12295,GSFC-ELEANOR-LITE,
233421327,13.12,OK,QLP,11,78066,QLP,
43675106,13.84,NO_DATA,,0,0,,
186140148,13.74,NO_DATA,,0,0,,
394171059,13.5,NO_DATA,,0,0,,
313384812,13.47,OK,QLP,3,9765,QLP,
70352781,13.8,NO_DATA,,0,0,,
64229167,13.39,OK,GSFC-ELEANOR-LITE,1,1147,GSFC-ELEANOR-LITE,
87924646,13.33,OK,QLP,8,56713,QLP,
237112334,13.07,OK,QLP,3,15216,QLP,
376095198,13.83,OK,GSFC-ELEANOR-LITE,2,2165,GSFC-ELEANOR-LITE,
231090184,13.05,OK,GSFC-ELEANOR-LITE,12,12263,GSFC-ELEANOR-LITE,
139825941,13.28,OK,TESS-SPOC,2,4631,TESS-SPOC,
414325146,13.74,NO_DATA,,0,0,,
236785248,13.24,DOWNLOAD_ERROR,,0,0,"QLP,TARS",Error in reading Data product C:\Users\Admin\.cache\lightkurve\mastDownload\HLSP\hlsp_tars_tess_ffi_s0014-0000000236785248_tess\hlsp_tars_tess_ffi_s0014-0000000236785248_tess_v01_lc.fits of type gener
335294404,13.77,PROCESSING_ERROR,,0,0,"TARS,CDIPS",The unit 'day' is unrecognized.  It can not be converted to other units.
132168199,13.51,OK,GSFC-ELEANOR-LITE,2,1934,GSFC-ELEANOR-LITE,
47881725,13.56,NO_DATA,,0,0,,
393978806,13.8,OK,GSFC-ELEANOR-LITE,1,1062,GSFC-ELEANOR-LITE,
349725115,13.23,OK,QLP,2,14634,QLP,
269698719,13.26,PROCESSING_ERROR,,0,0,"QLP,TASOC","cannot reshape array of size 0 into shape (0,newaxis)"
299171576,13.22,OK,GSFC-ELEANOR-LITE,1,1086,GSFC-ELEANOR-LITE,
363798392,13.28,OK,GSFC-ELEANOR-LITE,1,1086,GSFC-ELEANOR-LITE,
12066299,13.43,OK,QLP,7,45976,QLP,
224198381,12.98,OK,QLP,2,13454,QLP,
454016347,12.78,OK,GSFC-ELEANOR-LITE,1,1087,GSFC-ELEANOR-LITE,
326169163,11.24,OK,GSFC-ELEANOR-LITE,1,1081,GSFC-ELEANOR-LITE,
236338268,11.49,OK,QLP,5,12850,"TESS-SPOC,QLP",
230270072,12.79,OK,QLP,3,8513,QLP,
375574991,12.93,OK,QLP,2,13552,QLP,
73532606,11.62,OK,TESS-SPOC,2,4069,TESS-SPOC,
158422600,11.59,OK,QLP,4,19460,QLP,
79403675,8.01,OK,SPOC,8,198642,SPOC,
349410506,11.32,OK,TESS-SPOC,29,81495,TESS-SPOC,
86937318,11.94,OK,QLP,8,56952,QLP,
250511584,12.4,OK,QLP,2,11776,QLP,
220352330,12.27,OK,GSFC-ELEANOR-LITE,2,2211,GSFC-ELEANOR-LITE,
394455242,12.69,OK,GSFC-ELEANOR-LITE,2,2167,GSFC-ELEANOR-LITE,
183423058,12.99,OK,QLP,1,10341,QLP,
341077131,11.38,OK,GSFC-ELEANOR-LITE,1,1177,GSFC-ELEANOR-LITE,
399593548,12.9,OK,QLP,6,46501,QLP,
96925272,10.83,OK,TESS-SPOC,1,9446,TESS-SPOC,
427352243,10.37,OK,TESS-SPOC,2,4406,TESS-SPOC,
466073566,12.52,OK,GSFC-ELEANOR-LITE,2,2188,GSFC-ELEANOR-LITE,
111301408,12.97,OK,QLP,2,19937,QLP,
444528660,11.39,OK,QLP,4,24745,QLP,
430327259,12.44,OK,QLP,3,23409,QLP,
59576988,12.77,OK,QLP,5,30431,QLP,
76850669,13.02,OK,GSFC-ELEANOR-LITE,2,1966,GSFC-ELEANOR-LITE,
402663027,12.26,OK,QLP,2,13679,QLP,
383318780,12.99,OK,QLP,1,10792,QLP,
90394127,12.13,OK,QLP,5,31141,QLP,
366721730,12.77,OK,TESS-SPOC,1,3255,TESS-SPOC,
66693647,12.9,OK,TESS-SPOC,3,6282,TESS-SPOC,
118301243,12.9,OK,QLP,3,23511,QLP,
278194952,10.88,OK,TESS-SPOC,4,9773,TESS-SPOC,
342232987,12.2,OK,QLP,7,69921,QLP,
264245944,12.61,OK,QLP,1,10639,QLP,
273094146,12.97,OK,QLP,3,22681,QLP,
142780405,12.23,OK,QLP,7,23573,QLP,
437226603,12.83,OK,QLP,3,25846,QLP,
378077493,12.85,OK,QLP,8,59637,QLP,
313612563,11.54,OK,TESS-SPOC,4,6603,TESS-SPOC,
370549851,11.67,OK,QLP,4,19875,QLP,
43312632,12.97,OK,QLP,7,35574,QLP,
403677762,12.7,OK,GSFC-ELEANOR-LITE,1,1072,GSFC-ELEANOR-LITE,
273802518,12.29,OK,QLP,8,62141,QLP,
193427041,12.3,OK,GSFC-ELEANOR-LITE,1,1032,GSFC-ELEANOR-LITE,
229481847,12.78,DOWNLOAD_ERROR,,0,0,"QLP,TASOC,TARS",Error in reading Data product C:\Users\Admin\.cache\lightkurve\mastDownload\HLSP\hlsp_tars_tess_ffi_s0014-0000000229481847_tess\hlsp_tars_tess_ffi_s0014-0000000229481847_tess_v01_lc.fits of type gener
239711580,9.44,OK,TESS-SPOC,4,27824,TESS-SPOC,
309116658,12.94,OK,QLP,6,31143,QLP,
31634385,6.46,OK,TESS-SPOC,3,25886,TESS-SPOC,
367152049,11.35,OK,TESS-SPOC,4,10937,TESS-SPOC,
111096187,10.85,OK,QLP,2,13531,QLP,
318745473,12.57,OK,QLP,5,31653,QLP,
433884379,13.02,OK,QLP,7,43500,QLP,
333677011,12.99,OK,GSFC-ELEANOR-LITE,1,1119,GSFC-ELEANOR-LITE,
181570507,11.7,OK,GSFC-ELEANOR-LITE,1,1177,GSFC-ELEANOR-LITE,
229665684,11.31,OK,TESS-SPOC,3,22466,TESS-SPOC,
235512374,12.14,OK,GSFC-ELEANOR-LITE,1,904,GSFC-ELEANOR-LITE,
446549017,11.89,OK,TESS-SPOC,2,4455,TESS-SPOC,
258238938,12.12,OK,TESS-SPOC,3,10332,TESS-SPOC,
355944089,12.94,OK,GSFC-ELEANOR-LITE,3,3073,GSFC-ELEANOR-LITE,
358376140,11.71,OK,GSFC-ELEANOR-LITE,2,2211,GSFC-ELEANOR-LITE,
203001134,12.91,OK,QLP,7,43068,QLP,
183517144,12.6,OK,QLP,6,50882,QLP,
373658346,10.44,OK,TESS-SPOC,1,6733,TESS-SPOC,
35799943,12.59,OK,QLP,2,21861,QLP,
310992167,12.32,OK,TESS-SPOC,4,31891,TESS-SPOC,
333441825,11.92,OK,TESS-SPOC,1,6446,TESS-SPOC,
397010857,9.75,OK,TESS-SPOC,1,10874,TESS-SPOC,
40577332,10.52,OK,QLP,6,34714,QLP,
138344101,11.26,OK,QLP,6,31359,QLP,
44532737,12.61,OK,QLP,4,27125,QLP,
467227644,12.95,OK,QLP,10,67004,QLP,
365944568,10.61,OK,TESS-SPOC,8,35094,TESS-SPOC,
20776866,12.49,OK,QLP,9,50434,QLP,
411610204,10.41,OK,TESS-SPOC,6,36072,TESS-SPOC,
342308067,12.79,OK,GSFC-ELEANOR-LITE,3,3073,GSFC-ELEANOR-LITE,
222438804,12.88,OK,QLP,2,14617,QLP,
411495979,10.93,OK,TESS-SPOC,4,26639,TESS-SPOC,
93129731,11.62,OK,QLP,1,11088,QLP,
180023497,12.71,OK,QLP,2,12746,QLP,
29408998,11.29,OK,QLP,2,12105,QLP,
43792371,12.87,OK,QLP,5,29573,QLP,
251851871,13.02,OK,TESS-SPOC,3,13019,TESS-SPOC,
469350979,12.93,OK,TESS-SPOC,1,2725,TESS-SPOC,
224555521,11.41,OK,GSFC-ELEANOR-LITE,1,1073,GSFC-ELEANOR-LITE,
152820470,12.73,OK,TESS-SPOC,2,11130,TESS-SPOC,
387168415,11.95,OK,QLP,2,21280,QLP,
309620461,11.91,OK,TESS-SPOC,3,10105,TESS-SPOC,
330774804,9.93,OK,TESS-SPOC,3,31059,TESS-SPOC,
237083206,11.6,OK,TESS-SPOC,7,11480,TESS-SPOC,
376812341,11.9,OK,QLP,1,3506,QLP,
208173018,12.69,OK,QLP,3,30445,QLP,
173760050,10.88,OK,TESS-SPOC,1,9505,TESS-SPOC,
358825428,12.69,OK,QLP,10,62732,QLP,
60885998,12.73,OK,QLP,5,30274,QLP,
335457480,12.15,OK,TESS-SPOC,1,1097,TESS-SPOC,
159722016,10.84,OK,TESS-SPOC,4,12253,TESS-SPOC,
42143884,12.8,OK,GSFC-ELEANOR-LITE,1,1086,GSFC-ELEANOR-LITE,
282342940,10.56,OK,TESS-SPOC,3,10529,TESS-SPOC,
230244165,13.02,OK,GSFC-ELEANOR-LITE,1,1054,GSFC-ELEANOR-LITE,
399795323,7.28,OK,TESS-SPOC,5,46087,TESS-SPOC,
314003072,13.07,OK,QLP,6,49863,QLP,
230182033,13.08,OK,QLP,2,14208,QLP,
84691574,13.53,NO_DATA,,0,0,,
374202642,13.86,NO_DATA,,0,0,,
33945481,13.59,OK,GSFC-ELEANOR-LITE,1,1028,GSFC-ELEANOR-LITE,
72384776,13.37,OK,QLP,6,44949,QLP,
154834032,13.21,OK,GSFC-ELEANOR-LITE,2,1934,GSFC-ELEANOR-LITE,
239753019,13.61,NO_DATA,,0,0,,
296551969,13.11,OK,QLP,5,20382,QLP,
93625489,13.7,OK,GSFC-ELEANOR-LITE,1,1085,GSFC-ELEANOR-LITE,
150250206,13.15,OK,GSFC-ELEANOR-LITE,12,12295,GSFC-ELEANOR-LITE,
233420730,13.73,NO_DATA,,0,0,,
43674956,13.8,OK,TASOC,2,2292,TASOC,
186140008,13.35,OK,QLP,10,67627,QLP,
394178826,13.77,OK,KBONUS-BKG,1,36415,"TARS,KBONUS-BKG",
313386931,13.67,NO_DATA,,0,0,,
70352307,13.63,NO_DATA,,0,0,,
64226350,13.18,OK,QLP,5,28235,QLP,
237115413,13.66,NO_DATA,,0,0,,
376097932,13.07,OK,GSFC-ELEANOR-LITE,2,2165,GSFC-ELEANOR-LITE,
231064932,13.23,OK,TESS-SPOC,4,8479,TESS-SPOC,
139805341,13.77,OK,GSFC-ELEANOR-LITE,1,1062,GSFC-ELEANOR-LITE,
414327878,13.24,OK,QLP,2,13369,QLP,
236781289,13.6,NO_DATA,,0,0,,
335295909,13.63,OK,TASOC,2,2292,TASOC,
132164203,13.75,OK,GSFC-ELEANOR-LITE,2,2211,GSFC-ELEANOR-LITE,
47879619,13.45,OK,QLP,12,86942,QLP,
393983556,13.4,OK,GSFC-ELEANOR-LITE,1,862,GSFC-ELEANOR-LITE,
349749090,13.7,OK,GSFC-ELEANOR-LITE,1,1177,GSFC-ELEANOR-LITE,
269699879,13.73,PROCESSING_ERROR,,0,0,TASOC,"cannot reshape array of size 0 into shape (0,newaxis)"
299182924,13.86,OK,GSFC-ELEANOR-LITE,1,1081,GSFC-ELEANOR-LITE,
363817223,13.81,NO_DATA,,0,0,,
12062325,13.63,OK,GSFC-ELEANOR-LITE,1,1100,GSFC-ELEANOR-LITE,
348401003,13.51,OK,GSFC-ELEANOR-LITE,1,1046,GSFC-ELEANOR-LITE,
218135121,13.25,OK,GSFC-ELEANOR-LITE,1,1056,GSFC-ELEANOR-LITE,
1422784692,13.72,OK,GSFC-ELEANOR-LITE,1,1029,GSFC-ELEANOR-LITE,
10494030,13.45,OK,QLP,6,33673,QLP,
417950723,13.7,PROCESSING_ERROR,,0,0,TASOC,"cannot reshape array of size 0 into shape (0,newaxis)"
451555758,13.74,OK,GSFC-ELEANOR-LITE,2,2188,GSFC-ELEANOR-LITE,
257413608,13.87,NO_DATA,,0,0,,
51769030,13.55,NO_DATA,,0,0,,
135270976,13.83,NO_DATA,,0,0,,
324038106,13.6,NO_DATA,,0,0,,
47167969,13.56,NO_DATA,,0,0,,
295405836,13.82,NO_DATA,,0,0,,
234014568,13.41,OK,GSFC-ELEANOR-LITE,1,904,GSFC-ELEANOR-LITE,
147607157,13.32,OK,QLP,7,33297,QLP,
153332970,13.66,OK,GSFC-ELEANOR-LITE,2,1934,GSFC-ELEANOR-LITE,
241216506,13.54,NO_DATA,,0,0,,
279190739,13.44,OK,QLP,5,31038,QLP,
216638331,13.45,OK,GSFC-ELEANOR-LITE,1,1049,GSFC-ELEANOR-LITE,
257003092,13.4,OK,QLP,4,19328,QLP,
462785412,13.44,OK,GSFC-ELEANOR-LITE,2,2211,GSFC-ELEANOR-LITE,
385466048,13.15,OK,GSFC-ELEANOR-LITE,2,2211,GSFC-ELEANOR-LITE,
244999763,13.06,OK,GSFC-ELEANOR-LITE,1,1081,GSFC-ELEANOR-LITE,
256541183,13.07,OK,QLP,5,30428,QLP,
138340524,13.73,NO_DATA,,0,0,,
176219103,13.38,OK,QLP,4,24889,QLP,
338532027,13.79,OK,GSFC-ELEANOR-LITE,1,1081,GSFC-ELEANOR-LITE,
355285214,13.84,NO_DATA,,0,0,,
233386476,13.25,OK,QLP,13,106304,QLP,
253191212,13.86,OK,GSFC-ELEANOR-LITE,1,1081,GSFC-ELEANOR-LITE,
166277771,13.76,DOWNLOAD_ERROR,,0,0,TARS,Error in reading Data product C:\Users\Admin\.cache\lightkurve\mastDownload\HLSP\hlsp_tars_tess_ffi_s0026-0000000166277771_tess\hlsp_tars_tess_ffi_s0026-0000000166277771_tess_v01_lc.fits of type gener
281395959,13.64,OK,GSFC-ELEANOR-LITE,2,2188,GSFC-ELEANOR-LITE,
165470101,13.47,OK,TESS-SPOC,5,6176,TESS-SPOC,
256003247,13.31,OK,QLP,6,34441,QLP,
383836012,13.13,OK,QLP,7,45662,QLP,
331084390,13.07,OK,QLP,3,25360,QLP,
228146432,13.46,OK,QLP,2,13112,QLP,
280511280,13.05,OK,GSFC-ELEANOR-LITE,2,2188,GSFC-ELEANOR-LITE,
144013237,13.57,NO_DATA,,0,0,,
464393444,13.27,OK,GSFC-ELEANOR-LITE,2,2211,GSFC-ELEANOR-LITE,
41959215,13.28,OK,QLP,8,49288,QLP,
76080156,13.47,OK,GSFC-ELEANOR-LITE,2,1966,GSFC-ELEANOR-LITE,
308651389,13.72,OK,GSFC-ELEANOR-LITE,1,1085,GSFC-ELEANOR-LITE,
373771873,13.52,OK,GSFC-ELEANOR-LITE,12,12404,GSFC-ELEANOR-LITE,
468644458,13.42,OK,QLP,8,62131,QLP,
356548080,13.81,NO_DATA,,0,0,,
387858879,13.27,OK,QLP,7,64095,QLP,
250717536,13.7,NO_DATA,,0,0,,
80842364,13.14,OK,GSFC-ELEANOR-LITE,1,1086,GSFC-ELEANOR-LITE,
298293468,13.53,PROCESSING_ERROR,,0,0,TASOC,"cannot reshape array of size 0 into shape (0,newaxis)"
329768594,13.62,PROCESSING_ERROR,,0,0,CDIPS,The unit 'day' is unrecognized.  It can not be converted to other units.
440148497,13.51,NO_DATA,,0,0,,
100129572,13.04,OK,QLP,2,13324,QLP,
382163135,13.56,OK,GSFC-ELEANOR-LITE,2,2165,GSFC-ELEANOR-LITE,
291029252,13.32,OK,QLP,5,20375,QLP,
87146617,13.19,OK,QLP,5,30194,QLP,
133688675,13.78,OK,GSFC-ELEANOR-LITE,2,1934,GSFC-ELEANOR-LITE,
136111079,13.52,NO_DATA,,0,0,,
22178433,13.38,OK,QLP,7,39041,QLP,
294676143,13.54,NO_DATA,,0,0,,
386263513,13.64,OK,GSFC-ELEANOR-LITE,1,862,GSFC-ELEANOR-LITE,
89387348,13.12,OK,QLP,8,56715,QLP,
457822202,13.81,OK,GSFC-ELEANOR-LITE,1,1107,GSFC-ELEANOR-LITE,
465415427,13.31,OK,GSFC-ELEANOR-LITE,2,2188,GSFC-ELEANOR-LITE,
43337770,13.48,OK,QLP,4,18594,QLP,
356068166,13.53,OK,GSFC-ELEANOR-LITE,2,1966,GSFC-ELEANOR-LITE,
442703447,13.69,OK,GSFC-ELEANOR-LITE,1,1081,GSFC-ELEANOR-LITE,
229610610,14.29,PROCESSING_ERROR,,0,0,TASOC,"cannot reshape array of size 0 into shape (0,newaxis)"
305117138,14.11,OK,GSFC-ELEANOR-LITE,2,2188,GSFC-ELEANOR-LITE,
466465177,14.34,OK,GSFC-ELEANOR-LITE,2,2188,GSFC-ELEANOR-LITE,
117162447,13.96,NO_DATA,,0,0,,
161181342,13.91,NO_DATA,,0,0,,
307516493,14.17,NO_DATA,,0,0,,
2048207142,14.06,NO_DATA,,0,0,,
403656831,14.08,NO_DATA,,0,0,,
464738698,14.11,OK,GSFC-ELEANOR-LITE,1,1107,GSFC-ELEANOR-LITE,
386186233,14.07,NO_DATA,,0,0,,
67270986,14.32,OK,GSFC-ELEANOR-LITE,1,1081,GSFC-ELEANOR-LITE,
145599063,14.15,OK,GSFC-ELEANOR-LITE,2,1966,GSFC-ELEANOR-LITE,
88188990,14.23,NO_DATA,,0,0,,
405220976,13.92,OK,GSFC-ELEANOR-LITE,1,1072,GSFC-ELEANOR-LITE,
394002665,14.01,NO_DATA,,0,0,,
393912016,14.24,OK,GSFC-ELEANOR-LITE,1,862,GSFC-ELEANOR-LITE,
452508929,14.06,DOWNLOAD_ERROR,,0,0,TARS,Error in reading Data product C:\Users\Admin\.cache\lightkurve\mastDownload\HLSP\hlsp_tars_tess_ffi_s0014-0000000452508929_tess\hlsp_tars_tess_ffi_s0014-0000000452508929_tess_v01_lc.fits of type gener
414532961,14.15,OK,GSFC-ELEANOR-LITE,2,2167,GSFC-ELEANOR-LITE,
275372270,14.33,OK,TASOC,2,2292,TASOC,
468875645,13.97,NO_DATA,,0,0,,
13891222,14.28,DOWNLOAD_ERROR,,0,0,TARS,Error in reading Data product C:\Users\Admin\.cache\lightkurve\mastDownload\HLSP\hlsp_tars_tess_ffi_s0080-0000000013891222_tess\hlsp_tars_tess_ffi_s0080-0000000013891222_tess_v01_lc.fits of type gener
63207731,14.11,OK,TASOC,4,4414,TASOC,
373938251,13.96,OK,GSFC-ELEANOR-LITE,2,2188,GSFC-ELEANOR-LITE,
142834508,14.13,OK,GSFC-ELEANOR-LITE,1,1072,GSFC-ELEANOR-LITE,
83794993,14.05,NO_DATA,,0,0,,
256177003,14.32,OK,QLP,3,18205,QLP,
457534991,14.08,OK,GSFC-ELEANOR-LITE,2,2211,GSFC-ELEANOR-LITE,
219576105,14.04,NO_DATA,,0,0,,
10062401,14.35,OK,GSFC-ELEANOR-LITE,1,1072,GSFC-ELEANOR-LITE,
62014142,13.9,NO_DATA,,0,0,,
453840224,14.12,OK,GSFC-ELEANOR-LITE,1,1086,GSFC-ELEANOR-LITE,
319661117,14.34,NO_DATA,,0,0,,
410900358,14.29,OK,GSFC-ELEANOR-LITE,3,2837,GSFC-ELEANOR-LITE,
285984503,13.95,NO_DATA,,0,0,,
260342124,14.08,OK,GSFC-ELEANOR-LITE,1,1086,GSFC-ELEANOR-LITE,
341775750,14.22,NO_DATA,,0,0,,
75634925,13.9,OK,GSFC-ELEANOR-LITE,2,1966,GSFC-ELEANOR-LITE,
149943542,13.89,OK,GSFC-ELEANOR-LITE,1,1077,GSFC-ELEANOR-LITE,
308485830,14.24,OK,GSFC-ELEANOR-LITE,1,904,GSFC-ELEANOR-LITE,
356236743,14.2,NO_DATA,,0,0,,
66811059,13.96,NO_DATA,,0,0,,
271444687,13.95,NO_DATA,,0,0,,
170149900,14.02,OK,GSFC-ELEANOR-LITE,1,1086,GSFC-ELEANOR-LITE,
151718783,14.15,OK,GSFC-ELEANOR-LITE,2,1934,GSFC-ELEANOR-LITE,
242898195,14.24,NO_DATA,,0,0,,
334456931,14.13,OK,GSFC-ELEANOR-LITE,1,1072,GSFC-ELEANOR-LITE,
126971563,14.3,OK,GSFC-ELEANOR-LITE,1,1081,GSFC-ELEANOR-LITE,
9993336,13.94,NO_DATA,,0,0,,
366831614,13.95,NO_DATA,,0,0,,
425067915,14.28,OK,GSFC-ELEANOR-LITE,12,12404,GSFC-ELEANOR-LITE,
14091926,14.29,OK,GSFC-ELEANOR-LITE,2,2027,GSFC-ELEANOR-LITE,
55557993,14.16,OK,GSFC-ELEANOR-LITE,12,12295,GSFC-ELEANOR-LITE,
1967580798,14.21,OK,QLP,8,46875,QLP,
67467349,14.27,NO_DATA,,0,0,,
359079820,14.23,NO_DATA,,0,0,,
220115262,13.98,OK,GSFC-ELEANOR-LITE,1,904,GSFC-ELEANOR-LITE,
383087333,13.89,OK,GSFC-ELEANOR-LITE,2,2165,GSFC-ELEANOR-LITE,
208463204,13.98,NO_DATA,,0,0,,
157107671,14.16,NO_DATA,,0,0,,
43893057,14.03,PROCESSING_ERROR,,0,0,TASOC,"cannot reshape array of size 0 into shape (0,newaxis)"
261041904,14.0,OK,GSFC-ELEANOR-LITE,1,1148,GSFC-ELEANOR-LITE,
423202567,14.24,OK,CDIPS,1,3478,CDIPS,
73260849,13.96,OK,TASOC,2,2292,TASOC,
229788824,14.22,PROCESSING_ERROR,,0,0,TASOC,"cannot reshape array of size 0 into shape (0,newaxis)"
470021437,13.96,NO_DATA,,0,0,,
91627942,14.22,OK,GSFC-ELEANOR-LITE,1,1085,GSFC-ELEANOR-LITE,
319821014,14.2,NO_DATA,,0,0,,
43300421,14.0,NO_DATA,,0,0,,
146628522,14.32,OK,GSFC-ELEANOR-LITE,2,1934,GSFC-ELEANOR-LITE,
240167390,14.3,NO_DATA,,0,0,,
457805570,14.16,OK,GSFC-ELEANOR-LITE,1,1107,GSFC-ELEANOR-LITE,
3911774,14.2,OK,GSFC-ELEANOR-LITE,2,1962,GSFC-ELEANOR-LITE,
377794965,13.93,PROCESSING_ERROR,,0,0,TASOC,"cannot reshape array of size 0 into shape (0,newaxis)"
348318744,14.16,NO_DATA,,0,0,,
54251337,14.16,OK,GSFC-ELEANOR-LITE,1,960,GSFC-ELEANOR-LITE,
142202887,14.23,NO_DATA,,0,0,,
217000739,14.06,OK,GSFC-ELEANOR-LITE,1,1049,GSFC-ELEANOR-LITE,
100181142,14.25,OK,GSFC-ELEANOR-LITE,1,1029,GSFC-ELEANOR-LITE,
265536955,14.16,OK,GSFC-ELEANOR-LITE,2,2188,GSFC-ELEANOR-LITE,
291156208,14.29,OK,K2,1,2008,K2,
512785815,14.35,OK,GSFC-ELEANOR-LITE,1,1081,GSFC-ELEANOR-LITE,
391084921,14.34,NO_DATA,,0,0,,
229766614,14.01,PROCESSING_ERROR,,0,0,TASOC,"cannot reshape array of size 0 into shape (0,newaxis)"
334989009,14.15,NO_DATA,,0,0,,
304790516,14.24,OK,GSFC-ELEANOR-LITE,1,1107,GSFC-ELEANOR-LITE,
366612238,14.25,NO_DATA,,0,0,,
371565276,14.15,NO_DATA,,0,0,,
119553433,13.93,OK,GSFC-ELEANOR-LITE,1,904,GSFC-ELEANOR-LITE,
264299354,14.1,NO_DATA,,0,0,,
377919830,14.32,NO_DATA,,0,0,,
453692800,13.92,OK,GSFC-ELEANOR-LITE,3,3274,GSFC-ELEANOR-LITE,
158376010,13.93,OK,TASOC,2,2292,TASOC,
60206699,14.21,OK,GSFC-ELEANOR-LITE,1,1147,GSFC-ELEANOR-LITE,
298027583,14.13,NO_DATA,,0,0,,
145910296,14.09,OK,GSFC-ELEANOR-LITE,2,1934,GSFC-ELEANOR-LITE,
192860401,14.02,OK,GSFC-ELEANOR-LITE,2,2167,GSFC-ELEANOR-LITE,
71318224,14.32,NO_DATA,,0,0,,
8046219,13.93,NO_DATA,,0,0,,
648626545,14.33,DOWNLOAD_ERROR,,0,0,TARS,Error in reading Data product C:\Users\Admin\.cache\lightkurve\mastDownload\HLSP\hlsp_tars_tess_ffi_s0019-0000000648626545_tess\hlsp_tars_tess_ffi_s0019-0000000648626545_tess_v01_lc.fits of type gener
457624369,13.99,NO_DATA,,0,0,,
150190751,14.7,OK,GSFC-ELEANOR-LITE,12,12295,GSFC-ELEANOR-LITE,
46289117,14.48,OK,GSFC-ELEANOR-LITE,1,1032,GSFC-ELEANOR-LITE,
146112370,14.49,OK,GSFC-ELEANOR-LITE,2,2189,GSFC-ELEANOR-LITE,
32971018,14.61,NO_DATA,,0,0,,
318743551,14.44,NO_DATA,,0,0,,
71824761,14.68,OK,GSFC-ELEANOR-LITE,1,1086,GSFC-ELEANOR-LITE,
188152605,14.63,OK,GSFC-ELEANOR-LITE,1,1049,GSFC-ELEANOR-LITE,
68184752,14.37,OK,GSFC-ELEANOR-LITE,1,1081,GSFC-ELEANOR-LITE,
119958875,14.45,NO_DATA,,0,0,,
386512277,14.68,OK,GSFC-ELEANOR-LITE,1,1104,GSFC-ELEANOR-LITE,
329152110,14.48,NO_DATA,,0,0,,
380886468,14.57,NO_DATA,,0,0,,
195986786,14.38,PROCESSING_ERROR,,0,0,TASOC,"cannot reshape array of size 0 into shape (0,newaxis)"
1956151034,14.43,NO_DATA,,0,0,,
316102067,14.54,OK,GSFC-ELEANOR-LITE,2,2188,GSFC-ELEANOR-LITE,
93184644,14.47,NO_DATA,,0,0,,
172716444,14.57,NO_DATA,,0,0,,
297089673,14.44,OK,GSFC-ELEANOR-LITE,1,1086,GSFC-ELEANOR-LITE,
367792311,14.39,NO_DATA,,0,0,,
323647005,14.63,OK,GSFC-ELEANOR-LITE,1,1147,GSFC-ELEANOR-LITE,
451923750,14.72,OK,GSFC-ELEANOR-LITE,2,2165,GSFC-ELEANOR-LITE,
360003037,14.48,OK,GSFC-ELEANOR-LITE,2,2167,GSFC-ELEANOR-LITE,
229731581,14.59,OK,GSFC-ELEANOR-LITE,1,1054,GSFC-ELEANOR-LITE,
219464468,14.62,NO_DATA,,0,0,,
303351967,14.4,NO_DATA,,0,0,,
84298387,14.63,NO_DATA,,0,0,,
345258735,14.7,NO_DATA,,0,0,,
459425672,14.64,NO_DATA,,0,0,,
344922627,14.45,OK,GSFC-ELEANOR-LITE,1,1086,GSFC-ELEANOR-LITE,
255732083,14.61,NO_DATA,,0,0,,
275985425,14.58,PROCESSING_ERROR,,0,0,TASOC,"cannot reshape array of size 0 into shape (0,newaxis)"
247483790,14.56,OK,GSFC-ELEANOR-LITE,1,904,GSFC-ELEANOR-LITE,
518650654,14.44,NO_DATA,,0,0,,
262651244,14.68,OK,GSFC-ELEANOR-LITE,1,1086,GSFC-ELEANOR-LITE,
348825535,14.37,OK,TASOC,2,2292,TASOC,
127107006,14.53,OK,GSFC-ELEANOR-LITE,1,904,GSFC-ELEANOR-LITE,
395279192,14.54,OK,TASOC,2,1616,TASOC,
463113110,14.58,OK,GSFC-ELEANOR-LITE,2,2211,GSFC-ELEANOR-LITE,
130036380,14.54,NO_DATA,,0,0,,
102452553,14.69,OK,GSFC-ELEANOR-LITE,1,904,GSFC-ELEANOR-LITE,
188774873,14.67,OK,TASOC,2,2292,TASOC,
320417382,14.72,OK,GSFC-ELEANOR-LITE,1,1072,GSFC-ELEANOR-LITE,
229691367,14.61,NO_DATA,,0,0,,
70710357,14.53,DOWNLOAD_ERROR,,0,0,TARS,Error in reading Data product C:\Users\Admin\.cache\lightkurve\mastDownload\HLSP\hlsp_tars_tess_ffi_s0045-0000000070710354_tess\hlsp_tars_tess_ffi_s0045-0000000070710354_tess_v01_lc.fits of type gener
311274774,14.43,NO_DATA,,0,0,,
261459141,14.62,OK,GSFC-ELEANOR-LITE,1,1177,GSFC-ELEANOR-LITE,
420221526,14.45,NO_DATA,,0,0,,
405096232,14.47,NO_DATA,,0,0,,
310724171,14.52,NO_DATA,,0,0,,
391693430,14.55,NO_DATA,,0,0,,
271885058,14.53,PROCESSING_ERROR,,0,0,TASOC,"cannot reshape array of size 0 into shape (0,newaxis)"
361490995,14.66,NO_DATA,,0,0,,
102374359,14.57,NO_DATA,,0,0,,
239830109,14.53,NO_DATA,,0,0,,
165676756,14.41,NO_DATA,,0,0,,
394021167,14.63,NO_DATA,,0,0,,
313490578,14.58,OK,GSFC-ELEANOR-LITE,1,1081,GSFC-ELEANOR-LITE,
417495867,14.42,OK,TASOC,2,1988,TASOC,
338655096,14.43,OK,GSFC-ELEANOR-LITE,2,2167,GSFC-ELEANOR-LITE,
137028057,14.6,NO_DATA,,0,0,,
304788012,14.64,OK,GSFC-ELEANOR-LITE,1,1107,GSFC-ELEANOR-LITE,
44390058,14.51,NO_DATA,,0,0,,
408708391,14.47,NO_DATA,,0,0,,
238941677,14.64,NO_DATA,,0,0,,
467847973,14.4,OK,GSFC-ELEANOR-LITE,2,2188,GSFC-ELEANOR-LITE,
307299562,14.52,OK,GSFC-ELEANOR-LITE,1,1072,GSFC-ELEANOR-LITE,
166209440,14.5,NO_DATA,,0,0,,
468479711,14.46,NO_DATA,,0,0,,
366875156,14.64,NO_DATA,,0,0,,
69434016,14.52,NO_DATA,,0,0,,
213498591,14.6,PROCESSING_ERROR,,0,0,TASOC,"cannot reshape array of size 0 into shape (0,newaxis)"
465328732,14.67,OK,GSFC-ELEANOR-LITE,1,1029,GSFC-ELEANOR-LITE,
285244776,14.66,NO_DATA,,0,0,,
278075587,14.72,NO_DATA,,0,0,,
90066933,14.62,PROCESSING_ERROR,,0,0,TASOC,"cannot reshape array of size 0 into shape (0,newaxis)"
423609410,14.42,NO_DATA,,0,0,,
267516382,14.61,OK,GSFC-ELEANOR-LITE,2,2160,GSFC-ELEANOR-LITE,
249714794,14.59,NO_DATA,,0,0,,
322054842,14.49,NO_DATA,,0,0,,
121368831,14.37,OK,GSFC-ELEANOR-LITE,1,962,GSFC-ELEANOR-LITE,
86722475,14.62,NO_DATA,,0,0,,
19856512,14.7,NO_DATA,,0,0,,
48506642,14.53,OK,Kepler,14,51502,Kepler,
366084115,14.7,NO_DATA,,0,0,,
40175614,14.68,NO_DATA,,0,0,,
451022388,14.53,OK,GSFC-ELEANOR-LITE,1,1081,GSFC-ELEANOR-LITE,
458259912,14.54,OK,GSFC-ELEANOR-LITE,1,1107,GSFC-ELEANOR-LITE,
390693826,14.39,NO_DATA,,0,0,,
464045561,14.38,OK,GSFC-ELEANOR-LITE,1,1029,GSFC-ELEANOR-LITE,
233515223,14.6,PROCESSING_ERROR,,0,0,TASOC,"cannot reshape array of size 0 into shape (0,newaxis)"
385222663,14.5,OK,GSFC-ELEANOR-LITE,2,2211,GSFC-ELEANOR-LITE,
468676333,14.37,NO_DATA,,0,0,,
421993150,14.65,OK,QLP,4,36117,QLP,
199499367,14.63,NO_DATA,,0,0,,
386849883,14.68,OK,GSFC-ELEANOR-LITE,1,1104,GSFC-ELEANOR-LITE,
359392815,14.45,OK,TASOC,2,2292,TASOC,
277761067,14.6,NO_DATA,,0,0,,
162831959,14.6,NO_DATA,,0,0,,
385116886,14.68,OK,QLP,3,17021,QLP,
378969152,14.72,OK,GSFC-ELEANOR-LITE,2,2188,GSFC-ELEANOR-LITE,
55523128,14.85,OK,GSFC-ELEANOR-LITE,13,13367,GSFC-ELEANOR-LITE,
417450527,14.79,OK,TASOC,2,1988,TASOC,
126114522,14.92,OK,GSFC-ELEANOR-LITE,1,1072,GSFC-ELEANOR-LITE,
125531024,14.74,NO_DATA,,0,0,,
351929124,14.97,PROCESSING_ERROR,,0,0,TASOC,"cannot reshape array of size 0 into shape (0,newaxis)"
207812312,14.86,OK,GSFC-ELEANOR-LITE,1,1086,GSFC-ELEANOR-LITE,
458340637,14.81,OK,GSFC-ELEANOR-LITE,1,1107,GSFC-ELEANOR-LITE,
64781731,14.92,OK,GSFC-ELEANOR-LITE,1,1072,GSFC-ELEANOR-LITE,
160274257,14.96,NO_DATA,,0,0,,
412605502,14.89,OK,GSFC-ELEANOR-LITE,1,1078,GSFC-ELEANOR-LITE,
2010981494,14.93,NO_DATA,,0,0,,
147556707,14.79,OK,TASOC,1,1146,TASOC,
147008957,14.83,OK,GSFC-ELEANOR-LITE,1,862,GSFC-ELEANOR-LITE,
264345632,14.95,OK,GSFC-ELEANOR-LITE,1,1148,GSFC-ELEANOR-LITE,
46969449,14.92,OK,GSFC-ELEANOR-LITE,1,1054,GSFC-ELEANOR-LITE,
385058084,14.79,NO_DATA,,0,0,,
22300053,14.97,OK,GSFC-ELEANOR-LITE,1,1177,GSFC-ELEANOR-LITE,
309575055,14.74,NO_DATA,,0,0,,
1253754963,14.76,OK,GSFC-ELEANOR-LITE,1,1059,GSFC-ELEANOR-LITE,
239880613,14.98,NO_DATA,,0,0,,
20255090,14.99,OK,GSFC-ELEANOR-LITE,1,1046,GSFC-ELEANOR-LITE,
233641177,14.77,NO_DATA,,0,0,,
394788842,14.95,DOWNLOAD_ERROR,,0,0,TARS,Error in reading Data product C:\Users\Admin\.cache\lightkurve\mastDownload\HLSP\hlsp_tars_tess_ffi_s0014-0000000394788822_tess\hlsp_tars_tess_ffi_s0014-0000000394788822_tess_v01_lc.fits of type gener
57242094,14.83,OK,GSFC-ELEANOR-LITE,1,1147,GSFC-ELEANOR-LITE,
235805237,14.87,NO_DATA,,0,0,,
100562238,14.9,NO_DATA,,0,0,,
356383326,14.99,NO_DATA,,0,0,,
339804940,14.94,NO_DATA,,0,0,,
272951326,14.9,PROCESSING_ERROR,,0,0,TASOC,"cannot reshape array of size 0 into shape (0,newaxis)"
319266578,14.77,NO_DATA,,0,0,,
239144506,14.98,NO_DATA,,0,0,,
344360959,14.79,NO_DATA,,0,0,,
236318555,14.86,NO_DATA,,0,0,,
612156342,14.86,OK,GSFC-ELEANOR-LITE,2,2239,GSFC-ELEANOR-LITE,
24735067,14.8,OK,GSFC-ELEANOR-LITE,2,1962,GSFC-ELEANOR-LITE,
374689514,14.76,OK,GSFC-ELEANOR-LITE,2,2211,GSFC-ELEANOR-LITE,
45435063,14.87,NO_DATA,,0,0,,
237442488,14.82,OK,GSFC-ELEANOR-LITE,1,904,GSFC-ELEANOR-LITE,
12977738,14.87,NO_DATA,,0,0,,
394508536,14.85,OK,GSFC-ELEANOR-LITE,2,2167,GSFC-ELEANOR-LITE,
403635886,15.0,NO_DATA,,0,0,,
80716593,14.86,NO_DATA,,0,0,,
385457809,14.82,OK,GSFC-ELEANOR-LITE,2,2211,GSFC-ELEANOR-LITE,
351458659,14.96,NO_DATA,,0,0,,
449823787,14.87,OK,GSFC-ELEANOR-LITE,1,1081,GSFC-ELEANOR-LITE,
52030981,14.8,OK,QLP,2,18058,QLP,
1965777844,14.75,NO_DATA,,0,0,,
29374003,14.85,NO_DATA,,0,0,,
311225693,14.74,NO_DATA,,0,0,,
8589878,14.89,NO_DATA,,0,0,,
28585955,14.87,NO_DATA,,0,0,,
1324191533,14.95,OK,GSFC-ELEANOR-LITE,1,1054,GSFC-ELEANOR-LITE,
338092384,14.87,NO_DATA,,0,0,,
58674267,14.73,OK,GSFC-ELEANOR-LITE,1,1147,GSFC-ELEANOR-LITE,
338097522,14.94,NO_DATA,,0,0,,
102563821,14.89,OK,GSFC-ELEANOR-LITE,2,2188,GSFC-ELEANOR-LITE,
403577400,14.82,NO_DATA,,0,0,,
70683788,14.75,OK,QLP,3,24651,QLP,
369293272,14.79,NO_DATA,,0,0,,
386512830,15.0,OK,GSFC-ELEANOR-LITE,1,1104,GSFC-ELEANOR-LITE,
122891950,14.8,NO_DATA,,0,0,,
329718159,14.94,OK,GSFC-ELEANOR-LITE,1,1148,GSFC-ELEANOR-LITE,
398397960,14.94,OK,GSFC-ELEANOR-LITE,2,2165,GSFC-ELEANOR-LITE,
346420562,14.96,NO_DATA,,0,0,,
332793316,14.85,OK,GSFC-ELEANOR-LITE,1,1081,GSFC-ELEANOR-LITE,
123580762,14.74,OK,GSFC-ELEANOR-LITE,1,903,GSFC-ELEANOR-LITE,
421567488,14.76,OK,GSFC-ELEANOR-LITE,1,1086,GSFC-ELEANOR-LITE,
315531484,14.79,OK,GSFC-ELEANOR-LITE,1,1086,GSFC-ELEANOR-LITE,
139783888,14.91,OK,GSFC-ELEANOR-LITE,1,1072,GSFC-ELEANOR-LITE,
281087618,14.73,NO_DATA,,0,0,,
383220929,14.98,OK,GSFC-ELEANOR-LITE,2,2258,GSFC-ELEANOR-LITE,
145599985,14.76,OK,GSFC-ELEANOR-LITE,2,1966,GSFC-ELEANOR-LITE,
283142055,14.99,NO_DATA,,0,0,,
16455697,14.76,OK,GSFC-ELEANOR-LITE,1,1072,GSFC-ELEANOR-LITE,
98885126,14.86,NO_DATA,,0,0,,
419744983,14.92,OK,GSFC-ELEANOR-LITE,2,2239,GSFC-ELEANOR-LITE,
3475313,14.94,NO_DATA,,0,0,,
411853297,14.92,NO_DATA,,0,0,,
31401939,14.83,OK,GSFC-ELEANOR-LITE,2,2027,GSFC-ELEANOR-LITE,
450440918,14.87,OK,GSFC-ELEANOR-LITE,1,1081,GSFC-ELEANOR-LITE,
367780553,14.89,DOWNLOAD_ERROR,,0,0,TARS,Error in reading Data product C:\Users\Admin\.cache\lightkurve\mastDownload\HLSP\hlsp_tars_tess_ffi_s0024-0000000367780554_tess\hlsp_tars_tess_ffi_s0024-0000000367780554_tess_v01_lc.fits of type gener
3521519,14.95,OK,GSFC-ELEANOR-LITE,2,1962,GSFC-ELEANOR-LITE,
372966655,14.91,OK,GSFC-ELEANOR-LITE,1,1081,GSFC-ELEANOR-LITE,
441810830,14.86,PROCESSING_ERROR,,0,0,TASOC,"cannot reshape array of size 0 into shape (0,newaxis)"
400847491,14.95,OK,GSFC-ELEANOR-LITE,2,1966,GSFC-ELEANOR-LITE,
62467502,14.81,NO_DATA,,0,0,,
452991999,14.95,NO_DATA,,0,0,,
426260478,15.0,OK,QLP,2,21001,QLP,
435412184,14.86,OK,GSFC-ELEANOR-LITE,1,1081,GSFC-ELEANOR-LITE,
74184108,14.74,OK,GSFC-ELEANOR-LITE,2,2263,GSFC-ELEANOR-LITE,
809432257,14.87,OK,GSFC-ELEANOR-LITE,2,1969,GSFC-ELEANOR-LITE,
8360032,14.89,OK,TASOC,2,2292,TASOC,
284691881,14.85,NO_DATA,,0,0,,
24244002,14.83,PROCESSING_ERROR,,0,0,TASOC,"cannot reshape array of size 0 into shape (0,newaxis)"
7168314,14.84,NO_DATA,,0,0,,
802855134,14.89,OK,GSFC-ELEANOR-LITE,1,1072,GSFC-ELEANOR-LITE,
419076980,14.86,NO_DATA,,0,0,,
269603484,14.95,NO_DATA,,0,0,,
154229997,14.84,OK,GSFC-ELEANOR-LITE,2,1934,GSFC-ELEANOR-LITE,
81096834,14.87,OK,GSFC-ELEANOR-LITE,1,1104,GSFC-ELEANOR-LITE,
220423668,12.42,OK,TESS-SPOC,9,20358,TESS-SPOC,
365998904,11.72,OK,GSFC-ELEANOR-LITE,1,1177,GSFC-ELEANOR-LITE,
233452636,13.87,OK,GSFC-ELEANOR-LITE,1,1054,GSFC-ELEANOR-LITE,
437171483,12.42,OK,GSFC-ELEANOR-LITE,2,2211,GSFC-ELEANOR-LITE,
411457490,12.84,OK,GSFC-ELEANOR-LITE,1,1081,GSFC-ELEANOR-LITE,
295373509,13.21,OK,GSFC-ELEANOR-LITE,1,1177,GSFC-ELEANOR-LITE,
374158907,13.06,OK,GSFC-ELEANOR-LITE,2,2189,GSFC-ELEANOR-LITE,
348884775,14.71,OK,GSFC-ELEANOR-LITE,1,862,GSFC-ELEANOR-LITE,
70762350,14.65,OK,GSFC-ELEANOR-LITE,1,1028,GSFC-ELEANOR-LITE,
446502638,12.33,OK,SPOC,1,12137,SPOC,
313731012,10.55,OK,TESS-SPOC,2,9438,TESS-SPOC,
264300974,11.49,OK,TESS-SPOC,13,123051,TESS-SPOC,
220432563,11.3,OK,SPOC,54,1786318,SPOC,
411761610,12.85,OK,GSFC-ELEANOR-LITE,1,1073,GSFC-ELEANOR-LITE,
42205523,12.07,OK,QLP,8,49288,QLP,
43796522,11.61,OK,TESS-SPOC,1,7652,TESS-SPOC,
87019391,12.16,OK,GSFC-ELEANOR-LITE,1,1086,GSFC-ELEANOR-LITE,
394617595,12.94,OK,QLP,6,34714,QLP,
378265047,12.9,OK,QLP,10,76981,QLP,
341279608,12.43,OK,GSFC-ELEANOR-LITE,1,1081,GSFC-ELEANOR-LITE,
59636408,13.03,OK,QLP,7,46187,QLP,
97018435,12.54,OK,GSFC-ELEANOR-LITE,1,1056,GSFC-ELEANOR-LITE,
469447216,12.18,OK,GSFC-ELEANOR-LITE,1,1148,GSFC-ELEANOR-LITE,
258296005,10.72,OK,TESS-SPOC,2,15260,TESS-SPOC,
402818425,12.36,OK,QLP,6,33826,QLP,
376884123,11.24,OK,QLP,42,251265,QLP,
183675732,13.0,OK,SPOC,6,86811,SPOC,
356055783,12.17,OK,TESS-SPOC,37,172702,TESS-SPOC,
203291303,8.47,OK,SPOC,1,8045,SPOC,
224696201,12.88,OK,QLP,5,20382,QLP,
229506826,9.64,OK,TESS-SPOC,13,119391,TESS-SPOC,
273214931,12.38,OK,GSFC-ELEANOR-LITE,1,1084,GSFC-ELEANOR-LITE,
230277337,12.18,OK,TESS-SPOC,3,8088,TESS-SPOC,
251937360,12.06,OK,QLP,2,13592,QLP,
349481089,12.88,OK,GSFC-ELEANOR-LITE,13,13367,GSFC-ELEANOR-LITE,
319068156,12.44,OK,QLP,5,31653,QLP,
40655754,11.93,OK,GSFC-ELEANOR-LITE,1,1046,GSFC-ELEANOR-LITE,
367258811,12.78,OK,QLP,7,49391,QLP,
450674516,13.11,OK,GSFC-ELEANOR-LITE,1,1107,GSFC-ELEANOR-LITE,
40575863,13.04,OK,QLP,6,34571,QLP,
114935996,13.88,PROCESSING_ERROR,,0,0,TASOC,"cannot reshape array of size 0 into shape (0,newaxis)"
467849570,13.65,OK,GSFC-ELEANOR-LITE,2,2188,GSFC-ELEANOR-LITE,
156877882,13.67,NO_DATA,,0,0,,
188743612,13.72,NO_DATA,,0,0,,
165600229,13.59,NO_DATA,,0,0,,
80780553,13.8,OK,GSFC-ELEANOR-LITE,1,1086,GSFC-ELEANOR-LITE,
287665363,13.84,OK,GSFC-ELEANOR-LITE,2,2165,GSFC-ELEANOR-LITE,
246560590,13.51,OK,GSFC-ELEANOR-LITE,1,1148,GSFC-ELEANOR-LITE,
377519067,13.47,OK,QLP,3,17479,QLP,
441262791,13.53,OK,GSFC-ELEANOR-LITE,1,1081,GSFC-ELEANOR-LITE,
314483849,13.1,OK,QLP,4,22063,QLP,
65503468,13.87,OK,GSFC-ELEANOR-LITE,1,1147,GSFC-ELEANOR-LITE,
388765728,13.34,OK,GSFC-ELEANOR-LITE,2,1966,GSFC-ELEANOR-LITE,
341431982,13.24,OK,QLP,5,23404,QLP,
334466201,13.47,OK,GSFC-ELEANOR-LITE,1,1081,GSFC-ELEANOR-LITE,
186391462,13.88,OK,GSFC-ELEANOR-LITE,1,862,GSFC-ELEANOR-LITE,
458521664,13.68,NO_DATA,,0,0,,
367266127,13.57,NO_DATA,,0,0,,
239742949,13.62,NO_DATA,,0,0,,
342547815,13.66,PROCESSING_ERROR,,0,0,TASOC,"cannot reshape array of size 0 into shape (0,newaxis)"
213660927,13.71,OK,GSFC-ELEANOR-LITE,1,1049,GSFC-ELEANOR-LITE,
162837030,13.68,NO_DATA,,0,0,,
348754686,13.2,OK,GSFC-ELEANOR-LITE,1,862,GSFC-ELEANOR-LITE,
242916517,13.87,NO_DATA,,0,0,,
48194914,13.16,OK,QLP,18,131385,QLP,
229884321,13.59,DOWNLOAD_ERROR,,0,0,TARS,Error in reading Data product /home/runner/.cache/lightkurve/mastDownload/HLSP/hlsp_tars_tess_ffi_s0024-0000000229884321_tess/hlsp_tars_tess_ffi_s0024-0000000229884321_tess_v01_lc.fits of type generic
94281713,13.34,OK,QLP,7,43148,QLP,
405210526,13.22,OK,TESS-SPOC,2,4940,TESS-SPOC,
307411333,14.11,OK,GSFC-ELEANOR-LITE,2,2188,GSFC-ELEANOR-LITE,
285501342,14.23,NO_DATA,,0,0,,
290226151,14.01,NO_DATA,,0,0,,
230451416,14.29,NO_DATA,,0,0,,
377770027,13.89,OK,GSFC-ELEANOR-LITE,2,2188,GSFC-ELEANOR-LITE,
330431529,14.21,OK,GSFC-ELEANOR-LITE,1,1081,GSFC-ELEANOR-LITE,
120174037,13.93,PROCESSING_ERROR,,0,0,TASOC,"cannot reshape array of size 0 into shape (0,newaxis)"
42623071,14.26,NO_DATA,,0,0,,
124464906,14.1,NO_DATA,,0,0,,
390318807,14.11,OK,GSFC-ELEANOR-LITE,2,2165,GSFC-ELEANOR-LITE,
19518027,14.18,OK,GSFC-ELEANOR-LITE,1,1072,GSFC-ELEANOR-LITE,
337520612,14.17,OK,GSFC-ELEANOR-LITE,1,1049,GSFC-ELEANOR-LITE,
17519403,14.12,OK,GSFC-ELEANOR-LITE,1,1054,GSFC-ELEANOR-LITE,
244564001,13.92,NO_DATA,,0,0,,
1010129132,14.31,OK,GSFC-ELEANOR-LITE,2,2167,GSFC-ELEANOR-LITE,
418888142,13.94,OK,GSFC-ELEANOR-LITE,2,1934,GSFC-ELEANOR-LITE,
178335238,13.96,OK,GSFC-ELEANOR-LITE,1,1072,GSFC-ELEANOR-LITE,
153738738,13.93,OK,GSFC-ELEANOR-LITE,2,1934,GSFC-ELEANOR-LITE,
46032687,14.34,OK,GSFC-ELEANOR-LITE,3,3073,GSFC-ELEANOR-LITE,
214704214,14.32,NO_DATA,,0,0,,
319971909,13.91,NO_DATA,,0,0,,
232209415,14.34,OK,GSFC-ELEANOR-LITE,1,1054,GSFC-ELEANOR-LITE,
287275707,14.01,OK,GSFC-ELEANOR-LITE,7,7023,GSFC-ELEANOR-LITE,
294974040,14.35,OK,GSFC-ELEANOR-LITE,2,2211,GSFC-ELEANOR-LITE,
1794442230,14.02,OK,QLP,4,29166,QLP,
417958604,13.93,NO_DATA,,0,0,,
290146135,14.16,OK,GSFC-ELEANOR-LITE,1,1086,GSFC-ELEANOR-LITE,
109269846,14.08,NO_DATA,,0,0,,
58205944,14.12,NO_DATA,,0,0,,
140987233,13.97,OK,GSFC-ELEANOR-LITE,2,1966,GSFC-ELEANOR-LITE,
317320831,14.71,NO_DATA,,0,0,,
343783301,14.53,OK,GSFC-ELEANOR-LITE,2,2164,GSFC-ELEANOR-LITE,
308492634,14.49,NO_DATA,,0,0,,
349373333,14.37,OK,GSFC-ELEANOR-LITE,12,12243,GSFC-ELEANOR-LITE,
82512998,14.4,NO_DATA,,0,0,,
152351593,14.66,OK,GSFC-ELEANOR-LITE,1,1032,GSFC-ELEANOR-LITE,
122492921,14.54,OK,GSFC-ELEANOR-LITE,3,3073,GSFC-ELEANOR-LITE,
447144823,14.53,OK,GSFC-ELEANOR-LITE,2,2211,GSFC-ELEANOR-LITE,
78968418,14.38,NO_DATA,,0,0,,
237465911,14.55,OK,GSFC-ELEANOR-LITE,1,904,GSFC-ELEANOR-LITE,
257916225,14.5,NO_DATA,,0,0,,
460093394,14.63,OK,TASOC,2,2292,TASOC,
84856408,14.59,NO_DATA,,0,0,,
468350627,14.52,OK,TASOC,2,2292,TASOC,
188247009,14.43,OK,GSFC-ELEANOR-LITE,1,1101,GSFC-ELEANOR-LITE,
350545908,14.45,OK,QLP,2,12558,QLP,
260228939,14.39,NO_DATA,,0,0,,
469140616,14.41,NO_DATA,,0,0,,
233650926,14.6,NO_DATA,,0,0,,
60645516,14.71,OK,GSFC-ELEANOR-LITE,1,1073,GSFC-ELEANOR-LITE,
442590281,14.6,OK,GSFC-ELEANOR-LITE,1,1081,GSFC-ELEANOR-LITE,
258693890,14.6,NO_DATA,,0,0,,
185887284,14.46,NO_DATA,,0,0,,
197119124,14.6,NO_DATA,,0,0,,
175997052,14.62,NO_DATA,,0,0,,
45659301,14.46,OK,GSFC-ELEANOR-LITE,1,1100,GSFC-ELEANOR-LITE,
136779549,14.68,NO_DATA,,0,0,,
173336354,14.38,NO_DATA,,0,0,,
258108867,14.57,NO_DATA,,0,0,,
378095789,14.59,OK,GSFC-ELEANOR-LITE,1,1046,GSFC-ELEANOR-LITE,
157554478,14.82,OK,QLP,3,16418,QLP,
318511155,14.98,OK,GSFC-ELEANOR-LITE,2,2188,GSFC-ELEANOR-LITE,
391708053,14.94,OK,GSFC-ELEANOR-LITE,2,1966,GSFC-ELEANOR-LITE,
388615224,14.97,NO_DATA,,0,0,,
298962450,14.99,OK,TASOC,2,1888,TASOC,
335365606,14.95,OK,GSFC-ELEANOR-LITE,1,1081,GSFC-ELEANOR-LITE,
302809222,14.83,NO_DATA,,0,0,,
153036715,14.91,OK,GSFC-ELEANOR-LITE,2,1934,GSFC-ELEANOR-LITE,
221066214,14.78,OK,GSFC-ELEANOR-LITE,1,1086,GSFC-ELEANOR-LITE,
96362873,14.78,NO_DATA,,0,0,,
342885200,14.97,OK,GSFC-ELEANOR-LITE,3,3073,GSFC-ELEANOR-LITE,
300343090,14.75,NO_DATA,,0,0,,
48636817,14.81,NO_DATA,,0,0,,
75172708,14.81,NO_DATA,,0,0,,
87448561,14.92,OK,GSFC-ELEANOR-LITE,1,1086,GSFC-ELEANOR-LITE,
72357623,14.99,NO_DATA,,0,0,,
457545283,14.99,OK,GSFC-ELEANOR-LITE,2,2211,GSFC-ELEANOR-LITE,
230125273,14.95,NO_DATA,,0,0,,
91680994,14.84,NO_DATA,,0,0,,
54077740,14.91,OK,GSFC-ELEANOR-LITE,1,960,GSFC-ELEANOR-LITE,
1789064249,14.89,OK,QLP,2,13111,QLP,
44607433,14.8,OK,GSFC-ELEANOR-LITE,1,1047,GSFC-ELEANOR-LITE,
89670347,14.93,OK,TASOC,2,1616,TASOC,
317625147,14.91,NO_DATA,,0,0,,
336993340,14.81,OK,GSFC-ELEANOR-LITE,1,904,GSFC-ELEANOR-LITE,
329742454,14.76,NO_DATA,,0,0,,
259069224,14.86,OK,GSFC-ELEANOR-LITE,1,1072,GSFC-ELEANOR-LITE,
169848978,14.77,OK,GSFC-ELEANOR-LITE,1,1072,GSFC-ELEANOR-LITE,
377557807,14.87,NO_DATA,,0,0,,
23052840,14.98,NO_DATA,,0,0,,
313727252,10.91,OK,TESS-SPOC,2,10274,TESS-SPOC,
264300637,11.76,OK,TESS-SPOC,13,122626,TESS-SPOC,
411764415,11.21,OK,GSFC-ELEANOR-LITE,1,1086,GSFC-ELEANOR-LITE,
42204156,11.44,OK,TESS-SPOC,5,13955,TESS-SPOC,
43796424,10.86,OK,TESS-SPOC,3,4967,TESS-SPOC,
87009784,12.69,OK,GSFC-ELEANOR-LITE,1,1086,GSFC-ELEANOR-LITE,
394620289,12.86,OK,QLP,6,34708,QLP,
378273145,9.65,OK,TESS-SPOC,3,28910,TESS-SPOC,
341269914,9.02,OK,TESS-SPOC,3,30264,TESS-SPOC,
59636444,12.34,OK,QLP,7,46192,QLP,
97017864,7.74,OK,TESS-SPOC,1,8864,TESS-SPOC,
469449874,11.24,OK,GSFC-ELEANOR-LITE,1,1148,GSFC-ELEANOR-LITE,
258295513,11.26,OK,TESS-SPOC,1,1096,TESS-SPOC,
402818757,12.92,OK,QLP,6,33818,QLP,
376882145,10.81,OK,TESS-SPOC,17,154142,TESS-SPOC,
183668664,12.87,OK,QLP,6,50881,QLP,
356050888,10.34,OK,QLP,9,58148,QLP,
203284299,11.88,OK,TESS-SPOC,1,3277,TESS-SPOC,
224695017,12.47,OK,QLP,5,20378,QLP,
229506375,11.83,OK,TESS-SPOC,15,29105,TESS-SPOC,
230277091,12.07,OK,QLP,4,19663,QLP,
251936538,10.81,OK,TESS-SPOC,1,1823,TESS-SPOC,
373885508,11.88,OK,GSFC-ELEANOR-LITE,3,3292,GSFC-ELEANOR-LITE,
446764795,12.36,OK,GSFC-ELEANOR-LITE,1,1104,GSFC-ELEANOR-LITE,
349481012,12.5,OK,GSFC-ELEANOR-LITE,13,13367,GSFC-ELEANOR-LITE,
319051772,10.69,OK,GSFC-ELEANOR-LITE,1,1081,GSFC-ELEANOR-LITE,
40626760,12.12,OK,QLP,9,58146,QLP,
367256811,12.86,OK,QLP,7,50089,QLP,
450671029,13.13,OK,GSFC-ELEANOR-LITE,1,1085,GSFC-ELEANOR-LITE,
40573882,13.06,OK,QLP,6,33102,QLP,
114934829,13.68,PROCESSING_ERROR,,0,0,TASOC,"cannot reshape array of size 0 into shape (0,newaxis)"
467849608,13.43,OK,GSFC-ELEANOR-LITE,2,2188,GSFC-ELEANOR-LITE,
156873269,13.67,NO_DATA,,0,0,,
188742980,13.78,OK,PATHOS,1,1118,"CDIPS,PATHOS",
165599201,13.73,PROCESSING_ERROR,,0,0,TASOC,"cannot reshape array of size 0 into shape (0,newaxis)"
80776442,13.81,OK,GSFC-ELEANOR-LITE,1,1086,GSFC-ELEANOR-LITE,
287659453,13.2,OK,GSFC-ELEANOR-LITE,2,2165,GSFC-ELEANOR-LITE,
246561638,13.47,OK,GSFC-ELEANOR-LITE,1,1148,GSFC-ELEANOR-LITE,
377519095,13.78,NO_DATA,,0,0,,
441234114,13.26,OK,GSFC-ELEANOR-LITE,2,2211,GSFC-ELEANOR-LITE,
314483609,13.1,OK,QLP,4,22043,QLP,
65497458,13.84,OK,GSFC-ELEANOR-LITE,1,1134,GSFC-ELEANOR-LITE,
388766547,13.87,NO_DATA,,0,0,,
341429822,13.13,OK,QLP,5,23405,QLP,
334456930,13.6,OK,GSFC-ELEANOR-LITE,1,1072,GSFC-ELEANOR-LITE,
186390240,13.16,OK,GSFC-ELEANOR-LITE,1,862,GSFC-ELEANOR-LITE,
458521728,13.84,NO_DATA,,0,0,,
367266138,13.12,OK,QLP,6,40141,QLP,
239739850,13.56,NO_DATA,,0,0,,
342547771,13.23,OK,QLP,5,23216,QLP,
213658343,13.13,OK,GSFC-ELEANOR-LITE,1,1049,GSFC-ELEANOR-LITE,
162832070,13.25,OK,QLP,1,11069,QLP,
348754699,13.28,OK,GSFC-ELEANOR-LITE,1,862,GSFC-ELEANOR-LITE,
242916003,13.82,NO_DATA,,0,0,,
48193800,13.35,OK,QLP,23,161240,QLP,
229884210,13.2,OK,QLP,5,17169,QLP,
94257584,13.12,OK,GSFC-ELEANOR-LITE,1,1072,GSFC-ELEANOR-LITE,
405211123,13.39,OK,QLP,3,16759,QLP,
307424361,14.11,OK,GSFC-ELEANOR-LITE,1,962,GSFC-ELEANOR-LITE,
285501238,14.25,NO_DATA,,0,0,,
290226313,14.33,NO_DATA,,0,0,,
230451390,14.3,NO_DATA,,0,0,,
377776074,14.36,OK,GSFC-ELEANOR-LITE,2,2188,GSFC-ELEANOR-LITE,
330435841,14.1,OK,GSFC-ELEANOR-LITE,1,1081,GSFC-ELEANOR-LITE,
120152239,14.2,OK,GSFC-ELEANOR-LITE,1,1086,GSFC-ELEANOR-LITE,
42620551,14.35,DOWNLOAD_ERROR,,0,0,TARS,Error in reading Data product /home/runner/.cache/lightkurve/mastDownload/HLSP/hlsp_tars_tess_ffi_s0014-0000000042620551_tess/hlsp_tars_tess_ffi_s0014-0000000042620551_tess_v01_lc.fits of type generic
124463484,14.27,NO_DATA,,0,0,,
390329707,14.25,NO_DATA,,0,0,,
19545709,13.97,OK,GSFC-ELEANOR-LITE,2,1962,GSFC-ELEANOR-LITE,
337529045,14.06,OK,GSFC-ELEANOR-LITE,1,1049,GSFC-ELEANOR-LITE,
17515174,14.36,NO_DATA,,0,0,,
244565394,13.95,NO_DATA,,0,0,,
1009715029,14.32,OK,GSFC-ELEANOR-LITE,2,2167,GSFC-ELEANOR-LITE,
418888630,14.07,OK,GSFC-ELEANOR-LITE,2,1934,GSFC-ELEANOR-LITE,
178341185,13.9,OK,GSFC-ELEANOR-LITE,2,2189,GSFC-ELEANOR-LITE,
153739939,13.91,OK,GSFC-ELEANOR-LITE,2,1934,GSFC-ELEANOR-LITE,
46032738,14.27,OK,GSFC-ELEANOR-LITE,3,3073,GSFC-ELEANOR-LITE,
214699475,14.26,NO_DATA,,0,0,,
319977843,14.24,NO_DATA,,0,0,,
232204793,13.97,OK,GSFC-ELEANOR-LITE,1,1054,GSFC-ELEANOR-LITE,
287275700,14.07,OK,GSFC-ELEANOR-LITE,7,7023,GSFC-ELEANOR-LITE,
294977019,14.2,OK,GSFC-ELEANOR-LITE,2,2211,GSFC-ELEANOR-LITE,
1794028864,14.31,NO_DATA,,0,0,,
417958807,14.02,PROCESSING_ERROR,,0,0,TASOC,"cannot reshape array of size 0 into shape (0,newaxis)"
290161804,14.31,OK,GSFC-ELEANOR-LITE,3,3038,GSFC-ELEANOR-LITE,
109255503,14.1,NO_DATA,,0,0,,
58207478,14.3,NO_DATA,,0,0,,
140987331,14.06,OK,GSFC-ELEANOR-LITE,2,1966,GSFC-ELEANOR-LITE,
317352927,14.63,OK,GSFC-ELEANOR-LITE,1,1081,GSFC-ELEANOR-LITE,
343785345,14.57,OK,GSFC-ELEANOR-LITE,2,2164,GSFC-ELEANOR-LITE,
308495850,14.41,NO_DATA,,0,0,,
349373368,14.42,OK,GSFC-ELEANOR-LITE,12,12243,GSFC-ELEANOR-LITE,
82505521,14.37,NO_DATA,,0,0,,
152345525,14.48,OK,GSFC-ELEANOR-LITE,1,1032,GSFC-ELEANOR-LITE,
122490812,14.63,OK,GSFC-ELEANOR-LITE,3,3073,GSFC-ELEANOR-LITE,
447137668,14.71,OK,GSFC-ELEANOR-LITE,2,2211,GSFC-ELEANOR-LITE,
78957274,14.71,OK,GSFC-ELEANOR-LITE,2,1975,GSFC-ELEANOR-LITE,
237466874,14.64,OK,GSFC-ELEANOR-LITE,1,904,GSFC-ELEANOR-LITE,
257921297,14.4,NO_DATA,,0,0,,
460093250,14.52,OK,TASOC,2,2292,TASOC,
84856400,14.48,NO_DATA,,0,0,,
468349092,14.4,NO_DATA,,0,0,,
188248676,14.57,OK,GSFC-ELEANOR-LITE,1,1101,GSFC-ELEANOR-LITE,
350547289,14.56,NO_DATA,,0,0,,
260239482,14.5,OK,GSFC-ELEANOR-LITE,11,11392,GSFC-ELEANOR-LITE,
469146075,14.37,NO_DATA,,0,0,,
233649787,14.5,DOWNLOAD_ERROR,,0,0,TARS,Error in reading Data product /home/runner/.cache/lightkurve/mastDownload/HLSP/hlsp_tars_tess_ffi_s0023-0000000233649787_tess/hlsp_tars_tess_ffi_s0023-0000000233649787_tess_v01_lc.fits of type generic
60637135,14.72,OK,GSFC-ELEANOR-LITE,1,1134,GSFC-ELEANOR-LITE,
442581501,14.6,OK,GSFC-ELEANOR-LITE,1,1081,GSFC-ELEANOR-LITE,
258696333,14.61,OK,TASOC,2,2292,TASOC,
185887064,14.61,OK,TASOC,2,1790,TASOC,
197121238,14.62,NO_DATA,,0,0,,
175994626,14.62,NO_DATA,,0,0,,
45659226,14.65,OK,GSFC-ELEANOR-LITE,1,1100,GSFC-ELEANOR-LITE,
136777697,14.63,NO_DATA,,0,0,,
173327080,14.51,OK,GSFC-ELEANOR-LITE,1,1072,GSFC-ELEANOR-LITE,
258110145,14.43,NO_DATA,,0,0,,
378102988,14.46,OK,GSFC-ELEANOR-LITE,1,1046,GSFC-ELEANOR-LITE,
157555330,14.93,OK,TASOC,2,2292,TASOC,
318512983,14.9,OK,GSFC-ELEANOR-LITE,2,2188,GSFC-ELEANOR-LITE,
391711358,14.89,OK,GSFC-ELEANOR-LITE,1,862,GSFC-ELEANOR-LITE,
388637197,14.99,OK,TASOC,2,2292,TASOC,
298961652,14.86,PROCESSING_ERROR,,0,0,TASOC,"cannot reshape array of size 0 into shape (0,newaxis)"
335388483,14.91,NO_DATA,,0,0,,
302814369,14.89,NO_DATA,,0,0,,
153038604,14.87,OK,GSFC-ELEANOR-LITE,2,1934,GSFC-ELEANOR-LITE,
221066290,14.87,OK,GSFC-ELEANOR-LITE,1,1086,GSFC-ELEANOR-LITE,
96387365,14.77,OK,GSFC-ELEANOR-LITE,2,1975,GSFC-ELEANOR-LITE,
342906055,14.85,OK,GSFC-ELEANOR-LITE,1,1086,GSFC-ELEANOR-LITE,
300336531,14.81,NO_DATA,,0,0,,
48635405,14.81,NO_DATA,,0,0,,
75173210,14.91,NO_DATA,,0,0,,
87454590,14.82,NO_DATA,,0,0,,
72360299,14.9,NO_DATA,,0,0,,
457545619,14.92,OK,GSFC-ELEANOR-LITE,2,2211,GSFC-ELEANOR-LITE,
230126942,14.86,OK,TASOC,2,2292,TASOC,
91690216,14.88,OK,GSFC-ELEANOR-LITE,1,904,GSFC-ELEANOR-LITE,
54079061,14.73,OK,GSFC-ELEANOR-LITE,1,1101,GSFC-ELEANOR-LITE,
1789053491,14.86,NO_DATA,,0,0,,
44607114,14.84,OK,GSFC-ELEANOR-LITE,1,1047,GSFC-ELEANOR-LITE,
89670711,14.86,PROCESSING_ERROR,,0,0,TASOC,"cannot reshape array of size 0 into shape (0,newaxis)"
317626334,14.86,PROCESSING_ERROR,,0,0,TASOC,"cannot reshape array of size 0 into shape (0,newaxis)"
337001029,14.94,NO_DATA,,0,0,,
329757194,14.85,OK,PATHOS,1,1126,"CDIPS,PATHOS",
259070391,14.8,OK,GSFC-ELEANOR-LITE,1,1072,GSFC-ELEANOR-LITE,
169851144,14.97,OK,GSFC-ELEANOR-LITE,1,1086,GSFC-ELEANOR-LITE,
377558238,14.86,NO_DATA,,0,0,,
23052649,14.93,NO_DATA,,0,0,,
313723578,5.81,OK,SPOC,7,357152,SPOC,
264300267,11.26,OK,TESS-SPOC,16,152031,TESS-SPOC,
220424363,8.9,OK,SPOC,8,368219,SPOC,
411767966,12.46,OK,GSFC-ELEANOR-LITE,1,1086,GSFC-ELEANOR-LITE,
42197259,10.27,OK,TESS-SPOC,3,23223,TESS-SPOC,
43796681,11.91,OK,QLP,5,29077,QLP,
87008164,12.69,OK,QLP,3,23398,QLP,
394620981,12.45,OK,QLP,6,34714,QLP,
378273307,9.49,OK,TESS-SPOC,3,28892,TESS-SPOC,
341265750,12.89,OK,GSFC-ELEANOR-LITE,3,3038,GSFC-ELEANOR-LITE,
59633980,12.56,OK,QLP,8,56713,QLP,
97017246,10.8,OK,SPOC,1,14036,SPOC,
469447206,12.41,OK,GSFC-ELEANOR-LITE,1,1148,GSFC-ELEANOR-LITE,
258294702,12.57,OK,QLP,3,19484,QLP,
402818769,12.54,OK,QLP,6,33825,QLP,
376884501,10.96,OK,SPOC,5,80437,SPOC,
183660588,12.34,OK,GSFC-ELEANOR-LITE,1,862,GSFC-ELEANOR-LITE,
356049018,11.79,OK,QLP,9,58148,QLP,
203235796,12.14,OK,TESS-SPOC,5,20208,TESS-SPOC,
224692544,12.87,OK,QLP,5,20373,QLP,
229504945,12.35,OK,QLP,28,173606,QLP,
273210977,12.31,OK,TESS-SPOC,1,3331,TESS-SPOC,
230276753,11.77,OK,QLP,4,19667,QLP,
251934714,12.38,OK,QLP,1,2632,QLP,
373884030,12.5,OK,GSFC-ELEANOR-LITE,3,3292,GSFC-ELEANOR-LITE,
446777359,12.64,OK,GSFC-ELEANOR-LITE,2,2167,GSFC-ELEANOR-LITE,
349479071,11.62,OK,TESS-SPOC,25,49949,TESS-SPOC,
319039733,12.96,OK,GSFC-ELEANOR-LITE,1,1072,GSFC-ELEANOR-LITE,
40624650,8.47,OK,TESS-SPOC,9,57374,TESS-SPOC,
367255511,12.8,OK,QLP,7,49478,QLP,
450663300,13.15,OK,GSFC-ELEANOR-LITE,1,1081,GSFC-ELEANOR-LITE,
40570045,13.4,OK,QLP,5,23651,QLP,
114929643,13.32,OK,GSFC-ELEANOR-LITE,1,862,GSFC-ELEANOR-LITE,
467849637,13.78,OK,GSFC-ELEANOR-LITE,2,2188,GSFC-ELEANOR-LITE,
156840149,13.75,NO_DATA,,0,0,,
188742266,13.57,NO_DATA,,0,0,,
165598669,13.48,OK,SPOC,2,24824,SPOC,
80771736,13.63,OK,GSFC-ELEANOR-LITE,1,904,GSFC-ELEANOR-LITE,
287652215,13.04,OK,QLP,4,33974,QLP,
246566478,13.37,OK,GSFC-ELEANOR-LITE,1,1148,GSFC-ELEANOR-LITE,
377519200,13.41,OK,QLP,3,17452,QLP,
441227343,13.19,OK,GSFC-ELEANOR-LITE,1,1107,GSFC-ELEANOR-LITE,
314475652,13.54,DOWNLOAD_ERROR,,0,0,"TASOC,TARS",Error in reading Data product /home/runner/.cache/lightkurve/mastDownload/HLSP/hlsp_tars_tess_ffi_s0026-0000000314475652_tess/hlsp_tars_tess_ffi_s0026-0000000314475652_tess_v01_lc.fits of type generic
65491884,13.51,NO_DATA,,0,0,,
388766570,13.22,OK,TESS-SPOC,2,4851,TESS-SPOC,
341429358,13.3,OK,QLP,5,23345,QLP,
334455371,13.44,OK,GSFC-ELEANOR-LITE,1,1072,GSFC-ELEANOR-LITE,
186379681,13.12,OK,GSFC-ELEANOR-LITE,1,862,GSFC-ELEANOR-LITE,
458521737,13.67,DOWNLOAD_ERROR,,0,0,TARS,Error in reading Data product /home/runner/.cache/lightkurve/mastDownload/HLSP/hlsp_tars_tess_ffi_s0025-0000000458521737_tess/hlsp_tars_tess_ffi_s0025-0000000458521737_tess_v01_lc.fits of type generic
367267998,13.85,NO_DATA,,0,0,,
239739802,13.1,OK,QLP,8,52441,QLP,
342547993,13.54,NO_DATA,,0,0,,
213651981,13.64,OK,GSFC-ELEANOR-LITE,1,1049,GSFC-ELEANOR-LITE,
162825247,13.17,OK,QLP,1,11081,QLP,
348754706,13.13,OK,GSFC-ELEANOR-LITE,1,862,GSFC-ELEANOR-LITE,
242918457,13.88,NO_DATA,,0,0,,
48192217,13.84,PROCESSING_ERROR,,0,0,TASOC,"cannot reshape array of size 0 into shape (0,newaxis)"
229883964,13.56,NO_DATA,,0,0,,
94249335,13.37,OK,GSFC-ELEANOR-LITE,1,1085,GSFC-ELEANOR-LITE,
405213466,13.13,OK,TESS-SPOC,2,4937,TESS-SPOC,
307425072,14.31,OK,GSFC-ELEANOR-LITE,1,962,GSFC-ELEANOR-LITE,
285490479,14.35,OK,GSFC-ELEANOR-LITE,1,1086,GSFC-ELEANOR-LITE,
290228821,14.21,NO_DATA,,0,0,,
230447973,14.34,OK,TASOC,1,17749,TASOC,
377776359,14.27,OK,GSFC-ELEANOR-LITE,2,2188,GSFC-ELEANOR-LITE,
330472960,14.23,NO_DATA,,0,0,,
120150745,14.34,OK,GSFC-ELEANOR-LITE,1,1086,GSFC-ELEANOR-LITE,
42625912,14.36,PROCESSING_ERROR,,0,0,TASOC,"cannot reshape array of size 0 into shape (0,newaxis)"
124466519,14.0,OK,CDIPS,1,2644,CDIPS,
390330328,14.0,NO_DATA,,0,0,,
19555269,14.22,NO_DATA,,0,0,,
337541696,14.05,NO_DATA,,0,0,,
17513682,14.07,DOWNLOAD_ERROR,,0,0,TARS,Error in reading Data product /home/runner/.cache/lightkurve/mastDownload/HLSP/hlsp_tars_tess_ffi_s0043-0000000017513682_tess/hlsp_tars_tess_ffi_s0043-0000000017513682_tess_v01_lc.fits of type generic
244568906,14.18,NO_DATA,,0,0,,
1009423468,14.23,OK,GSFC-ELEANOR-LITE,2,2164,GSFC-ELEANOR-LITE,
418892019,14.18,OK,GSFC-ELEANOR-LITE,2,1934,GSFC-ELEANOR-LITE,
178335205,13.91,OK,GSFC-ELEANOR-LITE,1,1072,GSFC-ELEANOR-LITE,
153740109,14.02,OK,GSFC-ELEANOR-LITE,2,1934,GSFC-ELEANOR-LITE,
46032792,14.33,OK,GSFC-ELEANOR-LITE,3,3073,GSFC-ELEANOR-LITE,
214697896,14.19,NO_DATA,,0,0,,
319978272,14.05,NO_DATA,,0,0,,
232209833,14.09,OK,GSFC-ELEANOR-LITE,1,1054,GSFC-ELEANOR-LITE,
287275501,13.94,OK,GSFC-ELEANOR-LITE,7,7023,GSFC-ELEANOR-LITE,
295013818,13.89,NO_DATA,,0,0,,
1793240312,14.14,NO_DATA,,0,0,,
417961483,14.36,NO_DATA,,0,0,,
290187330,13.89,OK,GSFC-ELEANOR-LITE,3,3073,GSFC-ELEANOR-LITE,
109255031,14.26,NO_DATA,,0,0,,
58208757,14.31,NO_DATA,,0,0,,
140985237,14.25,OK,GSFC-ELEANOR-LITE,2,1966,GSFC-ELEANOR-LITE,
317362351,14.58,OK,GSFC-ELEANOR-LITE,1,1081,GSFC-ELEANOR-LITE,
343785964,14.46,OK,GSFC-ELEANOR-LITE,2,2164,GSFC-ELEANOR-LITE,
308497744,14.67,NO_DATA,,0,0,,
349375806,14.45,OK,GSFC-ELEANOR-LITE,13,13367,GSFC-ELEANOR-LITE,
82487025,14.64,OK,GSFC-ELEANOR-LITE,1,1085,GSFC-ELEANOR-LITE,
152340357,14.7,OK,GSFC-ELEANOR-LITE,2,1934,GSFC-ELEANOR-LITE,
122488427,14.56,OK,CDIPS,1,1065,CDIPS,
447134694,14.62,OK,GSFC-ELEANOR-LITE,1,1086,GSFC-ELEANOR-LITE,
237494405,14.52,OK,GSFC-ELEANOR-LITE,1,904,GSFC-ELEANOR-LITE,
257923031,14.46,NO_DATA,,0,0,,
460093165,14.67,OK,TASOC,2,2292,TASOC,
84855904,14.67,NO_DATA,,0,0,,
468355578,14.6,NO_DATA,,0,0,,
188250298,14.5,OK,GSFC-ELEANOR-LITE,1,1101,GSFC-ELEANOR-LITE,
350555699,14.62,NO_DATA,,0,0,,
260243792,14.63,OK,GSFC-ELEANOR-LITE,11,11392,GSFC-ELEANOR-LITE,
469150324,14.53,NO_DATA,,0,0,,
233651501,14.51,NO_DATA,,0,0,,
60629675,14.6,OK,GSFC-ELEANOR-LITE,1,1134,GSFC-ELEANOR-LITE,
442578530,14.47,OK,GSFC-ELEANOR-LITE,1,1081,GSFC-ELEANOR-LITE,
258699321,14.55,NO_DATA,,0,0,,
185887063,14.68,NO_DATA,,0,0,,
197149048,14.47,NO_DATA,,0,0,,
175994588,14.48,OK,QLP,1,10821,QLP,
45659168,14.63,OK,GSFC-ELEANOR-LITE,1,1100,GSFC-ELEANOR-LITE,
136770641,14.69,NO_DATA,,0,0,,
173307237,14.41,OK,GSFC-ELEANOR-LITE,1,1086,GSFC-ELEANOR-LITE,
258127428,14.37,NO_DATA,,0,0,,
378115509,14.61,OK,GSFC-ELEANOR-LITE,2,2188,GSFC-ELEANOR-LITE,
157556232,14.88,OK,TASOC,2,2292,TASOC,
318520774,14.73,OK,QLP,3,29303,QLP,
391729889,14.79,OK,GSFC-ELEANOR-LITE,2,2188,GSFC-ELEANOR-LITE,
388672776,14.81,OK,GSFC-ELEANOR-LITE,1,960,GSFC-ELEANOR-LITE,
298953972,14.99,NO_DATA,,0,0,,
335389036,14.91,NO_DATA,,0,0,,
302815021,14.92,NO_DATA,,0,0,,
153039810,14.85,OK,GSFC-ELEANOR-LITE,2,1934,GSFC-ELEANOR-LITE,
221088464,14.8,OK,GSFC-ELEANOR-LITE,1,1086,GSFC-ELEANOR-LITE,
96417865,14.95,OK,GSFC-ELEANOR-LITE,1,1070,GSFC-ELEANOR-LITE,
342929422,14.84,NO_DATA,,0,0,,
300345044,15.27,PROCESSING_ERROR,,0,0,TASOC,"cannot reshape array of size 0 into shape (0,newaxis)"
48638236,14.85,NO_DATA,,0,0,,
75204054,14.94,OK,GSFC-ELEANOR-LITE,2,1966,GSFC-ELEANOR-LITE,
87455883,14.9,PROCESSING_ERROR,,0,0,TASOC,"cannot reshape array of size 0 into shape (0,newaxis)"
72379538,14.95,NO_DATA,,0,0,,
457548550,14.92,OK,GSFC-ELEANOR-LITE,1,1081,GSFC-ELEANOR-LITE,
230129428,14.78,OK,TASOC,4,4766,TASOC,
91698017,14.76,OK,GSFC-ELEANOR-LITE,1,904,GSFC-ELEANOR-LITE,
54085871,14.8,DOWNLOAD_ERROR,,0,0,TARS,Error in reading Data product /home/runner/.cache/lightkurve/mastDownload/HLSP/hlsp_tars_tess_ffi_s0043-0000000054085871_tess/hlsp_tars_tess_ffi_s0043-0000000054085871_tess_v01_lc.fits of type generic
1788750410,14.78,NO_DATA,,0,0,,
44606931,14.98,OK,GSFC-ELEANOR-LITE,1,1047,GSFC-ELEANOR-LITE,
89674860,14.8,NO_DATA,,0,0,,
317628412,14.99,NO_DATA,,0,0,,
337005567,14.99,NO_DATA,,0,0,,
329764805,14.94,NO_DATA,,0,0,,
259070465,14.84,OK,GSFC-ELEANOR-LITE,1,1072,GSFC-ELEANOR-LITE,
169863685,14.88,OK,GSFC-ELEANOR-LITE,1,1086,GSFC-ELEANOR-LITE,
377560543,14.79,NO_DATA,,0,0,,
23052454,14.92,NO_DATA,,0,0,,
446758441,12.31,OK,GSFC-ELEANOR-LITE,2,2211,GSFC-ELEANOR-LITE,
373896170,11.15,OK,SPOC,1,19475,SPOC,
273212554,6.6,OK,TESS-SPOC,1,11271,TESS-SPOC,
78955414,14.5,OK,GSFC-ELEANOR-LITE,2,1975,GSFC-ELEANOR-LITE,
313695609,12.84,OK,QLP,6,32771,QLP,
264285714,12.01,OK,GSFC-ELEANOR-LITE,1,1029,GSFC-ELEANOR-LITE,
220369319,6.56,OK,TESS-SPOC,1,8322,TESS-SPOC,
411832139,10.39,OK,TESS-SPOC,1,8267,TESS-SPOC,
42126446,12.44,OK,GSFC-ELEANOR-LITE,1,1086,GSFC-ELEANOR-LITE,
43794100,12.05,OK,QLP,5,29565,QLP,
86952468,11.46,OK,QLP,5,30166,QLP,
394643965,12.51,OK,QLP,4,29398,QLP,
378275399,12.61,OK,QLP,8,41598,QLP,
341241815,9.19,OK,TESS-SPOC,2,18483,TESS-SPOC,
59614163,11.48,OK,GSFC-ELEANOR-LITE,1,904,GSFC-ELEANOR-LITE,
96990524,13.03,OK,GSFC-ELEANOR-LITE,2,1975,GSFC-ELEANOR-LITE,
469460629,12.49,OK,QLP,13,96247,QLP,
258290731,10.19,OK,TESS-SPOC,2,15266,TESS-SPOC,
402844955,12.18,OK,GSFC-ELEANOR-LITE,1,1086,GSFC-ELEANOR-LITE,
376892767,13.01,OK,QLP,9,61565,QLP,
183529610,11.84,OK,TESS-SPOC,3,13154,TESS-SPOC,
356014887,10.51,OK,TESS-SPOC,18,166504,TESS-SPOC,
203037212,12.5,OK,QLP,3,23343,QLP,
224605539,12.87,OK,QLP,41,237236,QLP,
229491500,12.11,OK,TESS-SPOC,23,47563,TESS-SPOC,
273184322,13.01,OK,QLP,2,13648,QLP,
230270804,11.47,OK,TESS-SPOC,4,14521,TESS-SPOC,
251918175,10.07,OK,TESS-SPOC,1,8692,TESS-SPOC,
373874606,11.8,OK,TESS-SPOC,1,920,TESS-SPOC,
446831146,11.32,OK,GSFC-ELEANOR-LITE,2,2211,GSFC-ELEANOR-LITE,
349478442,12.65,OK,GSFC-ELEANOR-LITE,12,12263,GSFC-ELEANOR-LITE,
318907244,12.41,OK,GSFC-ELEANOR-LITE,1,1072,GSFC-ELEANOR-LITE,
40574102,10.17,OK,TESS-SPOC,1,8198,TESS-SPOC,
367249464,12.37,OK,QLP,5,35866,QLP,
450676233,13.26,OK,GSFC-ELEANOR-LITE,1,1107,GSFC-ELEANOR-LITE,
40527755,13.55,NO_DATA,,0,0,,
114872594,13.3,OK,QLP,5,33155,QLP,
467855166,13.05,OK,GSFC-ELEANOR-LITE,2,2188,GSFC-ELEANOR-LITE,
156872607,13.27,OK,GSFC-ELEANOR-LITE,1,1032,GSFC-ELEANOR-LITE,
188733919,13.32,OK,QLP,7,53055,QLP,
165591122,13.47,OK,GSFC-ELEANOR-LITE,1,1081,GSFC-ELEANOR-LITE,
80717380,13.18,OK,QLP,6,50872,QLP,
287689712,13.23,OK,QLP,4,19525,QLP,
246576538,13.8,OK,GSFC-ELEANOR-LITE,1,1148,GSFC-ELEANOR-LITE,
377549773,13.48,OK,QLP,3,17384,QLP,
441280695,13.66,NO_DATA,,0,0,,
314512094,13.55,NO_DATA,,0,0,,
65441426,13.13,OK,QLP,2,11839,QLP,
388838938,13.4,OK,QLP,1,3763,QLP,
341472313,13.17,OK,GSFC-ELEANOR-LITE,1,1086,GSFC-ELEANOR-LITE,
334491717,13.55,NO_DATA,,0,0,,
186375320,13.05,OK,GSFC-ELEANOR-LITE,1,862,GSFC-ELEANOR-LITE,
458522250,13.56,NO_DATA,,0,0,,
367322664,13.15,OK,QLP,5,35855,QLP,
239736020,13.66,NO_DATA,,0,0,,
342589445,13.86,OK,GSFC-ELEANOR-LITE,2,2167,GSFC-ELEANOR-LITE,
213603762,13.57,NO_DATA,,0,0,,
162806710,13.59,OK,GSFC-ELEANOR-LITE,1,1086,GSFC-ELEANOR-LITE,
348772306,13.64,OK,TESS-SPOC,9,39305,TESS-SPOC,
242928559,13.86,NO_DATA,,0,0,,
48181937,13.86,OK,GSFC-ELEANOR-LITE,1,965,GSFC-ELEANOR-LITE,
229872331,13.82,NO_DATA,,0,0,,
94287862,13.75,NO_DATA,,0,0,,
405269530,13.3,OK,QLP,4,27248,QLP,
307424954,14.2,OK,GSFC-ELEANOR-LITE,1,962,GSFC-ELEANOR-LITE,
285475473,13.91,OK,GSFC-ELEANOR-LITE,1,1086,GSFC-ELEANOR-LITE,
290218819,14.07,OK,GSFC-ELEANOR-LITE,2,2263,GSFC-ELEANOR-LITE,
230462997,14.04,OK,GSFC-ELEANOR-LITE,1,1054,GSFC-ELEANOR-LITE,
377757067,14.23,OK,GSFC-ELEANOR-LITE,1,1048,GSFC-ELEANOR-LITE,
330423835,14.17,OK,GSFC-ELEANOR-LITE,1,1081,GSFC-ELEANOR-LITE,
120182002,13.92,OK,TASOC,4,4316,TASOC,
42609767,14.32,OK,GSFC-ELEANOR-LITE,1,1086,GSFC-ELEANOR-LITE,
124468834,14.09,NO_DATA,,0,0,,
390295113,14.27,OK,GSFC-ELEANOR-LITE,2,2188,GSFC-ELEANOR-LITE,
19574170,14.02,OK,GSFC-ELEANOR-LITE,1,1072,GSFC-ELEANOR-LITE,
337533001,14.03,OK,GSFC-ELEANOR-LITE,1,1049,GSFC-ELEANOR-LITE,
17547601,14.06,OK,GSFC-ELEANOR-LITE,1,862,GSFC-ELEANOR-LITE,
244560838,14.13,OK,TASOC,2,1988,TASOC,
1007466710,14.06,OK,GSFC-ELEANOR-LITE,1,1081,GSFC-ELEANOR-LITE,
418883704,14.01,OK,GSFC-ELEANOR-LITE,2,2167,GSFC-ELEANOR-LITE,
178370480,13.95,OK,GSFC-ELEANOR-LITE,1,1072,GSFC-ELEANOR-LITE,
153805943,14.34,OK,GSFC-ELEANOR-LITE,1,1032,GSFC-ELEANOR-LITE,
46031738,14.08,OK,GSFC-ELEANOR-LITE,3,3073,GSFC-ELEANOR-LITE,
214681795,14.19,OK,GSFC-ELEANOR-LITE,1,1086,GSFC-ELEANOR-LITE,
319980786,14.05,NO_DATA,,0,0,,
232226650,14.33,OK,GSFC-ELEANOR-LITE,1,904,GSFC-ELEANOR-LITE,
287268185,14.36,NO_DATA,,0,0,,
294976780,13.92,OK,GSFC-ELEANOR-LITE,2,2211,GSFC-ELEANOR-LITE,
1791450002,14.19,NO_DATA,,0,0,,
417951912,14.07,PROCESSING_ERROR,,0,0,TASOC,"cannot reshape array of size 0 into shape (0,newaxis)"
290094804,14.17,NO_DATA,,0,0,,
109311500,14.01,OK,GSFC-ELEANOR-LITE,1,1072,GSFC-ELEANOR-LITE,
58173996,14.29,NO_DATA,,0,0,,
140980258,14.14,OK,GSFC-ELEANOR-LITE,2,1966,GSFC-ELEANOR-LITE,
317270338,14.43,NO_DATA,,0,0,,
343717897,14.68,OK,GSFC-ELEANOR-LITE,2,2263,GSFC-ELEANOR-LITE,
308451519,14.45,OK,GSFC-ELEANOR-LITE,8,8375,GSFC-ELEANOR-LITE,
349369586,14.68,OK,GSFC-ELEANOR-LITE,13,13367,GSFC-ELEANOR-LITE,
82385412,14.47,OK,GSFC-ELEANOR-LITE,1,1086,GSFC-ELEANOR-LITE,
152148197,14.53,OK,GSFC-ELEANOR-LITE,1,1087,GSFC-ELEANOR-LITE,
122424887,14.39,OK,GSFC-ELEANOR-LITE,1,1048,GSFC-ELEANOR-LITE,
447094407,14.52,NO_DATA,,0,0,,
78820139,14.69,OK,GSFC-ELEANOR-LITE,2,1975,GSFC-ELEANOR-LITE,
237302182,14.58,OK,TASOC,2,2292,TASOC,
257824366,14.69,OK,GSFC-ELEANOR-LITE,1,1082,GSFC-ELEANOR-LITE,
460091073,14.58,OK,TASOC,2,2292,TASOC,
84828355,14.37,DOWNLOAD_ERROR,,0,0,TARS,Error in reading Data product /home/runner/.cache/lightkurve/mastDownload/HLSP/hlsp_tars_tess_ffi_s0026-0000000084828355_tess/hlsp_tars_tess_ffi_s0026-0000000084828355_tess_v01_lc.fits of type generic
468348424,14.39,NO_DATA,,0,0,,
188104899,14.53,NO_DATA,,0,0,,
350528399,14.59,NO_DATA,,0,0,,
260171965,14.37,NO_DATA,,0,0,,
469157386,14.46,OK,GSFC-ELEANOR-LITE,2,2211,GSFC-ELEANOR-LITE,
233623810,14.57,NO_DATA,,0,0,,
60530171,14.4,OK,GSFC-ELEANOR-LITE,1,1134,GSFC-ELEANOR-LITE,
442558088,14.49,OK,GSFC-ELEANOR-LITE,2,2211,GSFC-ELEANOR-LITE,
258588484,14.62,OK,GSFC-ELEANOR-LITE,1,1081,GSFC-ELEANOR-LITE,
185815607,14.7,NO_DATA,,0,0,,
197049711,14.55,OK,GSFC-ELEANOR-LITE,1,1134,GSFC-ELEANOR-LITE,
175880097,14.53,NO_DATA,,0,0,,
45647745,14.44,NO_DATA,,0,0,,
136745242,14.62,NO_DATA,,0,0,,
173130991,14.43,NO_DATA,,0,0,,
258075937,14.45,NO_DATA,,0,0,,
378066037,14.68,NO_DATA,,0,0,,
157652801,14.97,OK,QLP,6,40972,QLP,
318465653,14.77,OK,GSFC-ELEANOR-LITE,1,1081,GSFC-ELEANOR-LITE,
391682122,14.91,NO_DATA,,0,0,,
388576061,14.82,OK,GSFC-ELEANOR-LITE,1,862,GSFC-ELEANOR-LITE,
298866749,14.74,OK,GSFC-ELEANOR-LITE,1,1082,GSFC-ELEANOR-LITE,
335334376,14.87,OK,GSFC-ELEANOR-LITE,2,2164,GSFC-ELEANOR-LITE,
302671911,14.79,OK,GSFC-ELEANOR-LITE,1,904,GSFC-ELEANOR-LITE,
153209693,14.75,OK,GSFC-ELEANOR-LITE,1,903,GSFC-ELEANOR-LITE,
221066121,14.89,OK,GSFC-ELEANOR-LITE,1,1086,GSFC-ELEANOR-LITE,
96550778,14.9,OK,GSFC-ELEANOR-LITE,1,1070,GSFC-ELEANOR-LITE,
342884699,14.82,OK,GSFC-ELEANOR-LITE,3,3073,GSFC-ELEANOR-LITE,
300257824,14.83,NO_DATA,,0,0,,
48697890,14.97,NO_DATA,,0,0,,
75316739,14.78,OK,GSFC-ELEANOR-LITE,2,1966,GSFC-ELEANOR-LITE,
87529888,14.75,DOWNLOAD_ERROR,,0,0,TARS,Error in reading Data product /home/runner/.cache/lightkurve/mastDownload/HLSP/hlsp_tars_tess_ffi_s0019-0000000087529888_tess/hlsp_tars_tess_ffi_s0019-0000000087529888_tess_v01_lc.fits of type generic
72534438,14.91,NO_DATA,,0,0,,
457537633,14.93,OK,GSFC-ELEANOR-LITE,2,2211,GSFC-ELEANOR-LITE,
230116482,14.93,OK,SPOC,11,151037,SPOC,
91806520,14.83,NO_DATA,,0,0,,
54198577,14.73,OK,GSFC-ELEANOR-LITE,1,1101,GSFC-ELEANOR-LITE,
1788132513,14.91,OK,QLP,1,5890,QLP,
44674624,14.76,NO_DATA,,0,0,,
89720251,14.93,OK,GSFC-ELEANOR-LITE,1,1081,GSFC-ELEANOR-LITE,
317560289,14.77,NO_DATA,,0,0,,
336963834,14.91,OK,GSFC-ELEANOR-LITE,1,1054,GSFC-ELEANOR-LITE,
329654118,14.75,OK,GSFC-ELEANOR-LITE,1,1081,GSFC-ELEANOR-LITE,
259046291,14.87,OK,GSFC-ELEANOR-LITE,1,1148,GSFC-ELEANOR-LITE,
169941700,15.03,NO_DATA,,0,0,,
377549706,14.77,NO_DATA,,0,0,,
23078130,14.94,NO_DATA,,0,0,,
313684677,12.52,OK,GSFC-ELEANOR-LITE,1,1081,GSFC-ELEANOR-LITE,
264284233,12.45,OK,GSFC-ELEANOR-LITE,1,1029,GSFC-ELEANOR-LITE,
220360060,11.55,OK,GSFC-ELEANOR-LITE,2,2211,GSFC-ELEANOR-LITE,
411838663,10.01,OK,TESS-SPOC,2,9789,TESS-SPOC,
42116394,12.79,OK,QLP,8,46879,QLP,
43793734,12.52,OK,TESS-SPOC,1,1915,TESS-SPOC,
86951578,12.52,OK,QLP,5,30166,QLP,
394651350,12.42,OK,QLP,4,29426,QLP,
378275608,12.26,OK,QLP,7,42861,QLP,
341230185,12.0,OK,GSFC-ELEANOR-LITE,1,1177,GSFC-ELEANOR-LITE,
59603820,12.37,OK,GSFC-ELEANOR-LITE,1,862,GSFC-ELEANOR-LITE,
96989477,12.96,OK,GSFC-ELEANOR-LITE,2,1975,GSFC-ELEANOR-LITE,
469460644,12.15,OK,QLP,13,96248,QLP,
258288716,12.32,OK,QLP,3,19483,QLP,
402845090,12.85,OK,GSFC-ELEANOR-LITE,1,1086,GSFC-ELEANOR-LITE,
376891274,8.53,OK,TESS-SPOC,9,60848,TESS-SPOC,
183517141,12.9,OK,QLP,6,50879,QLP,
356010345,10.36,OK,SPOC,1,7257,SPOC,
203001329,11.81,OK,QLP,7,43068,QLP,
224604037,12.14,OK,TESS-SPOC,22,106978,TESS-SPOC,
229490432,12.9,OK,SPOC,11,175597,SPOC,
273176507,12.74,OK,QLP,8,62141,QLP,
230270644,10.27,OK,TESS-SPOC,1,6433,TESS-SPOC,
251916228,8.01,OK,TESS-SPOC,1,8814,TESS-SPOC,
373866608,12.42,OK,QLP,5,23445,QLP,
446838667,12.05,OK,GSFC-ELEANOR-LITE,2,2211,GSFC-ELEANOR-LITE,
349478366,12.34,OK,TESS-SPOC,19,39691,TESS-SPOC,
40572264,11.34,OK,QLP,5,23651,QLP,
367244009,12.84,OK,QLP,13,82024,QLP,
450676078,13.74,OK,GSFC-ELEANOR-LITE,1,1107,GSFC-ELEANOR-LITE,
40523931,13.11,OK,GSFC-ELEANOR-LITE,13,13367,GSFC-ELEANOR-LITE,
114871538,13.84,NO_DATA,,0,0,,
467854305,13.82,OK,GSFC-ELEANOR-LITE,2,2188,GSFC-ELEANOR-LITE,
156822476,13.1,OK,QLP,3,18305,QLP,
188732488,13.6,PROCESSING_ERROR,,0,0,TASOC,"cannot reshape array of size 0 into shape (0,newaxis)"
165561672,13.78,OK,GSFC-ELEANOR-LITE,1,1087,GSFC-ELEANOR-LITE,
80717055,13.63,NO_DATA,,0,0,,
287688285,13.72,OK,TASOC,2,1850,TASOC,
246577389,13.53,OK,GSFC-ELEANOR-LITE,1,1148,GSFC-ELEANOR-LITE,
377549840,13.63,NO_DATA,,0,0,,
441279823,13.53,OK,GSFC-ELEANOR-LITE,1,1177,GSFC-ELEANOR-LITE,
314508595,13.74,NO_DATA,,0,0,,
65414913,13.88,OK,GSFC-ELEANOR-LITE,1,963,GSFC-ELEANOR-LITE,
388850822,13.69,OK,GSFC-ELEANOR-LITE,1,904,GSFC-ELEANOR-LITE,
341471303,13.43,OK,GSFC-ELEANOR-LITE,1,1086,GSFC-ELEANOR-LITE,
334485117,13.2,OK,QLP,7,39160,QLP,
186367121,13.4,OK,GSFC-ELEANOR-LITE,1,862,GSFC-ELEANOR-LITE,
458522894,13.24,OK,QLP,4,20891,QLP,
367324401,13.08,OK,QLP,4,32662,QLP,
239734553,13.65,NO_DATA,,0,0,,
342587501,13.43,OK,GSFC-ELEANOR-LITE,2,2167,GSFC-ELEANOR-LITE,
213599947,13.43,OK,QLP,2,12381,QLP,
162801808,13.5,OK,GSFC-ELEANOR-LITE,1,1087,GSFC-ELEANOR-LITE,
348777567,13.64,OK,GSFC-ELEANOR-LITE,1,862,GSFC-ELEANOR-LITE,
242931087,13.56,NO_DATA,,0,0,,
48178046,13.31,OK,GSFC-ELEANOR-LITE,2,1975,GSFC-ELEANOR-LITE,
229872165,13.72,DOWNLOAD_ERROR,,0,0,TARS,Error in reading Data product /home/runner/.cache/lightkurve/mastDownload/HLSP/hlsp_tars_tess_ffi_s0024-0000000229872165_tess/hlsp_tars_tess_ffi_s0024-0000000229872165_tess_v01_lc.fits of type generic
94261674,13.14,OK,GSFC-ELEANOR-LITE,1,1072,GSFC-ELEANOR-LITE,
405269672,13.69,NO_DATA,,0,0,,
307439186,14.34,OK,GSFC-ELEANOR-LITE,7,7392,GSFC-ELEANOR-LITE,
285466738,13.99,DOWNLOAD_ERROR,,0,0,TARS,Error in reading Data product /home/runner/.cache/lightkurve/mastDownload/HLSP/hlsp_tars_tess_ffi_s0018-0000000285466738_tess/hlsp_tars_tess_ffi_s0018-0000000285466738_tess_v01_lc.fits of type generic
290226258,14.18,NO_DATA,,0,0,,
230458415,13.89,OK,GSFC-ELEANOR-LITE,1,1054,GSFC-ELEANOR-LITE,
377762226,13.89,OK,GSFC-ELEANOR-LITE,2,2188,GSFC-ELEANOR-LITE,
330432966,14.07,OK,GSFC-ELEANOR-LITE,1,1081,GSFC-ELEANOR-LITE,
120181167,14.03,OK,TASOC,2,2292,TASOC,
42613466,13.94,OK,GSFC-ELEANOR-LITE,1,1086,GSFC-ELEANOR-LITE,
124468419,14.15,NO_DATA,,0,0,,
390306120,14.31,OK,GSFC-ELEANOR-LITE,1,1177,GSFC-ELEANOR-LITE,
19574173,14.09,OK,GSFC-ELEANOR-LITE,1,1072,GSFC-ELEANOR-LITE,
337552331,14.25,OK,GSFC-ELEANOR-LITE,1,1177,GSFC-ELEANOR-LITE,
17545082,14.25,OK,GSFC-ELEANOR-LITE,1,862,GSFC-ELEANOR-LITE,
244569104,14.14,NO_DATA,,0,0,,
1007259218,14.09,OK,GSFC-ELEANOR-LITE,2,2167,GSFC-ELEANOR-LITE,
418890162,14.06,OK,GSFC-ELEANOR-LITE,2,1934,GSFC-ELEANOR-LITE,
178370469,13.95,OK,GSFC-ELEANOR-LITE,1,1072,GSFC-ELEANOR-LITE,
153806000,14.07,OK,GSFC-ELEANOR-LITE,1,1032,GSFC-ELEANOR-LITE,
46032460,14.36,OK,GSFC-ELEANOR-LITE,3,3073,GSFC-ELEANOR-LITE,
214672965,14.15,OK,GSFC-ELEANOR-LITE,1,1086,GSFC-ELEANOR-LITE,
319988008,14.3,OK,GSFC-ELEANOR-LITE,1,1081,GSFC-ELEANOR-LITE,
232254252,14.32,OK,GSFC-ELEANOR-LITE,1,904,GSFC-ELEANOR-LITE,
287267790,13.99,NO_DATA,,0,0,,
295009239,14.17,OK,GSFC-ELEANOR-LITE,1,1082,GSFC-ELEANOR-LITE,
1791463964,14.25,NO_DATA,,0,0,,
417952273,14.3,NO_DATA,,0,0,,
290114000,14.12,OK,GSFC-ELEANOR-LITE,1,1077,GSFC-ELEANOR-LITE,
109311492,14.19,OK,GSFC-ELEANOR-LITE,1,1072,GSFC-ELEANOR-LITE,
58176616,14.34,NO_DATA,,0,0,,
140980248,13.96,OK,GSFC-ELEANOR-LITE,2,1966,GSFC-ELEANOR-LITE,
317279462,14.5,OK,GSFC-ELEANOR-LITE,1,903,GSFC-ELEANOR-LITE,
343729139,14.57,NO_DATA,,0,0,,
308453322,14.54,OK,GSFC-ELEANOR-LITE,10,10489,GSFC-ELEANOR-LITE,
349369591,14.44,OK,GSFC-ELEANOR-LITE,13,13367,GSFC-ELEANOR-LITE,
82384987,14.54,OK,GSFC-ELEANOR-LITE,1,1086,GSFC-ELEANOR-LITE,
152134467,14.62,OK,GSFC-ELEANOR-LITE,1,1032,GSFC-ELEANOR-LITE,
122422460,14.62,OK,GSFC-ELEANOR-LITE,1,1048,GSFC-ELEANOR-LITE,
447079656,14.64,NO_DATA,,0,0,,
78817261,14.47,OK,GSFC-ELEANOR-LITE,2,1975,GSFC-ELEANOR-LITE,
237303011,14.44,NO_DATA,,0,0,,
257832799,14.62,OK,GSFC-ELEANOR-LITE,1,1082,GSFC-ELEANOR-LITE,
460090817,14.42,NO_DATA,,0,0,,
84828189,14.5,NO_DATA,,0,0,,
468346559,14.43,DOWNLOAD_ERROR,,0,0,TARS,Error in reading Data product /home/runner/.cache/lightkurve/mastDownload/HLSP/hlsp_tars_tess_ffi_s0042-0000000468346559_tess/hlsp_tars_tess_ffi_s0042-0000000468346559_tess_v01_lc.fits of type generic
188107399,14.42,PROCESSING_ERROR,,0,0,TASOC,"cannot reshape array of size 0 into shape (0,newaxis)"
350534017,14.64,NO_DATA,,0,0,,
260172067,14.69,NO_DATA,,0,0,,
469159710,14.54,OK,GSFC-ELEANOR-LITE,2,2211,GSFC-ELEANOR-LITE,
233624081,14.46,NO_DATA,,0,0,,
60516222,14.49,NO_DATA,,0,0,,
442551080,14.57,OK,GSFC-ELEANOR-LITE,2,2211,GSFC-ELEANOR-LITE,
258598160,14.61,DOWNLOAD_ERROR,,0,0,TARS,Error in reading Data product /home/runner/.cache/lightkurve/mastDownload/HLSP/hlsp_tars_tess_ffi_s0015-0000000283687226_tess/hlsp_tars_tess_ffi_s0015-0000000283687226_tess_v01_lc.fits of type generic
185813790,14.47,OK,CDIPS,1,3233,CDIPS,
197057376,14.67,OK,GSFC-ELEANOR-LITE,1,1134,GSFC-ELEANOR-LITE,
175867724,14.48,NO_DATA,,0,0,,
45647119,14.61,PROCESSING_ERROR,,0,0,CDIPS,The unit 'day' is unrecognized.  It can not be converted to other units.
136741983,14.5,NO_DATA,,0,0,,
173104185,14.71,OK,GSFC-ELEANOR-LITE,1,1100,GSFC-ELEANOR-LITE,
258081185,14.67,NO_DATA,,0,0,,
378067514,14.42,NO_DATA,,0,0,,
157654826,14.94,OK,GSFC-ELEANOR-LITE,1,1072,GSFC-ELEANOR-LITE,
318471491,14.97,NO_DATA,,0,0,,
391692255,14.83,NO_DATA,,0,0,,
388582382,14.87,NO_DATA,,0,0,,
298866281,14.79,NO_DATA,,0,0,,
335338998,14.94,OK,GSFC-ELEANOR-LITE,2,2164,GSFC-ELEANOR-LITE,
302681629,14.76,OK,GSFC-ELEANOR-LITE,1,904,GSFC-ELEANOR-LITE,
153213637,14.73,NO_DATA,,0,0,,
221066136,14.9,OK,GSFC-ELEANOR-LITE,1,1086,GSFC-ELEANOR-LITE,
96596618,14.8,NO_DATA,,0,0,,
342884786,14.77,OK,GSFC-ELEANOR-LITE,3,3073,GSFC-ELEANOR-LITE,
300255651,14.95,NO_DATA,,0,0,,
48696740,14.75,NO_DATA,,0,0,,
75316764,14.81,OK,GSFC-ELEANOR-LITE,2,1966,GSFC-ELEANOR-LITE,
87538041,14.98,OK,GSFC-ELEANOR-LITE,1,1177,GSFC-ELEANOR-LITE,
72535630,14.88,NO_DATA,,0,0,,
457548527,14.79,OK,GSFC-ELEANOR-LITE,1,1081,GSFC-ELEANOR-LITE,
230116635,14.78,NO_DATA,,0,0,,
91811402,14.82,NO_DATA,,0,0,,
54212475,14.82,NO_DATA,,0,0,,
1788066610,14.96,NO_DATA,,0,0,,
44664792,14.8,OK,GSFC-ELEANOR-LITE,1,1086,GSFC-ELEANOR-LITE,
89740326,14.98,OK,GSFC-ELEANOR-LITE,1,1177,GSFC-ELEANOR-LITE,
317562411,14.74,NO_DATA,,0,0,,
336967285,14.8,OK,GSFC-ELEANOR-LITE,1,1054,GSFC-ELEANOR-LITE,
329660178,14.96,OK,GSFC-ELEANOR-LITE,1,1081,GSFC-ELEANOR-LITE,
259051095,14.82,NO_DATA,,0,0,,
169949222,14.87,OK,GSFC-ELEANOR-LITE,1,1086,GSFC-ELEANOR-LITE,
377549907,14.75,NO_DATA,,0,0,,
23065336,14.83,OK,TASOC,2,2292,TASOC,
313675938,9.97,OK,TESS-SPOC,1,11122,TESS-SPOC,
264283659,11.37,OK,GSFC-ELEANOR-LITE,1,1029,GSFC-ELEANOR-LITE,
220344708,11.65,OK,TESS-SPOC,3,12601,TESS-SPOC,
411840468,11.17,OK,TESS-SPOC,1,987,TESS-SPOC,
42112557,12.32,OK,QLP,8,46880,QLP,
43792602,12.91,OK,QLP,5,29563,QLP,
86945301,12.95,OK,QLP,8,56958,QLP,
394654926,11.04,OK,TESS-SPOC,12,51917,TESS-SPOC,
378275623,8.26,OK,TESS-SPOC,3,29956,TESS-SPOC,
341215824,12.15,OK,GSFC-ELEANOR-LITE,1,1086,GSFC-ELEANOR-LITE,
59586569,10.99,OK,GSFC-ELEANOR-LITE,1,1075,GSFC-ELEANOR-LITE,
96987581,12.78,OK,GSFC-ELEANOR-LITE,1,1072,GSFC-ELEANOR-LITE,
469458644,12.93,OK,QLP,12,95093,QLP,
258286931,11.65,OK,QLP,9,50426,QLP,
402845963,9.34,OK,TESS-SPOC,10,61781,TESS-SPOC,
376905285,10.68,OK,GSFC-ELEANOR-LITE,1,1107,GSFC-ELEANOR-LITE,
183516883,12.7,OK,QLP,6,50880,QLP,
356009858,12.89,OK,TESS-SPOC,2,2511,TESS-SPOC,
202953335,11.41,OK,QLP,2,11652,QLP,
224598113,11.95,OK,TESS-SPOC,34,174967,TESS-SPOC,
229488142,12.91,OK,SPOC,10,146769,SPOC,
273173952,11.52,OK,QLP,7,50517,QLP,
230267827,12.23,OK,TESS-SPOC,3,6056,TESS-SPOC,
251914859,12.94,OK,QLP,2,13399,QLP,
373853398,11.89,OK,QLP,5,23446,QLP,
446838709,12.09,OK,GSFC-ELEANOR-LITE,2,2211,GSFC-ELEANOR-LITE,
349478343,12.79,OK,GSFC-ELEANOR-LITE,12,12263,GSFC-ELEANOR-LITE,
318873885,12.32,OK,QLP,1,10943,QLP,
40569296,12.38,OK,QLP,5,23646,QLP,
367243050,12.77,OK,QLP,11,70581,QLP,
450674528,13.85,OK,GSFC-ELEANOR-LITE,1,1107,GSFC-ELEANOR-LITE,
40494125,13.35,OK,GSFC-ELEANOR-LITE,1,1046,GSFC-ELEANOR-LITE,
114869972,13.49,OK,QLP,5,33156,QLP,
467856038,13.11,OK,GSFC-ELEANOR-LITE,2,2188,GSFC-ELEANOR-LITE,
156820690,13.44,OK,QLP,3,18277,QLP,
188729476,13.51,OK,TASOC,2,2292,TASOC,
165561584,13.58,OK,GSFC-ELEANOR-LITE,1,1087,GSFC-ELEANOR-LITE,
80716959,13.04,OK,QLP,6,50880,QLP,
287683795,13.87,NO_DATA,,0,0,,
246605935,13.64,OK,GSFC-ELEANOR-LITE,1,1148,GSFC-ELEANOR-LITE,
377549865,13.44,OK,QLP,3,17398,QLP,
441263248,13.29,OK,SPOC,1,17222,SPOC,
314506661,13.72,NO_DATA,,0,0,,
65409906,13.64,OK,GSFC-ELEANOR-LITE,1,1072,GSFC-ELEANOR-LITE,
388856898,13.08,OK,GSFC-ELEANOR-LITE,2,2167,GSFC-ELEANOR-LITE,
341471277,13.11,OK,GSFC-ELEANOR-LITE,1,1086,GSFC-ELEANOR-LITE,
334479254,13.37,OK,GSFC-ELEANOR-LITE,1,1072,GSFC-ELEANOR-LITE,
186326477,13.22,OK,GSFC-ELEANOR-LITE,1,1081,GSFC-ELEANOR-LITE,
458522923,13.49,OK,QLP,4,20900,QLP,
367333339,13.46,OK,QLP,7,29419,QLP,
239732081,13.52,NO_DATA,,0,0,,
342586820,13.17,OK,GSFC-ELEANOR-LITE,2,2167,GSFC-ELEANOR-LITE,
213598977,13.41,OK,QLP,2,13374,QLP,
162783151,13.72,OK,TASOC,2,1712,TASOC,
348782424,13.5,OK,GSFC-ELEANOR-LITE,1,862,GSFC-ELEANOR-LITE,
242931091,13.72,NO_DATA,,0,0,,
48177393,13.29,OK,GSFC-ELEANOR-LITE,2,1975,GSFC-ELEANOR-LITE,
229870733,13.86,NO_DATA,,0,0,,
94245618,13.28,OK,GSFC-ELEANOR-LITE,1,1085,GSFC-ELEANOR-LITE,
405270879,13.12,OK,TESS-SPOC,2,4950,TESS-SPOC,
307441067,14.18,OK,GSFC-ELEANOR-LITE,7,7392,GSFC-ELEANOR-LITE,
285466500,14.27,NO_DATA,,0,0,,
290228507,14.16,NO_DATA,,0,0,,
230458181,14.13,OK,GSFC-ELEANOR-LITE,1,1054,GSFC-ELEANOR-LITE,
377763431,14.2,OK,GSFC-ELEANOR-LITE,2,2188,GSFC-ELEANOR-LITE,
330481763,14.22,NO_DATA,,0,0,,
120180343,14.08,OK,TASOC,4,3908,TASOC,
42602663,14.2,NO_DATA,,0,0,,
124492711,14.18,OK,GSFC-ELEANOR-LITE,1,903,GSFC-ELEANOR-LITE,
390318491,14.14,OK,GSFC-ELEANOR-LITE,2,2165,GSFC-ELEANOR-LITE,
19575703,14.31,NO_DATA,,0,0,,
337568942,14.09,DOWNLOAD_ERROR,,0,0,TARS,Error in reading Data product /home/runner/.cache/lightkurve/mastDownload/HLSP/hlsp_tars_tess_ffi_s0043-0000000337568940_tess/hlsp_tars_tess_ffi_s0043-0000000337568940_tess_v01_lc.fits of type generic
17542666,13.91,OK,GSFC-ELEANOR-LITE,1,862,GSFC-ELEANOR-LITE,
244580565,14.04,NO_DATA,,0,0,,
1005615251,14.28,OK,GSFC-ELEANOR-LITE,2,2167,GSFC-ELEANOR-LITE,
418894975,14.33,OK,GSFC-ELEANOR-LITE,2,1934,GSFC-ELEANOR-LITE,
178370501,14.36,OK,GSFC-ELEANOR-LITE,1,1072,GSFC-ELEANOR-LITE,
153816845,14.16,OK,GSFC-ELEANOR-LITE,1,1032,GSFC-ELEANOR-LITE,
46032581,13.97,OK,GSFC-ELEANOR-LITE,3,3073,GSFC-ELEANOR-LITE,
214670557,13.91,OK,GSFC-ELEANOR-LITE,1,1086,GSFC-ELEANOR-LITE,
319999470,14.3,OK,GSFC-ELEANOR-LITE,1,1081,GSFC-ELEANOR-LITE,
232256217,14.13,OK,GSFC-ELEANOR-LITE,1,904,GSFC-ELEANOR-LITE,
287266297,14.36,NO_DATA,,0,0,,
295020818,14.31,NO_DATA,,0,0,,
1791436008,14.11,NO_DATA,,0,0,,
417954269,14.27,NO_DATA,,0,0,,
290129286,14.33,OK,GSFC-ELEANOR-LITE,1,1062,GSFC-ELEANOR-LITE,
109310416,13.91,OK,GSFC-ELEANOR-LITE,1,1072,GSFC-ELEANOR-LITE,
58189648,14.26,NO_DATA,,0,0,,
140980415,14.2,OK,GSFC-ELEANOR-LITE,2,1966,GSFC-ELEANOR-LITE,
317280656,14.59,OK,GSFC-ELEANOR-LITE,1,903,GSFC-ELEANOR-LITE,
343729153,14.47,NO_DATA,,0,0,,
308473067,14.46,OK,GSFC-ELEANOR-LITE,1,1081,GSFC-ELEANOR-LITE,
349369615,14.63,OK,GSFC-ELEANOR-LITE,13,13367,GSFC-ELEANOR-LITE,
82378781,14.5,OK,GSFC-ELEANOR-LITE,1,1085,GSFC-ELEANOR-LITE,
152126019,14.47,OK,GSFC-ELEANOR-LITE,1,1032,GSFC-ELEANOR-LITE,
122417588,14.55,OK,GSFC-ELEANOR-LITE,2,1969,GSFC-ELEANOR-LITE,
447076072,14.72,OK,GSFC-ELEANOR-LITE,1,1086,GSFC-ELEANOR-LITE,
78790524,14.66,NO_DATA,,0,0,,
237307453,14.42,OK,QLP,17,139761,QLP,
257832831,14.43,OK,GSFC-ELEANOR-LITE,1,1082,GSFC-ELEANOR-LITE,
460090684,14.46,PROCESSING_ERROR,,0,0,TASOC,"cannot reshape array of size 0 into shape (0,newaxis)"
84824460,14.42,NO_DATA,,0,0,,
468339808,14.44,NO_DATA,,0,0,,
188112180,14.51,NO_DATA,,0,0,,
350542536,14.44,NO_DATA,,0,0,,
260180415,14.68,NO_DATA,,0,0,,
469159715,14.65,OK,GSFC-ELEANOR-LITE,2,2211,GSFC-ELEANOR-LITE,
233624514,14.45,NO_DATA,,0,0,,
60511897,14.7,NO_DATA,,0,0,,
442550825,14.47,OK,GSFC-ELEANOR-LITE,2,2211,GSFC-ELEANOR-LITE,
258599240,14.62,NO_DATA,,0,0,,
185813392,14.54,NO_DATA,,0,0,,
197060203,14.48,NO_DATA,,0,0,,
175867083,14.63,NO_DATA,,0,0,,
45644927,14.68,NO_DATA,,0,0,,
136736605,14.38,NO_DATA,,0,0,,
173101463,14.54,NO_DATA,,0,0,,
258084014,14.38,NO_DATA,,0,0,,
378073763,14.72,NO_DATA,,0,0,,
157666021,14.88,NO_DATA,,0,0,,
318471983,14.74,NO_DATA,,0,0,,
391702041,14.86,NO_DATA,,0,0,,
388602174,14.87,PROCESSING_ERROR,,0,0,TASOC,"cannot reshape array of size 0 into shape (0,newaxis)"
298865667,14.84,NO_DATA,,0,0,,
335339202,14.83,OK,GSFC-ELEANOR-LITE,2,2164,GSFC-ELEANOR-LITE,
302708863,14.86,NO_DATA,,0,0,,
153227379,14.93,OK,GSFC-ELEANOR-LITE,1,1032,GSFC-ELEANOR-LITE,
221066179,14.93,OK,GSFC-ELEANOR-LITE,1,1086,GSFC-ELEANOR-LITE,
96600560,14.91,NO_DATA,,0,0,,
342885032,14.85,OK,GSFC-ELEANOR-LITE,3,3073,GSFC-ELEANOR-LITE,
300267162,14.79,OK,GSFC-ELEANOR-LITE,1,1086,GSFC-ELEANOR-LITE,
48694910,14.83,NO_DATA,,0,0,,
75316989,14.97,OK,GSFC-ELEANOR-LITE,2,1966,GSFC-ELEANOR-LITE,
87564575,14.92,NO_DATA,,0,0,,
72540196,14.85,OK,GSFC-ELEANOR-LITE,1,1101,GSFC-ELEANOR-LITE,
457555870,14.96,OK,GSFC-ELEANOR-LITE,1,1081,GSFC-ELEANOR-LITE,
230119004,14.8,PROCESSING_ERROR,,0,0,TASOC,"cannot reshape array of size 0 into shape (0,newaxis)"
91818486,14.81,NO_DATA,,0,0,,
54213498,14.82,NO_DATA,,0,0,,
1788363386,14.9,NO_DATA,,0,0,,
44660210,14.97,OK,GSFC-ELEANOR-LITE,1,1086,GSFC-ELEANOR-LITE,
89746710,14.96,NO_DATA,,0,0,,
317562992,14.94,NO_DATA,,0,0,,
336981028,14.97,NO_DATA,,0,0,,
329671077,14.92,NO_DATA,,0,0,,
259055148,14.91,NO_DATA,,0,0,,
169955693,14.85,OK,GSFC-ELEANOR-LITE,1,1086,GSFC-ELEANOR-LITE,
377551718,14.98,NO_DATA,,0,0,,
23063820,14.86,NO_DATA,,0,0,,
183218800,10.76,OK,TESS-SPOC,1,1868,TESS-SPOC,
254432896,11.8,OK,GSFC-ELEANOR-LITE,1,1077,GSFC-ELEANOR-LITE,
229703921,11.81,OK,QLP,40,232296,QLP,
42530432,13.0,OK,GSFC-ELEANOR-LITE,1,1046,GSFC-ELEANOR-LITE,
42716350,11.59,OK,QLP,7,38020,QLP,
173301921,12.66,OK,QLP,5,34358,QLP,
258107583,12.92,OK,TESS-SPOC,2,2560,TESS-SPOC,
318644254,11.67,OK,QLP,1,10639,QLP,
115207613,12.53,OK,QLP,3,30852,QLP,
298050392,13.0,OK,QLP,12,53277,QLP,
282608356,11.54,OK,GSFC-ELEANOR-LITE,1,904,GSFC-ELEANOR-LITE,
441614562,12.31,OK,QLP,8,43266,QLP,
278595725,12.47,OK,QLP,2,14633,QLP,
378579388,11.85,OK,QLP,7,33378,QLP,
373386645,12.25,OK,QLP,11,70558,QLP,
193192746,8.57,OK,SPOC,6,103454,SPOC,
376237657,11.42,OK,GSFC-ELEANOR-LITE,2,2211,GSFC-ELEANOR-LITE,
342061537,11.72,OK,QLP,5,31092,QLP,
377549741,9.89,OK,TESS-SPOC,1,7670,TESS-SPOC,
111150849,12.99,OK,TESS-SPOC,1,1544,TESS-SPOC,
411325257,12.78,OK,SPOC,1,16089,SPOC,
396801378,10.06,OK,TESS-SPOC,1,9810,TESS-SPOC,
35698082,11.34,OK,QLP,2,21894,QLP,
350890908,10.12,OK,TESS-SPOC,1,8670,TESS-SPOC,
17088363,12.75,OK,QLP,1,10828,QLP,
79352688,11.31,OK,TESS-SPOC,1,1349,TESS-SPOC,
79792004,10.38,OK,TESS-SPOC,2,19287,TESS-SPOC,
469100846,11.83,OK,QLP,4,36091,QLP,
277567918,12.89,OK,QLP,9,69156,QLP,
43262269,12.39,OK,QLP,1,10639,QLP,
169297713,12.96,OK,QLP,1,10607,QLP,
206653297,13.03,OK,TESS-SPOC,2,4211,TESS-SPOC,
90339910,12.28,OK,QLP,9,57903,QLP,
377919667,11.66,OK,QLP,5,23435,QLP,
233503704,12.71,OK,QLP,39,223630,QLP,
220043101,12.56,OK,TESS-SPOC,2,6790,TESS-SPOC,
322131999,12.77,OK,QLP,12,77263,QLP,
437003164,12.69,OK,GSFC-ELEANOR-LITE,1,1081,GSFC-ELEANOR-LITE,
427050488,11.7,OK,QLP,7,43066,QLP,
139866672,12.38,OK,GSFC-ELEANOR-LITE,2,1966,GSFC-ELEANOR-LITE,
158366867,11.82,OK,QLP,4,19667,QLP,
80188264,12.86,OK,GSFC-ELEANOR-LITE,1,1072,GSFC-ELEANOR-LITE,
254963670,12.15,OK,GSFC-ELEANOR-LITE,1,1075,GSFC-ELEANOR-LITE,
410062821,10.63,OK,TESS-SPOC,1,9535,TESS-SPOC,
58624360,12.31,OK,QLP,2,12984,QLP,
31594863,12.97,OK,QLP,1,10735,QLP,
342056023,12.43,OK,TESS-SPOC,1,1136,TESS-SPOC,
383750384,10.78,OK,TESS-SPOC,8,35700,TESS-SPOC,
235218148,11.28,OK,GSFC-ELEANOR-LITE,1,904,GSFC-ELEANOR-LITE,
27226692,12.14,OK,TESS-SPOC,2,2987,TESS-SPOC,
117588502,12.61,OK,QLP,5,23294,QLP,
222020696,12.12,OK,GSFC-ELEANOR-LITE,1,1086,GSFC-ELEANOR-LITE,
148158645,12.26,OK,GSFC-ELEANOR-LITE,1,964,GSFC-ELEANOR-LITE,
340810544,11.43,OK,QLP,3,25358,QLP,
138291605,12.22,OK,QLP,8,49687,QLP,
323332235,12.09,OK,GSFC-ELEANOR-LITE,2,2188,GSFC-ELEANOR-LITE,
387004168,12.64,OK,GSFC-ELEANOR-LITE,2,2211,GSFC-ELEANOR-LITE,
66660723,12.89,OK,QLP,4,33777,QLP,
299478287,11.23,OK,GSFC-ELEANOR-LITE,2,2211,GSFC-ELEANOR-LITE,
236988583,12.21,OK,QLP,19,130801,QLP,
358188042,13.01,OK,QLP,7,50720,QLP,
355809862,11.18,OK,QLP,3,20487,QLP,
234486724,12.0,OK,GSFC-ELEANOR-LITE,1,1072,GSFC-ELEANOR-LITE,
399544063,10.66,OK,TESS-SPOC,2,19214,TESS-SPOC,
142635889,9.47,OK,TESS-SPOC,3,10508,TESS-SPOC,
48195150,11.45,OK,QLP,16,109267,QLP,
20698585,11.32,OK,TESS-SPOC,6,14968,TESS-SPOC,
183370033,12.69,OK,QLP,2,13564,QLP,
66683561,12.33,OK,TESS-SPOC,4,17404,TESS-SPOC,
310309249,12.39,OK,GSFC-ELEANOR-LITE,4,4154,GSFC-ELEANOR-LITE,
309502523,10.85,OK,TESS-SPOC,3,15936,TESS-SPOC,
152676628,10.2,OK,TESS-SPOC,1,9341,TESS-SPOC,
1868012794,13.02,OK,QLP,7,46324,QLP,
239493930,11.11,OK,QLP,6,33826,QLP,
250273929,12.2,OK,GSFC-ELEANOR-LITE,1,1081,GSFC-ELEANOR-LITE,
335265477,12.35,OK,QLP,10,77174,QLP,
207139927,10.65,OK,GSFC-ELEANOR-LITE,2,1826,GSFC-ELEANOR-LITE,
430070899,11.43,OK,QLP,7,64103,QLP,
96825049,9.43,OK,TESS-SPOC,1,10134,TESS-SPOC,
313397687,12.41,OK,QLP,6,49863,QLP,
181308817,12.49,OK,GSFC-ELEANOR-LITE,1,862,GSFC-ELEANOR-LITE,
159573293,12.89,OK,QLP,9,60869,QLP,
223517023,10.9,OK,TESS-SPOC,1,1870,TESS-SPOC,
358669189,12.25,OK,QLP,3,17481,QLP,
273658910,12.85,OK,QLP,8,62139,QLP,
161713578,8.3,OK,TESS-SPOC,1,10874,TESS-SPOC,
102624356,9.31,OK,TESS-SPOC,4,15985,TESS-SPOC,
225410119,10.4,OK,GSFC-ELEANOR-LITE,1,1032,GSFC-ELEANOR-LITE,
41533355,12.18,OK,GSFC-ELEANOR-LITE,12,12281,GSFC-ELEANOR-LITE,
279994945,12.75,OK,GSFC-ELEANOR-LITE,1,904,GSFC-ELEANOR-LITE,
43785616,11.16,OK,SPOC,1,17562,SPOC,
95957462,11.02,OK,TESS-SPOC,6,27598,TESS-SPOC,
284103116,8.64,OK,SPOC,1,7949,SPOC,
272926334,12.13,OK,QLP,9,61564,QLP,
221042292,12.12,OK,GSFC-ELEANOR-LITE,1,1086,GSFC-ELEANOR-LITE,
138412981,12.34,OK,QLP,8,49687,QLP,
44529199,11.24,OK,TESS-SPOC,1,7408,TESS-SPOC,
42099404,12.81,OK,QLP,7,45663,QLP,
391330685,11.93,OK,QLP,3,24428,QLP,
411277083,9.8,OK,QLP,4,17355,QLP,
286005422,11.42,OK,QLP,4,34716,QLP,
165155229,12.25,OK,TESS-SPOC,3,7538,TESS-SPOC,
467053535,12.36,OK,GSFC-ELEANOR-LITE,2,2188,GSFC-ELEANOR-LITE,
344292669,12.84,OK,QLP,8,65237,QLP,
250300578,12.44,OK,GSFC-ELEANOR-LITE,1,1081,GSFC-ELEANOR-LITE,
145338418,10.6,OK,TESS-SPOC,4,8041,TESS-SPOC,
349380592,11.0,OK,TESS-SPOC,3,10514,TESS-SPOC,
3771808,12.17,OK,QLP,3,24590,QLP,
229441390,12.89,OK,QLP,39,227583,QLP,
370274336,12.42,OK,QLP,3,23524,QLP,
77227773,12.51,OK,TESS-SPOC,1,968,TESS-SPOC,
409612840,12.83,OK,QLP,3,23092,QLP,
207792773,12.97,OK,GSFC-ELEANOR-LITE,1,1081,GSFC-ELEANOR-LITE,
402308651,9.88,OK,TESS-SPOC,1,1337,TESS-SPOC,
323617591,12.0,OK,GSFC-ELEANOR-LITE,2,2188,GSFC-ELEANOR-LITE,
462650003,12.89,OK,GSFC-ELEANOR-LITE,2,2211,GSFC-ELEANOR-LITE,
212634021,12.33,OK,QLP,2,13389,QLP,
325917284,11.85,OK,GSFC-ELEANOR-LITE,1,1081,GSFC-ELEANOR-LITE,
237230115,7.79,OK,TESS-SPOC,16,153491,TESS-SPOC,
278023096,11.44,OK,TESS-SPOC,7,67211,TESS-SPOC,
264158120,10.52,OK,TESS-SPOC,7,61675,TESS-SPOC,
340729559,12.51,OK,GSFC-ELEANOR-LITE,1,1081,GSFC-ELEANOR-LITE,
408822321,12.94,OK,TESS-SPOC,3,14158,TESS-SPOC,
73480710,11.92,OK,TESS-SPOC,4,19242,TESS-SPOC,
444195684,12.38,OK,QLP,5,4936,QLP,
179734979,12.68,OK,GSFC-ELEANOR-LITE,1,1081,GSFC-ELEANOR-LITE,
325229396,10.31,OK,TESS-SPOC,1,7009,TESS-SPOC,
230136849,11.75,OK,TESS-SPOC,4,8929,TESS-SPOC,
318472328,13.01,OK,QLP,1,2192,QLP,
138296210,12.81,OK,TESS-SPOC,6,13553,TESS-SPOC,
111001799,10.55,OK,QLP,2,13574,QLP,
453535116,10.55,OK,GSFC-ELEANOR-LITE,1,1081,GSFC-ELEANOR-LITE,
229642601,11.66,OK,TESS-SPOC,38,194790,TESS-SPOC,
333354818,8.78,OK,TESS-SPOC,1,11654,TESS-SPOC,
10535986,12.64,OK,GSFC-ELEANOR-LITE,1,1086,GSFC-ELEANOR-LITE,
383028366,11.54,OK,QLP,1,10639,QLP,
157099355,11.46,OK,TESS-SPOC,3,8111,TESS-SPOC,
365764494,9.18,OK,TESS-SPOC,5,56190,TESS-SPOC,
446193853,11.62,OK,TESS-SPOC,1,1551,TESS-SPOC,
376456706,10.97,OK,SPOC,2,24658,SPOC,
76756647,12.27,OK,GSFC-ELEANOR-LITE,1,1177,GSFC-ELEANOR-LITE,
376649988,12.91,OK,GSFC-ELEANOR-LITE,2,2160,GSFC-ELEANOR-LITE,
279157466,12.4,OK,GSFC-ELEANOR-LITE,12,12404,GSFC-ELEANOR-LITE,
333145823,10.79,OK,TESS-SPOC,2,4398,TESS-SPOC,
251659187,12.91,OK,QLP,2,13110,QLP,
118191063,10.74,OK,TESS-SPOC,1,8646,TESS-SPOC,
330504109,12.35,OK,QLP,4,21990,QLP,
394178348,12.08,OK,TESS-SPOC,5,15669,TESS-SPOC,
463335602,12.91,OK,GSFC-ELEANOR-LITE,1,1032,GSFC-ELEANOR-LITE,
202627251,9.98,OK,TESS-SPOC,3,29088,TESS-SPOC,
40492079,11.74,OK,GSFC-ELEANOR-LITE,1,1046,GSFC-ELEANOR-LITE,
52984071,10.21,OK,GSFC-ELEANOR-LITE,2,1975,GSFC-ELEANOR-LITE,
465703860,12.78,OK,GSFC-ELEANOR-LITE,2,2188,GSFC-ELEANOR-LITE,
18222707,12.96,OK,QLP,3,22673,QLP,
366936709,12.91,OK,QLP,7,42753,QLP,
54467228,12.8,OK,QLP,6,32293,QLP,
387007998,12.22,OK,GSFC-ELEANOR-LITE,2,2211,GSFC-ELEANOR-LITE,
340549741,12.37,OK,QLP,4,21989,QLP,
403515554,11.89,OK,GSFC-ELEANOR-LITE,1,1086,GSFC-ELEANOR-LITE,
252176457,11.44,OK,QLP,4,24748,QLP,
372562733,9.77,OK,TESS-SPOC,3,17952,TESS-SPOC,
249658057,12.18,OK,QLP,2,13236,QLP,
383123399,12.81,OK,GSFC-ELEANOR-LITE,3,3073,GSFC-ELEANOR-LITE,
237305366,12.79,OK,QLP,27,164072,QLP,
121327206,11.74,OK,QLP,8,57341,QLP,
435467259,10.82,OK,QLP,4,19529,QLP,
37494858,12.86,OK,GSFC-ELEANOR-LITE,1,904,GSFC-ELEANOR-LITE,
224471707,11.16,OK,QLP,5,23162,QLP,
1512685244,11.15,OK,GSFC-ELEANOR-LITE,1,1086,GSFC-ELEANOR-LITE,
282228740,12.54,OK,QLP,6,34252,QLP,
230220895,11.76,OK,QLP,5,22912,QLP,
433580188,12.15,OK,QLP,2,21530,QLP,
399643791,12.58,OK,GSFC-ELEANOR-LITE,1,1081,GSFC-ELEANOR-LITE,
704187701,12.13,OK,QLP,3,19151,QLP,
236300238,12.62,OK,GSFC-ELEANOR-LITE,1,1054,GSFC-ELEANOR-LITE,
368673690,10.14,OK,TESS-SPOC,2,15138,TESS-SPOC,
29340725,12.75,OK,GSFC-ELEANOR-LITE,2,1966,GSFC-ELEANOR-LITE,
282547925,11.4,OK,TESS-SPOC,4,9092,TESS-SPOC,
72737189,11.63,OK,GSFC-ELEANOR-LITE,1,1101,GSFC-ELEANOR-LITE,
86885144,11.57,OK,TESS-SPOC,2,4739,TESS-SPOC,
205587074,13.03,OK,QLP,3,29980,QLP,
223831061,9.86,OK,TESS-SPOC,1,7349,TESS-SPOC,
59543793,11.33,OK,TESS-SPOC,3,7667,TESS-SPOC,
349353569,11.82,OK,TESS-SPOC,2,8761,TESS-SPOC,
309288988,11.83,OK,GSFC-ELEANOR-LITE,5,5216,GSFC-ELEANOR-LITE,
166676433,12.28,OK,TESS-SPOC,5,17492,TESS-SPOC,
308921692,12.31,OK,TESS-SPOC,9,17771,TESS-SPOC,
333974763,12.37,OK,GSFC-ELEANOR-LITE,1,1081,GSFC-ELEANOR-LITE,
149316614,12.84,OK,GSFC-ELEANOR-LITE,2,1934,GSFC-ELEANOR-LITE,
375456212,12.41,OK,TESS-SPOC,1,1635,TESS-SPOC,
178534308,11.69,OK,GSFC-ELEANOR-LITE,1,1086,GSFC-ELEANOR-LITE,
366528229,12.7,OK,QLP,6,48241,QLP,
189733781,12.6,OK,GSFC-ELEANOR-LITE,1,1086,GSFC-ELEANOR-LITE,
394013279,12.48,OK,TESS-SPOC,3,2833,TESS-SPOC,
93119532,9.19,OK,TESS-SPOC,2,20500,TESS-SPOC,
399402486,11.65,OK,QLP,2,13685,QLP,
14877230,12.64,OK,QLP,1,10826,QLP,
310921236,12.85,OK,QLP,6,45527,QLP,
452951173,12.35,OK,GSFC-ELEANOR-LITE,1,1072,GSFC-ELEANOR-LITE,
60829240,10.8,OK,GSFC-ELEANOR-LITE,1,1134,GSFC-ELEANOR-LITE,
66364148,13.63,OK,TASOC,2,1844,TASOC,
273956302,13.25,OK,GSFC-ELEANOR-LITE,1,1086,GSFC-ELEANOR-LITE,
407469946,13.72,NO_DATA,,0,0,,
28938314,13.45,OK,QLP,7,45629,QLP,
436577985,13.82,OK,GSFC-ELEANOR-LITE,1,1119,GSFC-ELEANOR-LITE,
90171897,13.87,NO_DATA,,0,0,,
389277368,13.86,NO_DATA,,0,0,,
159648869,13.75,OK,TASOC,2,1940,TASOC,
376798907,13.59,OK,GSFC-ELEANOR-LITE,1,1107,GSFC-ELEANOR-LITE,
203578386,13.59,NO_DATA,,0,0,,
364578154,13.45,OK,QLP,2,13452,QLP,
218637513,13.09,OK,GSFC-ELEANOR-LITE,1,1056,GSFC-ELEANOR-LITE,
284537606,13.86,NO_DATA,,0,0,,
4289501,13.74,OK,GSFC-ELEANOR-LITE,1,904,GSFC-ELEANOR-LITE,
324949769,13.64,NO_DATA,,0,0,,
1956950649,13.33,OK,QLP,5,28235,QLP,
74560390,13.25,OK,QLP,4,19067,QLP,
42548988,13.42,OK,QLP,8,49293,QLP,
95579505,13.35,OK,QLP,2,13272,QLP,
446463340,13.71,OK,GSFC-ELEANOR-LITE,1,1102,GSFC-ELEANOR-LITE,
387656298,13.49,OK,QLP,4,25436,QLP,
381016913,13.7,NO_DATA,,0,0,,
941531396,13.45,OK,GSFC-ELEANOR-LITE,2,2189,GSFC-ELEANOR-LITE,
345770652,13.09,OK,QLP,3,14895,QLP,
288707896,13.87,OK,GSFC-ELEANOR-LITE,1,1081,GSFC-ELEANOR-LITE,
125290702,13.04,OK,GSFC-ELEANOR-LITE,1,1072,GSFC-ELEANOR-LITE,
423073595,13.79,OK,TASOC,2,2292,TASOC,
294199480,13.76,OK,GSFC-ELEANOR-LITE,2,2263,GSFC-ELEANOR-LITE,
60931203,13.83,OK,GSFC-ELEANOR-LITE,1,1147,GSFC-ELEANOR-LITE,
159143683,13.39,OK,QLP,10,45203,QLP,
435110418,13.4,OK,GSFC-ELEANOR-LITE,1,1081,GSFC-ELEANOR-LITE,
302058834,13.7,OK,GSFC-ELEANOR-LITE,2,2263,GSFC-ELEANOR-LITE,
464472048,13.61,OK,GSFC-ELEANOR-LITE,2,2211,GSFC-ELEANOR-LITE,
121744453,13.69,NO_DATA,,0,0,,
305151391,13.17,OK,QLP,2,14189,QLP,
401938566,13.45,OK,GSFC-ELEANOR-LITE,2,1966,GSFC-ELEANOR-LITE,
229288068,13.69,OK,GSFC-ELEANOR-LITE,1,904,GSFC-ELEANOR-LITE,
452021572,13.84,NO_DATA,,0,0,,
313634042,13.57,NO_DATA,,0,0,,
451454162,13.35,OK,GSFC-ELEANOR-LITE,2,2188,GSFC-ELEANOR-LITE,
26324033,13.48,OK,GSFC-ELEANOR-LITE,1,1134,GSFC-ELEANOR-LITE,
97075940,13.55,OK,QLP,4,36441,QLP,
43668816,13.88,NO_DATA,,0,0,,
408730508,13.59,OK,QLP,7,57539,QLP,
57499290,13.63,NO_DATA,,0,0,,
13414746,13.47,OK,QLP,1,10823,QLP,
77539488,13.63,OK,GSFC-ELEANOR-LITE,1,1081,GSFC-ELEANOR-LITE,
120194003,13.58,NO_DATA,,0,0,,
331085987,13.6,OK,CDIPS,1,3771,CDIPS,
229146166,13.6,OK,GSFC-ELEANOR-LITE,2,1826,GSFC-ELEANOR-LITE,
115407217,13.23,OK,QLP,7,45658,QLP,
145718786,13.09,OK,GSFC-ELEANOR-LITE,2,1966,GSFC-ELEANOR-LITE,
126032937,13.61,OK,GSFC-ELEANOR-LITE,1,1072,GSFC-ELEANOR-LITE,
410507225,13.71,NO_DATA,,0,0,,
306294675,13.6,OK,GSFC-ELEANOR-LITE,2,2188,GSFC-ELEANOR-LITE,
9651627,13.81,NO_DATA,,0,0,,
62280901,13.47,OK,GSFC-ELEANOR-LITE,1,1147,GSFC-ELEANOR-LITE,
254272992,13.78,OK,GSFC-ELEANOR-LITE,1,1175,GSFC-ELEANOR-LITE,
764858278,13.6,OK,GSFC-ELEANOR-LITE,13,13367,GSFC-ELEANOR-LITE,
78513632,13.83,NO_DATA,,0,0,,
343447963,13.18,OK,QLP,6,32772,QLP,
262303385,13.59,NO_DATA,,0,0,,
90124367,13.37,OK,GSFC-ELEANOR-LITE,2,1966,GSFC-ELEANOR-LITE,
403661904,13.09,OK,QLP,5,30871,QLP,
140980003,13.65,OK,GSFC-ELEANOR-LITE,2,1966,GSFC-ELEANOR-LITE,
391395535,13.56,NO_DATA,,0,0,,
357227861,13.52,NO_DATA,,0,0,,
392559026,13.43,OK,QLP,5,41247,QLP,
403308505,13.42,OK,QLP,6,46385,QLP,
330712593,13.65,OK,GSFC-ELEANOR-LITE,2,2164,GSFC-ELEANOR-LITE,
65970288,13.51,OK,GSFC-ELEANOR-LITE,1,1072,GSFC-ELEANOR-LITE,
259420996,13.09,OK,QLP,8,62140,QLP,
303361969,13.82,OK,GSFC-ELEANOR-LITE,3,3292,GSFC-ELEANOR-LITE,
71896515,13.5,NO_DATA,,0,0,,
216885872,13.85,PROCESSING_ERROR,,0,0,TASOC,"cannot reshape array of size 0 into shape (0,newaxis)"
427201609,13.54,NO_DATA,,0,0,,
274070994,13.4,OK,QLP,7,43251,QLP,
299258128,13.48,OK,QLP,3,25474,QLP,
181955405,13.71,NO_DATA,,0,0,,
157301813,13.75,NO_DATA,,0,0,,
397888247,13.46,OK,GSFC-ELEANOR-LITE,2,2167,GSFC-ELEANOR-LITE,
278379861,13.78,NO_DATA,,0,0,,
150360980,13.49,OK,GSFC-ELEANOR-LITE,12,12404,GSFC-ELEANOR-LITE,
82376972,13.24,OK,QLP,4,24262,QLP,
267629956,13.04,OK,GSFC-ELEANOR-LITE,2,2165,GSFC-ELEANOR-LITE,
3908920,13.87,OK,GSFC-ELEANOR-LITE,2,1962,GSFC-ELEANOR-LITE,
449924016,13.45,OK,QLP,3,23105,QLP,
52918255,13.64,OK,GSFC-ELEANOR-LITE,2,1975,GSFC-ELEANOR-LITE,
59348867,13.48,OK,GSFC-ELEANOR-LITE,1,904,GSFC-ELEANOR-LITE,
470039605,13.21,OK,QLP,4,36143,QLP,
66538066,13.18,OK,QLP,5,31548,QLP,
451206416,13.35,OK,GSFC-ELEANOR-LITE,1,1086,GSFC-ELEANOR-LITE,
155570174,13.46,OK,GSFC-ELEANOR-LITE,2,1934,GSFC-ELEANOR-LITE,
258875410,13.11,OK,QLP,38,234359,QLP,
116140611,13.11,OK,QLP,4,34588,QLP,
224544432,13.71,NO_DATA,,0,0,,
340052508,13.68,NO_DATA,,0,0,,
236759331,13.81,PROCESSING_ERROR,,0,0,TASOC,"cannot reshape array of size 0 into shape (0,newaxis)"
464738458,13.47,OK,GSFC-ELEANOR-LITE,1,1107,GSFC-ELEANOR-LITE,
423025022,13.4,OK,QLP,40,241455,QLP,
258886549,13.53,OK,GSFC-ELEANOR-LITE,1,1148,GSFC-ELEANOR-LITE,
53050688,13.56,OK,GSFC-ELEANOR-LITE,1,862,GSFC-ELEANOR-LITE,
241217664,13.65,NO_DATA,,0,0,,
160048718,13.7,NO_DATA,,0,0,,
455754629,13.12,OK,QLP,3,22748,QLP,
222090043,13.52,OK,GSFC-ELEANOR-LITE,1,1086,GSFC-ELEANOR-LITE,
451830486,13.65,OK,GSFC-ELEANOR-LITE,2,2188,GSFC-ELEANOR-LITE,
451760384,13.23,OK,QLP,5,30923,QLP,
124321784,13.69,OK,GSFC-ELEANOR-LITE,2,1975,GSFC-ELEANOR-LITE,
34848148,13.76,OK,GSFC-ELEANOR-LITE,1,903,GSFC-ELEANOR-LITE,
269686791,13.32,OK,GSFC-ELEANOR-LITE,1,1107,GSFC-ELEANOR-LITE,
82196007,13.31,OK,GSFC-ELEANOR-LITE,1,1085,GSFC-ELEANOR-LITE,
405657261,13.88,OK,TASOC,2,2292,TASOC,
455336194,13.1,OK,QLP,6,56607,QLP,
148484770,13.31,OK,GSFC-ELEANOR-LITE,2,1975,GSFC-ELEANOR-LITE,
1809765484,13.82,NO_DATA,,0,0,,
294861642,13.05,OK,GSFC-ELEANOR-LITE,2,2211,GSFC-ELEANOR-LITE,
338210132,13.73,OK,GSFC-ELEANOR-LITE,1,1120,GSFC-ELEANOR-LITE,
290735904,13.1,OK,GSFC-ELEANOR-LITE,1,1086,GSFC-ELEANOR-LITE,
256640554,13.81,NO_DATA,,0,0,,
461025293,13.74,OK,GSFC-ELEANOR-LITE,2,2188,GSFC-ELEANOR-LITE,
11367006,13.84,PROCESSING_ERROR,,0,0,TASOC,"cannot reshape array of size 0 into shape (0,newaxis)"
210203819,13.34,OK,QLP,5,30250,QLP,
351909670,13.78,PROCESSING_ERROR,,0,0,TASOC,"cannot reshape array of size 0 into shape (0,newaxis)"
271163691,13.81,NO_DATA,,0,0,,
50864528,13.42,OK,GSFC-ELEANOR-LITE,1,1054,GSFC-ELEANOR-LITE,
261446044,13.88,OK,GSFC-ELEANOR-LITE,1,1049,GSFC-ELEANOR-LITE,
9591080,13.34,OK,QLP,3,7263,QLP,
382573976,13.13,OK,GSFC-ELEANOR-LITE,8,8375,GSFC-ELEANOR-LITE,
468382587,13.81,NO_DATA,,0,0,,
301176647,13.66,OK,K2,1,482,K2,
408813173,13.42,OK,QLP,3,16839,QLP,
467148886,13.12,OK,QLP,3,19137,QLP,
371383912,13.2,OK,QLP,3,13385,QLP,
49292395,13.86,OK,GSFC-ELEANOR-LITE,1,972,GSFC-ELEANOR-LITE,
421441356,13.78,PROCESSING_ERROR,,0,0,TASOC,"cannot reshape array of size 0 into shape (0,newaxis)"
469293053,13.51,OK,GSFC-ELEANOR-LITE,2,2211,GSFC-ELEANOR-LITE,
56665687,13.3,OK,GSFC-ELEANOR-LITE,1,1100,GSFC-ELEANOR-LITE,
295208492,13.38,OK,QLP,10,76908,QLP,
142584605,13.08,OK,TESS-SPOC,2,6448,TESS-SPOC,
7712351,13.3,OK,QLP,2,12963,QLP,
376487752,13.88,OK,GSFC-ELEANOR-LITE,2,2165,GSFC-ELEANOR-LITE,
136969551,13.51,NO_DATA,,0,0,,
384557486,13.86,OK,QLP,1,10817,QLP,
54704633,13.47,OK,GSFC-ELEANOR-LITE,1,1072,GSFC-ELEANOR-LITE,
53373318,13.4,OK,GSFC-ELEANOR-LITE,2,1966,GSFC-ELEANOR-LITE,
190367347,13.28,OK,GSFC-ELEANOR-LITE,1,1086,GSFC-ELEANOR-LITE,
214460331,13.16,OK,QLP,6,34710,QLP,
120260002,13.62,PROCESSING_ERROR,,0,0,TASOC,"cannot reshape array of size 0 into shape (0,newaxis)"
415119260,13.62,NO_DATA,,0,0,,
391901009,13.76,OK,GSFC-ELEANOR-LITE,12,12295,GSFC-ELEANOR-LITE,
145410279,13.74,OK,GSFC-ELEANOR-LITE,2,1934,GSFC-ELEANOR-LITE,
455083019,13.67,OK,GSFC-ELEANOR-LITE,1,1086,GSFC-ELEANOR-LITE,
144835529,13.47,OK,QLP,2,21721,QLP,
246254072,13.79,OK,GSFC-ELEANOR-LITE,1,1148,GSFC-ELEANOR-LITE,
316371627,13.48,OK,GSFC-ELEANOR-LITE,2,2188,GSFC-ELEANOR-LITE,
144012229,13.77,OK,CDIPS,1,1124,CDIPS,
86867310,13.5,NO_DATA,,0,0,,
236236532,13.44,OK,QLP,3,8618,QLP,
392328033,13.83,OK,GSFC-ELEANOR-LITE,1,1070,GSFC-ELEANOR-LITE,
450873594,13.35,OK,GSFC-ELEANOR-LITE,1,1081,GSFC-ELEANOR-LITE,
46298491,13.85,OK,K2,1,3438,K2,
452067013,13.17,OK,QLP,4,36791,QLP,
367756465,13.1,OK,QLP,15,84603,QLP,
354506135,13.32,OK,QLP,5,32884,QLP,
320399164,13.55,OK,GSFC-ELEANOR-LITE,2,2188,GSFC-ELEANOR-LITE,
392723586,13.67,DOWNLOAD_ERROR,,0,0,TARS,Error in reading Data product /home/runner/.cache/lightkurve/mastDownload/HLSP/hlsp_tars_tess_ffi_s0014-0000000392723586_tess/hlsp_tars_tess_ffi_s0014-0000000392723586_tess_v01_lc.fits of type generic
302615789,13.09,OK,GSFC-ELEANOR-LITE,1,904,GSFC-ELEANOR-LITE,
401420515,13.43,OK,GSFC-ELEANOR-LITE,2,1966,GSFC-ELEANOR-LITE,
440282528,13.48,OK,QLP,3,21786,QLP,
117934723,13.88,OK,GSFC-ELEANOR-LITE,1,1177,GSFC-ELEANOR-LITE,
368790901,13.6,NO_DATA,,0,0,,
316135034,13.7,DOWNLOAD_ERROR,,0,0,TARS,Error in reading Data product /home/runner/.cache/lightkurve/mastDownload/HLSP/hlsp_tars_tess_ffi_s0018-0000000316135034_tess/hlsp_tars_tess_ffi_s0018-0000000316135034_tess_v01_lc.fits of type generic
206444793,13.42,OK,QLP,1,10803,QLP,
138988784,13.56,OK,GSFC-ELEANOR-LITE,2,2211,GSFC-ELEANOR-LITE,
227646830,13.8,NO_DATA,,0,0,,
13573915,13.74,PROCESSING_ERROR,,0,0,TASOC,"cannot reshape array of size 0 into shape (0,newaxis)"
239675017,13.34,OK,QLP,3,22763,QLP,
412137774,13.79,NO_DATA,,0,0,,
217123159,13.6,OK,TASOC,2,1616,TASOC,
86656640,13.87,NO_DATA,,0,0,,
463144593,13.08,OK,GSFC-ELEANOR-LITE,2,2211,GSFC-ELEANOR-LITE,
263531025,13.63,OK,GSFC-ELEANOR-LITE,1,1081,GSFC-ELEANOR-LITE,
430672525,13.32,OK,QLP,2,2308,QLP,
155782475,13.8,NO_DATA,,0,0,,
364323765,13.61,OK,GSFC-ELEANOR-LITE,11,11253,GSFC-ELEANOR-LITE,
28085726,13.74,PROCESSING_ERROR,,0,0,TASOC,"cannot reshape array of size 0 into shape (0,newaxis)"
167923968,13.18,OK,QLP,1,10628,QLP,
363533408,13.26,OK,GSFC-ELEANOR-LITE,2,2185,GSFC-ELEANOR-LITE,
22991394,13.54,OK,GSFC-ELEANOR-LITE,1,1177,GSFC-ELEANOR-LITE,
27566563,13.53,OK,GSFC-ELEANOR-LITE,1,1054,GSFC-ELEANOR-LITE,
190635418,13.88,OK,GSFC-ELEANOR-LITE,1,1075,GSFC-ELEANOR-LITE,
70352227,13.76,OK,TASOC,2,1616,TASOC,
465778708,13.55,OK,GSFC-ELEANOR-LITE,2,2188,GSFC-ELEANOR-LITE,
276346845,13.28,OK,GSFC-ELEANOR-LITE,1,964,GSFC-ELEANOR-LITE,
99331355,13.56,NO_DATA,,0,0,,
404464439,13.18,OK,TESS-SPOC,2,2986,TESS-SPOC,
158873290,13.85,NO_DATA,,0,0,,
73331789,13.51,OK,GSFC-ELEANOR-LITE,1,1080,GSFC-ELEANOR-LITE,
71936993,13.58,OK,CDIPS,1,1103,CDIPS,
273630734,14.05,NO_DATA,,0,0,,
248730685,14.32,OK,QLP,2,14626,QLP,
99333419,13.96,NO_DATA,,0,0,,
315668054,14.2,OK,GSFC-ELEANOR-LITE,1,1086,GSFC-ELEANOR-LITE,
382635038,14.15,OK,GSFC-ELEANOR-LITE,3,2888,GSFC-ELEANOR-LITE,
354362618,14.26,NO_DATA,,0,0,,
219819188,14.2,PROCESSING_ERROR,,0,0,TASOC,"cannot reshape array of size 0 into shape (0,newaxis)"
72759752,14.15,OK,GSFC-ELEANOR-LITE,1,1080,GSFC-ELEANOR-LITE,
159231114,14.04,NO_DATA,,0,0,,
319950964,14.15,DOWNLOAD_ERROR,,0,0,TARS,Error in reading Data product /home/runner/.cache/lightkurve/mastDownload/HLSP/hlsp_tars_tess_ffi_s0054-0000000319950985_tess/hlsp_tars_tess_ffi_s0054-0000000319950985_tess_v01_lc.fits of type generic
379434092,14.33,DOWNLOAD_ERROR,,0,0,TARS,Error in reading Data product /home/runner/.cache/lightkurve/mastDownload/HLSP/hlsp_tars_tess_ffi_s0014-0000000379434092_tess/hlsp_tars_tess_ffi_s0014-0000000379434092_tess_v01_lc.fits of type generic
263373696,14.06,NO_DATA,,0,0,,
124574603,14.19,OK,GSFC-ELEANOR-LITE,1,1100,GSFC-ELEANOR-LITE,
234000350,14.11,OK,GSFC-ELEANOR-LITE,1,1054,GSFC-ELEANOR-LITE,
1975485186,14.35,DOWNLOAD_ERROR,,0,0,TARS,Error in reading Data product /home/runner/.cache/lightkurve/mastDownload/HLSP/hlsp_tars_tess_ffi_s0015-0000000279281429_tess/hlsp_tars_tess_ffi_s0015-0000000279281429_tess_v01_lc.fits of type generic
219839238,14.3,NO_DATA,,0,0,,
385875893,13.96,NO_DATA,,0,0,,
311762942,13.98,OK,GSFC-ELEANOR-LITE,1,1081,GSFC-ELEANOR-LITE,
354166060,14.13,NO_DATA,,0,0,,
80069087,14.11,DOWNLOAD_ERROR,,0,0,TARS,Error in reading Data product /home/runner/.cache/lightkurve/mastDownload/HLSP/hlsp_tars_tess_ffi_s0043-0000000080069087_tess/hlsp_tars_tess_ffi_s0043-0000000080069087_tess_v01_lc.fits of type generic
434321668,14.12,OK,GSFC-ELEANOR-LITE,1,904,GSFC-ELEANOR-LITE,
350168195,14.23,NO_DATA,,0,0,,
294355321,14.25,NO_DATA,,0,0,,
282848603,14.15,NO_DATA,,0,0,,
281185911,14.05,NO_DATA,,0,0,,
387064431,14.05,OK,GSFC-ELEANOR-LITE,1,1177,GSFC-ELEANOR-LITE,
369484633,14.07,PROCESSING_ERROR,,0,0,TASOC,"cannot reshape array of size 0 into shape (0,newaxis)"
122773130,14.06,NO_DATA,,0,0,,
126084817,14.1,PROCESSING_ERROR,,0,0,TASOC,"cannot reshape array of size 0 into shape (0,newaxis)"
439093777,14.15,NO_DATA,,0,0,,
75582568,13.93,OK,GSFC-ELEANOR-LITE,2,1966,GSFC-ELEANOR-LITE,
158837820,14.06,OK,TASOC,2,1940,TASOC,
274871756,13.97,OK,GSFC-ELEANOR-LITE,1,1086,GSFC-ELEANOR-LITE,
283288327,13.96,NO_DATA,,0,0,,
141644050,14.31,OK,GSFC-ELEANOR-LITE,1,1072,GSFC-ELEANOR-LITE,
422791332,14.07,NO_DATA,,0,0,,
57662145,14.29,NO_DATA,,0,0,,
337777588,14.14,OK,TASOC,2,1850,TASOC,
151920827,14.3,OK,GSFC-ELEANOR-LITE,2,1934,GSFC-ELEANOR-LITE,
238618726,14.36,OK,GSFC-ELEANOR-LITE,3,3038,GSFC-ELEANOR-LITE,
227408953,14.24,DOWNLOAD_ERROR,,0,0,TARS,Error in reading Data product /home/runner/.cache/lightkurve/mastDownload/HLSP/hlsp_tars_tess_ffi_s0080-0000000227409000_tess/hlsp_tars_tess_ffi_s0080-0000000227409000_tess_v01_lc.fits of type generic
450112319,14.12,OK,GSFC-ELEANOR-LITE,1,1085,GSFC-ELEANOR-LITE,
364744478,13.93,NO_DATA,,0,0,,
20291443,14.24,NO_DATA,,0,0,,
462325682,14.08,OK,GSFC-ELEANOR-LITE,2,2211,GSFC-ELEANOR-LITE,
306947855,13.98,OK,GSFC-ELEANOR-LITE,1,1072,GSFC-ELEANOR-LITE,
246634639,14.3,OK,GSFC-ELEANOR-LITE,1,1054,GSFC-ELEANOR-LITE,
216462923,14.31,NO_DATA,,0,0,,
111912250,14.23,NO_DATA,,0,0,,
23317842,14.0,OK,GSFC-ELEANOR-LITE,1,1177,GSFC-ELEANOR-LITE,
194044435,14.24,NO_DATA,,0,0,,
349482736,13.95,OK,GSFC-ELEANOR-LITE,11,11253,GSFC-ELEANOR-LITE,
327997105,14.27,NO_DATA,,0,0,,
665645552,14.24,NO_DATA,,0,0,,
3471163,14.0,NO_DATA,,0,0,,
234084688,14.11,OK,GSFC-ELEANOR-LITE,1,904,GSFC-ELEANOR-LITE,
327691580,14.29,NO_DATA,,0,0,,
278730617,14.35,OK,GSFC-ELEANOR-LITE,12,12295,GSFC-ELEANOR-LITE,
16470481,14.18,NO_DATA,,0,0,,
190845836,14.29,OK,GSFC-ELEANOR-LITE,1,862,GSFC-ELEANOR-LITE,
138529818,14.21,NO_DATA,,0,0,,
413535140,14.02,OK,GSFC-ELEANOR-LITE,2,2167,GSFC-ELEANOR-LITE,
74050299,14.24,OK,GSFC-ELEANOR-LITE,1,1086,GSFC-ELEANOR-LITE,
99609071,13.92,OK,GSFC-ELEANOR-LITE,1,1072,GSFC-ELEANOR-LITE,
28097177,13.97,NO_DATA,,0,0,,
861106547,14.01,OK,GSFC-ELEANOR-LITE,1,1107,GSFC-ELEANOR-LITE,
400847360,14.25,OK,GSFC-ELEANOR-LITE,2,1966,GSFC-ELEANOR-LITE,
45969731,14.35,OK,GSFC-ELEANOR-LITE,3,3073,GSFC-ELEANOR-LITE,
445266372,14.11,OK,GSFC-ELEANOR-LITE,1,903,GSFC-ELEANOR-LITE,
279586217,14.28,NO_DATA,,0,0,,
159473801,14.22,OK,GSFC-ELEANOR-LITE,1,1032,GSFC-ELEANOR-LITE,
237278818,14.04,PROCESSING_ERROR,,0,0,TASOC,"cannot reshape array of size 0 into shape (0,newaxis)"
392666084,14.32,NO_DATA,,0,0,,
469290161,14.06,OK,GSFC-ELEANOR-LITE,2,2211,GSFC-ELEANOR-LITE,
23822834,14.16,OK,GSFC-ELEANOR-LITE,1,1177,GSFC-ELEANOR-LITE,
78749880,14.24,OK,GSFC-ELEANOR-LITE,1,1049,GSFC-ELEANOR-LITE,
366291612,13.93,NO_DATA,,0,0,,
280385022,14.29,OK,GSFC-ELEANOR-LITE,2,2188,GSFC-ELEANOR-LITE,
395411696,14.12,NO_DATA,,0,0,,
294289936,13.95,NO_DATA,,0,0,,
310283403,13.9,OK,GSFC-ELEANOR-LITE,1,1081,GSFC-ELEANOR-LITE,
300977027,14.32,NO_DATA,,0,0,,
8358694,14.18,OK,QLP,3,18390,QLP,
311524448,14.19,OK,QLP,4,29864,QLP,
283903793,14.07,OK,TASOC,2,1712,TASOC,
50824982,14.32,NO_DATA,,0,0,,
129917641,14.05,OK,GSFC-ELEANOR-LITE,2,1934,GSFC-ELEANOR-LITE,
122027319,14.24,OK,GSFC-ELEANOR-LITE,3,3073,GSFC-ELEANOR-LITE,
152160223,14.32,OK,GSFC-ELEANOR-LITE,2,1934,GSFC-ELEANOR-LITE,
235620679,14.25,NO_DATA,,0,0,,
44370376,13.97,OK,GSFC-ELEANOR-LITE,1,1100,GSFC-ELEANOR-LITE,
92795563,14.28,NO_DATA,,0,0,,
383233440,14.23,OK,GSFC-ELEANOR-LITE,1,1081,GSFC-ELEANOR-LITE,
462668361,14.08,NO_DATA,,0,0,,
343497127,14.26,NO_DATA,,0,0,,
28633482,14.28,NO_DATA,,0,0,,
326932046,14.2,OK,GSFC-ELEANOR-LITE,1,1081,GSFC-ELEANOR-LITE,
459533211,13.94,OK,GSFC-ELEANOR-LITE,1,1107,GSFC-ELEANOR-LITE,
146224671,14.1,NO_DATA,,0,0,,
268657214,14.17,OK,GSFC-ELEANOR-LITE,2,2165,GSFC-ELEANOR-LITE,
349379533,14.14,NO_DATA,,0,0,,
79560134,14.35,OK,GSFC-ELEANOR-LITE,2,1934,GSFC-ELEANOR-LITE,
281950025,13.92,NO_DATA,,0,0,,
236542804,14.34,OK,TASOC,2,1844,TASOC,
445848496,14.04,NO_DATA,,0,0,,
303170154,13.92,OK,GSFC-ELEANOR-LITE,1,1056,GSFC-ELEANOR-LITE,
451081096,14.32,OK,GSFC-ELEANOR-LITE,1,1085,GSFC-ELEANOR-LITE,
467244068,14.21,OK,GSFC-ELEANOR-LITE,2,2188,GSFC-ELEANOR-LITE,
144793073,14.04,OK,GSFC-ELEANOR-LITE,2,1934,GSFC-ELEANOR-LITE,
22202780,14.12,NO_DATA,,0,0,,
302015738,14.16,DOWNLOAD_ERROR,,0,0,TARS,Error in reading Data product /home/runner/.cache/lightkurve/mastDownload/HLSP/hlsp_tars_tess_ffi_s0018-0000000302015738_tess/hlsp_tars_tess_ffi_s0018-0000000302015738_tess_v01_lc.fits of type generic
180323779,14.29,NO_DATA,,0,0,,
233169244,14.19,OK,TASOC,2,2102,TASOC,
13180061,14.15,OK,GSFC-ELEANOR-LITE,1,1054,GSFC-ELEANOR-LITE,
265511935,13.99,OK,GSFC-ELEANOR-LITE,1,1148,GSFC-ELEANOR-LITE,
310135553,13.89,OK,GSFC-ELEANOR-LITE,4,4154,GSFC-ELEANOR-LITE,
870589025,13.96,OK,GSFC-ELEANOR-LITE,1,1101,GSFC-ELEANOR-LITE,
239887092,14.26,NO_DATA,,0,0,,
29341382,13.91,OK,GSFC-ELEANOR-LITE,2,1966,GSFC-ELEANOR-LITE,
329412831,14.07,OK,GSFC-ELEANOR-LITE,1,1081,GSFC-ELEANOR-LITE,
210259597,14.31,NO_DATA,,0,0,,
461546729,14.26,NO_DATA,,0,0,,
48051742,13.99,OK,GSFC-ELEANOR-LITE,1,903,GSFC-ELEANOR-LITE,
311218217,14.03,NO_DATA,,0,0,,
380297873,14.29,NO_DATA,,0,0,,
386512725,14.16,OK,GSFC-ELEANOR-LITE,1,1104,GSFC-ELEANOR-LITE,
314298880,14.17,NO_DATA,,0,0,,
398221672,14.19,OK,GSFC-ELEANOR-LITE,1,862,GSFC-ELEANOR-LITE,
233061315,14.3,PROCESSING_ERROR,,0,0,TASOC,"cannot reshape array of size 0 into shape (0,newaxis)"
447717729,14.23,OK,GSFC-ELEANOR-LITE,1,1086,GSFC-ELEANOR-LITE,
416799573,14.18,OK,GSFC-ELEANOR-LITE,1,1119,GSFC-ELEANOR-LITE,
428021548,14.08,NO_DATA,,0,0,,
410516593,14.07,OK,GSFC-ELEANOR-LITE,1,1086,GSFC-ELEANOR-LITE,
300298652,14.03,OK,GSFC-ELEANOR-LITE,2,2190,GSFC-ELEANOR-LITE,
351069418,13.99,NO_DATA,,0,0,,
54495715,14.15,NO_DATA,,0,0,,
272004785,14.25,OK,GSFC-ELEANOR-LITE,13,13367,GSFC-ELEANOR-LITE,
238825688,14.21,NO_DATA,,0,0,,
331098807,14.19,OK,GSFC-ELEANOR-LITE,1,1081,GSFC-ELEANOR-LITE,
30703947,14.31,OK,TASOC,2,1616,TASOC,
216315135,13.98,NO_DATA,,0,0,,
453667471,14.17,OK,GSFC-ELEANOR-LITE,1,1081,GSFC-ELEANOR-LITE,
346968233,13.99,NO_DATA,,0,0,,
1921513685,14.29,OK,QLP,1,1237,QLP,
80717000,14.0,NO_DATA,,0,0,,
101109994,14.29,OK,GSFC-ELEANOR-LITE,1,1100,GSFC-ELEANOR-LITE,
392846200,13.91,DOWNLOAD_ERROR,,0,0,TARS,Error in reading Data product /home/runner/.cache/lightkurve/mastDownload/HLSP/hlsp_tars_tess_ffi_s0045-0000000392846200_tess/hlsp_tars_tess_ffi_s0045-0000000392846200_tess_v01_lc.fits of type generic
63684170,14.04,OK,GSFC-ELEANOR-LITE,1,1177,GSFC-ELEANOR-LITE,
408482393,14.03,NO_DATA,,0,0,,
38358001,14.35,OK,GSFC-ELEANOR-LITE,1,1046,GSFC-ELEANOR-LITE,
8599952,14.36,NO_DATA,,0,0,,
418042030,14.25,DOWNLOAD_ERROR,,0,0,TARS,Error in reading Data product /home/runner/.cache/lightkurve/mastDownload/HLSP/hlsp_tars_tess_ffi_s0051-0000000418042030_tess/hlsp_tars_tess_ffi_s0051-0000000418042030_tess_v01_lc.fits of type generic
335919005,14.09,NO_DATA,,0,0,,
229573647,14.21,NO_DATA,,0,0,,
415573577,13.9,DOWNLOAD_ERROR,,0,0,TARS,Error in reading Data product /home/runner/.cache/lightkurve/mastDownload/HLSP/hlsp_tars_tess_ffi_s0080-0000000415573577_tess/hlsp_tars_tess_ffi_s0080-0000000415573577_tess_v01_lc.fits of type generic
60977786,14.3,OK,GSFC-ELEANOR-LITE,1,960,GSFC-ELEANOR-LITE,
131386235,14.29,NO_DATA,,0,0,,
46426645,14.31,DOWNLOAD_ERROR,,0,0,TARS,Error in reading Data product /home/runner/.cache/lightkurve/mastDownload/HLSP/hlsp_tars_tess_ffi_s0042-0000000046426645_tess/hlsp_tars_tess_ffi_s0042-0000000046426645_tess_v01_lc.fits of type generic
296423618,14.14,OK,GSFC-ELEANOR-LITE,1,1086,GSFC-ELEANOR-LITE,
290524602,14.3,OK,GSFC-ELEANOR-LITE,2,2188,GSFC-ELEANOR-LITE,
7161178,13.9,NO_DATA,,0,0,,
65857159,14.19,DOWNLOAD_ERROR,,0,0,TARS,Error in reading Data product /home/runner/.cache/lightkurve/mastDownload/HLSP/hlsp_tars_tess_ffi_s0015-0000000065857146_tess/hlsp_tars_tess_ffi_s0015-0000000065857146_tess_v01_lc.fits of type generic
111208816,14.28,PROCESSING_ERROR,,0,0,TASOC,"cannot reshape array of size 0 into shape (0,newaxis)"
204283052,14.28,NO_DATA,,0,0,,
308347760,13.96,OK,GSFC-ELEANOR-LITE,2,2188,GSFC-ELEANOR-LITE,
320590368,14.23,NO_DATA,,0,0,,
342489895,14.13,OK,GSFC-ELEANOR-LITE,2,2167,GSFC-ELEANOR-LITE,
317264179,14.22,NO_DATA,,0,0,,
145794123,14.27,OK,GSFC-ELEANOR-LITE,2,1966,GSFC-ELEANOR-LITE,
124890994,14.32,NO_DATA,,0,0,,
3464995,14.25,PROCESSING_ERROR,,0,0,CDIPS,The unit 'day' is unrecognized.  It can not be converted to other units.
431589382,14.06,OK,GSFC-ELEANOR-LITE,5,5274,GSFC-ELEANOR-LITE,
185295332,14.17,OK,TASOC,2,1844,TASOC,
212489355,14.32,NO_DATA,,0,0,,
60394486,14.16,DOWNLOAD_ERROR,,0,0,TARS,Error in reading Data product /home/runner/.cache/lightkurve/mastDownload/HLSP/hlsp_tars_tess_ffi_s0055-0000000060394482_tess/hlsp_tars_tess_ffi_s0055-0000000060394482_tess_v01_lc.fits of type generic
47494470,14.16,OK,GSFC-ELEANOR-LITE,1,904,GSFC-ELEANOR-LITE,
24433071,14.19,OK,GSFC-ELEANOR-LITE,2,2027,GSFC-ELEANOR-LITE,
56143903,14.21,OK,GSFC-ELEANOR-LITE,1,1072,GSFC-ELEANOR-LITE,
335950554,14.16,PROCESSING_ERROR,,0,0,TASOC,"cannot reshape array of size 0 into shape (0,newaxis)"
384646016,13.96,OK,GSFC-ELEANOR-LITE,2,2211,GSFC-ELEANOR-LITE,
97744052,13.92,OK,GSFC-ELEANOR-LITE,1,1086,GSFC-ELEANOR-LITE,
409083544,13.89,OK,GSFC-ELEANOR-LITE,1,1072,GSFC-ELEANOR-LITE,
154171327,13.92,OK,GSFC-ELEANOR-LITE,2,1934,GSFC-ELEANOR-LITE,
872139306,14.14,OK,GSFC-ELEANOR-LITE,2,1962,GSFC-ELEANOR-LITE,
124035922,14.16,NO_DATA,,0,0,,
20318367,14.26,OK,GSFC-ELEANOR-LITE,3,3099,GSFC-ELEANOR-LITE,
68447681,14.04,NO_DATA,,0,0,,
400880381,14.34,NO_DATA,,0,0,,
265841169,14.04,OK,GSFC-ELEANOR-LITE,2,2165,GSFC-ELEANOR-LITE,
75725911,14.29,NO_DATA,,0,0,,
371751659,14.31,NO_DATA,,0,0,,
214741965,14.32,NO_DATA,,0,0,,
115134807,14.18,NO_DATA,,0,0,,
69679404,14.3,NO_DATA,,0,0,,
150699426,13.91,NO_DATA,,0,0,,
87549926,14.36,NO_DATA,,0,0,,
246561671,13.94,OK,GSFC-ELEANOR-LITE,1,1148,GSFC-ELEANOR-LITE,
508898655,14.27,OK,GSFC-ELEANOR-LITE,1,1072,GSFC-ELEANOR-LITE,
3163926,13.94,OK,GSFC-ELEANOR-LITE,1,1073,GSFC-ELEANOR-LITE,
175671094,14.28,NO_DATA,,0,0,,
458108539,14.63,OK,GSFC-ELEANOR-LITE,1,1107,GSFC-ELEANOR-LITE,
465002792,14.58,OK,GSFC-ELEANOR-LITE,2,2188,GSFC-ELEANOR-LITE,
274665262,14.38,NO_DATA,,0,0,,
187446859,14.54,NO_DATA,,0,0,,
279952401,14.38,OK,GSFC-ELEANOR-LITE,11,11253,GSFC-ELEANOR-LITE,
1370863228,14.69,OK,GSFC-ELEANOR-LITE,1,1046,GSFC-ELEANOR-LITE,
267716735,14.7,OK,GSFC-ELEANOR-LITE,2,2165,GSFC-ELEANOR-LITE,
419685070,14.47,OK,GSFC-ELEANOR-LITE,1,1081,GSFC-ELEANOR-LITE,
437065175,14.61,OK,GSFC-ELEANOR-LITE,2,2211,GSFC-ELEANOR-LITE,
354913979,14.6,NO_DATA,,0,0,,
58624905,14.56,NO_DATA,,0,0,,
27127246,14.69,OK,GSFC-ELEANOR-LITE,1,1054,GSFC-ELEANOR-LITE,
176348607,14.45,OK,GSFC-ELEANOR-LITE,1,1072,GSFC-ELEANOR-LITE,
53289232,14.4,OK,GSFC-ELEANOR-LITE,1,862,GSFC-ELEANOR-LITE,
422196243,14.45,OK,GSFC-ELEANOR-LITE,1,1086,GSFC-ELEANOR-LITE,
191929729,14.53,OK,GSFC-ELEANOR-LITE,2,1962,GSFC-ELEANOR-LITE,
1100349546,14.63,DOWNLOAD_ERROR,,0,0,TARS,Error in reading Data product /home/runner/.cache/lightkurve/mastDownload/HLSP/hlsp_tars_tess_ffi_s0051-0000000400015612_tess/hlsp_tars_tess_ffi_s0051-0000000400015612_tess_v01_lc.fits of type generic
63846719,14.48,OK,QLP,6,62977,QLP,
36664361,14.53,OK,GSFC-ELEANOR-LITE,1,1051,GSFC-ELEANOR-LITE,
95014765,14.7,DOWNLOAD_ERROR,,0,0,TARS,Error in reading Data product /home/runner/.cache/lightkurve/mastDownload/HLSP/hlsp_tars_tess_ffi_s0054-0000000095017774_tess/hlsp_tars_tess_ffi_s0054-0000000095017774_tess_v01_lc.fits of type generic
189617316,14.38,OK,GSFC-ELEANOR-LITE,2,1963,GSFC-ELEANOR-LITE,
426522046,14.44,NO_DATA,,0,0,,
276519003,14.46,NO_DATA,,0,0,,
434893307,14.47,NO_DATA,,0,0,,
393954819,14.7,OK,TASOC,2,2292,TASOC,
258490713,14.45,OK,GSFC-ELEANOR-LITE,1,1086,GSFC-ELEANOR-LITE,
312485382,14.47,DOWNLOAD_ERROR,,0,0,TARS,Error in reading Data product /home/runner/.cache/lightkurve/mastDownload/HLSP/hlsp_tars_tess_ffi_s0019-0000000312485376_tess/hlsp_tars_tess_ffi_s0019-0000000312485376_tess_v01_lc.fits of type generic
446361614,14.46,OK,GSFC-ELEANOR-LITE,1,1081,GSFC-ELEANOR-LITE,
329767142,14.59,NO_DATA,,0,0,,
320582655,14.41,NO_DATA,,0,0,,
220864349,14.5,OK,GSFC-ELEANOR-LITE,1,1086,GSFC-ELEANOR-LITE,
55906569,14.68,NO_DATA,,0,0,,
1966237611,14.71,OK,QLP,9,57908,QLP,
79561664,14.66,OK,GSFC-ELEANOR-LITE,2,1934,GSFC-ELEANOR-LITE,
443564597,14.62,OK,GSFC-ELEANOR-LITE,1,1081,GSFC-ELEANOR-LITE,
454536921,14.68,OK,GSFC-ELEANOR-LITE,2,2167,GSFC-ELEANOR-LITE,
358615926,14.5,PROCESSING_ERROR,,0,0,TASOC,"cannot reshape array of size 0 into shape (0,newaxis)"
145977801,14.61,OK,GSFC-ELEANOR-LITE,2,1934,GSFC-ELEANOR-LITE,
177983165,14.64,OK,GSFC-ELEANOR-LITE,1,1072,GSFC-ELEANOR-LITE,
122218220,14.71,NO_DATA,,0,0,,
234933892,14.39,OK,GSFC-ELEANOR-LITE,1,904,GSFC-ELEANOR-LITE,
450691268,14.41,OK,GSFC-ELEANOR-LITE,1,1081,GSFC-ELEANOR-LITE,
206289260,14.7,NO_DATA,,0,0,,
140331661,14.56,OK,GSFC-ELEANOR-LITE,1,1072,GSFC-ELEANOR-LITE,
327370429,14.57,OK,QLP,9,61565,QLP,
135006476,14.46,OK,GSFC-ELEANOR-LITE,1,1086,GSFC-ELEANOR-LITE,
43797372,14.68,NO_DATA,,0,0,,
233286698,14.41,OK,SPOC,1,18322,SPOC,
233096202,14.47,PROCESSING_ERROR,,0,0,TASOC,"cannot reshape array of size 0 into shape (0,newaxis)"
16998763,14.57,NO_DATA,,0,0,,
327552071,14.58,OK,GSFC-ELEANOR-LITE,1,1081,GSFC-ELEANOR-LITE,
200473115,14.41,NO_DATA,,0,0,,
437613680,14.66,OK,GSFC-ELEANOR-LITE,1,1081,GSFC-ELEANOR-LITE,
120362625,14.7,OK,TASOC,2,2292,TASOC,
301525990,14.43,PROCESSING_ERROR,,0,0,CDIPS,The unit 'day' is unrecognized.  It can not be converted to other units.
313868305,14.55,OK,GSFC-ELEANOR-LITE,1,1081,GSFC-ELEANOR-LITE,
120765657,14.4,OK,TASOC,2,2024,TASOC,
377798818,14.42,NO_DATA,,0,0,,
150306178,14.37,NO_DATA,,0,0,,
261367380,14.62,OK,GSFC-ELEANOR-LITE,1,1175,GSFC-ELEANOR-LITE,
29711589,14.56,NO_DATA,,0,0,,
69286639,14.64,NO_DATA,,0,0,,
218256983,14.67,OK,GSFC-ELEANOR-LITE,1,1056,GSFC-ELEANOR-LITE,
396785753,14.58,NO_DATA,,0,0,,
283952911,14.4,OK,GSFC-ELEANOR-LITE,1,1086,GSFC-ELEANOR-LITE,
130455689,14.54,NO_DATA,,0,0,,
235609445,14.7,DOWNLOAD_ERROR,,0,0,TARS,Error in reading Data product /home/runner/.cache/lightkurve/mastDownload/HLSP/hlsp_tars_tess_ffi_s0026-0000000285390287_tess/hlsp_tars_tess_ffi_s0026-0000000285390287_tess_v01_lc.fits of type generic
155174836,14.54,NO_DATA,,0,0,,
394362293,14.43,OK,GSFC-ELEANOR-LITE,2,2167,GSFC-ELEANOR-LITE,
112774274,14.38,NO_DATA,,0,0,,
52777604,14.61,OK,GSFC-ELEANOR-LITE,1,862,GSFC-ELEANOR-LITE,
258107232,14.65,NO_DATA,,0,0,,
319821178,14.59,NO_DATA,,0,0,,
440559759,14.58,NO_DATA,,0,0,,
340552765,14.5,NO_DATA,,0,0,,
280322240,14.64,NO_DATA,,0,0,,
152461155,14.68,OK,GSFC-ELEANOR-LITE,1,1087,GSFC-ELEANOR-LITE,
421237775,14.41,NO_DATA,,0,0,,
382777472,14.66,OK,GSFC-ELEANOR-LITE,2,2164,GSFC-ELEANOR-LITE,
176761575,14.66,OK,GSFC-ELEANOR-LITE,1,904,GSFC-ELEANOR-LITE,
3301170,14.66,OK,GSFC-ELEANOR-LITE,2,1962,GSFC-ELEANOR-LITE,
27193391,14.41,NO_DATA,,0,0,,
364577168,14.64,NO_DATA,,0,0,,
150761154,14.54,NO_DATA,,0,0,,
321510620,14.58,DOWNLOAD_ERROR,,0,0,TARS,Error in reading Data product /home/runner/.cache/lightkurve/mastDownload/HLSP/hlsp_tars_tess_ffi_s0080-0000000321510630_tess/hlsp_tars_tess_ffi_s0080-0000000321510630_tess_v01_lc.fits of type generic
263962855,14.62,PROCESSING_ERROR,,0,0,TASOC,"cannot reshape array of size 0 into shape (0,newaxis)"
439971985,14.39,OK,GSFC-ELEANOR-LITE,1,1081,GSFC-ELEANOR-LITE,
285919733,14.53,OK,GSFC-ELEANOR-LITE,2,2176,GSFC-ELEANOR-LITE,
340591584,14.54,NO_DATA,,0,0,,
274988828,14.5,OK,GSFC-ELEANOR-LITE,2,2211,GSFC-ELEANOR-LITE,
312599571,14.55,OK,GSFC-ELEANOR-LITE,1,1081,GSFC-ELEANOR-LITE,
231390526,14.43,OK,GSFC-ELEANOR-LITE,1,1072,GSFC-ELEANOR-LITE,
95513112,14.68,OK,GSFC-ELEANOR-LITE,1,1072,GSFC-ELEANOR-LITE,
180450347,14.41,NO_DATA,,0,0,,
303898664,14.7,OK,GSFC-ELEANOR-LITE,1,1086,GSFC-ELEANOR-LITE,
285150051,14.66,OK,GSFC-ELEANOR-LITE,2,1934,GSFC-ELEANOR-LITE,
350452287,14.37,NO_DATA,,0,0,,
425914755,14.57,OK,TASOC,4,3908,TASOC,
419366334,14.65,OK,GSFC-ELEANOR-LITE,2,1934,GSFC-ELEANOR-LITE,
287632573,14.6,NO_DATA,,0,0,,
40827282,14.51,NO_DATA,,0,0,,
294787423,14.65,OK,QLP,8,67360,QLP,
224415163,14.61,NO_DATA,,0,0,,
447370539,14.44,OK,GSFC-ELEANOR-LITE,2,2211,GSFC-ELEANOR-LITE,
433581959,14.64,NO_DATA,,0,0,,
163981292,14.67,OK,GSFC-ELEANOR-LITE,1,1029,GSFC-ELEANOR-LITE,
438648151,14.62,OK,GSFC-ELEANOR-LITE,1,1081,GSFC-ELEANOR-LITE,
216103473,14.62,NO_DATA,,0,0,,
285824335,14.52,OK,GSFC-ELEANOR-LITE,2,1966,GSFC-ELEANOR-LITE,
385374682,14.54,NO_DATA,,0,0,,
58382030,14.71,OK,GSFC-ELEANOR-LITE,1,1147,GSFC-ELEANOR-LITE,
3228836,14.54,OK,GSFC-ELEANOR-LITE,2,1962,GSFC-ELEANOR-LITE,
145283802,14.48,OK,GSFC-ELEANOR-LITE,2,1934,GSFC-ELEANOR-LITE,
469255055,14.62,OK,GSFC-ELEANOR-LITE,2,2211,GSFC-ELEANOR-LITE,
403014725,14.44,OK,GSFC-ELEANOR-LITE,1,1086,GSFC-ELEANOR-LITE,
121085093,14.57,NO_DATA,,0,0,,
40875938,14.65,OK,GSFC-ELEANOR-LITE,1,1046,GSFC-ELEANOR-LITE,
342288061,14.45,NO_DATA,,0,0,,
219265042,14.47,OK,GSFC-ELEANOR-LITE,2,2211,GSFC-ELEANOR-LITE,
1338994390,14.69,OK,GSFC-ELEANOR-LITE,1,1054,GSFC-ELEANOR-LITE,
110849932,14.63,NO_DATA,,0,0,,
469456984,14.46,OK,GSFC-ELEANOR-LITE,1,1148,GSFC-ELEANOR-LITE,
301151548,14.38,OK,GSFC-ELEANOR-LITE,1,1086,GSFC-ELEANOR-LITE,
468827188,14.39,NO_DATA,,0,0,,
390969814,14.52,OK,GSFC-ELEANOR-LITE,2,2188,GSFC-ELEANOR-LITE,
197406708,14.67,NO_DATA,,0,0,,
236347212,14.41,OK,QLP,2,4766,QLP,
468006524,14.6,OK,GSFC-ELEANOR-LITE,2,2188,GSFC-ELEANOR-LITE,
341707219,14.67,OK,QLP,5,34150,QLP,
422947060,14.5,OK,GSFC-ELEANOR-LITE,1,963,GSFC-ELEANOR-LITE,
368068395,14.72,NO_DATA,,0,0,,
386039466,14.4,OK,GSFC-ELEANOR-LITE,1,1072,GSFC-ELEANOR-LITE,
272437814,14.63,OK,GSFC-ELEANOR-LITE,2,2211,GSFC-ELEANOR-LITE,
357623744,14.45,NO_DATA,,0,0,,
377515093,14.68,NO_DATA,,0,0,,
22620499,14.5,NO_DATA,,0,0,,
338956667,14.6,NO_DATA,,0,0,,
465348431,14.42,OK,GSFC-ELEANOR-LITE,2,2188,GSFC-ELEANOR-LITE,
373299847,14.6,NO_DATA,,0,0,,
136746685,14.54,NO_DATA,,0,0,,
1981285876,14.7,PROCESSING_ERROR,,0,0,TASOC,"cannot reshape array of size 0 into shape (0,newaxis)"
267818231,14.41,PROCESSING_ERROR,,0,0,TASOC,"cannot reshape array of size 0 into shape (0,newaxis)"
5320411,14.59,NO_DATA,,0,0,,
721808691,14.72,DOWNLOAD_ERROR,,0,0,TARS,Error in reading Data product /home/runner/.cache/lightkurve/mastDownload/HLSP/hlsp_tars_tess_ffi_s0043-0000000721808691_tess/hlsp_tars_tess_ffi_s0043-0000000721808691_tess_v01_lc.fits of type generic
328085270,14.46,NO_DATA,,0,0,,
365928053,14.52,NO_DATA,,0,0,,
264311854,14.39,OK,GSFC-ELEANOR-LITE,1,1072,GSFC-ELEANOR-LITE,
238900996,14.39,NO_DATA,,0,0,,
122032894,14.49,OK,GSFC-ELEANOR-LITE,3,3073,GSFC-ELEANOR-LITE,
276975423,14.62,OK,GSFC-ELEANOR-LITE,2,2263,GSFC-ELEANOR-LITE,
383464519,14.55,NO_DATA,,0,0,,
1331731163,14.49,OK,GSFC-ELEANOR-LITE,1,1048,GSFC-ELEANOR-LITE,
397346293,14.68,OK,GSFC-ELEANOR-LITE,1,1107,GSFC-ELEANOR-LITE,
164320544,14.43,OK,QLP,7,50244,QLP,
70365990,14.42,OK,TASOC,2,1616,TASOC,
331312099,14.68,NO_DATA,,0,0,,
208306897,14.48,OK,GSFC-ELEANOR-LITE,1,1081,GSFC-ELEANOR-LITE,
351009516,14.67,NO_DATA,,0,0,,
240342593,14.71,NO_DATA,,0,0,,
178240409,14.71,OK,CDIPS,1,2772,CDIPS,
20921162,14.41,OK,TASOC,1,11688,TASOC,
426453055,14.68,OK,GSFC-ELEANOR-LITE,1,1086,GSFC-ELEANOR-LITE,
928771178,14.49,OK,GSFC-ELEANOR-LITE,2,2165,GSFC-ELEANOR-LITE,
313372757,14.58,OK,GSFC-ELEANOR-LITE,1,1081,GSFC-ELEANOR-LITE,
711891238,14.44,OK,GSFC-ELEANOR-LITE,1,904,GSFC-ELEANOR-LITE,
1329554663,14.46,OK,GSFC-ELEANOR-LITE,1,1048,GSFC-ELEANOR-LITE,
469281588,14.44,OK,GSFC-ELEANOR-LITE,2,2211,GSFC-ELEANOR-LITE,
175434060,14.43,NO_DATA,,0,0,,
469333103,14.62,OK,GSFC-ELEANOR-LITE,2,2211,GSFC-ELEANOR-LITE,
32416766,14.48,NO_DATA,,0,0,,
374446165,14.54,NO_DATA,,0,0,,
149918144,14.39,NO_DATA,,0,0,,
384288482,14.4,NO_DATA,,0,0,,
443410478,14.51,OK,GSFC-ELEANOR-LITE,1,1081,GSFC-ELEANOR-LITE,
377014052,14.37,OK,GSFC-ELEANOR-LITE,2,2211,GSFC-ELEANOR-LITE,
235603189,14.56,NO_DATA,,0,0,,
369485652,14.4,NO_DATA,,0,0,,
367872858,14.37,NO_DATA,,0,0,,
205742778,14.72,NO_DATA,,0,0,,
356100398,14.6,OK,TASOC,2,2292,TASOC,
178798209,14.56,NO_DATA,,0,0,,
214098098,14.62,NO_DATA,,0,0,,
309604838,14.63,NO_DATA,,0,0,,
61537902,14.66,OK,GSFC-ELEANOR-LITE,1,1087,GSFC-ELEANOR-LITE,
255783655,14.44,OK,GSFC-ELEANOR-LITE,3,2837,GSFC-ELEANOR-LITE,
210408254,14.7,NO_DATA,,0,0,,
145275409,14.58,OK,GSFC-ELEANOR-LITE,2,1934,GSFC-ELEANOR-LITE,
123430241,14.45,NO_DATA,,0,0,,
1109500987,14.59,OK,GSFC-ELEANOR-LITE,1,1086,GSFC-ELEANOR-LITE,
102207991,14.61,OK,GSFC-ELEANOR-LITE,1,1102,GSFC-ELEANOR-LITE,
403542907,14.61,NO_DATA,,0,0,,
55400543,14.71,OK,GSFC-ELEANOR-LITE,12,12260,GSFC-ELEANOR-LITE,
365056522,14.41,NO_DATA,,0,0,,
394171905,14.51,NO_DATA,,0,0,,
44448311,14.6,OK,GSFC-ELEANOR-LITE,1,1100,GSFC-ELEANOR-LITE,
431450877,14.59,NO_DATA,,0,0,,
9630200,14.45,NO_DATA,,0,0,,
113929512,14.59,OK,GSFC-ELEANOR-LITE,1,1072,GSFC-ELEANOR-LITE,
247221656,14.48,OK,GSFC-ELEANOR-LITE,1,1048,GSFC-ELEANOR-LITE,
44449893,14.69,OK,GSFC-ELEANOR-LITE,1,1100,GSFC-ELEANOR-LITE,
238931334,14.95,OK,GSFC-ELEANOR-LITE,4,3961,GSFC-ELEANOR-LITE,
456850805,14.77,OK,GSFC-ELEANOR-LITE,1,1072,GSFC-ELEANOR-LITE,
103833883,14.78,OK,GSFC-ELEANOR-LITE,1,1073,GSFC-ELEANOR-LITE,
463204570,14.92,OK,GSFC-ELEANOR-LITE,2,2211,GSFC-ELEANOR-LITE,
416873662,14.75,NO_DATA,,0,0,,
140784568,14.93,OK,GSFC-ELEANOR-LITE,2,1966,GSFC-ELEANOR-LITE,
453960634,14.87,NO_DATA,,0,0,,
435712589,14.9,NO_DATA,,0,0,,
460701420,14.76,OK,GSFC-ELEANOR-LITE,1,1081,GSFC-ELEANOR-LITE,
235858069,15.0,OK,TASOC,2,2292,TASOC,
274067043,14.96,PROCESSING_ERROR,,0,0,TASOC,"cannot reshape array of size 0 into shape (0,newaxis)"
12502923,14.77,NO_DATA,,0,0,,
376135749,14.96,NO_DATA,,0,0,,
438456488,14.99,OK,GSFC-ELEANOR-LITE,1,904,GSFC-ELEANOR-LITE,
345600874,14.94,DOWNLOAD_ERROR,,0,0,TARS,Error in reading Data product /home/runner/.cache/lightkurve/mastDownload/HLSP/hlsp_tars_tess_ffi_s0024-0000000345600880_tess/hlsp_tars_tess_ffi_s0024-0000000345600880_tess_v01_lc.fits of type generic
76745447,14.83,OK,GSFC-ELEANOR-LITE,1,1104,GSFC-ELEANOR-LITE,
286434343,14.93,OK,GSFC-ELEANOR-LITE,2,1966,GSFC-ELEANOR-LITE,
359310709,14.75,NO_DATA,,0,0,,
229941727,14.95,NO_DATA,,0,0,,
32923711,14.86,OK,GSFC-ELEANOR-LITE,1,1104,GSFC-ELEANOR-LITE,
393642202,15.0,NO_DATA,,0,0,,
162166910,14.78,OK,GSFC-ELEANOR-LITE,1,1082,GSFC-ELEANOR-LITE,
198759860,14.86,OK,TASOC,3,13919,TASOC,
107900701,14.81,NO_DATA,,0,0,,
217732800,14.95,NO_DATA,,0,0,,
385727572,14.92,NO_DATA,,0,0,,
65701415,14.99,OK,GSFC-ELEANOR-LITE,1,1072,GSFC-ELEANOR-LITE,
462319940,14.84,OK,GSFC-ELEANOR-LITE,2,2211,GSFC-ELEANOR-LITE,
97532467,14.96,NO_DATA,,0,0,,
28734189,14.8,OK,GSFC-ELEANOR-LITE,1,1134,GSFC-ELEANOR-LITE,
119873303,14.94,OK,GSFC-ELEANOR-LITE,2,2188,GSFC-ELEANOR-LITE,
423729032,14.76,NO_DATA,,0,0,,
326507425,14.87,NO_DATA,,0,0,,
154005790,14.83,OK,GSFC-ELEANOR-LITE,2,1934,GSFC-ELEANOR-LITE,
295330800,14.95,OK,GSFC-ELEANOR-LITE,2,2211,GSFC-ELEANOR-LITE,
308151619,14.91,OK,GSFC-ELEANOR-LITE,3,3309,GSFC-ELEANOR-LITE,
143347360,14.85,OK,GSFC-ELEANOR-LITE,1,1177,GSFC-ELEANOR-LITE,
450924355,14.77,OK,GSFC-ELEANOR-LITE,1,1081,GSFC-ELEANOR-LITE,
175242837,14.83,NO_DATA,,0,0,,
265666540,14.79,NO_DATA,,0,0,,
467962259,14.82,OK,GSFC-ELEANOR-LITE,1,1177,GSFC-ELEANOR-LITE,
346665703,14.75,OK,TASOC,2,2292,TASOC,
38250916,14.84,NO_DATA,,0,0,,
392662421,14.84,OK,TASOC,2,1616,TASOC,
434673037,14.74,NO_DATA,,0,0,,
12806169,14.82,PROCESSING_ERROR,,0,0,TASOC,"cannot reshape array of size 0 into shape (0,newaxis)"
51897705,14.8,OK,GSFC-ELEANOR-LITE,2,1975,GSFC-ELEANOR-LITE,
269145281,14.91,PROCESSING_ERROR,,0,0,TASOC,"cannot reshape array of size 0 into shape (0,newaxis)"
219711073,15.7,OK,GSFC-ELEANOR-LITE,2,2211,GSFC-ELEANOR-LITE,
161069495,15.0,NO_DATA,,0,0,,
446125549,14.83,NO_DATA,,0,0,,
91214895,14.95,OK,TASOC,4,3634,TASOC,
124887743,14.99,NO_DATA,,0,0,,
305239566,14.85,DOWNLOAD_ERROR,,0,0,TARS,Error in reading Data product /home/runner/.cache/lightkurve/mastDownload/HLSP/hlsp_tars_tess_ffi_s0054-0000000305239566_tess/hlsp_tars_tess_ffi_s0054-0000000305239566_tess_v01_lc.fits of type generic
78005488,14.94,OK,GSFC-ELEANOR-LITE,1,1104,GSFC-ELEANOR-LITE,
412878715,14.92,NO_DATA,,0,0,,
435715551,14.99,NO_DATA,,0,0,,
197734660,14.74,OK,GSFC-ELEANOR-LITE,1,1062,GSFC-ELEANOR-LITE,
298792959,14.8,OK,GSFC-ELEANOR-LITE,1,1104,GSFC-ELEANOR-LITE,
1499200390,14.83,DOWNLOAD_ERROR,,0,0,TARS,Error in reading Data product /home/runner/.cache/lightkurve/mastDownload/HLSP/hlsp_tars_tess_ffi_s0080-0000000062592391_tess/hlsp_tars_tess_ffi_s0080-0000000062592391_tess_v01_lc.fits of type generic
210225276,14.98,NO_DATA,,0,0,,
375393853,14.92,NO_DATA,,0,0,,
1228495160,14.87,OK,GSFC-ELEANOR-LITE,1,1086,GSFC-ELEANOR-LITE,
465865896,14.76,OK,GSFC-ELEANOR-LITE,2,2188,GSFC-ELEANOR-LITE,
427520537,14.83,NO_DATA,,0,0,,
360082593,14.86,OK,GSFC-ELEANOR-LITE,2,2167,GSFC-ELEANOR-LITE,
130804118,14.95,OK,GSFC-ELEANOR-LITE,1,1086,GSFC-ELEANOR-LITE,
122029168,14.74,OK,GSFC-ELEANOR-LITE,3,3073,GSFC-ELEANOR-LITE,
100688272,14.92,NO_DATA,,0,0,,
137617322,14.89,NO_DATA,,0,0,,
439012094,14.85,NO_DATA,,0,0,,
330975150,14.91,PROCESSING_ERROR,,0,0,TASOC,"cannot reshape array of size 0 into shape (0,newaxis)"
300297733,14.94,OK,GSFC-ELEANOR-LITE,2,2190,GSFC-ELEANOR-LITE,
432373654,14.76,OK,GSFC-ELEANOR-LITE,2,2211,GSFC-ELEANOR-LITE,
138406003,14.91,NO_DATA,,0,0,,
1862393219,14.96,DOWNLOAD_ERROR,,0,0,"TASOC,TARS",Error in reading Data product /home/runner/.cache/lightkurve/mastDownload/HLSP/hlsp_tars_tess_ffi_s0014-0000000452017538_tess/hlsp_tars_tess_ffi_s0014-0000000452017538_tess_v01_lc.fits of type generic
84977219,14.8,NO_DATA,,0,0,,
296735209,14.82,OK,GSFC-ELEANOR-LITE,1,862,GSFC-ELEANOR-LITE,
220296310,14.86,OK,GSFC-ELEANOR-LITE,1,904,GSFC-ELEANOR-LITE,
157329268,14.91,OK,QLP,3,17433,QLP,
314750728,14.98,DOWNLOAD_ERROR,,0,0,TARS,Error in reading Data product /home/runner/.cache/lightkurve/mastDownload/HLSP/hlsp_tars_tess_ffi_s0040-0000000314750720_tess/hlsp_tars_tess_ffi_s0040-0000000314750720_tess_v01_lc.fits of type generic
271944854,14.89,OK,GSFC-ELEANOR-LITE,2,2165,GSFC-ELEANOR-LITE,
314011819,14.91,OK,GSFC-ELEANOR-LITE,1,1081,GSFC-ELEANOR-LITE,
334016107,14.81,NO_DATA,,0,0,,
293557388,14.78,OK,GSFC-ELEANOR-LITE,2,1966,GSFC-ELEANOR-LITE,
101302319,14.97,NO_DATA,,0,0,,
424801678,14.8,NO_DATA,,0,0,,
366075898,14.84,NO_DATA,,0,0,,
263662928,14.78,OK,GSFC-ELEANOR-LITE,1,1086,GSFC-ELEANOR-LITE,
456713146,14.78,NO_DATA,,0,0,,
2809690,14.91,NO_DATA,,0,0,,
178068484,14.81,OK,GSFC-ELEANOR-LITE,1,1072,GSFC-ELEANOR-LITE,
1814661364,14.79,NO_DATA,,0,0,,
286529005,14.97,NO_DATA,,0,0,,
247522076,14.81,OK,GSFC-ELEANOR-LITE,1,904,GSFC-ELEANOR-LITE,
336926907,14.86,OK,GSFC-ELEANOR-LITE,2,2164,GSFC-ELEANOR-LITE,
205901499,14.91,NO_DATA,,0,0,,
178813163,14.9,NO_DATA,,0,0,,
318425831,14.88,NO_DATA,,0,0,,
305701426,15.0,OK,GSFC-ELEANOR-LITE,1,1085,GSFC-ELEANOR-LITE,
367110897,14.79,DOWNLOAD_ERROR,,0,0,TARS,Error in reading Data product /home/runner/.cache/lightkurve/mastDownload/HLSP/hlsp_tars_tess_ffi_s0019-0000000367110894_tess/hlsp_tars_tess_ffi_s0019-0000000367110894_tess_v01_lc.fits of type generic
65268374,14.93,NO_DATA,,0,0,,
363385559,14.8,OK,GSFC-ELEANOR-LITE,1,1100,GSFC-ELEANOR-LITE,
364204702,14.81,NO_DATA,,0,0,,
46161132,14.79,OK,GSFC-ELEANOR-LITE,1,1047,GSFC-ELEANOR-LITE,
294523567,14.9,OK,GSFC-ELEANOR-LITE,1,1082,GSFC-ELEANOR-LITE,
317202255,14.88,NO_DATA,,0,0,,
406078093,15.71,PROCESSING_ERROR,,0,0,TASOC,"cannot reshape array of size 0 into shape (0,newaxis)"
381659109,14.81,NO_DATA,,0,0,,
342774673,14.86,NO_DATA,,0,0,,
88740497,14.91,OK,GSFC-ELEANOR-LITE,1,1086,GSFC-ELEANOR-LITE,
210647309,14.98,OK,GSFC-ELEANOR-LITE,1,1070,GSFC-ELEANOR-LITE,
439028184,14.9,NO_DATA,,0,0,,
171654774,14.78,PROCESSING_ERROR,,0,0,TASOC,"cannot reshape array of size 0 into shape (0,newaxis)"
297523178,14.81,NO_DATA,,0,0,,
361273450,14.86,OK,GSFC-ELEANOR-LITE,1,1086,GSFC-ELEANOR-LITE,
372148445,14.87,NO_DATA,,0,0,,
7354604,14.84,NO_DATA,,0,0,,
345336336,14.84,NO_DATA,,0,0,,
8893441,14.73,NO_DATA,,0,0,,
396659961,14.91,NO_DATA,,0,0,,
244365658,14.76,NO_DATA,,0,0,,
245486169,14.98,OK,GSFC-ELEANOR-LITE,1,1081,GSFC-ELEANOR-LITE,
378644934,14.98,NO_DATA,,0,0,,
3067649,14.86,NO_DATA,,0,0,,
369290369,14.96,PROCESSING_ERROR,,0,0,TASOC,"cannot reshape array of size 0 into shape (0,newaxis)"
278388827,14.85,NO_DATA,,0,0,,
355792741,14.8,NO_DATA,,0,0,,
82556330,14.74,NO_DATA,,0,0,,
384773438,14.88,OK,GSFC-ELEANOR-LITE,1,1107,GSFC-ELEANOR-LITE,
411399308,14.84,OK,GSFC-ELEANOR-LITE,1,1081,GSFC-ELEANOR-LITE,
1507489633,14.77,NO_DATA,,0,0,,
150363940,14.79,DOWNLOAD_ERROR,,0,0,"TASOC,TARS",Error in reading Data product /home/runner/.cache/lightkurve/mastDownload/HLSP/hlsp_tars_tess_ffi_s0015-0000000150363940_tess/hlsp_tars_tess_ffi_s0015-0000000150363940_tess_v01_lc.fits of type generic
109310537,14.86,OK,GSFC-ELEANOR-LITE,1,1072,GSFC-ELEANOR-LITE,
279161506,14.96,OK,GSFC-ELEANOR-LITE,12,12404,GSFC-ELEANOR-LITE,
352535202,14.89,NO_DATA,,0,0,,
244872990,14.78,OK,GSFC-ELEANOR-LITE,1,1081,GSFC-ELEANOR-LITE,
277758059,14.74,DOWNLOAD_ERROR,,0,0,TARS,Error in reading Data product /home/runner/.cache/lightkurve/mastDownload/HLSP/hlsp_tars_tess_ffi_s0014-0000000277758053_tess/hlsp_tars_tess_ffi_s0014-0000000277758053_tess_v01_lc.fits of type generic
223954314,14.95,NO_DATA,,0,0,,
100087825,15.0,NO_DATA,,0,0,,
26476563,14.8,NO_DATA,,0,0,,
264252045,14.82,PROCESSING_ERROR,,0,0,TASOC,"cannot reshape array of size 0 into shape (0,newaxis)"
83951028,14.88,NO_DATA,,0,0,,
310868400,14.75,NO_DATA,,0,0,,
250809948,14.9,NO_DATA,,0,0,,
294973858,14.93,OK,GSFC-ELEANOR-LITE,2,2211,GSFC-ELEANOR-LITE,
209929540,14.96,NO_DATA,,0,0,,
377623054,14.93,NO_DATA,,0,0,,
78184169,14.97,OK,GSFC-ELEANOR-LITE,1,1104,GSFC-ELEANOR-LITE,
417898591,14.93,NO_DATA,,0,0,,
48356391,14.98,OK,TASOC,4,4180,TASOC,
124890779,14.82,NO_DATA,,0,0,,
387038386,14.93,NO_DATA,,0,0,,
371138764,14.86,NO_DATA,,0,0,,
74630742,14.95,OK,GSFC-ELEANOR-LITE,2,1966,GSFC-ELEANOR-LITE,
310350558,14.74,NO_DATA,,0,0,,
19684006,14.79,OK,GSFC-ELEANOR-LITE,2,1962,GSFC-ELEANOR-LITE,
441764130,14.98,OK,TASOC,2,2032,TASOC,
68554554,14.98,PROCESSING_ERROR,,0,0,TASOC,"cannot reshape array of size 0 into shape (0,newaxis)"
1746935602,14.85,DOWNLOAD_ERROR,,0,0,TARS,Error in reading Data product /home/runner/.cache/lightkurve/mastDownload/HLSP/hlsp_tars_tess_ffi_s0080-0000000144845058_tess/hlsp_tars_tess_ffi_s0080-0000000144845058_tess_v01_lc.fits of type generic
63066993,14.99,NO_DATA,,0,0,,
94777222,14.98,OK,GSFC-ELEANOR-LITE,1,1072,GSFC-ELEANOR-LITE,
102772663,14.73,OK,GSFC-ELEANOR-LITE,2,2189,GSFC-ELEANOR-LITE,
333331172,14.83,NO_DATA,,0,0,,
210145809,14.99,NO_DATA,,0,0,,
81096304,14.89,OK,GSFC-ELEANOR-LITE,1,1104,GSFC-ELEANOR-LITE,
203571721,14.73,NO_DATA,,0,0,,
470640038,15.0,NO_DATA,,0,0,,
6600854,14.85,OK,GSFC-ELEANOR-LITE,1,1177,GSFC-ELEANOR-LITE,
349589053,14.88,NO_DATA,,0,0,,
459265308,14.83,OK,GSFC-ELEANOR-LITE,1,1107,GSFC-ELEANOR-LITE,
234721268,14.74,OK,GSFC-ELEANOR-LITE,1,904,GSFC-ELEANOR-LITE,
197662893,14.81,NO_DATA,,0,0,,
188674535,14.94,OK,GSFC-ELEANOR-LITE,1,1032,GSFC-ELEANOR-LITE,
54794591,14.9,NO_DATA,,0,0,,
10030729,14.91,NO_DATA,,0,0,,
1026734437,14.91,OK,GSFC-ELEANOR-LITE,1,1081,GSFC-ELEANOR-LITE,
51383121,14.92,NO_DATA,,0,0,,
176193963,14.99,OK,GSFC-ELEANOR-LITE,1,1077,GSFC-ELEANOR-LITE,
93334375,14.82,NO_DATA,,0,0,,
391744784,14.98,OK,GSFC-ELEANOR-LITE,12,12263,GSFC-ELEANOR-LITE,
180994795,14.75,OK,GSFC-ELEANOR-LITE,1,1087,GSFC-ELEANOR-LITE,
229584025,15.0,OK,QLP,30,239639,QLP,
270441934,14.98,NO_DATA,,0,0,,
327422997,14.91,OK,GSFC-ELEANOR-LITE,1,1081,GSFC-ELEANOR-LITE,
28124823,14.74,OK,QLP,6,44305,QLP,
68198359,14.81,NO_DATA,,0,0,,
340069320,14.91,NO_DATA,,0,0,,
300361617,15.0,OK,GSFC-ELEANOR-LITE,1,1081,GSFC-ELEANOR-LITE,
362940945,14.74,OK,GSFC-ELEANOR-LITE,3,3292,GSFC-ELEANOR-LITE,
64436087,14.75,OK,GSFC-ELEANOR-LITE,1,1086,GSFC-ELEANOR-LITE,
137347956,14.87,OK,Kepler,14,54967,Kepler,
178526331,14.78,NO_DATA,,0,0,,
185980945,14.83,OK,GSFC-ELEANOR-LITE,1,862,GSFC-ELEANOR-LITE,
216935767,14.79,OK,GSFC-ELEANOR-LITE,1,1049,GSFC-ELEANOR-LITE,
304891773,14.84,OK,GSFC-ELEANOR-LITE,2,2188,GSFC-ELEANOR-LITE,
186659544,14.74,OK,GSFC-ELEANOR-LITE,1,862,GSFC-ELEANOR-LITE,
383092059,14.96,OK,GSFC-ELEANOR-LITE,2,2165,GSFC-ELEANOR-LITE,
47309579,14.88,OK,GSFC-ELEANOR-LITE,1,1086,GSFC-ELEANOR-LITE,
436124413,14.93,NO_DATA,,0,0,,
224053156,10.95,OK,QLP,2,13473,QLP,
454051386,10.24,OK,TESS-SPOC,4,17854,TESS-SPOC,
326070891,12.73,OK,GSFC-ELEANOR-LITE,1,1032,GSFC-ELEANOR-LITE,
236332387,13.01,OK,TESS-SPOC,3,3573,TESS-SPOC,
230243692,12.85,OK,QLP,5,29811,QLP,
375574868,12.43,OK,QLP,1,2759,QLP,
73499448,12.21,OK,GSFC-ELEANOR-LITE,1,1101,GSFC-ELEANOR-LITE,
158377564,12.27,OK,GSFC-ELEANOR-LITE,2,2189,GSFC-ELEANOR-LITE,
79396314,11.64,OK,TESS-SPOC,4,21506,TESS-SPOC,
349408012,12.37,OK,TESS-SPOC,13,23665,TESS-SPOC,
86901759,11.57,OK,QLP,5,30196,QLP,
250436916,12.65,OK,GSFC-ELEANOR-LITE,1,1081,GSFC-ELEANOR-LITE,
220168034,12.32,OK,GSFC-ELEANOR-LITE,2,2211,GSFC-ELEANOR-LITE,
394473712,9.85,OK,TESS-SPOC,2,17004,TESS-SPOC,
183356036,9.8,OK,TESS-SPOC,2,19770,TESS-SPOC,
341029450,12.84,OK,GSFC-ELEANOR-LITE,1,1086,GSFC-ELEANOR-LITE,
399639926,11.13,OK,GSFC-ELEANOR-LITE,2,2188,GSFC-ELEANOR-LITE,
96872867,12.49,OK,QLP,3,21450,QLP,
427394892,12.48,OK,GSFC-ELEANOR-LITE,1,904,GSFC-ELEANOR-LITE,
466091533,12.38,OK,GSFC-ELEANOR-LITE,1,1177,GSFC-ELEANOR-LITE,
111240209,11.58,OK,QLP,4,37184,QLP,
444544385,11.37,OK,GSFC-ELEANOR-LITE,2,2211,GSFC-ELEANOR-LITE,
430365828,10.82,OK,QLP,8,65221,QLP,
59555118,12.83,OK,GSFC-ELEANOR-LITE,1,1147,GSFC-ELEANOR-LITE,
76798849,12.8,OK,SPOC,2,29707,SPOC,
402718926,10.58,OK,TESS-SPOC,2,4717,TESS-SPOC,
383339032,12.92,OK,GSFC-ELEANOR-LITE,1,1081,GSFC-ELEANOR-LITE,
90375194,12.81,OK,GSFC-ELEANOR-LITE,1,1081,GSFC-ELEANOR-LITE,
366677194,11.25,OK,TESS-SPOC,11,61824,TESS-SPOC,
66683755,12.14,OK,QLP,4,25112,QLP,
118257336,12.99,OK,GSFC-ELEANOR-LITE,3,3073,GSFC-ELEANOR-LITE,
278191650,10.29,OK,TESS-SPOC,1,6457,TESS-SPOC,
342178878,12.05,OK,QLP,4,19426,QLP,
264222472,10.56,OK,TESS-SPOC,17,164380,TESS-SPOC,
273058176,11.09,OK,GSFC-ELEANOR-LITE,1,1084,GSFC-ELEANOR-LITE,
142727790,12.79,OK,TESS-SPOC,5,8676,TESS-SPOC,
437266238,10.36,OK,GSFC-ELEANOR-LITE,1,1100,GSFC-ELEANOR-LITE,
378085161,12.92,OK,QLP,9,60818,QLP,
313562204,12.32,OK,QLP,6,32772,QLP,
370518921,11.68,OK,QLP,4,34792,QLP,
43302206,12.71,OK,QLP,8,46877,QLP,
403734727,12.63,OK,GSFC-ELEANOR-LITE,1,1087,GSFC-ELEANOR-LITE,
273787849,12.28,OK,TESS-SPOC,5,12286,TESS-SPOC,
193308029,12.04,OK,QLP,5,45521,QLP,
229461267,11.36,OK,TESS-SPOC,17,37154,TESS-SPOC,
239661046,11.25,OK,TESS-SPOC,2,10271,TESS-SPOC,
309026977,9.54,OK,SPOC,3,45134,SPOC,
31595993,12.98,OK,QLP,1,11077,QLP,
367106159,12.58,OK,QLP,5,36538,QLP,
111025841,12.21,OK,QLP,5,45336,QLP,
318675612,11.23,OK,GSFC-ELEANOR-LITE,2,2188,GSFC-ELEANOR-LITE,
433954222,12.54,OK,QLP,2,21463,QLP,
333616241,13.0,OK,QLP,5,31117,QLP,
181425951,12.69,OK,GSFC-ELEANOR-LITE,1,862,GSFC-ELEANOR-LITE,
229649695,12.95,OK,QLP,40,239332,QLP,
235424771,12.46,OK,GSFC-ELEANOR-LITE,1,1054,GSFC-ELEANOR-LITE,
446566153,12.3,OK,QLP,2,13401,QLP,
258208713,12.56,OK,QLP,2,18303,QLP,
355917709,12.56,OK,TESS-SPOC,9,30315,TESS-SPOC,
358332450,12.4,OK,QLP,8,62107,QLP,
202814221,11.79,OK,QLP,7,42987,QLP,
183421724,11.31,OK,QLP,2,13640,QLP,
373648410,12.68,OK,QLP,1,11081,QLP,
35723345,12.25,OK,TESS-SPOC,2,4137,TESS-SPOC,
310964431,10.01,OK,SPOC,4,72095,SPOC,
333339071,9.78,OK,GSFC-ELEANOR-LITE,1,903,GSFC-ELEANOR-LITE,
397061058,11.87,OK,GSFC-ELEANOR-LITE,1,1117,GSFC-ELEANOR-LITE,
40518932,12.63,OK,GSFC-ELEANOR-LITE,13,13367,GSFC-ELEANOR-LITE,
138327059,10.84,OK,TESS-SPOC,5,11270,TESS-SPOC,
44532670,11.31,OK,TESS-SPOC,1,7401,TESS-SPOC,
467238124,10.37,OK,GSFC-ELEANOR-LITE,2,2188,GSFC-ELEANOR-LITE,
365927039,12.1,OK,QLP,2,18302,QLP,
20703575,12.78,OK,QLP,3,23367,QLP,
411677390,12.29,OK,TESS-SPOC,1,845,TESS-SPOC,
342241105,9.88,OK,TESS-SPOC,1,6931,TESS-SPOC,
222230617,10.47,OK,GSFC-ELEANOR-LITE,1,1086,GSFC-ELEANOR-LITE,
411592261,11.82,OK,GSFC-ELEANOR-LITE,1,1081,GSFC-ELEANOR-LITE,
93120103,11.68,OK,GSFC-ELEANOR-LITE,2,1966,GSFC-ELEANOR-LITE,
179852647,12.97,OK,QLP,2,12909,QLP,
29341425,11.39,OK,GSFC-ELEANOR-LITE,2,1966,GSFC-ELEANOR-LITE,
43790225,12.92,OK,QLP,5,29574,QLP,
251794055,11.08,OK,QLP,2,13099,QLP,
469366078,11.92,OK,QLP,4,36617,QLP,
224513390,12.25,OK,QLP,5,23164,QLP,
152698107,12.59,OK,GSFC-ELEANOR-LITE,2,1934,GSFC-ELEANOR-LITE,
387178886,10.78,OK,GSFC-ELEANOR-LITE,2,2211,GSFC-ELEANOR-LITE,
309574518,11.91,OK,QLP,2,13074,QLP,
330705957,12.38,OK,QLP,4,34792,QLP,
237049056,12.96,OK,QLP,18,127531,QLP,
376813009,12.52,OK,TESS-SPOC,2,12291,TESS-SPOC,
207981861,12.68,OK,SPOC,4,63266,SPOC,
173513888,11.95,OK,TESS-SPOC,3,5274,TESS-SPOC,
358806535,12.63,OK,TESS-SPOC,23,46024,TESS-SPOC,
60862432,12.6,OK,QLP,4,23374,QLP,
335378221,10.68,OK,TESS-SPOC,3,14372,TESS-SPOC,
159614865,9.46,OK,TESS-SPOC,3,22403,TESS-SPOC,
42100105,12.78,OK,QLP,7,45663,QLP,
282337764,12.22,OK,QLP,2,14528,QLP,
230232752,11.89,OK,QLP,4,16330,QLP,
399840488,11.44,OK,GSFC-ELEANOR-LITE,2,2188,GSFC-ELEANOR-LITE,
313987056,13.65,NO_DATA,,0,0,,
230151048,13.83,OK,GSFC-ELEANOR-LITE,1,1054,GSFC-ELEANOR-LITE,
84638541,13.83,NO_DATA,,0,0,,
374197936,13.88,NO_DATA,,0,0,,
33883520,13.37,OK,QLP,6,48789,QLP,
72362925,13.1,OK,QLP,3,23395,QLP,
154756096,13.44,OK,GSFC-ELEANOR-LITE,2,1934,GSFC-ELEANOR-LITE,
239787180,13.6,DOWNLOAD_ERROR,,0,0,TARS,Error in reading Data product /home/runner/.cache/lightkurve/mastDownload/HLSP/hlsp_tars_tess_ffi_s0019-0000000239787171_tess/hlsp_tars_tess_ffi_s0019-0000000239787171_tess_v01_lc.fits of type generic
296551098,13.85,OK,TASOC,4,3700,TASOC,
93588191,13.88,NO_DATA,,0,0,,
150230753,13.75,OK,GSFC-ELEANOR-LITE,1,1077,GSFC-ELEANOR-LITE,
43673557,13.67,OK,TASOC,2,2292,TASOC,
186134178,13.51,PROCESSING_ERROR,,0,0,TASOC,"cannot reshape array of size 0 into shape (0,newaxis)"
394179382,13.82,OK,TASOC,1,11872,TASOC,
313374362,13.8,OK,GSFC-ELEANOR-LITE,1,1081,GSFC-ELEANOR-LITE,
70341519,13.74,NO_DATA,,0,0,,
64197219,13.63,PROCESSING_ERROR,,0,0,TASOC,"cannot reshape array of size 0 into shape (0,newaxis)"
87922782,13.16,OK,QLP,8,56710,QLP,
237112214,13.08,OK,QLP,3,15193,QLP,
376087320,13.12,OK,QLP,11,70558,QLP,
231055671,13.31,OK,GSFC-ELEANOR-LITE,2,1826,GSFC-ELEANOR-LITE,
139781950,13.57,OK,GSFC-ELEANOR-LITE,1,1072,GSFC-ELEANOR-LITE,
414329885,13.72,NO_DATA,,0,0,,
236774082,13.39,OK,QLP,26,174576,QLP,
335293101,13.38,OK,QLP,3,25818,QLP,
132099466,13.08,OK,QLP,1,10621,QLP,
47838969,13.46,OK,GSFC-ELEANOR-LITE,1,1054,GSFC-ELEANOR-LITE,
393987310,13.52,OK,GSFC-ELEANOR-LITE,1,862,GSFC-ELEANOR-LITE,
349758905,13.58,NO_DATA,,0,0,,
269712765,13.09,OK,QLP,9,61564,QLP,
299181668,13.78,OK,GSFC-ELEANOR-LITE,1,1081,GSFC-ELEANOR-LITE,
363785914,13.25,OK,GSFC-ELEANOR-LITE,1,1177,GSFC-ELEANOR-LITE,
12058959,13.69,OK,GSFC-ELEANOR-LITE,1,1100,GSFC-ELEANOR-LITE,
348385679,13.1,OK,QLP,4,32700,QLP,
218093061,13.45,OK,GSFC-ELEANOR-LITE,1,1056,GSFC-ELEANOR-LITE,
1423111080,13.08,OK,QLP,4,35126,QLP,
10489470,13.21,OK,QLP,5,32422,QLP,
417953725,13.61,NO_DATA,,0,0,,
451543161,13.74,OK,GSFC-ELEANOR-LITE,2,2165,GSFC-ELEANOR-LITE,
257423941,13.25,OK,GSFC-ELEANOR-LITE,1,1148,GSFC-ELEANOR-LITE,
51756252,13.81,NO_DATA,,0,0,,
135261523,13.39,OK,QLP,4,11409,QLP,
324000377,13.45,OK,GSFC-ELEANOR-LITE,1,1147,GSFC-ELEANOR-LITE,
47148579,13.4,OK,GSFC-ELEANOR-LITE,1,1032,GSFC-ELEANOR-LITE,
295403854,13.17,OK,GSFC-ELEANOR-LITE,1,1072,GSFC-ELEANOR-LITE,
233976543,13.23,OK,GSFC-ELEANOR-LITE,1,904,GSFC-ELEANOR-LITE,
147586880,13.58,OK,GSFC-ELEANOR-LITE,1,1072,GSFC-ELEANOR-LITE,
153236179,13.82,OK,GSFC-ELEANOR-LITE,1,1032,GSFC-ELEANOR-LITE,
241210759,13.77,DOWNLOAD_ERROR,,0,0,TARS,Error in reading Data product /home/runner/.cache/lightkurve/mastDownload/HLSP/hlsp_tars_tess_ffi_s0060-0000000241210759_tess/hlsp_tars_tess_ffi_s0060-0000000241210759_tess_v01_lc.fits of type generic
279191018,13.34,OK,QLP,7,43040,QLP,
216579879,13.55,OK,GSFC-ELEANOR-LITE,1,1086,GSFC-ELEANOR-LITE,
257024785,13.81,PROCESSING_ERROR,,0,0,TASOC,"cannot reshape array of size 0 into shape (0,newaxis)"
462780903,13.29,OK,GSFC-ELEANOR-LITE,2,2211,GSFC-ELEANOR-LITE,
385465655,13.07,OK,GSFC-ELEANOR-LITE,2,2211,GSFC-ELEANOR-LITE,
245017643,13.38,OK,QLP,4,12232,QLP,
256556838,13.81,NO_DATA,,0,0,,
138335497,13.3,OK,QLP,5,25972,QLP,
176190730,13.34,OK,QLP,3,23580,QLP,
338511048,13.88,NO_DATA,,0,0,,
355282141,13.04,OK,GSFC-ELEANOR-LITE,4,3941,GSFC-ELEANOR-LITE,
233377179,13.74,PROCESSING_ERROR,,0,0,TASOC,"cannot reshape array of size 0 into shape (0,newaxis)"
253206745,13.36,OK,GSFC-ELEANOR-LITE,1,1081,GSFC-ELEANOR-LITE,
166300064,13.87,NO_DATA,,0,0,,
281401379,13.73,OK,GSFC-ELEANOR-LITE,2,2188,GSFC-ELEANOR-LITE,
165449095,13.49,OK,TESS-SPOC,4,5433,TESS-SPOC,
256036926,13.88,NO_DATA,,0,0,,
383834423,13.57,NO_DATA,,0,0,,
331055111,13.87,NO_DATA,,0,0,,
228076462,13.2,OK,QLP,2,13055,QLP,
280511286,13.76,OK,GSFC-ELEANOR-LITE,2,2188,GSFC-ELEANOR-LITE,
144007377,13.77,NO_DATA,,0,0,,
464378478,13.79,OK,GSFC-ELEANOR-LITE,1,1177,GSFC-ELEANOR-LITE,
41907796,13.29,OK,QLP,8,46880,QLP,
76071512,13.34,OK,GSFC-ELEANOR-LITE,2,1966,GSFC-ELEANOR-LITE,
308640069,13.39,OK,GSFC-ELEANOR-LITE,1,862,GSFC-ELEANOR-LITE,
373745924,13.12,OK,QLP,2,13172,QLP,
468659869,13.37,OK,QLP,6,53305,QLP,
356542880,13.11,OK,TESS-SPOC,4,11133,TESS-SPOC,
387851535,13.2,OK,QLP,6,62977,QLP,
250766266,13.55,NO_DATA,,0,0,,
80831976,13.88,OK,GSFC-ELEANOR-LITE,1,904,GSFC-ELEANOR-LITE,
298293339,13.83,PROCESSING_ERROR,,0,0,TASOC,"cannot reshape array of size 0 into shape (0,newaxis)"
329694178,13.78,OK,GSFC-ELEANOR-LITE,1,1081,GSFC-ELEANOR-LITE,
440087239,13.56,OK,GSFC-ELEANOR-LITE,1,1081,GSFC-ELEANOR-LITE,
100131632,13.41,OK,QLP,2,13237,QLP,
382127748,13.78,OK,GSFC-ELEANOR-LITE,1,1053,GSFC-ELEANOR-LITE,
291026938,13.18,OK,QLP,5,20379,QLP,
87143836,13.88,NO_DATA,,0,0,,
133609606,13.22,OK,QLP,2,13320,QLP,
136088386,13.04,OK,QLP,8,62132,QLP,
22146143,13.36,OK,GSFC-ELEANOR-LITE,1,1101,GSFC-ELEANOR-LITE,
294666112,13.86,OK,GSFC-ELEANOR-LITE,12,12243,GSFC-ELEANOR-LITE,
386258662,13.77,OK,GSFC-ELEANOR-LITE,2,1934,GSFC-ELEANOR-LITE,
89376645,13.8,PROCESSING_ERROR,,0,0,TASOC,"cannot reshape array of size 0 into shape (0,newaxis)"
457801269,13.08,OK,QLP,6,49311,QLP,
465415452,13.13,OK,GSFC-ELEANOR-LITE,2,2188,GSFC-ELEANOR-LITE,
43333200,13.88,PROCESSING_ERROR,,0,0,TASOC,"cannot reshape array of size 0 into shape (0,newaxis)"
356066992,13.74,NO_DATA,,0,0,,
229608816,14.16,NO_DATA,,0,0,,
305149111,14.27,NO_DATA,,0,0,,
466456902,13.97,OK,GSFC-ELEANOR-LITE,2,2188,GSFC-ELEANOR-LITE,
117162252,14.19,NO_DATA,,0,0,,
161253575,14.35,OK,GSFC-ELEANOR-LITE,1,1029,GSFC-ELEANOR-LITE,
307578129,13.93,NO_DATA,,0,0,,
2048205068,14.17,NO_DATA,,0,0,,
403703761,14.1,NO_DATA,,0,0,,
464731955,14.23,OK,GSFC-ELEANOR-LITE,1,1107,GSFC-ELEANOR-LITE,
386242148,14.17,OK,GSFC-ELEANOR-LITE,1,1104,GSFC-ELEANOR-LITE,
67299643,14.26,NO_DATA,,0,0,,
145599597,14.07,OK,GSFC-ELEANOR-LITE,2,1966,GSFC-ELEANOR-LITE,
88211291,14.21,NO_DATA,,0,0,,
405292502,14.26,NO_DATA,,0,0,,
394015874,14.12,OK,GSFC-ELEANOR-LITE,1,1062,GSFC-ELEANOR-LITE,
393933204,14.09,OK,GSFC-ELEANOR-LITE,2,2167,GSFC-ELEANOR-LITE,
452504224,14.29,NO_DATA,,0,0,,
414578669,14.19,NO_DATA,,0,0,,
275307418,14.24,NO_DATA,,0,0,,
468865235,14.14,NO_DATA,,0,0,,
13880527,14.3,NO_DATA,,0,0,,
63248811,14.1,OK,GSFC-ELEANOR-LITE,1,1177,GSFC-ELEANOR-LITE,
373959519,13.89,NO_DATA,,0,0,,
142850975,14.32,OK,GSFC-ELEANOR-LITE,1,963,GSFC-ELEANOR-LITE,
83867009,14.1,NO_DATA,,0,0,,
256179454,14.17,OK,TASOC,2,2292,TASOC,
457526823,13.95,OK,GSFC-ELEANOR-LITE,1,1081,GSFC-ELEANOR-LITE,
219571026,14.0,NO_DATA,,0,0,,
10066367,14.12,OK,GSFC-ELEANOR-LITE,1,1072,GSFC-ELEANOR-LITE,
62106186,14.18,NO_DATA,,0,0,,
453809910,14.24,OK,GSFC-ELEANOR-LITE,2,2167,GSFC-ELEANOR-LITE,
319719436,13.9,NO_DATA,,0,0,,
410951497,14.0,OK,GSFC-ELEANOR-LITE,1,1073,GSFC-ELEANOR-LITE,
285976855,14.2,NO_DATA,,0,0,,
260332994,14.28,OK,GSFC-ELEANOR-LITE,1,1086,GSFC-ELEANOR-LITE,
341841213,14.31,NO_DATA,,0,0,,
75635449,13.93,OK,GSFC-ELEANOR-LITE,2,1966,GSFC-ELEANOR-LITE,
149960493,14.15,OK,GSFC-ELEANOR-LITE,2,1934,GSFC-ELEANOR-LITE,
308517293,14.35,NO_DATA,,0,0,,
356294660,14.36,OK,GSFC-ELEANOR-LITE,3,3292,GSFC-ELEANOR-LITE,
66857351,13.9,NO_DATA,,0,0,,
271424961,14.25,PROCESSING_ERROR,,0,0,TASOC,"cannot reshape array of size 0 into shape (0,newaxis)"
170170587,14.22,NO_DATA,,0,0,,
151756855,14.25,OK,QLP,2,13563,QLP,
242908980,14.22,NO_DATA,,0,0,,
334515783,14.15,OK,GSFC-ELEANOR-LITE,1,1072,GSFC-ELEANOR-LITE,
127011919,14.11,OK,GSFC-ELEANOR-LITE,1,1072,GSFC-ELEANOR-LITE,
10006965,14.24,OK,GSFC-ELEANOR-LITE,1,963,GSFC-ELEANOR-LITE,
366842713,14.23,NO_DATA,,0,0,,
425133060,14.24,NO_DATA,,0,0,,
14096801,14.01,NO_DATA,,0,0,,
55599559,14.22,NO_DATA,,0,0,,
1967524928,14.29,NO_DATA,,0,0,,
67539066,13.99,NO_DATA,,0,0,,
359155059,14.02,OK,GSFC-ELEANOR-LITE,3,3292,GSFC-ELEANOR-LITE,
220103335,14.15,OK,GSFC-ELEANOR-LITE,1,972,GSFC-ELEANOR-LITE,
383127387,14.01,OK,GSFC-ELEANOR-LITE,3,3073,GSFC-ELEANOR-LITE,
208452951,14.11,NO_DATA,,0,0,,
157123362,13.89,NO_DATA,,0,0,,
43903939,14.19,NO_DATA,,0,0,,
261031926,13.93,OK,GSFC-ELEANOR-LITE,1,1148,GSFC-ELEANOR-LITE,
423257585,13.96,NO_DATA,,0,0,,
73316180,14.09,OK,GSFC-ELEANOR-LITE,1,1101,GSFC-ELEANOR-LITE,
229783014,14.27,NO_DATA,,0,0,,
470001624,13.91,NO_DATA,,0,0,,
91684483,13.96,NO_DATA,,0,0,,
319862344,14.31,OK,GSFC-ELEANOR-LITE,1,1072,GSFC-ELEANOR-LITE,
43316247,14.23,NO_DATA,,0,0,,
146674270,13.89,NO_DATA,,0,0,,
240178820,14.28,PROCESSING_ERROR,,0,0,TASOC,"cannot reshape array of size 0 into shape (0,newaxis)"
457801477,14.34,NO_DATA,,0,0,,
3985113,14.02,NO_DATA,,0,0,,
377799531,14.3,PROCESSING_ERROR,,0,0,TASOC,"cannot reshape array of size 0 into shape (0,newaxis)"
348371932,13.91,OK,GSFC-ELEANOR-LITE,1,1072,GSFC-ELEANOR-LITE,
54279628,14.26,OK,GSFC-ELEANOR-LITE,1,1072,GSFC-ELEANOR-LITE,
142277155,14.32,NO_DATA,,0,0,,
216991405,14.34,NO_DATA,,0,0,,
100183591,14.23,OK,GSFC-ELEANOR-LITE,1,1029,GSFC-ELEANOR-LITE,
265532537,14.07,OK,GSFC-ELEANOR-LITE,2,2188,GSFC-ELEANOR-LITE,
291220946,14.1,DOWNLOAD_ERROR,,0,0,TARS,Error in reading Data product /home/runner/.cache/lightkurve/mastDownload/HLSP/hlsp_tars_tess_ffi_s0055-0000000291220946_tess/hlsp_tars_tess_ffi_s0055-0000000291220946_tess_v01_lc.fits of type generic
512143151,14.11,OK,QLP,5,31120,QLP,
391143089,14.04,NO_DATA,,0,0,,
229762597,14.15,PROCESSING_ERROR,,0,0,TASOC,"cannot reshape array of size 0 into shape (0,newaxis)"
335060174,14.17,NO_DATA,,0,0,,
304817303,14.13,OK,GSFC-ELEANOR-LITE,2,2188,GSFC-ELEANOR-LITE,
366656190,14.1,OK,GSFC-ELEANOR-LITE,1,1072,GSFC-ELEANOR-LITE,
371602496,13.93,OK,GSFC-ELEANOR-LITE,2,2188,GSFC-ELEANOR-LITE,
119552727,14.14,OK,GSFC-ELEANOR-LITE,1,904,GSFC-ELEANOR-LITE,
264297982,13.97,NO_DATA,,0,0,,
377920923,13.99,OK,QLP,1,1232,QLP,
453692345,14.21,OK,GSFC-ELEANOR-LITE,3,3274,GSFC-ELEANOR-LITE,
158398880,14.07,OK,GSFC-ELEANOR-LITE,1,1177,GSFC-ELEANOR-LITE,
60254203,14.19,NO_DATA,,0,0,,
298079676,14.15,OK,GSFC-ELEANOR-LITE,2,2211,GSFC-ELEANOR-LITE,
145920673,14.34,OK,GSFC-ELEANOR-LITE,2,1966,GSFC-ELEANOR-LITE,
192843399,13.89,NO_DATA,,0,0,,
71328467,14.03,OK,TASOC,2,2292,TASOC,
8043976,14.03,NO_DATA,,0,0,,
644551814,14.29,OK,QLP,6,46770,QLP,
457622839,13.93,NO_DATA,,0,0,,
150141531,14.37,OK,GSFC-ELEANOR-LITE,12,12260,GSFC-ELEANOR-LITE,
46267979,14.71,OK,GSFC-ELEANOR-LITE,3,3073,GSFC-ELEANOR-LITE,
146029257,14.54,OK,GSFC-ELEANOR-LITE,2,1934,GSFC-ELEANOR-LITE,
32885057,14.66,NO_DATA,,0,0,,
318730680,14.67,OK,GSFC-ELEANOR-LITE,1,1081,GSFC-ELEANOR-LITE,
71777727,14.62,NO_DATA,,0,0,,
188008315,14.66,NO_DATA,,0,0,,
68146953,14.56,NO_DATA,,0,0,,
119888502,14.59,NO_DATA,,0,0,,
386512339,14.71,OK,GSFC-ELEANOR-LITE,1,1104,GSFC-ELEANOR-LITE,
329135326,14.52,OK,QLP,3,19193,QLP,
380886423,14.42,NO_DATA,,0,0,,
195932060,14.39,NO_DATA,,0,0,,
1955567120,14.71,NO_DATA,,0,0,,
316059914,14.7,NO_DATA,,0,0,,
93120255,14.5,OK,GSFC-ELEANOR-LITE,2,1966,GSFC-ELEANOR-LITE,
172667813,14.65,NO_DATA,,0,0,,
297048366,14.5,OK,GSFC-ELEANOR-LITE,1,1081,GSFC-ELEANOR-LITE,
367783505,14.72,PROCESSING_ERROR,,0,0,TASOC,"cannot reshape array of size 0 into shape (0,newaxis)"
323629873,14.46,NO_DATA,,0,0,,
451890215,14.48,OK,GSFC-ELEANOR-LITE,1,1085,GSFC-ELEANOR-LITE,
360000102,14.69,OK,GSFC-ELEANOR-LITE,2,2167,GSFC-ELEANOR-LITE,
229702918,14.38,PROCESSING_ERROR,,0,0,TASOC,"cannot reshape array of size 0 into shape (0,newaxis)"
219410871,14.71,OK,GSFC-ELEANOR-LITE,7,7144,GSFC-ELEANOR-LITE,
303341009,14.5,PROCESSING_ERROR,,0,0,TASOC,"cannot reshape array of size 0 into shape (0,newaxis)"
84242926,14.4,PROCESSING_ERROR,,0,0,TASOC,"cannot reshape array of size 0 into shape (0,newaxis)"
345222764,14.66,NO_DATA,,0,0,,
459420611,14.56,NO_DATA,,0,0,,
344884311,14.52,NO_DATA,,0,0,,
255701297,14.57,OK,GSFC-ELEANOR-LITE,5,5213,GSFC-ELEANOR-LITE,
275988530,14.51,NO_DATA,,0,0,,
247396947,14.69,NO_DATA,,0,0,,
520176754,14.43,OK,GSFC-ELEANOR-LITE,1,1107,GSFC-ELEANOR-LITE,
262664113,14.7,OK,GSFC-ELEANOR-LITE,1,1148,GSFC-ELEANOR-LITE,
348820029,14.53,NO_DATA,,0,0,,
127008114,14.46,OK,GSFC-ELEANOR-LITE,1,1072,GSFC-ELEANOR-LITE,
395274807,14.39,NO_DATA,,0,0,,
463078535,14.72,OK,GSFC-ELEANOR-LITE,2,2211,GSFC-ELEANOR-LITE,
129996430,14.38,OK,GSFC-ELEANOR-LITE,2,1934,GSFC-ELEANOR-LITE,
102362526,14.44,NO_DATA,,0,0,,
188767315,14.58,OK,TASOC,2,2292,TASOC,
320396816,14.51,OK,GSFC-ELEANOR-LITE,2,2188,GSFC-ELEANOR-LITE,
229673289,14.72,PROCESSING_ERROR,,0,0,TASOC,"cannot reshape array of size 0 into shape (0,newaxis)"
70655156,14.37,NO_DATA,,0,0,,
311266000,14.42,NO_DATA,,0,0,,
261473500,14.45,OK,GSFC-ELEANOR-LITE,1,1148,GSFC-ELEANOR-LITE,
420190158,14.67,NO_DATA,,0,0,,
405086562,14.59,OK,GSFC-ELEANOR-LITE,1,1081,GSFC-ELEANOR-LITE,
310710295,14.53,OK,GSFC-ELEANOR-LITE,1,1081,GSFC-ELEANOR-LITE,
391667713,14.54,PROCESSING_ERROR,,0,0,TASOC,"cannot reshape array of size 0 into shape (0,newaxis)"
271890601,14.52,OK,GSFC-ELEANOR-LITE,13,13367,GSFC-ELEANOR-LITE,
361490627,14.41,OK,GSFC-ELEANOR-LITE,3,3292,GSFC-ELEANOR-LITE,
102331917,14.64,OK,GSFC-ELEANOR-LITE,1,1101,GSFC-ELEANOR-LITE,
239806208,14.58,NO_DATA,,0,0,,
165584982,14.66,OK,GSFC-ELEANOR-LITE,1,1081,GSFC-ELEANOR-LITE,
394015099,14.45,OK,TASOC,2,2292,TASOC,
313477916,14.46,OK,GSFC-ELEANOR-LITE,1,1134,GSFC-ELEANOR-LITE,
417449495,14.51,NO_DATA,,0,0,,
338589667,14.53,NO_DATA,,0,0,,
136971176,14.42,NO_DATA,,0,0,,
304768365,14.71,OK,GSFC-ELEANOR-LITE,1,1177,GSFC-ELEANOR-LITE,
44370455,14.64,OK,GSFC-ELEANOR-LITE,1,1100,GSFC-ELEANOR-LITE,
408636062,14.61,NO_DATA,,0,0,,
238910851,14.4,NO_DATA,,0,0,,
467834322,14.37,NO_DATA,,0,0,,
307280493,14.67,NO_DATA,,0,0,,
166139623,14.56,NO_DATA,,0,0,,
468466194,14.41,OK,QLP,6,59590,QLP,
366868344,14.6,NO_DATA,,0,0,,
69357002,14.67,PROCESSING_ERROR,,0,0,TASOC,"cannot reshape array of size 0 into shape (0,newaxis)"
213489303,14.72,NO_DATA,,0,0,,
465292998,14.55,OK,GSFC-ELEANOR-LITE,1,1029,GSFC-ELEANOR-LITE,
285232390,14.48,NO_DATA,,0,0,,
278076045,14.71,OK,TASOC,1,16892,TASOC,
90018520,14.56,OK,GSFC-ELEANOR-LITE,1,1086,GSFC-ELEANOR-LITE,
423509097,14.68,OK,GSFC-ELEANOR-LITE,1,1086,GSFC-ELEANOR-LITE,
267521445,14.68,OK,GSFC-ELEANOR-LITE,2,2160,GSFC-ELEANOR-LITE,
249692875,14.45,NO_DATA,,0,0,,
321986003,14.44,NO_DATA,,0,0,,
121271118,14.38,NO_DATA,,0,0,,
86712330,14.64,NO_DATA,,0,0,,
19826313,14.62,OK,GSFC-ELEANOR-LITE,2,1962,GSFC-ELEANOR-LITE,
48473379,14.69,NO_DATA,,0,0,,
366081893,14.43,NO_DATA,,0,0,,
40101100,14.4,NO_DATA,,0,0,,
450998603,14.58,OK,GSFC-ELEANOR-LITE,2,2188,GSFC-ELEANOR-LITE,
458235655,14.44,OK,GSFC-ELEANOR-LITE,1,1107,GSFC-ELEANOR-LITE,
390679607,14.6,OK,GSFC-ELEANOR-LITE,2,2188,GSFC-ELEANOR-LITE,
464008169,14.43,OK,GSFC-ELEANOR-LITE,1,1029,GSFC-ELEANOR-LITE,
233501000,14.56,PROCESSING_ERROR,,0,0,TASOC,"cannot reshape array of size 0 into shape (0,newaxis)"
385222644,14.46,OK,GSFC-ELEANOR-LITE,2,2211,GSFC-ELEANOR-LITE,
421928539,14.58,NO_DATA,,0,0,,
199426758,14.59,NO_DATA,,0,0,,
386849930,14.56,OK,GSFC-ELEANOR-LITE,1,1104,GSFC-ELEANOR-LITE,
359392612,14.62,OK,TASOC,2,2292,TASOC,
277763169,14.67,DOWNLOAD_ERROR,,0,0,TARS,Error in reading Data product /home/runner/.cache/lightkurve/mastDownload/HLSP/hlsp_tars_tess_ffi_s0014-0000000277763160_tess/hlsp_tars_tess_ffi_s0014-0000000277763160_tess_v01_lc.fits of type generic
162734908,14.59,OK,GSFC-ELEANOR-LITE,1,1086,GSFC-ELEANOR-LITE,
385114106,14.4,OK,QLP,6,39702,QLP,
378959255,14.66,OK,GSFC-ELEANOR-LITE,2,2188,GSFC-ELEANOR-LITE,
55534821,14.79,NO_DATA,,0,0,,
417496020,14.92,NO_DATA,,0,0,,
126170268,14.84,OK,TASOC,2,1712,TASOC,
125612555,14.8,OK,GSFC-ELEANOR-LITE,1,1072,GSFC-ELEANOR-LITE,
351935613,14.8,NO_DATA,,0,0,,
207827921,14.98,DOWNLOAD_ERROR,,0,0,TARS,Error in reading Data product /home/runner/.cache/lightkurve/mastDownload/HLSP/hlsp_tars_tess_ffi_s0080-0000000207827920_tess/hlsp_tars_tess_ffi_s0080-0000000207827920_tess_v01_lc.fits of type generic
458362081,14.93,OK,GSFC-ELEANOR-LITE,1,1107,GSFC-ELEANOR-LITE,
64823566,14.94,PROCESSING_ERROR,,0,0,CDIPS,The unit 'day' is unrecognized.  It can not be converted to other units.
160299605,14.91,NO_DATA,,0,0,,
412638698,14.78,NO_DATA,,0,0,,
2010871524,14.88,OK,QLP,4,25489,QLP,
147569893,14.95,OK,GSFC-ELEANOR-LITE,2,2189,GSFC-ELEANOR-LITE,
147018077,14.8,OK,GSFC-ELEANOR-LITE,2,1934,GSFC-ELEANOR-LITE,
264344925,14.95,OK,GSFC-ELEANOR-LITE,1,1148,GSFC-ELEANOR-LITE,
46964407,14.74,OK,GSFC-ELEANOR-LITE,1,1054,GSFC-ELEANOR-LITE,
385099704,14.99,NO_DATA,,0,0,,
22288683,14.97,OK,GSFC-ELEANOR-LITE,1,1101,GSFC-ELEANOR-LITE,
309571147,14.82,NO_DATA,,0,0,,
1247636227,14.75,OK,GSFC-ELEANOR-LITE,1,1070,GSFC-ELEANOR-LITE,
239889225,14.84,NO_DATA,,0,0,,
20240139,14.94,NO_DATA,,0,0,,
233651363,14.85,NO_DATA,,0,0,,
394881279,14.85,NO_DATA,,0,0,,
57271825,14.8,OK,GSFC-ELEANOR-LITE,1,1048,GSFC-ELEANOR-LITE,
235806698,14.96,OK,TASOC,2,2292,TASOC,
100664001,14.91,NO_DATA,,0,0,,
356435725,14.98,NO_DATA,,0,0,,
339845333,14.73,OK,GSFC-ELEANOR-LITE,1,1086,GSFC-ELEANOR-LITE,
272943235,14.84,NO_DATA,,0,0,,
319289590,14.83,OK,GSFC-ELEANOR-LITE,6,6392,GSFC-ELEANOR-LITE,
239200187,14.77,NO_DATA,,0,0,,
344474899,14.77,NO_DATA,,0,0,,
236321345,14.74,NO_DATA,,0,0,,
611537980,14.99,NO_DATA,,0,0,,
24735327,14.83,OK,GSFC-ELEANOR-LITE,2,1962,GSFC-ELEANOR-LITE,
374726023,14.91,NO_DATA,,0,0,,
45434943,14.79,NO_DATA,,0,0,,
237504490,14.91,OK,GSFC-ELEANOR-LITE,1,904,GSFC-ELEANOR-LITE,
12998390,14.91,OK,QLP,4,37111,QLP,
394601601,14.87,OK,GSFC-ELEANOR-LITE,2,2167,GSFC-ELEANOR-LITE,
403665135,14.79,NO_DATA,,0,0,,
80735044,14.99,OK,GSFC-ELEANOR-LITE,1,1086,GSFC-ELEANOR-LITE,
385462627,14.84,OK,GSFC-ELEANOR-LITE,2,2211,GSFC-ELEANOR-LITE,
351569175,14.88,NO_DATA,,0,0,,
449834485,14.88,OK,GSFC-ELEANOR-LITE,1,1081,GSFC-ELEANOR-LITE,
52054743,14.96,OK,QLP,5,38230,QLP,
1965864266,14.93,NO_DATA,,0,0,,
29404216,14.76,NO_DATA,,0,0,,
311221491,14.73,NO_DATA,,0,0,,
8589911,15.0,NO_DATA,,0,0,,
28626621,14.96,OK,GSFC-ELEANOR-LITE,1,1073,GSFC-ELEANOR-LITE,
1323823813,14.84,OK,GSFC-ELEANOR-LITE,1,1086,GSFC-ELEANOR-LITE,
338103127,14.78,OK,GSFC-ELEANOR-LITE,1,1049,GSFC-ELEANOR-LITE,
58690780,14.92,NO_DATA,,0,0,,
338105043,14.91,OK,GSFC-ELEANOR-LITE,1,1049,GSFC-ELEANOR-LITE,
102637537,14.85,OK,GSFC-ELEANOR-LITE,1,1029,GSFC-ELEANOR-LITE,
403642973,14.84,NO_DATA,,0,0,,
70684612,14.97,NO_DATA,,0,0,,
369312079,14.78,PROCESSING_ERROR,,0,0,TASOC,"cannot reshape array of size 0 into shape (0,newaxis)"
386524695,14.78,NO_DATA,,0,0,,
122962681,14.87,OK,GSFC-ELEANOR-LITE,1,1048,GSFC-ELEANOR-LITE,
329718302,14.85,OK,GSFC-ELEANOR-LITE,1,1148,GSFC-ELEANOR-LITE,
398508656,14.97,OK,GSFC-ELEANOR-LITE,2,2188,GSFC-ELEANOR-LITE,
346473930,14.83,NO_DATA,,0,0,,
332814242,14.9,NO_DATA,,0,0,,
123631799,14.82,OK,GSFC-ELEANOR-LITE,2,1934,GSFC-ELEANOR-LITE,
421611516,14.99,OK,GSFC-ELEANOR-LITE,1,1081,GSFC-ELEANOR-LITE,
315513959,14.98,NO_DATA,,0,0,,
139841201,14.97,OK,GSFC-ELEANOR-LITE,1,1062,GSFC-ELEANOR-LITE,
281072571,14.93,NO_DATA,,0,0,,
383277277,14.74,NO_DATA,,0,0,,
145618834,15.45,OK,GSFC-ELEANOR-LITE,2,1934,GSFC-ELEANOR-LITE,
283098915,14.82,OK,GSFC-ELEANOR-LITE,1,904,GSFC-ELEANOR-LITE,
16459820,14.9,NO_DATA,,0,0,,
98931546,14.96,DOWNLOAD_ERROR,,0,0,TARS,Error in reading Data product /home/runner/.cache/lightkurve/mastDownload/HLSP/hlsp_tars_tess_ffi_s0014-0000000098931533_tess/hlsp_tars_tess_ffi_s0014-0000000098931533_tess_v01_lc.fits of type generic
419811856,14.73,NO_DATA,,0,0,,
3514145,14.88,OK,GSFC-ELEANOR-LITE,2,1962,GSFC-ELEANOR-LITE,
31409371,14.99,OK,GSFC-ELEANOR-LITE,7,7188,GSFC-ELEANOR-LITE,
450471617,14.96,OK,GSFC-ELEANOR-LITE,1,1081,GSFC-ELEANOR-LITE,
367820486,14.97,NO_DATA,,0,0,,
3521549,14.89,OK,GSFC-ELEANOR-LITE,2,1962,GSFC-ELEANOR-LITE,
373035530,14.95,OK,GSFC-ELEANOR-LITE,2,2188,GSFC-ELEANOR-LITE,
441858439,14.81,OK,GSFC-ELEANOR-LITE,2,2211,GSFC-ELEANOR-LITE,
400925263,14.84,OK,GSFC-ELEANOR-LITE,2,1966,GSFC-ELEANOR-LITE,
62502585,14.74,NO_DATA,,0,0,,
452994023,14.9,NO_DATA,,0,0,,
426275482,14.78,OK,GSFC-ELEANOR-LITE,1,1086,GSFC-ELEANOR-LITE,
435420926,14.86,OK,GSFC-ELEANOR-LITE,1,1081,GSFC-ELEANOR-LITE,
74254178,14.76,NO_DATA,,0,0,,
809110859,14.98,OK,GSFC-ELEANOR-LITE,3,3073,GSFC-ELEANOR-LITE,
8360424,14.77,NO_DATA,,0,0,,
284657696,14.95,OK,GSFC-ELEANOR-LITE,2,1934,GSFC-ELEANOR-LITE,
24245329,15.0,NO_DATA,,0,0,,
7168302,14.97,NO_DATA,,0,0,,
802312557,14.94,NO_DATA,,0,0,,
419079358,14.85,NO_DATA,,0,0,,
269595837,15.8,DOWNLOAD_ERROR,,0,0,TARS,Error in reading Data product /home/runner/.cache/lightkurve/mastDownload/HLSP/hlsp_tars_tess_ffi_s0014-0000000269595837_tess/hlsp_tars_tess_ffi_s0014-0000000269595837_tess_v01_lc.fits of type generic
154311524,14.75,OK,GSFC-ELEANOR-LITE,2,1934,GSFC-ELEANOR-LITE,
81152753,14.84,OK,GSFC-ELEANOR-LITE,1,1072,GSFC-ELEANOR-LITE,
313634585,11.53,OK,QLP,2,13420,QLP,
264283140,13.01,OK,GSFC-ELEANOR-LITE,1,1029,GSFC-ELEANOR-LITE,
220244115,12.78,OK,GSFC-ELEANOR-LITE,1,904,GSFC-ELEANOR-LITE,
411924206,11.71,OK,GSFC-ELEANOR-LITE,1,1177,GSFC-ELEANOR-LITE,
42100583,9.25,OK,TESS-SPOC,3,24632,TESS-SPOC,
43792125,10.45,OK,TESS-SPOC,2,13714,TESS-SPOC,
86934109,12.32,OK,QLP,8,56958,QLP,
394688240,11.45,OK,QLP,6,34714,QLP,
378292091,11.02,OK,QLP,9,61564,QLP,
59575189,12.55,OK,SPOC,2,28599,SPOC,
96955159,12.73,OK,TESS-SPOC,2,4342,TESS-SPOC,
469477138,10.48,OK,GSFC-ELEANOR-LITE,1,1148,GSFC-ELEANOR-LITE,
258284679,12.45,OK,QLP,9,50434,QLP,
402890206,11.84,OK,GSFC-ELEANOR-LITE,1,1086,GSFC-ELEANOR-LITE,
376909242,12.95,OK,GSFC-ELEANOR-LITE,1,1107,GSFC-ELEANOR-LITE,
183480856,12.79,OK,QLP,1,10379,QLP,
356004295,12.05,OK,TESS-SPOC,3,10491,TESS-SPOC,
202872116,12.82,OK,QLP,2,11647,QLP,
224539990,12.88,OK,QLP,5,23160,QLP,
229480743,12.93,OK,QLP,42,246486,QLP,
273169119,12.15,OK,QLP,8,62139,QLP,
230265281,11.71,OK,TESS-SPOC,2,13541,TESS-SPOC,
251911465,10.76,OK,TESS-SPOC,1,8788,TESS-SPOC,
373874691,11.03,OK,TESS-SPOC,2,11383,TESS-SPOC,
446900421,11.38,OK,GSFC-ELEANOR-LITE,2,2211,GSFC-ELEANOR-LITE,
349478229,12.67,OK,GSFC-ELEANOR-LITE,12,12263,GSFC-ELEANOR-LITE,
318822904,12.59,OK,GSFC-ELEANOR-LITE,2,2188,GSFC-ELEANOR-LITE,
40535700,12.56,OK,GSFC-ELEANOR-LITE,1,1054,GSFC-ELEANOR-LITE,
367235983,12.85,OK,QLP,6,31438,QLP,
450654304,13.53,OK,GSFC-ELEANOR-LITE,1,1081,GSFC-ELEANOR-LITE,
40479251,13.4,OK,QLP,9,58097,QLP,
114869719,13.36,OK,QLP,5,33145,QLP,
467861403,13.26,OK,QLP,2,18303,QLP,
156825160,13.26,OK,QLP,3,18314,QLP,
188728772,13.86,OK,TASOC,2,2292,TASOC,
165606794,13.11,OK,QLP,7,60780,QLP,
80719093,13.62,OK,GSFC-ELEANOR-LITE,2,2176,GSFC-ELEANOR-LITE,
287677245,13.11,OK,QLP,4,19473,QLP,
246606898,13.31,OK,GSFC-ELEANOR-LITE,1,1148,GSFC-ELEANOR-LITE,
377549169,13.64,NO_DATA,,0,0,,
441226313,13.6,OK,GSFC-ELEANOR-LITE,2,2211,GSFC-ELEANOR-LITE,
314506771,13.82,NO_DATA,,0,0,,
65407576,13.56,OK,GSFC-ELEANOR-LITE,1,1072,GSFC-ELEANOR-LITE,
388830855,13.88,OK,GSFC-ELEANOR-LITE,1,1056,GSFC-ELEANOR-LITE,
341461748,13.58,OK,GSFC-ELEANOR-LITE,1,1177,GSFC-ELEANOR-LITE,
334476178,13.46,OK,GSFC-ELEANOR-LITE,2,2167,GSFC-ELEANOR-LITE,
186325833,13.49,OK,GSFC-ELEANOR-LITE,1,1081,GSFC-ELEANOR-LITE,
458526218,13.15,OK,QLP,5,23198,QLP,
367315395,13.21,OK,GSFC-ELEANOR-LITE,1,1086,GSFC-ELEANOR-LITE,
239730337,13.79,NO_DATA,,0,0,,
342575392,13.37,OK,QLP,2,7371,QLP,
213571842,13.7,NO_DATA,,0,0,,
162814042,13.86,OK,GSFC-ELEANOR-LITE,1,1086,GSFC-ELEANOR-LITE,
348763962,13.73,NO_DATA,,0,0,,
242932810,13.09,OK,QLP,3,24424,QLP,
48149440,13.7,NO_DATA,,0,0,,
229869560,13.69,NO_DATA,,0,0,,
94306907,13.26,OK,QLP,2,13211,QLP,
405269332,13.66,NO_DATA,,0,0,,
307443587,13.96,DOWNLOAD_ERROR,,0,0,TARS,Error in reading Data product /home/runner/.cache/lightkurve/mastDownload/HLSP/hlsp_tars_tess_ffi_s0060-0000000307443587_tess/hlsp_tars_tess_ffi_s0060-0000000307443587_tess_v01_lc.fits of type generic
285475457,14.09,OK,GSFC-ELEANOR-LITE,1,1086,GSFC-ELEANOR-LITE,
290229649,14.3,NO_DATA,,0,0,,
230452890,14.22,OK,GSFC-ELEANOR-LITE,1,1054,GSFC-ELEANOR-LITE,
377763412,14.28,OK,GSFC-ELEANOR-LITE,2,2188,GSFC-ELEANOR-LITE,
330499701,14.24,NO_DATA,,0,0,,
120186958,14.29,NO_DATA,,0,0,,
42614397,13.89,OK,GSFC-ELEANOR-LITE,1,1086,GSFC-ELEANOR-LITE,
124508492,14.2,OK,GSFC-ELEANOR-LITE,1,1072,GSFC-ELEANOR-LITE,
390330542,14.01,DOWNLOAD_ERROR,,0,0,TARS,Error in reading Data product /home/runner/.cache/lightkurve/mastDownload/HLSP/hlsp_tars_tess_ffi_s0024-0000000390330541_tess/hlsp_tars_tess_ffi_s0024-0000000390330541_tess_v01_lc.fits of type generic
19611463,14.21,OK,GSFC-ELEANOR-LITE,2,1962,GSFC-ELEANOR-LITE,
337616113,14.12,OK,GSFC-ELEANOR-LITE,2,2167,GSFC-ELEANOR-LITE,
17561812,14.36,NO_DATA,,0,0,,
244585673,13.9,NO_DATA,,0,0,,
1005717774,14.32,OK,GSFC-ELEANOR-LITE,2,2167,GSFC-ELEANOR-LITE,
418900822,13.92,OK,GSFC-ELEANOR-LITE,2,1934,GSFC-ELEANOR-LITE,
178386493,14.14,NO_DATA,,0,0,,
153847933,14.27,OK,GSFC-ELEANOR-LITE,2,1934,GSFC-ELEANOR-LITE,
46036367,13.89,OK,GSFC-ELEANOR-LITE,3,3073,GSFC-ELEANOR-LITE,
214625128,14.26,NO_DATA,,0,0,,
320046578,14.26,NO_DATA,,0,0,,
232226631,14.09,OK,GSFC-ELEANOR-LITE,1,904,GSFC-ELEANOR-LITE,
287275420,14.01,OK,GSFC-ELEANOR-LITE,7,7023,GSFC-ELEANOR-LITE,
295022676,13.96,PROCESSING_ERROR,,0,0,TASOC,"cannot reshape array of size 0 into shape (0,newaxis)"
1791296797,13.99,NO_DATA,,0,0,,
417988585,14.12,OK,GSFC-ELEANOR-LITE,2,2167,GSFC-ELEANOR-LITE,
290132585,14.17,OK,GSFC-ELEANOR-LITE,1,1062,GSFC-ELEANOR-LITE,
109340293,13.98,NO_DATA,,0,0,,
58217562,14.06,NO_DATA,,0,0,,
140983892,14.23,OK,GSFC-ELEANOR-LITE,2,1966,GSFC-ELEANOR-LITE,
317235712,14.4,OK,GSFC-ELEANOR-LITE,2,2188,GSFC-ELEANOR-LITE,
343636475,14.52,NO_DATA,,0,0,,
308409944,14.57,OK,TESS-SPOC,3,5768,TESS-SPOC,
349347878,14.42,OK,GSFC-ELEANOR-LITE,1,1177,GSFC-ELEANOR-LITE,
82354391,14.53,NO_DATA,,0,0,,
152067585,14.59,OK,GSFC-ELEANOR-LITE,1,1113,GSFC-ELEANOR-LITE,
122367350,14.72,NO_DATA,,0,0,,
447039069,14.69,OK,GSFC-ELEANOR-LITE,1,1086,GSFC-ELEANOR-LITE,
78782116,14.65,NO_DATA,,0,0,,
237252314,14.66,NO_DATA,,0,0,,
257792056,14.66,OK,GSFC-ELEANOR-LITE,1,862,GSFC-ELEANOR-LITE,
460085779,14.59,OK,TASOC,2,2292,TASOC,
84780011,14.69,DOWNLOAD_ERROR,,0,0,TARS,Error in reading Data product /home/runner/.cache/lightkurve/mastDownload/HLSP/hlsp_tars_tess_ffi_s0026-0000000084780011_tess/hlsp_tars_tess_ffi_s0026-0000000084780011_tess_v01_lc.fits of type generic
468303775,14.44,NO_DATA,,0,0,,
187969067,14.49,OK,GSFC-ELEANOR-LITE,1,1101,GSFC-ELEANOR-LITE,
350496421,14.49,NO_DATA,,0,0,,
260136399,14.59,OK,GSFC-ELEANOR-LITE,1,1086,GSFC-ELEANOR-LITE,
469156817,14.65,OK,GSFC-ELEANOR-LITE,2,2211,GSFC-ELEANOR-LITE,
233615640,14.41,PROCESSING_ERROR,,0,0,TASOC,"cannot reshape array of size 0 into shape (0,newaxis)"
60477620,14.54,NO_DATA,,0,0,,
442458039,14.47,OK,GSFC-ELEANOR-LITE,2,2211,GSFC-ELEANOR-LITE,
258573942,14.61,OK,GSFC-ELEANOR-LITE,1,1148,GSFC-ELEANOR-LITE,
185759346,14.63,OK,GSFC-ELEANOR-LITE,1,862,GSFC-ELEANOR-LITE,
197030521,14.49,NO_DATA,,0,0,,
175784147,14.69,NO_DATA,,0,0,,
45637994,14.5,OK,GSFC-ELEANOR-LITE,3,3073,GSFC-ELEANOR-LITE,
136696285,14.61,NO_DATA,,0,0,,
173072311,14.69,NO_DATA,,0,0,,
258043808,14.52,NO_DATA,,0,0,,
378056925,14.61,PROCESSING_ERROR,,0,0,CDIPS,The unit 'day' is unrecognized.  It can not be converted to other units.
157669147,14.75,NO_DATA,,0,0,,
318450551,14.98,OK,QLP,1,1813,QLP,
391699102,14.89,NO_DATA,,0,0,,
388605028,14.84,PROCESSING_ERROR,,0,0,TASOC,"cannot reshape array of size 0 into shape (0,newaxis)"
298852510,14.94,NO_DATA,,0,0,,
335314943,14.91,OK,GSFC-ELEANOR-LITE,1,964,GSFC-ELEANOR-LITE,
302615355,14.84,OK,GSFC-ELEANOR-LITE,1,904,GSFC-ELEANOR-LITE,
153248291,14.83,OK,GSFC-ELEANOR-LITE,1,1120,GSFC-ELEANOR-LITE,
221066192,14.96,OK,GSFC-ELEANOR-LITE,1,1086,GSFC-ELEANOR-LITE,
96610174,14.83,NO_DATA,,0,0,,
342884778,14.86,OK,GSFC-ELEANOR-LITE,3,3073,GSFC-ELEANOR-LITE,
300231919,14.82,OK,GSFC-ELEANOR-LITE,1,1081,GSFC-ELEANOR-LITE,
48698542,14.85,OK,GSFC-ELEANOR-LITE,1,1054,GSFC-ELEANOR-LITE,
75331600,14.8,NO_DATA,,0,0,,
87580497,14.99,NO_DATA,,0,0,,
72555157,14.95,OK,GSFC-ELEANOR-LITE,1,903,GSFC-ELEANOR-LITE,
457569177,14.99,OK,GSFC-ELEANOR-LITE,2,2211,GSFC-ELEANOR-LITE,
230116483,14.92,PROCESSING_ERROR,,0,0,TASOC,"cannot reshape array of size 0 into shape (0,newaxis)"
91865618,14.83,OK,GSFC-ELEANOR-LITE,1,904,GSFC-ELEANOR-LITE,
54227637,14.8,OK,GSFC-ELEANOR-LITE,1,1072,GSFC-ELEANOR-LITE,
1787649089,14.78,NO_DATA,,0,0,,
44675031,14.9,NO_DATA,,0,0,,
89761158,14.89,NO_DATA,,0,0,,
317538704,14.86,OK,GSFC-ELEANOR-LITE,2,2188,GSFC-ELEANOR-LITE,
336963973,14.9,OK,GSFC-ELEANOR-LITE,1,1054,GSFC-ELEANOR-LITE,
329615801,14.89,NO_DATA,,0,0,,
259037465,14.76,PROCESSING_ERROR,,0,0,TASOC,"cannot reshape array of size 0 into shape (0,newaxis)"
169964295,14.81,OK,GSFC-ELEANOR-LITE,1,1072,GSFC-ELEANOR-LITE,
377551240,14.96,OK,TASOC,2,2292,TASOC,
23087871,14.92,OK,GSFC-ELEANOR-LITE,2,1934,GSFC-ELEANOR-LITE,
313629303,11.05,OK,TESS-SPOC,1,7755,TESS-SPOC,
264278940,12.73,OK,GSFC-ELEANOR-LITE,1,1029,GSFC-ELEANOR-LITE,
220212798,12.73,OK,GSFC-ELEANOR-LITE,1,904,GSFC-ELEANOR-LITE,
411924621,11.47,OK,GSFC-ELEANOR-LITE,1,1177,GSFC-ELEANOR-LITE,
42100207,12.97,OK,QLP,7,45661,QLP,
43792222,12.83,OK,QLP,5,29718,QLP,
86933689,12.0,OK,QLP,2,14634,QLP,
394688260,12.52,OK,QLP,6,34708,QLP,
378300171,11.83,OK,QLP,5,23445,QLP,
59565839,12.17,OK,GSFC-ELEANOR-LITE,1,1147,GSFC-ELEANOR-LITE,
96953218,12.25,OK,TESS-SPOC,2,4344,TESS-SPOC,
469483314,12.94,OK,GSFC-ELEANOR-LITE,1,1177,GSFC-ELEANOR-LITE,
258280680,10.46,OK,TESS-SPOC,8,45414,TESS-SPOC,
402894307,12.25,OK,QLP,31,192136,QLP,
376909885,10.66,OK,TESS-SPOC,3,8192,TESS-SPOC,
183464777,10.77,OK,GSFC-ELEANOR-LITE,1,862,GSFC-ELEANOR-LITE,
356003254,12.35,OK,TESS-SPOC,2,2892,TESS-SPOC,
202830868,12.11,OK,QLP,2,12997,QLP,
224534426,10.96,OK,QLP,5,23170,QLP,
229479432,12.04,OK,QLP,42,253898,QLP,
273168824,11.79,OK,QLP,8,62139,QLP,
230263618,11.39,OK,TESS-SPOC,4,6888,TESS-SPOC,
251909160,10.23,OK,TESS-SPOC,2,10677,TESS-SPOC,
373850747,13.03,OK,QLP,5,23436,QLP,
446900883,11.7,OK,GSFC-ELEANOR-LITE,2,2211,GSFC-ELEANOR-LITE,
349478204,11.18,OK,TESS-SPOC,9,83826,TESS-SPOC,
318815324,12.2,OK,GSFC-ELEANOR-LITE,2,2188,GSFC-ELEANOR-LITE,
40518912,11.95,OK,TESS-SPOC,3,27885,TESS-SPOC,
367235922,12.73,OK,QLP,6,30581,QLP,
450653902,13.15,OK,GSFC-ELEANOR-LITE,1,1081,GSFC-ELEANOR-LITE,
40476694,13.22,OK,QLP,9,58146,QLP,
114869569,13.5,OK,QLP,5,33155,QLP,
467861408,13.73,NO_DATA,,0,0,,
156820788,13.18,OK,QLP,3,18296,QLP,
188728760,13.48,OK,QLP,27,195923,QLP,
165600109,13.78,NO_DATA,,0,0,,
80717060,13.63,NO_DATA,,0,0,,
287677195,13.88,NO_DATA,,0,0,,
246609134,13.65,OK,GSFC-ELEANOR-LITE,1,1148,GSFC-ELEANOR-LITE,
377549267,13.88,OK,TASOC,2,2292,TASOC,
441226171,13.68,OK,GSFC-ELEANOR-LITE,2,2211,GSFC-ELEANOR-LITE,
314504397,13.76,NO_DATA,,0,0,,
65405907,13.79,OK,GSFC-ELEANOR-LITE,1,1072,GSFC-ELEANOR-LITE,
388835005,13.15,OK,QLP,3,17314,QLP,
341446156,13.18,OK,QLP,8,65221,QLP,
334473869,13.7,OK,GSFC-ELEANOR-LITE,2,2167,GSFC-ELEANOR-LITE,
186325812,13.22,OK,GSFC-ELEANOR-LITE,1,1081,GSFC-ELEANOR-LITE,
458521813,13.35,OK,QLP,5,23291,QLP,
367309330,13.46,OK,GSFC-ELEANOR-LITE,1,1086,GSFC-ELEANOR-LITE,
239730212,13.18,OK,QLP,8,52426,QLP,
342574309,13.82,OK,TASOC,2,2292,TASOC,
213568482,13.86,NO_DATA,,0,0,,
162803514,13.51,OK,GSFC-ELEANOR-LITE,1,1086,GSFC-ELEANOR-LITE,
348767836,13.45,OK,QLP,6,32347,QLP,
242933478,13.55,NO_DATA,,0,0,,
48148634,13.78,NO_DATA,,0,0,,
229869540,13.15,OK,TESS-SPOC,3,5456,TESS-SPOC,
94305473,13.86,NO_DATA,,0,0,,
405270967,13.54,NO_DATA,,0,0,,
307453359,14.13,OK,GSFC-ELEANOR-LITE,1,1072,GSFC-ELEANOR-LITE,
285462363,13.98,NO_DATA,,0,0,,
290233306,14.28,NO_DATA,,0,0,,
230446496,13.89,NO_DATA,,0,0,,
377765240,14.21,OK,GSFC-ELEANOR-LITE,2,2188,GSFC-ELEANOR-LITE,
330502342,13.96,NO_DATA,,0,0,,
120186508,13.9,NO_DATA,,0,0,,
42614554,14.14,OK,GSFC-ELEANOR-LITE,1,1086,GSFC-ELEANOR-LITE,
124508488,14.04,OK,GSFC-ELEANOR-LITE,1,1072,GSFC-ELEANOR-LITE,
390341662,14.22,DOWNLOAD_ERROR,,0,0,TARS,Error in reading Data product /home/runner/.cache/lightkurve/mastDownload/HLSP/hlsp_tars_tess_ffi_s0018-0000000390341662_tess/hlsp_tars_tess_ffi_s0018-0000000390341662_tess_v01_lc.fits of type generic
19618672,14.01,OK,GSFC-ELEANOR-LITE,2,1962,GSFC-ELEANOR-LITE,
337637742,14.3,NO_DATA,,0,0,,
17559170,13.92,NO_DATA,,0,0,,
244585820,13.98,NO_DATA,,0,0,,
1004766111,14.21,OK,GSFC-ELEANOR-LITE,2,2167,GSFC-ELEANOR-LITE,
418902333,14.3,OK,GSFC-ELEANOR-LITE,2,1934,GSFC-ELEANOR-LITE,
178387013,14.18,NO_DATA,,0,0,,
153849710,14.35,OK,GSFC-ELEANOR-LITE,2,1934,GSFC-ELEANOR-LITE,
46042553,14.24,NO_DATA,,0,0,,
214599843,14.11,NO_DATA,,0,0,,
320060363,14.14,NO_DATA,,0,0,,
232261044,14.01,OK,GSFC-ELEANOR-LITE,1,904,GSFC-ELEANOR-LITE,
287269479,14.35,PROCESSING_ERROR,,0,0,TASOC,"cannot reshape array of size 0 into shape (0,newaxis)"
295023610,13.94,OK,TASOC,2,2474,TASOC,
1791290325,14.1,NO_DATA,,0,0,,
418009114,13.94,DOWNLOAD_ERROR,,0,0,TARS,Error in reading Data product /home/runner/.cache/lightkurve/mastDownload/HLSP/hlsp_tars_tess_ffi_s0023-0000000418009114_tess/hlsp_tars_tess_ffi_s0023-0000000418009114_tess_v01_lc.fits of type generic
290141580,14.02,OK,GSFC-ELEANOR-LITE,1,1086,GSFC-ELEANOR-LITE,
109335717,14.23,NO_DATA,,0,0,,
58217958,14.06,PROCESSING_ERROR,,0,0,TASOC,"cannot reshape array of size 0 into shape (0,newaxis)"
140983125,14.35,OK,GSFC-ELEANOR-LITE,2,1966,GSFC-ELEANOR-LITE,
317238196,14.49,OK,GSFC-ELEANOR-LITE,2,2188,GSFC-ELEANOR-LITE,
343636510,14.49,NO_DATA,,0,0,,
308412475,14.68,NO_DATA,,0,0,,
349360532,14.63,NO_DATA,,0,0,,
82350868,14.41,NO_DATA,,0,0,,
152059296,14.49,OK,GSFC-ELEANOR-LITE,1,1087,GSFC-ELEANOR-LITE,
122367076,14.44,NO_DATA,,0,0,,
447039068,14.63,OK,GSFC-ELEANOR-LITE,1,1086,GSFC-ELEANOR-LITE,
78779361,14.45,OK,GSFC-ELEANOR-LITE,1,1100,GSFC-ELEANOR-LITE,
237257013,14.72,PROCESSING_ERROR,,0,0,TASOC,"cannot reshape array of size 0 into shape (0,newaxis)"
257792577,14.56,NO_DATA,,0,0,,
460085490,14.71,PROCESSING_ERROR,,0,0,TASOC,"cannot reshape array of size 0 into shape (0,newaxis)"
84773790,14.71,NO_DATA,,0,0,,
468302603,14.6,NO_DATA,,0,0,,
187971282,14.57,OK,GSFC-ELEANOR-LITE,1,1081,GSFC-ELEANOR-LITE,
350509666,14.67,NO_DATA,,0,0,,
260160717,14.66,OK,GSFC-ELEANOR-LITE,11,11392,GSFC-ELEANOR-LITE,
469157094,14.57,OK,GSFC-ELEANOR-LITE,2,2211,GSFC-ELEANOR-LITE,
233616282,14.64,PROCESSING_ERROR,,0,0,TASOC,"cannot reshape array of size 0 into shape (0,newaxis)"
60467005,14.55,OK,GSFC-ELEANOR-LITE,1,1134,GSFC-ELEANOR-LITE,
442457109,14.45,OK,GSFC-ELEANOR-LITE,2,2211,GSFC-ELEANOR-LITE,
258576928,14.59,OK,GSFC-ELEANOR-LITE,1,1148,GSFC-ELEANOR-LITE,
185758357,14.5,OK,GSFC-ELEANOR-LITE,1,862,GSFC-ELEANOR-LITE,
197032292,14.53,NO_DATA,,0,0,,
175784020,14.44,NO_DATA,,0,0,,
45634302,14.4,OK,GSFC-ELEANOR-LITE,3,3073,GSFC-ELEANOR-LITE,
136693459,14.5,NO_DATA,,0,0,,
173070090,14.66,NO_DATA,,0,0,,
258047210,14.52,OK,GSFC-ELEANOR-LITE,1,862,GSFC-ELEANOR-LITE,
378059312,14.46,NO_DATA,,0,0,,
157669476,14.78,NO_DATA,,0,0,,
318453059,14.81,OK,GSFC-ELEANOR-LITE,1,1081,GSFC-ELEANOR-LITE,
391710221,14.94,OK,GSFC-ELEANOR-LITE,2,1966,GSFC-ELEANOR-LITE,
388616817,14.76,NO_DATA,,0,0,,
298851667,14.83,NO_DATA,,0,0,,
335334456,14.99,OK,GSFC-ELEANOR-LITE,2,2164,GSFC-ELEANOR-LITE,
302615407,14.97,OK,GSFC-ELEANOR-LITE,1,904,GSFC-ELEANOR-LITE,
153275485,14.8,OK,GSFC-ELEANOR-LITE,2,1934,GSFC-ELEANOR-LITE,
221087982,14.95,OK,GSFC-ELEANOR-LITE,1,1086,GSFC-ELEANOR-LITE,
96611109,14.96,NO_DATA,,0,0,,
342885039,14.74,OK,GSFC-ELEANOR-LITE,3,3073,GSFC-ELEANOR-LITE,
300228365,14.9,OK,GSFC-ELEANOR-LITE,1,1081,GSFC-ELEANOR-LITE,
48698507,14.77,OK,GSFC-ELEANOR-LITE,1,1054,GSFC-ELEANOR-LITE,
75331740,14.75,NO_DATA,,0,0,,
87581182,14.96,NO_DATA,,0,0,,
72554367,14.8,OK,GSFC-ELEANOR-LITE,1,904,GSFC-ELEANOR-LITE,
457570195,14.91,OK,GSFC-ELEANOR-LITE,2,2211,GSFC-ELEANOR-LITE,
230119789,14.97,OK,QLP,27,212911,QLP,
91868480,14.89,OK,GSFC-ELEANOR-LITE,1,904,GSFC-ELEANOR-LITE,
54228799,14.73,OK,GSFC-ELEANOR-LITE,1,1072,GSFC-ELEANOR-LITE,
1787589532,14.85,NO_DATA,,0,0,,
44666113,14.88,OK,GSFC-ELEANOR-LITE,1,1086,GSFC-ELEANOR-LITE,
89761226,14.93,NO_DATA,,0,0,,
317541306,14.98,OK,GSFC-ELEANOR-LITE,2,2188,GSFC-ELEANOR-LITE,
336971515,14.79,OK,GSFC-ELEANOR-LITE,1,1054,GSFC-ELEANOR-LITE,
329625644,14.94,NO_DATA,,0,0,,
259038014,14.82,NO_DATA,,0,0,,
169973704,14.83,NO_DATA,,0,0,,
377556247,14.74,NO_DATA,,0,0,,
23083136,14.95,NO_DATA,,0,0,,
183197852,11.21,OK,TESS-SPOC,3,6947,TESS-SPOC,
254341330,12.79,OK,GSFC-ELEANOR-LITE,1,1077,GSFC-ELEANOR-LITE,
229699461,12.48,OK,QLP,40,249223,QLP,
42499185,12.14,OK,QLP,8,46875,QLP,
42707954,13.0,OK,QLP,7,45848,QLP,
173132081,12.77,OK,TESS-SPOC,3,6373,TESS-SPOC,
258100056,11.9,OK,GSFC-ELEANOR-LITE,1,1086,GSFC-ELEANOR-LITE,
318619424,11.87,OK,QLP,6,47644,QLP,
115195828,12.92,OK,QLP,6,39729,QLP,
298017399,10.87,OK,TESS-SPOC,9,34430,TESS-SPOC,
282601762,10.91,OK,QLP,6,44955,QLP,
441621320,12.68,OK,QLP,8,43240,QLP,
278562921,12.89,OK,QLP,7,53805,QLP,
378618502,12.41,OK,GSFC-ELEANOR-LITE,2,2188,GSFC-ELEANOR-LITE,
373371535,10.1,OK,TESS-SPOC,5,56003,TESS-SPOC,
193141618,12.47,OK,GSFC-ELEANOR-LITE,1,1081,GSFC-ELEANOR-LITE,
376247861,12.5,OK,GSFC-ELEANOR-LITE,2,2211,GSFC-ELEANOR-LITE,
342059930,12.29,OK,TESS-SPOC,2,4173,TESS-SPOC,
377551667,12.52,OK,TESS-SPOC,1,1620,TESS-SPOC,
111108601,12.58,OK,QLP,4,19875,QLP,
411363672,13.02,OK,GSFC-ELEANOR-LITE,2,2165,GSFC-ELEANOR-LITE,
396830645,12.99,OK,QLP,4,21223,QLP,
35681890,12.9,OK,GSFC-ELEANOR-LITE,2,2167,GSFC-ELEANOR-LITE,
350880449,12.92,OK,TESS-SPOC,1,3916,TESS-SPOC,
17064855,12.4,OK,TESS-SPOC,3,6484,TESS-SPOC,
79351115,12.93,OK,QLP,2,11306,QLP,
79791829,12.71,OK,GSFC-ELEANOR-LITE,2,1934,GSFC-ELEANOR-LITE,
469116579,12.89,OK,QLP,3,25404,QLP,
277565165,12.33,OK,QLP,9,72963,QLP,
43253442,10.51,OK,TESS-SPOC,5,16197,TESS-SPOC,
169177766,10.16,OK,TESS-SPOC,8,53775,TESS-SPOC,
206563993,11.34,OK,TESS-SPOC,5,25445,TESS-SPOC,
90287501,12.66,OK,QLP,6,34709,QLP,
377920828,13.03,OK,QLP,5,23405,QLP,
233497830,12.28,OK,TESS-SPOC,26,90752,TESS-SPOC,
219930947,9.44,OK,SPOC,1,16743,SPOC,
322103094,12.54,OK,TESS-SPOC,1,2329,TESS-SPOC,
437022904,9.35,OK,TESS-SPOC,3,19177,TESS-SPOC,
427103373,12.97,OK,QLP,6,34331,QLP,
139866159,11.08,OK,GSFC-ELEANOR-LITE,2,1966,GSFC-ELEANOR-LITE,
158324971,12.19,OK,QLP,12,66721,QLP,
80175170,12.24,OK,GSFC-ELEANOR-LITE,2,1934,GSFC-ELEANOR-LITE,
254933232,12.01,OK,GSFC-ELEANOR-LITE,1,1075,GSFC-ELEANOR-LITE,
410099783,12.78,OK,GSFC-ELEANOR-LITE,1,1073,GSFC-ELEANOR-LITE,
58616531,10.67,OK,QLP,2,12980,QLP,
31544263,11.02,OK,GSFC-ELEANOR-LITE,2,1966,GSFC-ELEANOR-LITE,
342017372,10.29,OK,TESS-SPOC,2,13479,TESS-SPOC,
383785428,12.12,OK,QLP,1,10828,QLP,
235175404,11.82,OK,GSFC-ELEANOR-LITE,1,904,GSFC-ELEANOR-LITE,
27190051,11.68,OK,QLP,12,84459,QLP,
117541051,12.99,OK,QLP,5,37731,QLP,
221849463,12.87,OK,GSFC-ELEANOR-LITE,1,1086,GSFC-ELEANOR-LITE,
148084380,10.26,OK,SPOC,1,13702,SPOC,
340729705,13.01,OK,GSFC-ELEANOR-LITE,1,1081,GSFC-ELEANOR-LITE,
138254137,12.96,OK,QLP,4,10983,QLP,
323293687,12.91,OK,GSFC-ELEANOR-LITE,3,3344,GSFC-ELEANOR-LITE,
387004518,11.74,OK,GSFC-ELEANOR-LITE,2,2211,GSFC-ELEANOR-LITE,
66602850,12.71,OK,GSFC-ELEANOR-LITE,1,1072,GSFC-ELEANOR-LITE,
299409814,12.49,OK,QLP,3,25547,QLP,
236985041,11.72,OK,TESS-SPOC,2,14500,TESS-SPOC,
358176939,13.01,OK,GSFC-ELEANOR-LITE,13,13367,GSFC-ELEANOR-LITE,
355807981,11.15,OK,TESS-SPOC,4,19178,TESS-SPOC,
234431746,11.1,OK,GSFC-ELEANOR-LITE,1,1054,GSFC-ELEANOR-LITE,
399598882,13.0,OK,QLP,6,46501,QLP,
142614695,6.81,OK,TESS-SPOC,3,24095,TESS-SPOC,
48187699,11.11,OK,TESS-SPOC,1,7803,TESS-SPOC,
20693807,10.96,OK,QLP,8,46809,QLP,
183290298,11.59,OK,GSFC-ELEANOR-LITE,1,862,GSFC-ELEANOR-LITE,
66681823,12.16,OK,QLP,4,25111,QLP,
310306741,8.39,OK,SPOC,4,61132,SPOC,
309471944,12.39,OK,GSFC-ELEANOR-LITE,5,5216,GSFC-ELEANOR-LITE,
152583790,12.95,OK,GSFC-ELEANOR-LITE,2,1934,GSFC-ELEANOR-LITE,
1869034711,12.69,OK,QLP,7,46187,QLP,
239478986,12.62,OK,QLP,6,34689,QLP,
250231749,12.95,OK,QLP,2,14129,QLP,
335219622,11.72,OK,QLP,4,26870,QLP,
207035597,12.71,OK,GSFC-ELEANOR-LITE,1,1086,GSFC-ELEANOR-LITE,
430095922,11.74,OK,QLP,4,20339,QLP,
96795030,11.24,OK,TESS-SPOC,4,8901,TESS-SPOC,
313372824,12.06,OK,GSFC-ELEANOR-LITE,1,1081,GSFC-ELEANOR-LITE,
181211334,10.2,OK,TESS-SPOC,2,19074,TESS-SPOC,
159526914,12.97,OK,QLP,5,21646,QLP,
223326888,13.0,OK,QLP,2,13925,QLP,
358653682,10.73,OK,QLP,3,30752,QLP,
273634735,11.97,OK,QLP,9,58144,QLP,
161685561,12.94,OK,GSFC-ELEANOR-LITE,1,1082,GSFC-ELEANOR-LITE,
102604707,12.95,OK,QLP,7,46191,QLP,
225213212,12.7,OK,GSFC-ELEANOR-LITE,1,1053,GSFC-ELEANOR-LITE,
41483355,12.63,OK,GSFC-ELEANOR-LITE,11,11253,GSFC-ELEANOR-LITE,
279982614,12.52,OK,TESS-SPOC,1,805,TESS-SPOC,
43767799,12.91,OK,QLP,8,46880,QLP,
95926344,11.37,OK,QLP,4,18582,QLP,
284102568,10.42,OK,QLP,1,2118,QLP,
272920543,12.19,OK,TESS-SPOC,1,1360,TESS-SPOC,
220932568,12.92,OK,GSFC-ELEANOR-LITE,1,1086,GSFC-ELEANOR-LITE,
138390181,12.99,OK,GSFC-ELEANOR-LITE,2,2211,GSFC-ELEANOR-LITE,
44527975,13.03,OK,QLP,3,25731,QLP,
42093965,12.04,OK,QLP,8,49288,QLP,
391341146,11.47,OK,GSFC-ELEANOR-LITE,2,2188,GSFC-ELEANOR-LITE,
411305220,11.85,OK,TESS-SPOC,2,20758,TESS-SPOC,
285991164,9.85,OK,TESS-SPOC,1,9682,TESS-SPOC,
165082617,10.95,OK,QLP,7,60780,QLP,
467053606,13.03,OK,GSFC-ELEANOR-LITE,2,2188,GSFC-ELEANOR-LITE,
344283552,12.45,OK,TESS-SPOC,5,18345,TESS-SPOC,
250295587,10.79,OK,TESS-SPOC,2,10040,TESS-SPOC,
145337734,12.14,OK,GSFC-ELEANOR-LITE,2,1934,GSFC-ELEANOR-LITE,
349375821,11.85,OK,GSFC-ELEANOR-LITE,13,13367,GSFC-ELEANOR-LITE,
3770318,6.0,OK,SPOC,3,37850,SPOC,
229434518,12.85,OK,QLP,42,246482,QLP,
370265085,11.92,OK,QLP,1,10200,QLP,
77210120,12.17,OK,QLP,1,10865,QLP,
409677914,12.69,OK,QLP,3,22903,QLP,
207693990,12.86,OK,GSFC-ELEANOR-LITE,1,1086,GSFC-ELEANOR-LITE,
402340653,9.83,OK,TESS-SPOC,2,17171,TESS-SPOC,
323596833,8.26,OK,TESS-SPOC,2,9882,TESS-SPOC,
462651490,10.76,OK,GSFC-ELEANOR-LITE,2,2211,GSFC-ELEANOR-LITE,
212617453,10.86,OK,GSFC-ELEANOR-LITE,1,1053,GSFC-ELEANOR-LITE,
325900361,12.2,OK,QLP,7,64095,QLP,
237226943,12.9,OK,QLP,26,162767,QLP,
278020133,10.78,OK,TESS-SPOC,28,119113,TESS-SPOC,
264133387,9.64,OK,TESS-SPOC,1,6672,TESS-SPOC,
340670717,12.35,OK,GSFC-ELEANOR-LITE,1,1051,GSFC-ELEANOR-LITE,
408834809,11.62,OK,TESS-SPOC,3,15048,TESS-SPOC,
73472090,12.79,OK,QLP,4,19590,QLP,
444221977,12.65,OK,GSFC-ELEANOR-LITE,2,2211,GSFC-ELEANOR-LITE,
179648731,12.26,OK,GSFC-ELEANOR-LITE,1,1081,GSFC-ELEANOR-LITE,
325181763,13.02,OK,QLP,7,64096,QLP,
230132258,9.82,OK,SPOC,28,441449,SPOC,
318440584,12.43,OK,QLP,5,31653,QLP,
138281808,12.26,OK,QLP,8,49695,QLP,
110944219,11.98,OK,QLP,2,13550,QLP,
453557328,12.89,OK,GSFC-ELEANOR-LITE,3,3274,GSFC-ELEANOR-LITE,
229639434,12.61,OK,TESS-SPOC,8,13428,TESS-SPOC,
333326688,12.75,OK,QLP,4,19660,QLP,
10522626,12.08,OK,QLP,1,10828,QLP,
383057932,12.82,OK,GSFC-ELEANOR-LITE,3,3073,GSFC-ELEANOR-LITE,
157035336,12.86,OK,TESS-SPOC,1,1554,TESS-SPOC,
365726727,11.58,OK,TESS-SPOC,2,5142,TESS-SPOC,
446197672,11.67,OK,QLP,1,10902,QLP,
376460310,12.29,OK,QLP,2,13722,QLP,
76747861,12.21,OK,GSFC-ELEANOR-LITE,2,1966,GSFC-ELEANOR-LITE,
376653906,11.89,OK,TESS-SPOC,3,10313,TESS-SPOC,
279151949,11.76,OK,GSFC-ELEANOR-LITE,1,1086,GSFC-ELEANOR-LITE,
333067467,12.55,OK,QLP,2,12795,QLP,
251644683,11.26,OK,QLP,2,13111,QLP,
118169905,12.63,OK,GSFC-ELEANOR-LITE,3,3073,GSFC-ELEANOR-LITE,
330436328,10.55,OK,TESS-SPOC,1,3692,TESS-SPOC,
394218463,12.45,OK,GSFC-ELEANOR-LITE,1,862,GSFC-ELEANOR-LITE,
463349042,12.14,OK,GSFC-ELEANOR-LITE,2,2211,GSFC-ELEANOR-LITE,
202504239,11.03,OK,SPOC,3,45457,SPOC,
40467148,11.0,OK,QLP,6,35275,QLP,
52941627,12.87,OK,QLP,4,24587,QLP,
465706172,12.82,OK,GSFC-ELEANOR-LITE,2,2188,GSFC-ELEANOR-LITE,
18183782,6.56,OK,TESS-SPOC,2,15867,TESS-SPOC,
366924539,12.73,OK,QLP,2,11028,QLP,
54443114,12.84,OK,QLP,2,11489,QLP,
387020534,11.25,OK,TESS-SPOC,12,60230,TESS-SPOC,
340512507,12.08,OK,GSFC-ELEANOR-LITE,1,1086,GSFC-ELEANOR-LITE,
403544559,12.21,OK,QLP,2,13022,QLP,
252156934,12.48,OK,QLP,4,24635,QLP,
372558756,12.9,OK,QLP,4,19856,QLP,
249580042,11.3,OK,TESS-SPOC,1,1893,TESS-SPOC,
383144727,12.87,OK,GSFC-ELEANOR-LITE,2,1969,GSFC-ELEANOR-LITE,
237300164,12.7,OK,QLP,26,159660,QLP,
121314359,11.6,OK,GSFC-ELEANOR-LITE,1,962,GSFC-ELEANOR-LITE,
435483871,11.9,OK,QLP,6,42421,QLP,
37435060,12.36,OK,GSFC-ELEANOR-LITE,1,862,GSFC-ELEANOR-LITE,
224420557,10.89,OK,QLP,5,23161,QLP,
1515425940,12.95,OK,GSFC-ELEANOR-LITE,1,1056,GSFC-ELEANOR-LITE,
282227527,12.65,OK,QLP,6,34259,QLP,
230147248,12.63,OK,GSFC-ELEANOR-LITE,1,1054,GSFC-ELEANOR-LITE,
433633051,8.95,OK,SPOC,1,13891,SPOC,
399701641,12.07,OK,TESS-SPOC,3,14105,TESS-SPOC,
704374777,10.29,OK,QLP,2,17968,QLP,
236289369,12.84,OK,QLP,3,7246,QLP,
368669548,12.13,OK,QLP,3,19486,QLP,
29304800,12.84,OK,GSFC-ELEANOR-LITE,1,1054,GSFC-ELEANOR-LITE,
282545321,13.01,OK,QLP,5,20382,QLP,
72729777,11.32,OK,SPOC,3,57504,SPOC,
86848751,12.6,OK,GSFC-ELEANOR-LITE,1,1032,GSFC-ELEANOR-LITE,
205516474,11.91,OK,QLP,3,24750,QLP,
223684377,13.01,OK,GSFC-ELEANOR-LITE,1,1073,GSFC-ELEANOR-LITE,
59516141,11.57,OK,QLP,6,44955,QLP,
349318274,11.9,OK,GSFC-ELEANOR-LITE,1,1072,GSFC-ELEANOR-LITE,
309258095,12.72,OK,GSFC-ELEANOR-LITE,5,5216,GSFC-ELEANOR-LITE,
166636745,11.88,OK,QLP,7,60778,QLP,
308882316,13.0,OK,QLP,2,12795,QLP,
333941729,12.84,OK,GSFC-ELEANOR-LITE,1,1072,GSFC-ELEANOR-LITE,
149275401,12.14,OK,QLP,4,19605,QLP,
375455462,12.26,OK,QLP,2,13712,QLP,
178438194,10.92,OK,TESS-SPOC,1,1086,TESS-SPOC,
366518030,12.97,OK,QLP,27,161626,QLP,
189618739,12.6,OK,GSFC-ELEANOR-LITE,2,1963,GSFC-ELEANOR-LITE,
394014682,12.96,OK,QLP,5,19835,QLP,
93118998,12.11,OK,GSFC-ELEANOR-LITE,2,1966,GSFC-ELEANOR-LITE,
399419266,11.83,PROCESSING_ERROR,,0,0,QLP,"cannot reshape array of size 0 into shape (0,newaxis)"
14862268,12.88,OK,QLP,1,10782,QLP,
310865046,9.35,OK,TESS-SPOC,2,17530,TESS-SPOC,
452986843,12.18,OK,QLP,6,32262,QLP,
60755710,5.89,OK,SPOC,2,36112,SPOC,
66363333,13.64,NO_DATA,,0,0,,
273978059,13.05,OK,GSFC-ELEANOR-LITE,1,1086,GSFC-ELEANOR-LITE,
407471458,13.71,DOWNLOAD_ERROR,,0,0,TARS,Error in reading Data product /home/runner/.cache/lightkurve/mastDownload/HLSP/hlsp_tars_tess_ffi_s0020-0000000407471458_tess/hlsp_tars_tess_ffi_s0020-0000000407471458_tess_v01_lc.fits of type generic
28906130,13.2,OK,QLP,3,22708,QLP,
436559757,13.86,DOWNLOAD_ERROR,,0,0,TARS,Error in reading Data product /home/runner/.cache/lightkurve/mastDownload/HLSP/hlsp_tars_tess_ffi_s0017-0000000436559757_tess/hlsp_tars_tess_ffi_s0017-0000000436559757_tess_v01_lc.fits of type generic
90178139,13.16,OK,QLP,5,23444,QLP,
389274505,13.5,NO_DATA,,0,0,,
159650811,13.44,OK,QLP,10,62065,QLP,
376794671,13.84,NO_DATA,,0,0,,
203564679,13.79,NO_DATA,,0,0,,
364562017,13.1,OK,QLP,9,65767,QLP,
218599789,13.84,NO_DATA,,0,0,,
284539917,13.46,OK,QLP,7,33429,QLP,
4286801,13.72,NO_DATA,,0,0,,
324924205,13.19,OK,QLP,8,65221,QLP,
1956998342,13.88,OK,QLP,5,28235,QLP,
74562924,13.43,OK,QLP,3,8465,QLP,
42545797,13.63,OK,TASOC,2,1616,TASOC,
95584639,13.33,OK,QLP,2,13211,QLP,
446445379,13.3,OK,QLP,1,2331,QLP,
387649758,13.87,NO_DATA,,0,0,,
381009314,13.29,OK,QLP,7,42917,QLP,
942471837,13.04,OK,GSFC-ELEANOR-LITE,1,1101,GSFC-ELEANOR-LITE,
345766891,13.4,OK,QLP,3,14911,QLP,
288698920,13.29,OK,GSFC-ELEANOR-LITE,1,1081,GSFC-ELEANOR-LITE,
125267676,13.43,OK,GSFC-ELEANOR-LITE,1,1072,GSFC-ELEANOR-LITE,
423072806,13.7,OK,TASOC,2,2292,TASOC,
294197268,13.5,OK,GSFC-ELEANOR-LITE,2,2263,GSFC-ELEANOR-LITE,
60917824,13.67,OK,GSFC-ELEANOR-LITE,1,960,GSFC-ELEANOR-LITE,
159146071,13.05,OK,QLP,11,62619,QLP,
435102166,13.51,OK,GSFC-ELEANOR-LITE,1,1081,GSFC-ELEANOR-LITE,
302081477,13.49,OK,QLP,2,22216,QLP,
464471542,13.78,OK,GSFC-ELEANOR-LITE,2,2211,GSFC-ELEANOR-LITE,
121737294,13.18,OK,QLP,7,53884,QLP,
305154803,13.7,NO_DATA,,0,0,,
401936263,13.38,OK,GSFC-ELEANOR-LITE,2,1966,GSFC-ELEANOR-LITE,
229274291,13.75,OK,GSFC-ELEANOR-LITE,1,904,GSFC-ELEANOR-LITE,
452017668,13.27,OK,QLP,4,19524,QLP,
313629292,13.72,NO_DATA,,0,0,,
451437627,13.81,DOWNLOAD_ERROR,,0,0,TARS,Error in reading Data product /home/runner/.cache/lightkurve/mastDownload/HLSP/hlsp_tars_tess_ffi_s0051-0000000451437627_tess/hlsp_tars_tess_ffi_s0051-0000000451437627_tess_v01_lc.fits of type generic
26321402,13.42,OK,GSFC-ELEANOR-LITE,1,1134,GSFC-ELEANOR-LITE,
97101666,13.64,OK,GSFC-ELEANOR-LITE,1,1049,GSFC-ELEANOR-LITE,
43668104,13.33,OK,QLP,4,28458,QLP,
408730573,13.36,OK,QLP,10,60959,QLP,
57497895,13.41,OK,QLP,6,44949,QLP,
13401417,13.77,NO_DATA,,0,0,,
77539493,13.16,OK,GSFC-ELEANOR-LITE,1,1081,GSFC-ELEANOR-LITE,
120186010,13.45,OK,QLP,3,23376,QLP,
331072761,13.37,OK,QLP,8,65221,QLP,
229098557,13.44,OK,TESS-SPOC,1,830,TESS-SPOC,
115406571,13.68,NO_DATA,,0,0,,
145718779,13.07,OK,GSFC-ELEANOR-LITE,2,1966,GSFC-ELEANOR-LITE,
126030383,13.54,OK,GSFC-ELEANOR-LITE,1,1072,GSFC-ELEANOR-LITE,
410510762,13.41,OK,GSFC-ELEANOR-LITE,1,1086,GSFC-ELEANOR-LITE,
306295635,13.68,OK,GSFC-ELEANOR-LITE,2,2188,GSFC-ELEANOR-LITE,
9646379,13.86,PROCESSING_ERROR,,0,0,TASOC,"cannot reshape array of size 0 into shape (0,newaxis)"
62280620,13.82,OK,GSFC-ELEANOR-LITE,1,1147,GSFC-ELEANOR-LITE,
254273285,13.05,OK,GSFC-ELEANOR-LITE,1,1175,GSFC-ELEANOR-LITE,
765053491,13.28,OK,GSFC-ELEANOR-LITE,13,13367,GSFC-ELEANOR-LITE,
78513737,13.08,OK,QLP,5,30276,QLP,
343445969,13.54,NO_DATA,,0,0,,
262333755,13.6,OK,GSFC-ELEANOR-LITE,1,1056,GSFC-ELEANOR-LITE,
90132102,13.81,OK,GSFC-ELEANOR-LITE,2,1966,GSFC-ELEANOR-LITE,
403658232,13.24,OK,QLP,5,30879,QLP,
140979808,13.69,OK,GSFC-ELEANOR-LITE,2,1966,GSFC-ELEANOR-LITE,
391395120,13.5,NO_DATA,,0,0,,
357224168,13.82,NO_DATA,,0,0,,
392557580,13.52,OK,GSFC-ELEANOR-LITE,1,1081,GSFC-ELEANOR-LITE,
403305003,13.56,NO_DATA,,0,0,,
330690469,13.22,OK,QLP,4,20754,QLP,
65967629,13.83,OK,GSFC-ELEANOR-LITE,1,1072,GSFC-ELEANOR-LITE,
259447502,13.59,OK,GSFC-ELEANOR-LITE,1,1072,GSFC-ELEANOR-LITE,
303366301,13.46,OK,QLP,3,9738,QLP,
71892187,13.18,OK,QLP,7,55713,QLP,
216880588,13.73,NO_DATA,,0,0,,
427197715,13.77,NO_DATA,,0,0,,
274073237,13.87,PROCESSING_ERROR,,0,0,CDIPS,The unit 'day' is unrecognized.  It can not be converted to other units.
299291713,13.86,NO_DATA,,0,0,,
181949360,13.05,OK,TESS-SPOC,1,1604,TESS-SPOC,
157302212,13.2,OK,QLP,3,18314,QLP,
397887262,13.18,OK,GSFC-ELEANOR-LITE,2,2167,GSFC-ELEANOR-LITE,
278387588,13.55,OK,TASOC,2,2292,TASOC,
150359066,13.88,OK,GSFC-ELEANOR-LITE,12,12295,GSFC-ELEANOR-LITE,
82379420,13.56,NO_DATA,,0,0,,
267649578,13.71,NO_DATA,,0,0,,
3903081,13.79,NO_DATA,,0,0,,
449898566,13.38,OK,QLP,1,2229,QLP,
52868360,13.68,OK,GSFC-ELEANOR-LITE,2,1975,GSFC-ELEANOR-LITE,
59323022,13.12,OK,QLP,4,26858,QLP,
470052529,13.19,OK,QLP,8,65221,QLP,
66536652,13.41,OK,QLP,6,42040,QLP,
451201457,13.74,OK,GSFC-ELEANOR-LITE,1,1084,GSFC-ELEANOR-LITE,
155566461,13.5,OK,GSFC-ELEANOR-LITE,2,1934,GSFC-ELEANOR-LITE,
258918443,13.32,OK,GSFC-ELEANOR-LITE,1,1081,GSFC-ELEANOR-LITE,
116137885,13.67,NO_DATA,,0,0,,
224540431,13.34,OK,QLP,4,22004,QLP,
340044421,13.82,NO_DATA,,0,0,,
236756724,13.73,NO_DATA,,0,0,,
464736206,13.61,OK,GSFC-ELEANOR-LITE,1,1107,GSFC-ELEANOR-LITE,
423023686,13.61,OK,GSFC-ELEANOR-LITE,1,1086,GSFC-ELEANOR-LITE,
258918744,13.28,OK,QLP,39,227466,QLP,
53050520,13.57,OK,GSFC-ELEANOR-LITE,1,862,GSFC-ELEANOR-LITE,
241221676,13.13,OK,QLP,2,17968,QLP,
160073977,13.52,OK,GSFC-ELEANOR-LITE,1,1028,GSFC-ELEANOR-LITE,
455753037,13.73,OK,GSFC-ELEANOR-LITE,1,1086,GSFC-ELEANOR-LITE,
222063436,13.29,OK,GSFC-ELEANOR-LITE,1,1086,GSFC-ELEANOR-LITE,
451820403,13.88,NO_DATA,,0,0,,
451759445,13.72,PROCESSING_ERROR,,0,0,TASOC,"cannot reshape array of size 0 into shape (0,newaxis)"
124301978,13.71,NO_DATA,,0,0,,
34836995,13.47,OK,QLP,1,9852,QLP,
269696392,13.35,OK,QLP,35,215866,QLP,
82200404,13.51,OK,GSFC-ELEANOR-LITE,1,1086,GSFC-ELEANOR-LITE,
405657398,13.5,NO_DATA,,0,0,,
455333636,13.44,OK,GSFC-ELEANOR-LITE,1,1086,GSFC-ELEANOR-LITE,
148482354,13.42,OK,GSFC-ELEANOR-LITE,2,1975,GSFC-ELEANOR-LITE,
1809932095,13.2,OK,QLP,4,29290,QLP,
294860388,13.17,OK,GSFC-ELEANOR-LITE,2,2211,GSFC-ELEANOR-LITE,
338202658,13.34,OK,QLP,2,14611,QLP,
290724810,13.63,OK,GSFC-ELEANOR-LITE,1,1078,GSFC-ELEANOR-LITE,
256645177,13.68,NO_DATA,,0,0,,
461025011,13.66,OK,GSFC-ELEANOR-LITE,2,2188,GSFC-ELEANOR-LITE,
11366952,13.51,OK,TASOC,2,1790,TASOC,
210199426,13.18,OK,QLP,5,30255,QLP,
351907503,13.38,OK,SPOC,3,47187,SPOC,
271178354,13.61,OK,GSFC-ELEANOR-LITE,2,1966,GSFC-ELEANOR-LITE,
50848733,13.13,OK,QLP,6,46757,QLP,
261459139,13.79,OK,GSFC-ELEANOR-LITE,1,1177,GSFC-ELEANOR-LITE,
9586662,13.27,OK,GSFC-ELEANOR-LITE,1,1075,GSFC-ELEANOR-LITE,
382573876,13.86,OK,GSFC-ELEANOR-LITE,12,12464,GSFC-ELEANOR-LITE,
468393912,13.18,OK,QLP,7,41494,QLP,
301180986,13.46,OK,GSFC-ELEANOR-LITE,1,904,GSFC-ELEANOR-LITE,
408819122,13.19,OK,TESS-SPOC,2,5727,TESS-SPOC,
467150456,13.65,NO_DATA,,0,0,,
371367995,13.68,NO_DATA,,0,0,,
49273737,13.22,OK,QLP,2,13017,QLP,
421438736,13.58,OK,GSFC-ELEANOR-LITE,1,1175,GSFC-ELEANOR-LITE,
469298265,13.81,OK,GSFC-ELEANOR-LITE,2,2211,GSFC-ELEANOR-LITE,
56645695,13.74,OK,GSFC-ELEANOR-LITE,1,1100,GSFC-ELEANOR-LITE,
295208606,13.28,OK,QLP,10,76906,QLP,
142564498,13.5,OK,QLP,9,38295,QLP,
7711698,13.21,OK,QLP,2,11265,QLP,
376483402,13.73,OK,GSFC-ELEANOR-LITE,2,2165,GSFC-ELEANOR-LITE,
136966278,13.61,OK,TASOC,2,1844,TASOC,
384550724,13.47,OK,GSFC-ELEANOR-LITE,3,3073,GSFC-ELEANOR-LITE,
54701519,13.47,OK,GSFC-ELEANOR-LITE,1,1072,GSFC-ELEANOR-LITE,
53373150,13.3,OK,GSFC-ELEANOR-LITE,2,1966,GSFC-ELEANOR-LITE,
190357942,13.36,OK,GSFC-ELEANOR-LITE,1,1086,GSFC-ELEANOR-LITE,
214431929,13.5,OK,GSFC-ELEANOR-LITE,1,1056,GSFC-ELEANOR-LITE,
120258334,13.16,OK,QLP,7,32186,QLP,
415123317,13.31,OK,QLP,1,2459,QLP,
391896884,13.43,OK,GSFC-ELEANOR-LITE,1,1100,GSFC-ELEANOR-LITE,
145409956,13.76,OK,GSFC-ELEANOR-LITE,2,1934,GSFC-ELEANOR-LITE,
455010436,13.62,OK,GSFC-ELEANOR-LITE,1,1118,GSFC-ELEANOR-LITE,
144819821,13.14,OK,GSFC-ELEANOR-LITE,2,1966,GSFC-ELEANOR-LITE,
246277972,13.52,OK,GSFC-ELEANOR-LITE,1,1054,GSFC-ELEANOR-LITE,
316372736,13.82,OK,GSFC-ELEANOR-LITE,2,2188,GSFC-ELEANOR-LITE,
144010926,13.05,OK,QLP,4,32633,QLP,
86880482,13.18,OK,GSFC-ELEANOR-LITE,1,1177,GSFC-ELEANOR-LITE,
236225388,13.81,NO_DATA,,0,0,,
392320317,13.36,OK,QLP,5,13517,QLP,
450868904,13.59,OK,GSFC-ELEANOR-LITE,1,1081,GSFC-ELEANOR-LITE,
46286995,13.82,OK,GSFC-ELEANOR-LITE,1,1047,GSFC-ELEANOR-LITE,
452066691,13.31,OK,QLP,4,37487,QLP,
367753112,13.04,OK,QLP,17,99735,QLP,
354504737,13.84,NO_DATA,,0,0,,
320391401,13.55,NO_DATA,,0,0,,
392723863,13.13,OK,QLP,7,45833,QLP,
302626305,13.69,NO_DATA,,0,0,,
401402958,13.77,OK,GSFC-ELEANOR-LITE,2,1966,GSFC-ELEANOR-LITE,
440275881,13.76,NO_DATA,,0,0,,
117918093,13.21,OK,QLP,6,51818,QLP,
368784947,13.27,OK,QLP,3,19486,QLP,
316128665,13.57,DOWNLOAD_ERROR,,0,0,TARS,Error in reading Data product /home/runner/.cache/lightkurve/mastDownload/HLSP/hlsp_tars_tess_ffi_s0018-0000000316128665_tess/hlsp_tars_tess_ffi_s0018-0000000316128665_tess_v01_lc.fits of type generic
206371248,13.68,NO_DATA,,0,0,,
138985082,13.55,OK,QLP,2,18296,QLP,
227636467,13.25,OK,QLP,2,12663,QLP,
13574073,13.05,OK,QLP,3,15487,QLP,
239665107,13.85,DOWNLOAD_ERROR,,0,0,TARS,Error in reading Data product /home/runner/.cache/lightkurve/mastDownload/HLSP/hlsp_tars_tess_ffi_s0019-0000000239665107_tess/hlsp_tars_tess_ffi_s0019-0000000239665107_tess_v01_lc.fits of type generic
412144130,13.59,NO_DATA,,0,0,,
217095596,13.76,OK,GSFC-ELEANOR-LITE,1,1049,GSFC-ELEANOR-LITE,
86657793,13.19,OK,QLP,5,30144,QLP,
463141363,13.37,OK,GSFC-ELEANOR-LITE,2,2211,GSFC-ELEANOR-LITE,
263537542,13.56,OK,GSFC-ELEANOR-LITE,1,1081,GSFC-ELEANOR-LITE,
430660654,13.85,OK,GSFC-ELEANOR-LITE,2,1966,GSFC-ELEANOR-LITE,
155782403,13.64,NO_DATA,,0,0,,
364313898,13.7,PROCESSING_ERROR,,0,0,TASOC,"cannot reshape array of size 0 into shape (0,newaxis)"
28070503,13.25,OK,QLP,6,44364,QLP,
167936626,13.87,NO_DATA,,0,0,,
363509297,13.81,OK,TASOC,2,1988,TASOC,
22975707,13.53,OK,GSFC-ELEANOR-LITE,1,1177,GSFC-ELEANOR-LITE,
27551851,13.85,OK,GSFC-ELEANOR-LITE,1,1054,GSFC-ELEANOR-LITE,
190630233,13.8,OK,GSFC-ELEANOR-LITE,1,1075,GSFC-ELEANOR-LITE,
70351985,13.2,OK,QLP,9,50973,QLP,
465780824,13.32,OK,GSFC-ELEANOR-LITE,2,2188,GSFC-ELEANOR-LITE,
276365072,13.82,NO_DATA,,0,0,,
99333390,13.67,NO_DATA,,0,0,,
404462308,13.74,OK,GSFC-ELEANOR-LITE,1,798,GSFC-ELEANOR-LITE,
158878538,13.13,OK,QLP,3,31378,QLP,
73344168,13.77,OK,GSFC-ELEANOR-LITE,1,1072,GSFC-ELEANOR-LITE,
71933705,13.44,OK,QLP,3,23428,QLP,
273629523,14.34,NO_DATA,,0,0,,
248739509,14.3,NO_DATA,,0,0,,
99343895,14.02,NO_DATA,,0,0,,
315688226,14.33,NO_DATA,,0,0,,
382672765,14.33,OK,GSFC-ELEANOR-LITE,2,2164,GSFC-ELEANOR-LITE,
354375670,14.08,NO_DATA,,0,0,,
219819093,14.25,NO_DATA,,0,0,,
72768833,14.28,NO_DATA,,0,0,,
159236255,14.29,NO_DATA,,0,0,,
319955967,13.89,NO_DATA,,0,0,,
379436062,14.12,NO_DATA,,0,0,,
263373273,13.99,PROCESSING_ERROR,,0,0,TASOC,"cannot reshape array of size 0 into shape (0,newaxis)"
124625560,14.1,NO_DATA,,0,0,,
234004053,13.96,OK,GSFC-ELEANOR-LITE,1,904,GSFC-ELEANOR-LITE,
1975438213,14.35,OK,QLP,2,2275,QLP,
219837471,13.91,OK,GSFC-ELEANOR-LITE,2,2189,GSFC-ELEANOR-LITE,
385901008,14.02,OK,GSFC-ELEANOR-LITE,1,904,GSFC-ELEANOR-LITE,
311775459,14.24,NO_DATA,,0,0,,
354230601,13.96,NO_DATA,,0,0,,
80115902,14.22,OK,GSFC-ELEANOR-LITE,2,1934,GSFC-ELEANOR-LITE,
434331097,14.2,NO_DATA,,0,0,,
350195303,14.1,OK,GSFC-ELEANOR-LITE,1,1100,GSFC-ELEANOR-LITE,
294361935,14.18,NO_DATA,,0,0,,
282847317,14.18,NO_DATA,,0,0,,
281184872,13.99,DOWNLOAD_ERROR,,0,0,TARS,Error in reading Data product /home/runner/.cache/lightkurve/mastDownload/HLSP/hlsp_tars_tess_ffi_s0051-0000000281184873_tess/hlsp_tars_tess_ffi_s0051-0000000281184873_tess_v01_lc.fits of type generic
387092142,14.33,OK,GSFC-ELEANOR-LITE,2,2211,GSFC-ELEANOR-LITE,
369503682,14.28,OK,GSFC-ELEANOR-LITE,1,1081,GSFC-ELEANOR-LITE,
122780912,13.93,OK,TASOC,2,1616,TASOC,
126093680,14.08,NO_DATA,,0,0,,
439093493,14.11,NO_DATA,,0,0,,
75629555,13.9,OK,GSFC-ELEANOR-LITE,2,1966,GSFC-ELEANOR-LITE,
158864044,14.29,OK,GSFC-ELEANOR-LITE,1,959,GSFC-ELEANOR-LITE,
274870517,14.28,OK,GSFC-ELEANOR-LITE,1,1086,GSFC-ELEANOR-LITE,
283280997,14.04,PROCESSING_ERROR,,0,0,TASOC,"cannot reshape array of size 0 into shape (0,newaxis)"
141653812,13.98,OK,GSFC-ELEANOR-LITE,1,1072,GSFC-ELEANOR-LITE,
422797889,14.19,NO_DATA,,0,0,,
57669874,14.05,NO_DATA,,0,0,,
337796544,13.99,OK,GSFC-ELEANOR-LITE,1,1054,GSFC-ELEANOR-LITE,
151955934,14.12,OK,GSFC-ELEANOR-LITE,1,1087,GSFC-ELEANOR-LITE,
238634632,14.14,OK,GSFC-ELEANOR-LITE,3,3038,GSFC-ELEANOR-LITE,
227387411,14.29,NO_DATA,,0,0,,
450093170,13.9,OK,GSFC-ELEANOR-LITE,1,1119,GSFC-ELEANOR-LITE,
364744729,13.97,NO_DATA,,0,0,,
20301164,14.31,OK,QLP,4,17885,QLP,
462320691,14.25,OK,GSFC-ELEANOR-LITE,2,2211,GSFC-ELEANOR-LITE,
306966106,14.04,OK,GSFC-ELEANOR-LITE,2,2188,GSFC-ELEANOR-LITE,
246650858,14.21,OK,GSFC-ELEANOR-LITE,1,1148,GSFC-ELEANOR-LITE,
216446212,14.25,OK,GSFC-ELEANOR-LITE,1,1086,GSFC-ELEANOR-LITE,
111916001,13.93,OK,TASOC,2,1850,TASOC,
23337014,14.33,DOWNLOAD_ERROR,,0,0,TARS,Error in reading Data product /home/runner/.cache/lightkurve/mastDownload/HLSP/hlsp_tars_tess_ffi_s0026-0000000023337017_tess/hlsp_tars_tess_ffi_s0026-0000000023337017_tess_v01_lc.fits of type generic
194058106,14.24,NO_DATA,,0,0,,
349512726,14.26,NO_DATA,,0,0,,
328025560,13.99,OK,GSFC-ELEANOR-LITE,2,2167,GSFC-ELEANOR-LITE,
665294698,14.18,NO_DATA,,0,0,,
3471287,13.92,NO_DATA,,0,0,,
234086846,14.12,OK,GSFC-ELEANOR-LITE,1,904,GSFC-ELEANOR-LITE,
327737085,14.3,OK,GSFC-ELEANOR-LITE,2,2164,GSFC-ELEANOR-LITE,
278730069,14.28,OK,GSFC-ELEANOR-LITE,13,13367,GSFC-ELEANOR-LITE,
16478920,14.23,NO_DATA,,0,0,,
190836138,13.96,OK,GSFC-ELEANOR-LITE,1,1029,GSFC-ELEANOR-LITE,
138546155,13.89,PROCESSING_ERROR,,0,0,TASOC,"cannot reshape array of size 0 into shape (0,newaxis)"
413564040,14.23,OK,GSFC-ELEANOR-LITE,1,1081,GSFC-ELEANOR-LITE,
74145299,14.23,NO_DATA,,0,0,,
99622966,14.33,NO_DATA,,0,0,,
28123072,14.32,OK,TASOC,2,2292,TASOC,
860448016,14.08,NO_DATA,,0,0,,
400847657,14.04,OK,GSFC-ELEANOR-LITE,2,1966,GSFC-ELEANOR-LITE,
45971274,14.02,OK,GSFC-ELEANOR-LITE,3,3073,GSFC-ELEANOR-LITE,
445231641,14.22,NO_DATA,,0,0,,
279576165,14.18,OK,GSFC-ELEANOR-LITE,8,8030,GSFC-ELEANOR-LITE,
159503137,14.33,PROCESSING_ERROR,,0,0,TASOC,"cannot reshape array of size 0 into shape (0,newaxis)"
237284856,14.14,PROCESSING_ERROR,,0,0,TASOC,"cannot reshape array of size 0 into shape (0,newaxis)"
392671748,14.27,OK,TASOC,2,1616,TASOC,
469280994,14.02,OK,GSFC-ELEANOR-LITE,2,2211,GSFC-ELEANOR-LITE,
23896836,13.93,OK,GSFC-ELEANOR-LITE,1,1046,GSFC-ELEANOR-LITE,
78788497,14.02,NO_DATA,,0,0,,
366307480,14.27,NO_DATA,,0,0,,
280381818,14.0,OK,GSFC-ELEANOR-LITE,2,2188,GSFC-ELEANOR-LITE,
395428134,14.07,OK,GSFC-ELEANOR-LITE,2,2167,GSFC-ELEANOR-LITE,
294290615,13.9,PROCESSING_ERROR,,0,0,TASOC,"cannot reshape array of size 0 into shape (0,newaxis)"
310298612,14.07,NO_DATA,,0,0,,
300984683,14.29,NO_DATA,,0,0,,
8366877,14.0,NO_DATA,,0,0,,
311532395,14.24,OK,GSFC-ELEANOR-LITE,2,2263,GSFC-ELEANOR-LITE,
283903805,14.32,OK,TASOC,2,1712,TASOC,
50830057,14.24,NO_DATA,,0,0,,
129926958,14.1,OK,GSFC-ELEANOR-LITE,1,1072,GSFC-ELEANOR-LITE,
122027694,14.14,OK,GSFC-ELEANOR-LITE,3,3073,GSFC-ELEANOR-LITE,
152246049,14.23,OK,GSFC-ELEANOR-LITE,2,1934,GSFC-ELEANOR-LITE,
235622464,14.36,PROCESSING_ERROR,,0,0,TASOC,"cannot reshape array of size 0 into shape (0,newaxis)"
44370549,13.98,OK,GSFC-ELEANOR-LITE,1,1100,GSFC-ELEANOR-LITE,
92836404,13.95,OK,GSFC-ELEANOR-LITE,2,1966,GSFC-ELEANOR-LITE,
383259300,13.95,NO_DATA,,0,0,,
462666674,14.15,OK,TASOC,3,19234,TASOC,
343562756,13.89,NO_DATA,,0,0,,
28645197,14.11,OK,GSFC-ELEANOR-LITE,2,1966,GSFC-ELEANOR-LITE,
326997724,14.23,NO_DATA,,0,0,,
459515357,14.27,OK,GSFC-ELEANOR-LITE,1,1107,GSFC-ELEANOR-LITE,
146241276,13.99,OK,GSFC-ELEANOR-LITE,2,2189,GSFC-ELEANOR-LITE,
268644794,14.36,OK,GSFC-ELEANOR-LITE,2,2176,GSFC-ELEANOR-LITE,
349401915,14.15,NO_DATA,,0,0,,
79561476,14.33,OK,GSFC-ELEANOR-LITE,2,1934,GSFC-ELEANOR-LITE,
281947620,14.09,NO_DATA,,0,0,,
236544387,14.19,DOWNLOAD_ERROR,,0,0,TARS,Error in reading Data product /home/runner/.cache/lightkurve/mastDownload/HLSP/hlsp_tars_tess_ffi_s0041-0000000236544377_tess/hlsp_tars_tess_ffi_s0041-0000000236544377_tess_v01_lc.fits of type generic
445841934,14.11,NO_DATA,,0,0,,
303170835,14.14,NO_DATA,,0,0,,
451075549,13.97,OK,GSFC-ELEANOR-LITE,1,1085,GSFC-ELEANOR-LITE,
467242246,14.18,OK,GSFC-ELEANOR-LITE,2,2188,GSFC-ELEANOR-LITE,
144800712,13.99,OK,GSFC-ELEANOR-LITE,2,1934,GSFC-ELEANOR-LITE,
22207691,14.29,NO_DATA,,0,0,,
302039557,13.92,OK,GSFC-ELEANOR-LITE,4,4320,GSFC-ELEANOR-LITE,
180356560,14.35,NO_DATA,,0,0,,
233169293,14.23,PROCESSING_ERROR,,0,0,TASOC,"cannot reshape array of size 0 into shape (0,newaxis)"
13190305,14.22,NO_DATA,,0,0,,
265511532,14.31,OK,GSFC-ELEANOR-LITE,1,1148,GSFC-ELEANOR-LITE,
310154276,14.23,NO_DATA,,0,0,,
870371723,14.27,OK,GSFC-ELEANOR-LITE,1,1101,GSFC-ELEANOR-LITE,
239888228,14.21,NO_DATA,,0,0,,
29395974,14.21,NO_DATA,,0,0,,
329442141,13.93,PROCESSING_ERROR,,0,0,TASOC,"cannot reshape array of size 0 into shape (0,newaxis)"
210238003,13.96,NO_DATA,,0,0,,
461535070,14.28,NO_DATA,,0,0,,
48065879,14.04,NO_DATA,,0,0,,
311235401,14.3,PROCESSING_ERROR,,0,0,TASOC,"cannot reshape array of size 0 into shape (0,newaxis)"
380299538,14.24,NO_DATA,,0,0,,
386513068,13.95,OK,GSFC-ELEANOR-LITE,1,1104,GSFC-ELEANOR-LITE,
314302524,14.15,NO_DATA,,0,0,,
398236005,13.93,OK,GSFC-ELEANOR-LITE,2,2188,GSFC-ELEANOR-LITE,
233061597,14.16,NO_DATA,,0,0,,
447692725,14.07,OK,GSFC-ELEANOR-LITE,1,1086,GSFC-ELEANOR-LITE,
416806230,14.32,NO_DATA,,0,0,,
428044974,14.25,NO_DATA,,0,0,,
410519226,14.02,OK,GSFC-ELEANOR-LITE,1,1086,GSFC-ELEANOR-LITE,
300312260,14.01,OK,GSFC-ELEANOR-LITE,1,1086,GSFC-ELEANOR-LITE,
351089196,14.14,OK,GSFC-ELEANOR-LITE,1,1086,GSFC-ELEANOR-LITE,
54497485,14.24,NO_DATA,,0,0,,
272001338,14.16,OK,GSFC-ELEANOR-LITE,13,13367,GSFC-ELEANOR-LITE,
238825816,14.33,NO_DATA,,0,0,,
331133471,13.89,OK,GSFC-ELEANOR-LITE,1,1147,GSFC-ELEANOR-LITE,
30709862,13.96,NO_DATA,,0,0,,
216249504,14.08,OK,GSFC-ELEANOR-LITE,1,1049,GSFC-ELEANOR-LITE,
453626574,14.27,OK,GSFC-ELEANOR-LITE,2,2193,GSFC-ELEANOR-LITE,
346990951,14.18,NO_DATA,,0,0,,
1921051291,14.06,NO_DATA,,0,0,,
80782912,14.17,OK,GSFC-ELEANOR-LITE,1,1086,GSFC-ELEANOR-LITE,
101123054,14.2,NO_DATA,,0,0,,
392868563,14.01,NO_DATA,,0,0,,
63708225,13.93,NO_DATA,,0,0,,
408483079,14.32,NO_DATA,,0,0,,
38366497,14.03,OK,GSFC-ELEANOR-LITE,1,1046,GSFC-ELEANOR-LITE,
8601870,14.16,OK,QLP,3,18455,QLP,
418048843,14.33,PROCESSING_ERROR,,0,0,TASOC,"cannot reshape array of size 0 into shape (0,newaxis)"
335961938,14.14,NO_DATA,,0,0,,
229567727,14.18,NO_DATA,,0,0,,
415591079,14.06,OK,GSFC-ELEANOR-LITE,1,904,GSFC-ELEANOR-LITE,
61005484,13.99,OK,GSFC-ELEANOR-LITE,1,862,GSFC-ELEANOR-LITE,
131405523,13.89,DOWNLOAD_ERROR,,0,0,TARS,Error in reading Data product /home/runner/.cache/lightkurve/mastDownload/HLSP/hlsp_tars_tess_ffi_s0054-0000000131405523_tess/hlsp_tars_tess_ffi_s0054-0000000131405523_tess_v01_lc.fits of type generic
46478111,14.01,NO_DATA,,0,0,,
296438844,13.93,OK,GSFC-ELEANOR-LITE,2,2211,GSFC-ELEANOR-LITE,
290526384,14.25,OK,GSFC-ELEANOR-LITE,2,2188,GSFC-ELEANOR-LITE,
7161765,14.04,NO_DATA,,0,0,,
65912592,14.27,NO_DATA,,0,0,,
111212759,14.22,NO_DATA,,0,0,,
204270552,14.01,NO_DATA,,0,0,,
308359860,14.3,NO_DATA,,0,0,,
320622883,14.21,NO_DATA,,0,0,,
342512314,13.95,OK,GSFC-ELEANOR-LITE,2,1966,GSFC-ELEANOR-LITE,
317279453,14.15,OK,GSFC-ELEANOR-LITE,1,903,GSFC-ELEANOR-LITE,
145796212,14.2,OK,GSFC-ELEANOR-LITE,2,1966,GSFC-ELEANOR-LITE,
124908015,14.15,OK,GSFC-ELEANOR-LITE,1,1048,GSFC-ELEANOR-LITE,
3464355,14.28,PROCESSING_ERROR,,0,0,CDIPS,The unit 'day' is unrecognized.  It can not be converted to other units.
431655129,14.06,NO_DATA,,0,0,,
185301647,14.15,OK,GSFC-ELEANOR-LITE,2,2167,GSFC-ELEANOR-LITE,
212481582,14.32,NO_DATA,,0,0,,
60419799,14.17,OK,GSFC-ELEANOR-LITE,2,1934,GSFC-ELEANOR-LITE,
47513530,14.01,OK,GSFC-ELEANOR-LITE,2,1975,GSFC-ELEANOR-LITE,
24474274,13.93,NO_DATA,,0,0,,
56151423,13.96,OK,GSFC-ELEANOR-LITE,1,862,GSFC-ELEANOR-LITE,
335966097,13.9,PROCESSING_ERROR,,0,0,TASOC,"cannot reshape array of size 0 into shape (0,newaxis)"
384667535,14.17,OK,GSFC-ELEANOR-LITE,2,2263,GSFC-ELEANOR-LITE,
97790117,14.14,OK,GSFC-ELEANOR-LITE,1,1072,GSFC-ELEANOR-LITE,
409085933,14.04,OK,GSFC-ELEANOR-LITE,1,1072,GSFC-ELEANOR-LITE,
154199512,14.3,OK,GSFC-ELEANOR-LITE,1,1032,GSFC-ELEANOR-LITE,
871881244,14.34,OK,GSFC-ELEANOR-LITE,2,1962,GSFC-ELEANOR-LITE,
124044448,14.16,NO_DATA,,0,0,,
20353019,14.32,NO_DATA,,0,0,,
68488810,14.11,NO_DATA,,0,0,,
400888649,14.18,OK,CDIPS,1,3595,CDIPS,
265847688,14.27,OK,GSFC-ELEANOR-LITE,2,2165,GSFC-ELEANOR-LITE,
75743440,14.3,OK,GSFC-ELEANOR-LITE,2,1966,GSFC-ELEANOR-LITE,
371758540,14.14,NO_DATA,,0,0,,
214733926,14.21,NO_DATA,,0,0,,
115136678,13.92,NO_DATA,,0,0,,
69689716,14.23,NO_DATA,,0,0,,
150703378,14.36,NO_DATA,,0,0,,
87597994,13.93,NO_DATA,,0,0,,
246588754,14.02,OK,GSFC-ELEANOR-LITE,1,1054,GSFC-ELEANOR-LITE,
508069211,14.2,PROCESSING_ERROR,,0,0,QLP,"cannot reshape array of size 0 into shape (0,newaxis)"
3126131,14.18,OK,GSFC-ELEANOR-LITE,2,1962,GSFC-ELEANOR-LITE,
175672830,14.28,DOWNLOAD_ERROR,,0,0,TARS,Error in reading Data product /home/runner/.cache/lightkurve/mastDownload/HLSP/hlsp_tars_tess_ffi_s0054-0000000175672840_tess/hlsp_tars_tess_ffi_s0054-0000000175672840_tess_v01_lc.fits of type generic
458084099,14.54,OK,GSFC-ELEANOR-LITE,1,1049,GSFC-ELEANOR-LITE,
464971245,14.63,OK,GSFC-ELEANOR-LITE,2,2188,GSFC-ELEANOR-LITE,
274642654,14.47,NO_DATA,,0,0,,
187413839,14.58,NO_DATA,,0,0,,
279938210,14.61,OK,GSFC-ELEANOR-LITE,1,1072,GSFC-ELEANOR-LITE,
1392468201,14.42,OK,GSFC-ELEANOR-LITE,1,1051,GSFC-ELEANOR-LITE,
267685498,14.59,OK,GSFC-ELEANOR-LITE,2,1934,GSFC-ELEANOR-LITE,
419646966,14.63,OK,GSFC-ELEANOR-LITE,1,1081,GSFC-ELEANOR-LITE,
437022753,14.39,NO_DATA,,0,0,,
354868036,14.71,NO_DATA,,0,0,,
58597484,14.5,NO_DATA,,0,0,,
27080857,14.6,PROCESSING_ERROR,,0,0,TASOC,"cannot reshape array of size 0 into shape (0,newaxis)"
176253863,14.72,OK,GSFC-ELEANOR-LITE,2,1934,GSFC-ELEANOR-LITE,
53213029,14.37,NO_DATA,,0,0,,
422165309,14.57,NO_DATA,,0,0,,
191928497,14.63,OK,GSFC-ELEANOR-LITE,2,1962,GSFC-ELEANOR-LITE,
1100147398,14.44,OK,TESS-SPOC,1,1420,TESS-SPOC,
63804386,14.67,OK,GSFC-ELEANOR-LITE,1,1072,GSFC-ELEANOR-LITE,
36625707,14.37,OK,GSFC-ELEANOR-LITE,2,2211,GSFC-ELEANOR-LITE,
94950211,14.54,NO_DATA,,0,0,,
189504074,14.56,OK,GSFC-ELEANOR-LITE,2,2167,GSFC-ELEANOR-LITE,
426484142,14.71,NO_DATA,,0,0,,
276461384,14.42,NO_DATA,,0,0,,
434805886,14.66,NO_DATA,,0,0,,
393945821,14.57,NO_DATA,,0,0,,
258462417,14.53,NO_DATA,,0,0,,
312468093,14.43,NO_DATA,,0,0,,
446296717,14.61,OK,GSFC-ELEANOR-LITE,2,2211,GSFC-ELEANOR-LITE,
329731966,14.67,OK,GSFC-ELEANOR-LITE,1,1148,GSFC-ELEANOR-LITE,
320527622,14.64,OK,TASOC,2,2292,TASOC,
220755296,14.6,OK,GSFC-ELEANOR-LITE,1,1086,GSFC-ELEANOR-LITE,
55884963,14.68,OK,GSFC-ELEANOR-LITE,1,862,GSFC-ELEANOR-LITE,
1966217213,14.47,NO_DATA,,0,0,,
79561180,14.39,OK,GSFC-ELEANOR-LITE,2,1934,GSFC-ELEANOR-LITE,
443529858,14.67,OK,GSFC-ELEANOR-LITE,1,1081,GSFC-ELEANOR-LITE,
454486191,14.56,OK,GSFC-ELEANOR-LITE,1,1086,GSFC-ELEANOR-LITE,
358592628,14.44,PROCESSING_ERROR,,0,0,TASOC,"cannot reshape array of size 0 into shape (0,newaxis)"
145930071,14.48,OK,GSFC-ELEANOR-LITE,2,1966,GSFC-ELEANOR-LITE,
177897854,14.6,OK,GSFC-ELEANOR-LITE,1,1072,GSFC-ELEANOR-LITE,
122205021,14.72,OK,GSFC-ELEANOR-LITE,1,1048,GSFC-ELEANOR-LITE,
234848247,14.7,OK,GSFC-ELEANOR-LITE,1,904,GSFC-ELEANOR-LITE,
450686324,14.64,OK,GSFC-ELEANOR-LITE,1,1081,GSFC-ELEANOR-LITE,
206085389,14.45,NO_DATA,,0,0,,
140306663,14.39,OK,GSFC-ELEANOR-LITE,2,1966,GSFC-ELEANOR-LITE,
327333520,14.46,OK,GSFC-ELEANOR-LITE,1,1081,GSFC-ELEANOR-LITE,
134815945,14.65,OK,GSFC-ELEANOR-LITE,2,1934,GSFC-ELEANOR-LITE,
43796374,14.52,NO_DATA,,0,0,,
233277007,14.45,OK,TASOC,2,1968,TASOC,
233086224,14.64,OK,QLP,23,192197,QLP,
16990202,14.6,NO_DATA,,0,0,,
327522921,14.71,NO_DATA,,0,0,,
200329824,14.63,NO_DATA,,0,0,,
437568947,14.63,OK,GSFC-ELEANOR-LITE,2,2211,GSFC-ELEANOR-LITE,
120304466,14.62,OK,GSFC-ELEANOR-LITE,1,1086,GSFC-ELEANOR-LITE,
301436683,14.43,OK,GSFC-ELEANOR-LITE,2,2160,GSFC-ELEANOR-LITE,
313832303,14.52,OK,GSFC-ELEANOR-LITE,1,1081,GSFC-ELEANOR-LITE,
120696924,14.43,OK,GSFC-ELEANOR-LITE,1,1048,GSFC-ELEANOR-LITE,
377797431,14.58,NO_DATA,,0,0,,
150282755,14.44,OK,GSFC-ELEANOR-LITE,2,1934,GSFC-ELEANOR-LITE,
261274750,14.63,OK,GSFC-ELEANOR-LITE,1,1081,GSFC-ELEANOR-LITE,
29706327,14.68,NO_DATA,,0,0,,
69245988,14.47,NO_DATA,,0,0,,
218159830,14.53,OK,GSFC-ELEANOR-LITE,1,1056,GSFC-ELEANOR-LITE,
396780600,14.45,PROCESSING_ERROR,,0,0,TASOC,"cannot reshape array of size 0 into shape (0,newaxis)"
283930687,14.5,OK,GSFC-ELEANOR-LITE,1,1101,GSFC-ELEANOR-LITE,
130443651,14.41,OK,GSFC-ELEANOR-LITE,2,1934,GSFC-ELEANOR-LITE,
235559541,14.5,NO_DATA,,0,0,,
155125277,14.69,OK,GSFC-ELEANOR-LITE,2,1934,GSFC-ELEANOR-LITE,
394338676,14.42,OK,GSFC-ELEANOR-LITE,2,2167,GSFC-ELEANOR-LITE,
112734914,14.44,NO_DATA,,0,0,,
52777206,14.63,OK,GSFC-ELEANOR-LITE,1,862,GSFC-ELEANOR-LITE,
258089411,14.69,NO_DATA,,0,0,,
319794318,14.4,OK,GSFC-ELEANOR-LITE,1,1081,GSFC-ELEANOR-LITE,
440537658,14.41,OK,GSFC-ELEANOR-LITE,2,2211,GSFC-ELEANOR-LITE,
340548477,14.66,NO_DATA,,0,0,,
280284639,14.47,OK,GSFC-ELEANOR-LITE,2,2211,GSFC-ELEANOR-LITE,
152335074,14.43,OK,GSFC-ELEANOR-LITE,2,1934,GSFC-ELEANOR-LITE,
421197091,14.63,NO_DATA,,0,0,,
382739220,14.62,OK,GSFC-ELEANOR-LITE,1,1081,GSFC-ELEANOR-LITE,
176659295,14.44,OK,GSFC-ELEANOR-LITE,1,862,GSFC-ELEANOR-LITE,
3301169,14.52,OK,GSFC-ELEANOR-LITE,2,1962,GSFC-ELEANOR-LITE,
27182282,14.55,NO_DATA,,0,0,,
364527585,14.57,NO_DATA,,0,0,,
150706305,14.38,NO_DATA,,0,0,,
321473309,14.57,OK,GSFC-ELEANOR-LITE,2,2188,GSFC-ELEANOR-LITE,
263928832,14.43,NO_DATA,,0,0,,
439927572,14.7,OK,GSFC-ELEANOR-LITE,2,2211,GSFC-ELEANOR-LITE,
285910904,14.58,NO_DATA,,0,0,,
340556375,14.63,DOWNLOAD_ERROR,,0,0,TARS,Error in reading Data product /home/runner/.cache/lightkurve/mastDownload/HLSP/hlsp_tars_tess_ffi_s0053-0000000340556413_tess/hlsp_tars_tess_ffi_s0053-0000000340556413_tess_v01_lc.fits of type generic
274946330,14.63,NO_DATA,,0,0,,
312562586,14.68,DOWNLOAD_ERROR,,0,0,TARS,Error in reading Data product /home/runner/.cache/lightkurve/mastDownload/HLSP/hlsp_tars_tess_ffi_s0019-0000000312562586_tess/hlsp_tars_tess_ffi_s0019-0000000312562586_tess_v01_lc.fits of type generic
231309783,14.69,OK,GSFC-ELEANOR-LITE,1,1124,GSFC-ELEANOR-LITE,
95443232,14.44,NO_DATA,,0,0,,
180408846,14.45,NO_DATA,,0,0,,
303876036,14.61,OK,GSFC-ELEANOR-LITE,2,2188,GSFC-ELEANOR-LITE,
285137230,14.54,OK,TASOC,2,2292,TASOC,
350404784,14.46,NO_DATA,,0,0,,
425891623,14.5,NO_DATA,,0,0,,
419318729,14.37,OK,GSFC-ELEANOR-LITE,2,1934,GSFC-ELEANOR-LITE,
287626996,14.64,NO_DATA,,0,0,,
40777207,14.37,NO_DATA,,0,0,,
294700917,14.58,OK,GSFC-ELEANOR-LITE,2,2167,GSFC-ELEANOR-LITE,
224394156,14.61,NO_DATA,,0,0,,
447362223,14.7,OK,GSFC-ELEANOR-LITE,2,2211,GSFC-ELEANOR-LITE,
433573669,14.41,NO_DATA,,0,0,,
163879407,14.5,OK,GSFC-ELEANOR-LITE,1,1029,GSFC-ELEANOR-LITE,
438620317,14.72,OK,GSFC-ELEANOR-LITE,1,1081,GSFC-ELEANOR-LITE,
216078041,14.65,NO_DATA,,0,0,,
285799093,14.7,NO_DATA,,0,0,,
385348482,14.44,OK,GSFC-ELEANOR-LITE,1,1072,GSFC-ELEANOR-LITE,
58344301,14.7,NO_DATA,,0,0,,
3227381,14.68,OK,GSFC-ELEANOR-LITE,2,1962,GSFC-ELEANOR-LITE,
145255041,14.46,NO_DATA,,0,0,,
469252044,14.69,OK,GSFC-ELEANOR-LITE,2,2211,GSFC-ELEANOR-LITE,
403005390,14.53,OK,GSFC-ELEANOR-LITE,1,1086,GSFC-ELEANOR-LITE,
121020593,14.41,OK,KBONUS-BKG,1,469,KBONUS-BKG,
40857855,14.6,OK,TASOC,2,1616,TASOC,
342244702,14.59,OK,TASOC,2,2292,TASOC,
219167249,14.58,OK,GSFC-ELEANOR-LITE,4,4339,GSFC-ELEANOR-LITE,
1339236167,14.46,OK,GSFC-ELEANOR-LITE,1,1054,GSFC-ELEANOR-LITE,
110781306,14.62,NO_DATA,,0,0,,
469456762,14.37,OK,GSFC-ELEANOR-LITE,1,1148,GSFC-ELEANOR-LITE,
301080969,14.71,OK,QLP,2,13944,QLP,
468825888,14.46,NO_DATA,,0,0,,
390961343,14.54,OK,GSFC-ELEANOR-LITE,2,2188,GSFC-ELEANOR-LITE,
197364425,14.5,NO_DATA,,0,0,,
236330686,14.61,DOWNLOAD_ERROR,,0,0,TARS,Error in reading Data product /home/runner/.cache/lightkurve/mastDownload/HLSP/hlsp_tars_tess_ffi_s0024-0000000236330686_tess/hlsp_tars_tess_ffi_s0024-0000000236330686_tess_v01_lc.fits of type generic
467948272,14.67,OK,GSFC-ELEANOR-LITE,2,2188,GSFC-ELEANOR-LITE,
341679970,14.61,NO_DATA,,0,0,,
422906437,14.42,NO_DATA,,0,0,,
368045151,14.66,NO_DATA,,0,0,,
386034732,14.52,OK,GSFC-ELEANOR-LITE,1,1072,GSFC-ELEANOR-LITE,
272406383,14.46,OK,GSFC-ELEANOR-LITE,2,2165,GSFC-ELEANOR-LITE,
357623359,14.42,OK,TASOC,1,16942,TASOC,
377514104,14.6,OK,TASOC,2,2292,TASOC,
22564116,14.68,OK,GSFC-ELEANOR-LITE,1,1086,GSFC-ELEANOR-LITE,
338936680,14.68,OK,GSFC-ELEANOR-LITE,1,1081,GSFC-ELEANOR-LITE,
373271219,14.45,NO_DATA,,0,0,,
136701492,14.68,NO_DATA,,0,0,,
1981191311,14.47,DOWNLOAD_ERROR,,0,0,"TASOC,TARS",Error in reading Data product /home/runner/.cache/lightkurve/mastDownload/HLSP/hlsp_tars_tess_ffi_s0014-0000000256661390_tess/hlsp_tars_tess_ffi_s0014-0000000256661390_tess_v01_lc.fits of type generic
267808760,14.48,PROCESSING_ERROR,,0,0,TASOC,"cannot reshape array of size 0 into shape (0,newaxis)"
5309629,14.68,OK,QLP,1,8218,QLP,
721887181,14.52,NO_DATA,,0,0,,
328057643,14.56,OK,GSFC-ELEANOR-LITE,1,1081,GSFC-ELEANOR-LITE,
365892258,14.44,OK,GSFC-ELEANOR-LITE,1,1177,GSFC-ELEANOR-LITE,
264302796,14.58,PROCESSING_ERROR,,0,0,TASOC,"cannot reshape array of size 0 into shape (0,newaxis)"
238800248,14.45,NO_DATA,,0,0,,
122028102,14.57,OK,GSFC-ELEANOR-LITE,3,3073,GSFC-ELEANOR-LITE,
276927661,14.5,NO_DATA,,0,0,,
383438102,14.53,OK,GSFC-ELEANOR-LITE,2,1969,GSFC-ELEANOR-LITE,
1331595342,14.44,OK,GSFC-ELEANOR-LITE,1,1054,GSFC-ELEANOR-LITE,
397344885,14.58,OK,GSFC-ELEANOR-LITE,1,1107,GSFC-ELEANOR-LITE,
164124453,14.68,NO_DATA,,0,0,,
70341114,14.59,NO_DATA,,0,0,,
331288937,14.51,OK,GSFC-ELEANOR-LITE,1,1081,GSFC-ELEANOR-LITE,
208282150,14.61,NO_DATA,,0,0,,
350993454,14.66,OK,TASOC,5,18584,TASOC,
240279697,14.64,OK,PATHOS,2,2308,"CDIPS,PATHOS",
178216441,14.44,NO_DATA,,0,0,,
20890160,14.41,NO_DATA,,0,0,,
426415396,14.56,NO_DATA,,0,0,,
928516084,14.65,OK,GSFC-ELEANOR-LITE,1,1107,GSFC-ELEANOR-LITE,
313297410,14.45,NO_DATA,,0,0,,
711891231,14.63,OK,GSFC-ELEANOR-LITE,1,904,GSFC-ELEANOR-LITE,
1329503234,14.69,OK,GSFC-ELEANOR-LITE,1,1048,GSFC-ELEANOR-LITE,
469256424,14.49,OK,GSFC-ELEANOR-LITE,2,2211,GSFC-ELEANOR-LITE,
175336563,14.49,NO_DATA,,0,0,,
469332012,14.7,OK,GSFC-ELEANOR-LITE,2,2211,GSFC-ELEANOR-LITE,
32400061,14.64,OK,GSFC-ELEANOR-LITE,1,1072,GSFC-ELEANOR-LITE,
374425964,14.62,OK,GSFC-ELEANOR-LITE,2,2211,GSFC-ELEANOR-LITE,
149893008,14.72,OK,GSFC-ELEANOR-LITE,2,1934,GSFC-ELEANOR-LITE,
384279399,14.65,NO_DATA,,0,0,,
443392340,14.65,OK,GSFC-ELEANOR-LITE,1,1081,GSFC-ELEANOR-LITE,
376997110,14.44,NO_DATA,,0,0,,
235536765,14.44,OK,GSFC-ELEANOR-LITE,1,1054,GSFC-ELEANOR-LITE,
369472313,14.53,NO_DATA,,0,0,,
367855375,14.59,PROCESSING_ERROR,,0,0,TASOC,"cannot reshape array of size 0 into shape (0,newaxis)"
205635518,14.53,NO_DATA,,0,0,,
356079385,14.45,OK,GSFC-ELEANOR-LITE,2,1966,GSFC-ELEANOR-LITE,
178789706,14.38,NO_DATA,,0,0,,
214017531,14.44,OK,GSFC-ELEANOR-LITE,1,1049,GSFC-ELEANOR-LITE,
309571876,14.64,NO_DATA,,0,0,,
61445232,14.55,OK,GSFC-ELEANOR-LITE,1,1147,GSFC-ELEANOR-LITE,
255731774,14.68,NO_DATA,,0,0,,
210378687,14.57,OK,GSFC-ELEANOR-LITE,1,1081,GSFC-ELEANOR-LITE,
145188431,14.66,OK,GSFC-ELEANOR-LITE,1,1086,GSFC-ELEANOR-LITE,
123424760,14.58,NO_DATA,,0,0,,
1108702746,14.4,OK,QLP,7,69936,QLP,
102156060,14.69,NO_DATA,,0,0,,
403535381,14.68,NO_DATA,,0,0,,
55363063,14.57,NO_DATA,,0,0,,
365041292,14.45,NO_DATA,,0,0,,
394156144,14.42,OK,GSFC-ELEANOR-LITE,2,2167,GSFC-ELEANOR-LITE,
44439638,14.38,OK,GSFC-ELEANOR-LITE,1,1100,GSFC-ELEANOR-LITE,
431383650,14.62,OK,GSFC-ELEANOR-LITE,1,1086,GSFC-ELEANOR-LITE,
9625752,14.67,OK,TASOC,2,2292,TASOC,
113864820,14.54,NO_DATA,,0,0,,
247204718,14.58,NO_DATA,,0,0,,
44439795,14.4,OK,GSFC-ELEANOR-LITE,1,1100,GSFC-ELEANOR-LITE,
238928188,14.81,OK,GSFC-ELEANOR-LITE,4,3961,GSFC-ELEANOR-LITE,
456866603,14.75,NO_DATA,,0,0,,
103880207,14.77,NO_DATA,,0,0,,
463205116,14.98,OK,GSFC-ELEANOR-LITE,2,2211,GSFC-ELEANOR-LITE,
416875093,14.98,OK,TASOC,2,1844,TASOC,
140785019,14.86,OK,GSFC-ELEANOR-LITE,2,1966,GSFC-ELEANOR-LITE,
453962627,14.82,NO_DATA,,0,0,,
435715475,14.8,NO_DATA,,0,0,,
460710963,14.8,OK,GSFC-ELEANOR-LITE,1,1081,GSFC-ELEANOR-LITE,
235857725,14.82,NO_DATA,,0,0,,
274027639,14.78,OK,QLP,7,55718,QLP,
12551961,14.92,NO_DATA,,0,0,,
376144987,14.77,OK,GSFC-ELEANOR-LITE,2,2211,GSFC-ELEANOR-LITE,
438458237,14.81,OK,GSFC-ELEANOR-LITE,1,904,GSFC-ELEANOR-LITE,
345614274,14.77,PROCESSING_ERROR,,0,0,TASOC,"cannot reshape array of size 0 into shape (0,newaxis)"
76792743,14.73,NO_DATA,,0,0,,
286423675,14.75,NO_DATA,,0,0,,
359310562,15.0,NO_DATA,,0,0,,
229940778,14.93,OK,TASOC,2,1968,TASOC,
32981232,14.83,NO_DATA,,0,0,,
393651767,14.78,NO_DATA,,0,0,,
162208017,14.78,OK,GSFC-ELEANOR-LITE,1,1086,GSFC-ELEANOR-LITE,
198760506,14.91,PROCESSING_ERROR,,0,0,TASOC,"cannot reshape array of size 0 into shape (0,newaxis)"
107959249,14.99,NO_DATA,,0,0,,
217740456,14.95,OK,GSFC-ELEANOR-LITE,1,1049,GSFC-ELEANOR-LITE,
385730643,14.9,NO_DATA,,0,0,,
65716420,14.92,OK,GSFC-ELEANOR-LITE,1,1086,GSFC-ELEANOR-LITE,
462320248,14.98,OK,GSFC-ELEANOR-LITE,2,2211,GSFC-ELEANOR-LITE,
97573490,14.93,OK,GSFC-ELEANOR-LITE,1,904,GSFC-ELEANOR-LITE,
28742849,14.97,OK,GSFC-ELEANOR-LITE,1,1134,GSFC-ELEANOR-LITE,
119897831,14.95,NO_DATA,,0,0,,
423739995,14.89,NO_DATA,,0,0,,
326500083,14.98,NO_DATA,,0,0,,
154008327,14.96,PROCESSING_ERROR,,0,0,TASOC,"cannot reshape array of size 0 into shape (0,newaxis)"
295304237,14.85,PROCESSING_ERROR,,0,0,TASOC,"cannot reshape array of size 0 into shape (0,newaxis)"
308136349,14.97,OK,GSFC-ELEANOR-LITE,1,1085,GSFC-ELEANOR-LITE,
143378568,14.92,OK,GSFC-ELEANOR-LITE,1,903,GSFC-ELEANOR-LITE,
450932926,14.98,OK,GSFC-ELEANOR-LITE,1,1085,GSFC-ELEANOR-LITE,
175254858,14.81,OK,GSFC-ELEANOR-LITE,2,1934,GSFC-ELEANOR-LITE,
265651904,14.99,OK,GSFC-ELEANOR-LITE,1,1148,GSFC-ELEANOR-LITE,
467957872,14.78,OK,GSFC-ELEANOR-LITE,1,1177,GSFC-ELEANOR-LITE,
346672303,14.88,DOWNLOAD_ERROR,,0,0,TARS,Error in reading Data product /home/runner/.cache/lightkurve/mastDownload/HLSP/hlsp_tars_tess_ffi_s0026-0000000346672303_tess/hlsp_tars_tess_ffi_s0026-0000000346672303_tess_v01_lc.fits of type generic
38263781,14.87,OK,GSFC-ELEANOR-LITE,1,862,GSFC-ELEANOR-LITE,
392664455,14.97,OK,GSFC-ELEANOR-LITE,1,959,GSFC-ELEANOR-LITE,
434673528,14.9,OK,GSFC-ELEANOR-LITE,1,1081,GSFC-ELEANOR-LITE,
12812950,14.73,NO_DATA,,0,0,,
51939902,14.82,NO_DATA,,0,0,,
269126297,14.85,NO_DATA,,0,0,,
219710768,15.0,OK,GSFC-ELEANOR-LITE,2,2211,GSFC-ELEANOR-LITE,
161092391,14.85,PROCESSING_ERROR,,0,0,TASOC,"cannot reshape array of size 0 into shape (0,newaxis)"
446127295,14.76,DOWNLOAD_ERROR,,0,0,TARS,Error in reading Data product /home/runner/.cache/lightkurve/mastDownload/HLSP/hlsp_tars_tess_ffi_s0021-0000000446127295_tess/hlsp_tars_tess_ffi_s0021-0000000446127295_tess_v01_lc.fits of type generic
91246485,14.84,OK,GSFC-ELEANOR-LITE,1,1177,GSFC-ELEANOR-LITE,
124895225,14.94,NO_DATA,,0,0,,
305226302,14.75,OK,GSFC-ELEANOR-LITE,1,1107,GSFC-ELEANOR-LITE,
78014445,14.97,OK,GSFC-ELEANOR-LITE,2,2027,GSFC-ELEANOR-LITE,
412881039,14.75,NO_DATA,,0,0,,
435716292,14.91,NO_DATA,,0,0,,
197755703,14.78,NO_DATA,,0,0,,
298758503,14.73,NO_DATA,,0,0,,
1491232500,14.99,NO_DATA,,0,0,,
210225809,14.83,OK,TASOC,2,1988,TASOC,
375393879,14.79,OK,QLP,2,13236,QLP,
1228382852,14.95,OK,GSFC-ELEANOR-LITE,1,1086,GSFC-ELEANOR-LITE,
465865855,14.93,OK,GSFC-ELEANOR-LITE,2,2188,GSFC-ELEANOR-LITE,
427528460,14.96,NO_DATA,,0,0,,
360081806,14.82,OK,GSFC-ELEANOR-LITE,2,2167,GSFC-ELEANOR-LITE,
130828810,14.92,NO_DATA,,0,0,,
122033168,14.87,OK,GSFC-ELEANOR-LITE,3,3073,GSFC-ELEANOR-LITE,
100719389,14.98,NO_DATA,,0,0,,
137648891,14.81,OK,QLP,2,14002,QLP,
439012775,14.81,NO_DATA,,0,0,,
330959037,14.79,OK,GSFC-ELEANOR-LITE,1,1147,GSFC-ELEANOR-LITE,
300255641,14.83,NO_DATA,,0,0,,
432418314,14.85,NO_DATA,,0,0,,
138416396,14.84,NO_DATA,,0,0,,
1862393189,14.93,DOWNLOAD_ERROR,,0,0,"TASOC,TARS",Error in reading Data product /home/runner/.cache/lightkurve/mastDownload/HLSP/hlsp_tars_tess_ffi_s0014-0000000452017538_tess/hlsp_tars_tess_ffi_s0014-0000000452017538_tess_v01_lc.fits of type generic
85042772,14.82,NO_DATA,,0,0,,
296663178,14.88,OK,GSFC-ELEANOR-LITE,2,2167,GSFC-ELEANOR-LITE,
220296339,14.84,OK,GSFC-ELEANOR-LITE,1,904,GSFC-ELEANOR-LITE,
157349758,14.97,PROCESSING_ERROR,,0,0,TASOC,"cannot reshape array of size 0 into shape (0,newaxis)"
314742132,14.85,NO_DATA,,0,0,,
271922636,14.94,OK,GSFC-ELEANOR-LITE,1,862,GSFC-ELEANOR-LITE,
313976772,14.85,NO_DATA,,0,0,,
334015083,14.95,NO_DATA,,0,0,,
293546988,14.78,OK,GSFC-ELEANOR-LITE,2,1966,GSFC-ELEANOR-LITE,
101417371,14.97,OK,GSFC-ELEANOR-LITE,2,1963,GSFC-ELEANOR-LITE,
424805681,14.97,PROCESSING_ERROR,,0,0,TASOC,"cannot reshape array of size 0 into shape (0,newaxis)"
366068998,14.94,NO_DATA,,0,0,,
263612641,14.79,OK,GSFC-ELEANOR-LITE,1,1086,GSFC-ELEANOR-LITE,
456707195,14.9,OK,GSFC-ELEANOR-LITE,1,1072,GSFC-ELEANOR-LITE,
2809052,14.94,NO_DATA,,0,0,,
178074323,14.81,OK,GSFC-ELEANOR-LITE,1,1072,GSFC-ELEANOR-LITE,
1814651971,14.88,NO_DATA,,0,0,,
286510582,15.0,NO_DATA,,0,0,,
247519089,14.9,OK,GSFC-ELEANOR-LITE,1,904,GSFC-ELEANOR-LITE,
336905874,14.76,NO_DATA,,0,0,,
205902090,14.9,NO_DATA,,0,0,,
178903340,14.75,NO_DATA,,0,0,,
318392318,14.89,DOWNLOAD_ERROR,,0,0,TARS,Error in reading Data product /home/runner/.cache/lightkurve/mastDownload/HLSP/hlsp_tars_tess_ffi_s0054-0000000318392318_tess/hlsp_tars_tess_ffi_s0054-0000000318392318_tess_v01_lc.fits of type generic
305689476,14.96,OK,GSFC-ELEANOR-LITE,1,1085,GSFC-ELEANOR-LITE,
367108177,14.91,NO_DATA,,0,0,,
65285609,14.87,NO_DATA,,0,0,,
363381490,14.85,OK,GSFC-ELEANOR-LITE,1,1100,GSFC-ELEANOR-LITE,
364204427,14.89,DOWNLOAD_ERROR,,0,0,TARS,Error in reading Data product /home/runner/.cache/lightkurve/mastDownload/HLSP/hlsp_tars_tess_ffi_s0080-0000000364204540_tess/hlsp_tars_tess_ffi_s0080-0000000364204540_tess_v01_lc.fits of type generic
46166694,14.96,OK,GSFC-ELEANOR-LITE,1,1047,GSFC-ELEANOR-LITE,
294491280,14.96,OK,GSFC-ELEANOR-LITE,2,2211,GSFC-ELEANOR-LITE,
317169652,14.84,NO_DATA,,0,0,,
406079654,14.79,NO_DATA,,0,0,,
381674124,14.94,OK,GSFC-ELEANOR-LITE,1,1081,GSFC-ELEANOR-LITE,
342772219,14.96,NO_DATA,,0,0,,
88778379,14.89,NO_DATA,,0,0,,
210650794,14.75,NO_DATA,,0,0,,
439031193,14.91,NO_DATA,,0,0,,
171671407,14.78,OK,QLP,7,55715,QLP,
297484560,14.96,OK,GSFC-ELEANOR-LITE,1,1086,GSFC-ELEANOR-LITE,
361257283,14.89,OK,GSFC-ELEANOR-LITE,2,2167,GSFC-ELEANOR-LITE,
372152758,14.77,PROCESSING_ERROR,,0,0,TASOC,"cannot reshape array of size 0 into shape (0,newaxis)"
7359780,14.89,NO_DATA,,0,0,,
345339748,14.81,NO_DATA,,0,0,,
8903983,14.95,NO_DATA,,0,0,,
396679883,14.91,NO_DATA,,0,0,,
244360709,14.96,NO_DATA,,0,0,,
245479799,14.85,NO_DATA,,0,0,,
378679207,14.96,OK,GSFC-ELEANOR-LITE,1,1081,GSFC-ELEANOR-LITE,
3070197,14.9,NO_DATA,,0,0,,
369288329,14.79,NO_DATA,,0,0,,
278372996,14.73,NO_DATA,,0,0,,
355792618,14.95,NO_DATA,,0,0,,
82602974,14.92,OK,TASOC,2,2292,TASOC,
384778296,14.94,OK,GSFC-ELEANOR-LITE,3,3073,GSFC-ELEANOR-LITE,
411400017,14.73,OK,GSFC-ELEANOR-LITE,1,1081,GSFC-ELEANOR-LITE,
1507283134,14.85,NO_DATA,,0,0,,
150402547,14.83,NO_DATA,,0,0,,
109380402,14.92,NO_DATA,,0,0,,
279147404,14.84,OK,GSFC-ELEANOR-LITE,1,1086,GSFC-ELEANOR-LITE,
352541193,14.77,NO_DATA,,0,0,,
244870096,14.86,OK,GSFC-ELEANOR-LITE,1,1081,GSFC-ELEANOR-LITE,
277712514,14.84,OK,GSFC-ELEANOR-LITE,1,862,GSFC-ELEANOR-LITE,
223957847,14.78,NO_DATA,,0,0,,
100127040,14.99,NO_DATA,,0,0,,
26480668,14.99,PROCESSING_ERROR,,0,0,TASOC,"cannot reshape array of size 0 into shape (0,newaxis)"
264250277,14.98,OK,TASOC,2,2292,TASOC,
83986276,14.93,NO_DATA,,0,0,,
310832155,14.9,NO_DATA,,0,0,,
250807429,14.89,NO_DATA,,0,0,,
294973467,14.88,OK,GSFC-ELEANOR-LITE,2,2211,GSFC-ELEANOR-LITE,
209933726,14.89,NO_DATA,,0,0,,
377623316,14.93,NO_DATA,,0,0,,
78190071,14.89,OK,GSFC-ELEANOR-LITE,1,1104,GSFC-ELEANOR-LITE,
417906177,14.92,PROCESSING_ERROR,,0,0,TASOC,"cannot reshape array of size 0 into shape (0,newaxis)"
48366054,14.83,OK,GSFC-ELEANOR-LITE,1,960,GSFC-ELEANOR-LITE,
124961894,14.86,NO_DATA,,0,0,,
387055838,14.82,NO_DATA,,0,0,,
371140228,14.92,NO_DATA,,0,0,,
74710241,14.73,OK,GSFC-ELEANOR-LITE,2,1966,GSFC-ELEANOR-LITE,
310336772,14.92,NO_DATA,,0,0,,
19696546,14.81,NO_DATA,,0,0,,
441764685,14.75,PROCESSING_ERROR,,0,0,TASOC,"cannot reshape array of size 0 into shape (0,newaxis)"
68570542,14.89,NO_DATA,,0,0,,
1746008637,14.88,OK,QLP,2,21758,QLP,
63070953,14.96,PROCESSING_ERROR,,0,0,KBONUS-BKG,"cannot reshape array of size 0 into shape (0,newaxis)"
94800078,14.84,NO_DATA,,0,0,,
102864951,14.84,PROCESSING_ERROR,,0,0,TASOC,"cannot reshape array of size 0 into shape (0,newaxis)"
333330406,14.9,NO_DATA,,0,0,,
210153940,14.78,OK,GSFC-ELEANOR-LITE,1,1081,GSFC-ELEANOR-LITE,
81096988,14.85,OK,GSFC-ELEANOR-LITE,1,1104,GSFC-ELEANOR-LITE,
203580513,14.83,NO_DATA,,0,0,,
470635636,14.91,NO_DATA,,0,0,,
6600904,14.97,OK,GSFC-ELEANOR-LITE,1,1177,GSFC-ELEANOR-LITE,
349594392,14.83,NO_DATA,,0,0,,
459267773,14.95,OK,GSFC-ELEANOR-LITE,1,1107,GSFC-ELEANOR-LITE,
234718501,14.87,OK,GSFC-ELEANOR-LITE,1,904,GSFC-ELEANOR-LITE,
197663082,14.83,NO_DATA,,0,0,,
188718668,14.74,OK,GSFC-ELEANOR-LITE,1,1086,GSFC-ELEANOR-LITE,
54849037,14.76,OK,QLP,5,29954,QLP,
10062398,14.85,OK,GSFC-ELEANOR-LITE,1,1072,GSFC-ELEANOR-LITE,
1026533862,14.89,OK,GSFC-ELEANOR-LITE,1,1081,GSFC-ELEANOR-LITE,
51391300,14.97,NO_DATA,,0,0,,
176244979,14.77,OK,GSFC-ELEANOR-LITE,1,1072,GSFC-ELEANOR-LITE,
93344406,14.76,NO_DATA,,0,0,,
391753068,14.82,OK,QLP,3,20245,QLP,
181035340,14.8,NO_DATA,,0,0,,
229583984,14.8,OK,TASOC,4,4324,TASOC,
270404682,14.95,NO_DATA,,0,0,,
327397732,14.88,NO_DATA,,0,0,,
28135152,14.8,OK,GSFC-ELEANOR-LITE,1,1134,GSFC-ELEANOR-LITE,
68210370,14.97,NO_DATA,,0,0,,
340070646,14.97,NO_DATA,,0,0,,
300330334,14.9,OK,GSFC-ELEANOR-LITE,12,12295,GSFC-ELEANOR-LITE,
362936854,14.84,OK,GSFC-ELEANOR-LITE,3,3292,GSFC-ELEANOR-LITE,
64454699,14.75,OK,GSFC-ELEANOR-LITE,1,1072,GSFC-ELEANOR-LITE,
137386748,14.93,PROCESSING_ERROR,,0,0,TASOC,"cannot reshape array of size 0 into shape (0,newaxis)"
178549342,14.97,OK,GSFC-ELEANOR-LITE,1,1072,GSFC-ELEANOR-LITE,
185988755,14.85,OK,GSFC-ELEANOR-LITE,1,862,GSFC-ELEANOR-LITE,
216935702,14.8,OK,GSFC-ELEANOR-LITE,1,1049,GSFC-ELEANOR-LITE,
304887087,14.97,OK,GSFC-ELEANOR-LITE,2,2188,GSFC-ELEANOR-LITE,
186679142,14.8,DOWNLOAD_ERROR,,0,0,TARS,Error in reading Data product /home/runner/.cache/lightkurve/mastDownload/HLSP/hlsp_tars_tess_ffi_s0080-0000000186685494_tess/hlsp_tars_tess_ffi_s0080-0000000186685494_tess_v01_lc.fits of type generic
383092073,14.95,OK,GSFC-ELEANOR-LITE,2,2165,GSFC-ELEANOR-LITE,
47327019,14.9,NO_DATA,,0,0,,
436126260,14.83,NO_DATA,,0,0,,
313612727,12.14,OK,QLP,5,19853,QLP,
264277349,12.35,OK,GSFC-ELEANOR-LITE,1,1029,GSFC-ELEANOR-LITE,
220168302,12.53,OK,GSFC-ELEANOR-LITE,2,2211,GSFC-ELEANOR-LITE,
411950353,12.71,OK,GSFC-ELEANOR-LITE,1,1177,GSFC-ELEANOR-LITE,
42099315,10.56,OK,TESS-SPOC,2,9555,TESS-SPOC,
43790840,10.43,OK,TESS-SPOC,5,19739,TESS-SPOC,
86926485,11.95,OK,QLP,2,14634,QLP,
394705806,11.9,OK,SPOC,2,35884,SPOC,
378313764,4.04,OK,SPOC,5,89793,SPOC,
341187252,11.22,OK,GSFC-ELEANOR-LITE,3,3073,GSFC-ELEANOR-LITE,
59563240,11.64,OK,GSFC-ELEANOR-LITE,1,1147,GSFC-ELEANOR-LITE,
96947054,12.92,OK,QLP,2,14189,QLP,
469504846,11.01,OK,QLP,3,32699,QLP,
258278153,11.28,OK,QLP,8,46770,QLP,
402946987,12.55,OK,GSFC-ELEANOR-LITE,1,1086,GSFC-ELEANOR-LITE,
376924711,11.65,OK,QLP,43,255037,QLP,
183433420,12.34,OK,QLP,1,10398,QLP,
356001538,11.8,OK,QLP,4,10435,QLP,
202816400,10.46,OK,TESS-SPOC,1,1897,TESS-SPOC,
224520335,12.98,OK,QLP,5,23118,QLP,
229473505,10.74,OK,TESS-SPOC,15,137960,TESS-SPOC,
273162473,9.74,OK,TESS-SPOC,4,44768,TESS-SPOC,
230248835,12.85,OK,GSFC-ELEANOR-LITE,1,1054,GSFC-ELEANOR-LITE,
251904434,12.73,OK,QLP,2,13691,QLP,
373850893,10.25,OK,TESS-SPOC,1,8843,TESS-SPOC,
446916392,12.74,OK,GSFC-ELEANOR-LITE,2,2211,GSFC-ELEANOR-LITE,
349478177,10.21,OK,TESS-SPOC,9,85302,TESS-SPOC,
318756174,11.95,OK,SPOC,1,14086,SPOC,
40480727,12.78,OK,QLP,9,58122,QLP,
367230862,12.01,OK,QLP,5,20919,QLP,
450636928,13.35,OK,GSFC-ELEANOR-LITE,1,1085,GSFC-ELEANOR-LITE,
40470583,13.73,NO_DATA,,0,0,,
114869385,13.14,OK,QLP,5,31624,QLP,
467861896,13.52,NO_DATA,,0,0,,
156828879,13.49,OK,QLP,3,18449,QLP,
188729321,13.43,OK,QLP,18,106159,QLP,
165613348,13.83,DOWNLOAD_ERROR,,0,0,TARS,Error in reading Data product /home/runner/.cache/lightkurve/mastDownload/HLSP/hlsp_tars_tess_ffi_s0056-0000000165613348_tess/hlsp_tars_tess_ffi_s0056-0000000165613348_tess_v01_lc.fits of type generic
80730041,13.54,OK,GSFC-ELEANOR-LITE,1,1086,GSFC-ELEANOR-LITE,
287669491,13.12,OK,GSFC-ELEANOR-LITE,1,1081,GSFC-ELEANOR-LITE,
246609121,13.04,OK,GSFC-ELEANOR-LITE,1,1148,GSFC-ELEANOR-LITE,
377520158,13.31,OK,QLP,3,17510,QLP,
441173491,13.04,OK,GSFC-ELEANOR-LITE,1,1081,GSFC-ELEANOR-LITE,
314489207,13.69,NO_DATA,,0,0,,
65407575,13.87,OK,GSFC-ELEANOR-LITE,1,1072,GSFC-ELEANOR-LITE,
388794595,13.74,PROCESSING_ERROR,,0,0,"TARS,CDIPS",The unit 'day' is unrecognized.  It can not be converted to other units.
341436693,13.31,OK,QLP,8,65219,QLP,
334454679,13.12,OK,GSFC-ELEANOR-LITE,1,1072,GSFC-ELEANOR-LITE,
186325830,13.74,OK,GSFC-ELEANOR-LITE,1,1081,GSFC-ELEANOR-LITE,
458521810,13.13,OK,QLP,5,23307,QLP,
367268000,13.32,OK,QLP,6,40148,QLP,
239729984,13.87,NO_DATA,,0,0,,
342549503,13.78,NO_DATA,,0,0,,
213545267,13.18,OK,GSFC-ELEANOR-LITE,1,1049,GSFC-ELEANOR-LITE,
162831623,13.46,OK,QLP,1,11071,QLP,
348757929,13.13,OK,GSFC-ELEANOR-LITE,1,862,GSFC-ELEANOR-LITE,
242928422,13.07,OK,QLP,2,13297,QLP,
48139422,13.5,OK,QLP,11,72960,QLP,
229869867,13.07,OK,TESS-SPOC,4,7415,TESS-SPOC,
94321101,13.58,OK,GSFC-ELEANOR-LITE,1,1072,GSFC-ELEANOR-LITE,
405247712,13.15,OK,QLP,3,17021,QLP,
307464338,14.25,OK,GSFC-ELEANOR-LITE,1,904,GSFC-ELEANOR-LITE,
285487188,14.27,OK,GSFC-ELEANOR-LITE,1,1086,GSFC-ELEANOR-LITE,
290239918,13.92,NO_DATA,,0,0,,
230440834,14.17,NO_DATA,,0,0,,
377773451,14.27,OK,GSFC-ELEANOR-LITE,2,2188,GSFC-ELEANOR-LITE,
330517392,14.28,OK,GSFC-ELEANOR-LITE,1,1147,GSFC-ELEANOR-LITE,
120197871,14.1,OK,GSFC-ELEANOR-LITE,1,1177,GSFC-ELEANOR-LITE,
42616860,14.33,OK,GSFC-ELEANOR-LITE,1,1086,GSFC-ELEANOR-LITE,
124543563,14.0,OK,GSFC-ELEANOR-LITE,2,1975,GSFC-ELEANOR-LITE,
390349369,13.97,NO_DATA,,0,0,,
19618684,13.95,OK,GSFC-ELEANOR-LITE,2,1962,GSFC-ELEANOR-LITE,
337695819,14.18,NO_DATA,,0,0,,
17562443,14.2,NO_DATA,,0,0,,
244615838,14.36,PROCESSING_ERROR,,0,0,TASOC,"cannot reshape array of size 0 into shape (0,newaxis)"
1005163163,14.3,OK,GSFC-ELEANOR-LITE,2,2167,GSFC-ELEANOR-LITE,
418922562,14.36,NO_DATA,,0,0,,
178390228,14.1,NO_DATA,,0,0,,
153897350,14.02,DOWNLOAD_ERROR,,0,0,TARS,Error in reading Data product /home/runner/.cache/lightkurve/mastDownload/HLSP/hlsp_tars_tess_ffi_s0014-0000000153897351_tess/hlsp_tars_tess_ffi_s0014-0000000153897351_tess_v01_lc.fits of type generic
46046379,14.09,NO_DATA,,0,0,,
214594965,14.25,PROCESSING_ERROR,,0,0,TASOC,"cannot reshape array of size 0 into shape (0,newaxis)"
320067018,14.35,OK,K2,1,1629,K2,
232214332,14.04,OK,GSFC-ELEANOR-LITE,1,1054,GSFC-ELEANOR-LITE,
287275741,14.31,OK,GSFC-ELEANOR-LITE,7,7023,GSFC-ELEANOR-LITE,
295044366,14.08,OK,GSFC-ELEANOR-LITE,2,2263,GSFC-ELEANOR-LITE,
1791106596,14.34,NO_DATA,,0,0,,
418026952,14.23,NO_DATA,,0,0,,
290190452,14.14,PROCESSING_ERROR,,0,0,TASOC,"cannot reshape array of size 0 into shape (0,newaxis)"
109368527,14.23,NO_DATA,,0,0,,
58222031,14.08,PROCESSING_ERROR,,0,0,CDIPS,The unit 'day' is unrecognized.  It can not be converted to other units.
140987727,14.08,OK,GSFC-ELEANOR-LITE,2,1966,GSFC-ELEANOR-LITE,
317230361,14.64,OK,GSFC-ELEANOR-LITE,2,2188,GSFC-ELEANOR-LITE,
343621690,14.67,PROCESSING_ERROR,,0,0,TASOC,"cannot reshape array of size 0 into shape (0,newaxis)"
308400672,14.64,OK,GSFC-ELEANOR-LITE,7,7251,GSFC-ELEANOR-LITE,
349321638,14.37,OK,GSFC-ELEANOR-LITE,1,1072,GSFC-ELEANOR-LITE,
82337391,14.64,NO_DATA,,0,0,,
151987897,14.59,OK,GSFC-ELEANOR-LITE,1,1032,GSFC-ELEANOR-LITE,
122335551,14.54,OK,GSFC-ELEANOR-LITE,3,3073,GSFC-ELEANOR-LITE,
447031009,14.48,OK,GSFC-ELEANOR-LITE,1,1086,GSFC-ELEANOR-LITE,
78767378,14.63,OK,GSFC-ELEANOR-LITE,1,1104,GSFC-ELEANOR-LITE,
237240359,14.7,NO_DATA,,0,0,,
257747010,14.6,OK,QLP,2,14297,QLP,
460066296,14.67,OK,TASOC,2,2292,TASOC,
84745419,14.7,NO_DATA,,0,0,,
468259137,14.62,NO_DATA,,0,0,,
187920815,14.37,OK,GSFC-ELEANOR-LITE,1,1072,GSFC-ELEANOR-LITE,
350491312,14.42,NO_DATA,,0,0,,
260131094,14.46,OK,GSFC-ELEANOR-LITE,9,9181,GSFC-ELEANOR-LITE,
469135968,14.51,OK,GSFC-ELEANOR-LITE,2,2211,GSFC-ELEANOR-LITE,
233610976,14.51,NO_DATA,,0,0,,
60457655,14.49,OK,GSFC-ELEANOR-LITE,1,1134,GSFC-ELEANOR-LITE,
442448192,14.71,OK,GSFC-ELEANOR-LITE,2,2211,GSFC-ELEANOR-LITE,
258569221,14.5,OK,GSFC-ELEANOR-LITE,1,1148,GSFC-ELEANOR-LITE,
185709156,14.44,OK,TASOC,4,4414,TASOC,
197000922,14.64,OK,GSFC-ELEANOR-LITE,1,1134,GSFC-ELEANOR-LITE,
175754331,14.58,NO_DATA,,0,0,,
45629984,14.63,OK,GSFC-ELEANOR-LITE,3,3073,GSFC-ELEANOR-LITE,
136651382,14.66,PROCESSING_ERROR,,0,0,TASOC,"cannot reshape array of size 0 into shape (0,newaxis)"
173038741,14.67,OK,GSFC-ELEANOR-LITE,2,1975,GSFC-ELEANOR-LITE,
258026819,14.65,NO_DATA,,0,0,,
378055913,14.51,PROCESSING_ERROR,,0,0,TASOC,"cannot reshape array of size 0 into shape (0,newaxis)"
157669333,14.94,OK,QLP,3,18276,QLP,
318468048,14.84,OK,GSFC-ELEANOR-LITE,1,1081,GSFC-ELEANOR-LITE,
391729898,14.91,OK,GSFC-ELEANOR-LITE,2,2188,GSFC-ELEANOR-LITE,
388686985,14.88,OK,GSFC-ELEANOR-LITE,2,1966,GSFC-ELEANOR-LITE,
298834724,14.79,OK,Kepler,17,64797,Kepler,
335339081,14.76,OK,GSFC-ELEANOR-LITE,2,2164,GSFC-ELEANOR-LITE,
302593752,14.82,OK,GSFC-ELEANOR-LITE,3,3274,GSFC-ELEANOR-LITE,
153243604,14.84,OK,GSFC-ELEANOR-LITE,1,1120,GSFC-ELEANOR-LITE,
221089693,14.87,OK,GSFC-ELEANOR-LITE,1,1086,GSFC-ELEANOR-LITE,
96617814,14.9,NO_DATA,,0,0,,
342885080,14.93,OK,GSFC-ELEANOR-LITE,3,3073,GSFC-ELEANOR-LITE,
300222004,14.86,OK,GSFC-ELEANOR-LITE,1,1081,GSFC-ELEANOR-LITE,
48698167,14.77,OK,GSFC-ELEANOR-LITE,1,1054,GSFC-ELEANOR-LITE,
75331621,14.87,NO_DATA,,0,0,,
87583695,14.88,OK,QLP,7,54441,QLP,
72543842,14.73,NO_DATA,,0,0,,
457574738,14.92,OK,GSFC-ELEANOR-LITE,2,2211,GSFC-ELEANOR-LITE,
230123286,15.0,NO_DATA,,0,0,,
91872092,14.95,OK,GSFC-ELEANOR-LITE,1,904,GSFC-ELEANOR-LITE,
54221323,14.83,OK,GSFC-ELEANOR-LITE,1,1072,GSFC-ELEANOR-LITE,
1787667663,14.93,NO_DATA,,0,0,,
44650107,14.75,OK,GSFC-ELEANOR-LITE,1,1086,GSFC-ELEANOR-LITE,
89761431,14.79,PROCESSING_ERROR,,0,0,TASOC,"cannot reshape array of size 0 into shape (0,newaxis)"
317541705,14.89,OK,GSFC-ELEANOR-LITE,2,2188,GSFC-ELEANOR-LITE,
336981399,15.0,OK,QLP,4,26601,QLP,
329625455,14.93,NO_DATA,,0,0,,
259035013,14.92,PROCESSING_ERROR,,0,0,TASOC,"cannot reshape array of size 0 into shape (0,newaxis)"
169968560,14.85,OK,GSFC-ELEANOR-LITE,1,1072,GSFC-ELEANOR-LITE,
377557663,14.78,PROCESSING_ERROR,,0,0,CDIPS,The unit 'day' is unrecognized.  It can not be converted to other units.
23091006,14.98,OK,GSFC-ELEANOR-LITE,1,1072,GSFC-ELEANOR-LITE,
313609856,11.16,OK,TESS-SPOC,5,13326,TESS-SPOC,
264277316,11.77,OK,GSFC-ELEANOR-LITE,1,1029,GSFC-ELEANOR-LITE,
220167136,11.62,OK,TESS-SPOC,1,943,TESS-SPOC,
411978234,12.18,OK,TESS-SPOC,2,4209,TESS-SPOC,
42098533,13.03,OK,QLP,8,49316,QLP,
43790458,12.21,OK,TESS-SPOC,3,5879,TESS-SPOC,
86905783,12.5,OK,QLP,3,23401,QLP,
394710986,12.8,OK,TESS-SPOC,1,1087,TESS-SPOC,
378318354,12.18,OK,QLP,6,49319,QLP,
341184419,10.57,OK,TESS-SPOC,2,9372,TESS-SPOC,
59563349,9.04,OK,TESS-SPOC,2,11161,TESS-SPOC,
96920731,12.85,OK,GSFC-ELEANOR-LITE,2,1975,GSFC-ELEANOR-LITE,
469497865,12.83,OK,QLP,7,44756,QLP,
258275073,12.03,OK,QLP,9,50434,QLP,
402954079,11.47,OK,QLP,15,84149,QLP,
376920184,11.76,OK,QLP,4,16627,QLP,
183415298,12.37,OK,TESS-SPOC,1,1798,TESS-SPOC,
355999358,11.33,OK,TESS-SPOC,3,6764,TESS-SPOC,
202804205,12.78,OK,QLP,7,45397,QLP,
224516973,11.77,OK,QLP,5,23159,QLP,
229472190,11.67,OK,TESS-SPOC,23,47163,TESS-SPOC,
273152859,12.62,OK,GSFC-ELEANOR-LITE,1,1081,GSFC-ELEANOR-LITE,
230243765,11.77,OK,TESS-SPOC,3,5809,TESS-SPOC,
251898060,12.15,OK,QLP,7,48770,QLP,
373846934,9.12,OK,SPOC,27,428178,SPOC,
446931958,10.51,OK,TESS-SPOC,1,8693,TESS-SPOC,
349478145,12.98,OK,GSFC-ELEANOR-LITE,13,13367,GSFC-ELEANOR-LITE,
318754937,12.53,OK,GSFC-ELEANOR-LITE,1,1072,GSFC-ELEANOR-LITE,
40476994,10.79,OK,TESS-SPOC,4,8996,TESS-SPOC,
367230526,12.84,OK,QLP,5,20915,QLP,
450636923,13.41,OK,GSFC-ELEANOR-LITE,1,1085,GSFC-ELEANOR-LITE,
40469665,13.78,NO_DATA,,0,0,,
114869381,13.26,OK,QLP,5,31616,QLP,
467869917,13.52,NO_DATA,,0,0,,
156811555,13.3,OK,GSFC-ELEANOR-LITE,2,1975,GSFC-ELEANOR-LITE,
188726699,13.71,PROCESSING_ERROR,,0,0,TASOC,"cannot reshape array of size 0 into shape (0,newaxis)"
165612139,13.13,OK,QLP,5,49101,QLP,
80729017,13.88,OK,GSFC-ELEANOR-LITE,1,1086,GSFC-ELEANOR-LITE,
287667987,13.27,OK,GSFC-ELEANOR-LITE,1,1081,GSFC-ELEANOR-LITE,
246628695,13.82,OK,GSFC-ELEANOR-LITE,1,1054,GSFC-ELEANOR-LITE,
377520340,13.7,NO_DATA,,0,0,,
441164508,13.36,OK,GSFC-ELEANOR-LITE,1,1081,GSFC-ELEANOR-LITE,
314487666,13.86,NO_DATA,,0,0,,
65404533,13.84,OK,GSFC-ELEANOR-LITE,1,1072,GSFC-ELEANOR-LITE,
388794617,13.11,OK,QLP,6,32771,QLP,
341434767,13.59,NO_DATA,,0,0,,
334440821,13.44,OK,GSFC-ELEANOR-LITE,1,1078,GSFC-ELEANOR-LITE,
186300744,13.42,OK,QLP,4,33277,QLP,
458526297,13.7,NO_DATA,,0,0,,
367270459,13.4,OK,QLP,6,40157,QLP,
239727849,13.5,OK,QLP,8,52438,QLP,
342549584,13.82,NO_DATA,,0,0,,
213540873,13.35,OK,GSFC-ELEANOR-LITE,1,1049,GSFC-ELEANOR-LITE,
162815043,13.81,OK,GSFC-ELEANOR-LITE,1,1086,GSFC-ELEANOR-LITE,
348757977,13.25,OK,GSFC-ELEANOR-LITE,1,862,GSFC-ELEANOR-LITE,
242933608,13.26,OK,QLP,3,24593,QLP,
48138481,13.63,OK,TASOC,6,5898,TASOC,
229869305,13.14,OK,TESS-SPOC,4,8074,TESS-SPOC,
94316448,13.75,NO_DATA,,0,0,,
405249119,13.64,NO_DATA,,0,0,,
307467748,14.09,OK,GSFC-ELEANOR-LITE,1,904,GSFC-ELEANOR-LITE,
285481973,13.93,OK,GSFC-ELEANOR-LITE,1,1086,GSFC-ELEANOR-LITE,
290255314,14.05,OK,GSFC-ELEANOR-LITE,1,1077,GSFC-ELEANOR-LITE,
230440765,14.02,NO_DATA,,0,0,,
377778868,14.32,NO_DATA,,0,0,,
330525676,13.98,OK,GSFC-ELEANOR-LITE,1,1177,GSFC-ELEANOR-LITE,
120194557,14.0,NO_DATA,,0,0,,
42627148,14.3,OK,TASOC,2,1616,TASOC,
124543576,14.05,OK,GSFC-ELEANOR-LITE,2,1975,GSFC-ELEANOR-LITE,
390351862,14.13,NO_DATA,,0,0,,
19623687,14.19,NO_DATA,,0,0,,
337719567,14.07,OK,GSFC-ELEANOR-LITE,2,2164,GSFC-ELEANOR-LITE,
17561925,13.92,NO_DATA,,0,0,,
244618659,14.16,NO_DATA,,0,0,,
1004610369,13.98,OK,GSFC-ELEANOR-LITE,1,1086,GSFC-ELEANOR-LITE,
418955785,14.34,NO_DATA,,0,0,,
178390824,13.9,NO_DATA,,0,0,,
153898519,14.27,OK,GSFC-ELEANOR-LITE,1,1032,GSFC-ELEANOR-LITE,
46049699,13.96,NO_DATA,,0,0,,
214592138,14.17,NO_DATA,,0,0,,
320071829,14.12,NO_DATA,,0,0,,
232221498,14.16,OK,GSFC-ELEANOR-LITE,1,904,GSFC-ELEANOR-LITE,
287275728,13.95,OK,GSFC-ELEANOR-LITE,7,7023,GSFC-ELEANOR-LITE,
295070137,14.28,OK,GSFC-ELEANOR-LITE,12,12505,GSFC-ELEANOR-LITE,
1790733575,14.08,NO_DATA,,0,0,,
418028947,14.29,NO_DATA,,0,0,,
290191783,14.31,NO_DATA,,0,0,,
109347817,14.19,NO_DATA,,0,0,,
58222313,14.24,NO_DATA,,0,0,,
140987690,14.25,OK,GSFC-ELEANOR-LITE,2,1966,GSFC-ELEANOR-LITE,
317235396,14.65,OK,GSFC-ELEANOR-LITE,2,2188,GSFC-ELEANOR-LITE,
343622103,14.46,NO_DATA,,0,0,,
308404511,14.55,OK,GSFC-ELEANOR-LITE,5,5108,GSFC-ELEANOR-LITE,
349328438,14.53,OK,GSFC-ELEANOR-LITE,1,1072,GSFC-ELEANOR-LITE,
82327725,14.55,NO_DATA,,0,0,,
151987686,14.55,OK,GSFC-ELEANOR-LITE,1,1032,GSFC-ELEANOR-LITE,
122331165,14.64,OK,GSFC-ELEANOR-LITE,3,3073,GSFC-ELEANOR-LITE,
447024943,14.66,OK,GSFC-ELEANOR-LITE,1,1086,GSFC-ELEANOR-LITE,
78746299,14.5,OK,GSFC-ELEANOR-LITE,2,1975,GSFC-ELEANOR-LITE,
237240735,14.7,NO_DATA,,0,0,,
257747472,14.71,NO_DATA,,0,0,,
460066244,14.62,OK,TASOC,2,2292,TASOC,
84741761,14.7,NO_DATA,,0,0,,
468255706,14.41,PROCESSING_ERROR,,0,0,TASOC,"cannot reshape array of size 0 into shape (0,newaxis)"
187920845,14.7,OK,GSFC-ELEANOR-LITE,1,1072,GSFC-ELEANOR-LITE,
350493421,14.44,NO_DATA,,0,0,,
260136345,14.45,OK,GSFC-ELEANOR-LITE,1,1086,GSFC-ELEANOR-LITE,
469135974,14.7,OK,GSFC-ELEANOR-LITE,2,2211,GSFC-ELEANOR-LITE,
233611154,14.53,DOWNLOAD_ERROR,,0,0,"TASOC,TARS",Error in reading Data product /home/runner/.cache/lightkurve/mastDownload/HLSP/hlsp_tars_tess_ffi_s0014-0000000233611154_tess/hlsp_tars_tess_ffi_s0014-0000000233611154_tess_v01_lc.fits of type generic
60447885,14.37,NO_DATA,,0,0,,
442448117,14.69,OK,GSFC-ELEANOR-LITE,2,2211,GSFC-ELEANOR-LITE,
258569654,14.59,OK,GSFC-ELEANOR-LITE,1,1148,GSFC-ELEANOR-LITE,
185706754,14.68,PROCESSING_ERROR,,0,0,TASOC,"cannot reshape array of size 0 into shape (0,newaxis)"
197010281,14.64,OK,GSFC-ELEANOR-LITE,1,1134,GSFC-ELEANOR-LITE,
175754276,14.65,NO_DATA,,0,0,,
45628965,14.46,OK,GSFC-ELEANOR-LITE,3,3073,GSFC-ELEANOR-LITE,
136650720,14.6,NO_DATA,,0,0,,
173038286,14.46,OK,GSFC-ELEANOR-LITE,2,1975,GSFC-ELEANOR-LITE,
258031278,14.53,NO_DATA,,0,0,,
378056127,14.7,NO_DATA,,0,0,,
157670953,14.8,OK,QLP,4,26843,QLP,
318472394,14.82,OK,QLP,1,1827,QLP,
391738675,14.81,OK,GSFC-ELEANOR-LITE,2,2188,GSFC-ELEANOR-LITE,
388693236,14.74,NO_DATA,,0,0,,
298834027,14.79,PROCESSING_ERROR,,0,0,TASOC,"cannot reshape array of size 0 into shape (0,newaxis)"
335341172,14.77,OK,GSFC-ELEANOR-LITE,2,2164,GSFC-ELEANOR-LITE,
302621441,14.87,NO_DATA,,0,0,,
153275994,14.96,OK,GSFC-ELEANOR-LITE,2,1934,GSFC-ELEANOR-LITE,
221095239,14.94,OK,GSFC-ELEANOR-LITE,1,1086,GSFC-ELEANOR-LITE,
96645882,14.74,OK,GSFC-ELEANOR-LITE,1,1056,GSFC-ELEANOR-LITE,
342885917,14.73,OK,GSFC-ELEANOR-LITE,2,1969,GSFC-ELEANOR-LITE,
300220340,15.0,OK,GSFC-ELEANOR-LITE,1,1081,GSFC-ELEANOR-LITE,
48693213,14.76,DOWNLOAD_ERROR,,0,0,TARS,Error in reading Data product /home/runner/.cache/lightkurve/mastDownload/HLSP/hlsp_tars_tess_ffi_s0054-0000000048693217_tess/hlsp_tars_tess_ffi_s0054-0000000048693217_tess_v01_lc.fits of type generic
75331889,14.8,NO_DATA,,0,0,,
87588654,14.77,NO_DATA,,0,0,,
72545286,14.82,NO_DATA,,0,0,,
457575476,14.73,OK,GSFC-ELEANOR-LITE,2,2211,GSFC-ELEANOR-LITE,
230125552,14.77,NO_DATA,,0,0,,
91885683,14.99,NO_DATA,,0,0,,
54223510,14.97,OK,GSFC-ELEANOR-LITE,1,1072,GSFC-ELEANOR-LITE,
1787413324,14.79,OK,QLP,1,10362,QLP,
44642916,14.98,OK,GSFC-ELEANOR-LITE,1,1100,GSFC-ELEANOR-LITE,
89763191,14.94,NO_DATA,,0,0,,
317542768,14.85,OK,GSFC-ELEANOR-LITE,2,2188,GSFC-ELEANOR-LITE,
336983581,14.88,OK,GSFC-ELEANOR-LITE,1,904,GSFC-ELEANOR-LITE,
329653331,14.81,OK,GSFC-ELEANOR-LITE,1,1081,GSFC-ELEANOR-LITE,
259035540,14.88,PROCESSING_ERROR,,0,0,TASOC,"cannot reshape array of size 0 into shape (0,newaxis)"
169989517,14.92,NO_DATA,,0,0,,
377558031,14.98,OK,TASOC,2,2292,TASOC,
23078456,14.82,NO_DATA,,0,0,,
313608384,12.33,OK,QLP,5,19816,QLP,
264277286,10.94,OK,GSFC-ELEANOR-LITE,1,1029,GSFC-ELEANOR-LITE,
220140821,12.69,OK,GSFC-ELEANOR-LITE,1,904,GSFC-ELEANOR-LITE,
411989242,12.3,OK,TESS-SPOC,1,3455,TESS-SPOC,
42097592,12.42,OK,QLP,8,49287,QLP,
43790244,5.18,OK,SPOC,7,272215,SPOC,
86903184,12.54,OK,QLP,5,30186,QLP,
394711115,13.02,OK,TESS-SPOC,1,1010,TESS-SPOC,
378322169,11.6,OK,QLP,6,49317,QLP,
341165515,12.92,OK,GSFC-ELEANOR-LITE,2,2167,GSFC-ELEANOR-LITE,
59556919,12.73,OK,GSFC-ELEANOR-LITE,1,1147,GSFC-ELEANOR-LITE,
96917799,12.53,OK,GSFC-ELEANOR-LITE,2,1975,GSFC-ELEANOR-LITE,
469515133,12.96,OK,GSFC-ELEANOR-LITE,1,1148,GSFC-ELEANOR-LITE,
258270487,10.13,OK,TESS-SPOC,3,32167,TESS-SPOC,
402955603,12.06,OK,QLP,6,33826,QLP,
376925360,8.87,OK,TESS-SPOC,17,156936,TESS-SPOC,
183413159,10.56,OK,TESS-SPOC,1,1803,TESS-SPOC,
355990683,12.72,OK,QLP,2,14570,QLP,
202754212,12.81,OK,QLP,8,46625,QLP,
224514657,12.38,OK,QLP,5,23174,QLP,
229464321,12.61,OK,QLP,42,253907,QLP,
230242896,10.43,OK,TESS-SPOC,5,19486,TESS-SPOC,
251888557,12.42,OK,QLP,5,31653,QLP,
373843857,10.33,OK,SPOC,12,194315,SPOC,
446932700,12.86,OK,GSFC-ELEANOR-LITE,1,1086,GSFC-ELEANOR-LITE,
349478138,12.44,OK,GSFC-ELEANOR-LITE,13,13367,GSFC-ELEANOR-LITE,
318747664,9.85,OK,TESS-SPOC,3,28828,TESS-SPOC,
40469657,12.87,OK,QLP,9,58147,QLP,
367212363,9.33,OK,TESS-SPOC,2,11863,TESS-SPOC,
450637394,13.32,OK,GSFC-ELEANOR-LITE,1,1085,GSFC-ELEANOR-LITE,
40468582,13.36,OK,QLP,6,35269,QLP,
114864928,13.67,OK,TASOC,2,1616,TASOC,
467870793,13.83,NO_DATA,,0,0,,
156793905,13.32,OK,QLP,4,32632,QLP,
188721638,13.38,OK,GSFC-ELEANOR-LITE,1,1086,GSFC-ELEANOR-LITE,
165606844,13.87,NO_DATA,,0,0,,
80720523,13.06,OK,GSFC-ELEANOR-LITE,3,3038,GSFC-ELEANOR-LITE,
287666826,13.28,OK,GSFC-ELEANOR-LITE,1,1081,GSFC-ELEANOR-LITE,
246650401,13.73,OK,GSFC-ELEANOR-LITE,1,1148,GSFC-ELEANOR-LITE,
377520388,13.29,OK,QLP,3,17471,QLP,
441163093,13.64,OK,GSFC-ELEANOR-LITE,1,1081,GSFC-ELEANOR-LITE,
314486971,13.16,OK,QLP,4,22064,QLP,
65403233,13.04,OK,GSFC-ELEANOR-LITE,1,1072,GSFC-ELEANOR-LITE,
388795641,13.84,NO_DATA,,0,0,,
341432012,13.25,OK,QLP,5,23409,QLP,
334430672,13.31,OK,GSFC-ELEANOR-LITE,2,2164,GSFC-ELEANOR-LITE,
186292324,13.82,NO_DATA,,0,0,,
458526512,13.83,DOWNLOAD_ERROR,,0,0,TARS,Error in reading Data product /home/runner/.cache/lightkurve/mastDownload/HLSP/hlsp_tars_tess_ffi_s0025-0000000458526512_tess/hlsp_tars_tess_ffi_s0025-0000000458526512_tess_v01_lc.fits of type generic
367259721,13.87,NO_DATA,,0,0,,
239727384,13.85,NO_DATA,,0,0,,
342549436,13.73,NO_DATA,,0,0,,
213540831,13.6,OK,GSFC-ELEANOR-LITE,1,1049,GSFC-ELEANOR-LITE,
162805838,13.13,OK,GSFC-ELEANOR-LITE,1,1086,GSFC-ELEANOR-LITE,
348759014,13.61,OK,GSFC-ELEANOR-LITE,1,862,GSFC-ELEANOR-LITE,
242934458,13.83,NO_DATA,,0,0,,
48137485,13.1,OK,QLP,19,134718,QLP,
229869163,13.24,OK,TESS-SPOC,4,8060,TESS-SPOC,
94312773,13.7,DOWNLOAD_ERROR,,0,0,TARS,Error in reading Data product /home/runner/.cache/lightkurve/mastDownload/HLSP/hlsp_tars_tess_ffi_s0054-0000000094312773_tess/hlsp_tars_tess_ffi_s0054-0000000094312773_tess_v01_lc.fits of type generic
405253996,13.41,OK,GSFC-ELEANOR-LITE,3,3344,GSFC-ELEANOR-LITE,
307473318,14.25,OK,GSFC-ELEANOR-LITE,1,904,GSFC-ELEANOR-LITE,
285461138,14.13,NO_DATA,,0,0,,
290258514,14.17,OK,GSFC-ELEANOR-LITE,2,2188,GSFC-ELEANOR-LITE,
230440673,14.03,NO_DATA,,0,0,,
377782736,14.35,PROCESSING_ERROR,,0,0,TASOC,"cannot reshape array of size 0 into shape (0,newaxis)"
330539435,14.27,PROCESSING_ERROR,,0,0,TASOC,"cannot reshape array of size 0 into shape (0,newaxis)"
120194007,14.07,NO_DATA,,0,0,,
42628449,14.1,PROCESSING_ERROR,,0,0,TASOC,"cannot reshape array of size 0 into shape (0,newaxis)"
124533430,13.98,OK,GSFC-ELEANOR-LITE,1,1074,GSFC-ELEANOR-LITE,
390354671,14.28,OK,TASOC,2,1616,TASOC,
19629191,14.36,NO_DATA,,0,0,,
337726501,14.23,OK,GSFC-ELEANOR-LITE,2,2164,GSFC-ELEANOR-LITE,
17558913,14.31,NO_DATA,,0,0,,
244648136,14.36,OK,TASOC,2,1988,TASOC,
1003150980,14.08,OK,GSFC-ELEANOR-LITE,2,2263,GSFC-ELEANOR-LITE,
418960201,14.26,OK,QLP,2,22251,QLP,
178389355,14.1,NO_DATA,,0,0,,
153893653,14.26,NO_DATA,,0,0,,
46049710,14.25,NO_DATA,,0,0,,
214592016,14.23,NO_DATA,,0,0,,
320078048,14.27,OK,GSFC-ELEANOR-LITE,2,2188,GSFC-ELEANOR-LITE,
232226625,13.95,OK,GSFC-ELEANOR-LITE,1,904,GSFC-ELEANOR-LITE,
287275758,13.96,OK,GSFC-ELEANOR-LITE,7,7023,GSFC-ELEANOR-LITE,
295094339,14.13,OK,GSFC-ELEANOR-LITE,2,2211,GSFC-ELEANOR-LITE,
1791325070,14.02,OK,QLP,6,50864,QLP,
418029220,14.32,NO_DATA,,0,0,,
290191821,14.29,NO_DATA,,0,0,,
109342702,14.05,NO_DATA,,0,0,,
58222609,13.92,NO_DATA,,0,0,,
140987828,13.95,OK,GSFC-ELEANOR-LITE,2,1966,GSFC-ELEANOR-LITE,
317235564,14.44,OK,GSFC-ELEANOR-LITE,2,2188,GSFC-ELEANOR-LITE,
343622133,14.5,NO_DATA,,0,0,,
308405710,14.55,PROCESSING_ERROR,,0,0,TASOC,"cannot reshape array of size 0 into shape (0,newaxis)"
349332510,14.66,OK,GSFC-ELEANOR-LITE,1,1072,GSFC-ELEANOR-LITE,
82302820,14.53,OK,GSFC-ELEANOR-LITE,2,1966,GSFC-ELEANOR-LITE,
151986940,14.55,OK,GSFC-ELEANOR-LITE,1,1032,GSFC-ELEANOR-LITE,
122330756,14.44,OK,GSFC-ELEANOR-LITE,3,3073,GSFC-ELEANOR-LITE,
447022496,14.61,OK,GSFC-ELEANOR-LITE,1,1086,GSFC-ELEANOR-LITE,
78741554,14.55,OK,GSFC-ELEANOR-LITE,2,1975,GSFC-ELEANOR-LITE,
237240864,14.51,NO_DATA,,0,0,,
257751685,14.65,DOWNLOAD_ERROR,,0,0,TARS,Error in reading Data product /home/runner/.cache/lightkurve/mastDownload/HLSP/hlsp_tars_tess_ffi_s0014-0000000257751685_tess/hlsp_tars_tess_ffi_s0014-0000000257751685_tess_v01_lc.fits of type generic
460066214,14.48,OK,TASOC,2,2292,TASOC,
84741565,14.42,NO_DATA,,0,0,,
468263215,14.66,NO_DATA,,0,0,,
187931367,14.38,OK,GSFC-ELEANOR-LITE,1,1101,GSFC-ELEANOR-LITE,
350496334,14.43,NO_DATA,,0,0,,
260149105,14.52,NO_DATA,,0,0,,
469136001,14.62,OK,GSFC-ELEANOR-LITE,2,2211,GSFC-ELEANOR-LITE,
233611351,14.44,NO_DATA,,0,0,,
60444911,14.6,NO_DATA,,0,0,,
442389228,14.49,OK,GSFC-ELEANOR-LITE,1,1081,GSFC-ELEANOR-LITE,
258576557,14.51,OK,GSFC-ELEANOR-LITE,1,1148,GSFC-ELEANOR-LITE,
185703323,14.46,OK,GSFC-ELEANOR-LITE,1,862,GSFC-ELEANOR-LITE,
197010332,14.69,OK,GSFC-ELEANOR-LITE,1,1134,GSFC-ELEANOR-LITE,
175754190,14.6,NO_DATA,,0,0,,
45627091,14.66,OK,GSFC-ELEANOR-LITE,3,3073,GSFC-ELEANOR-LITE,
136646069,14.57,NO_DATA,,0,0,,
173006719,14.48,NO_DATA,,0,0,,
258033378,14.51,NO_DATA,,0,0,,
378056838,14.57,NO_DATA,,0,0,,
157689044,14.97,OK,TASOC,4,4316,TASOC,
318478971,14.73,NO_DATA,,0,0,,
391746658,14.84,OK,GSFC-ELEANOR-LITE,10,10129,GSFC-ELEANOR-LITE,
388702980,14.94,NO_DATA,,0,0,,
298830444,14.77,PROCESSING_ERROR,,0,0,TASOC,"cannot reshape array of size 0 into shape (0,newaxis)"
335346879,14.92,OK,GSFC-ELEANOR-LITE,2,2164,GSFC-ELEANOR-LITE,
302626316,14.9,NO_DATA,,0,0,,
153302149,14.74,OK,GSFC-ELEANOR-LITE,1,1032,GSFC-ELEANOR-LITE,
221111038,14.93,OK,GSFC-ELEANOR-LITE,1,1086,GSFC-ELEANOR-LITE,
96655793,14.92,OK,GSFC-ELEANOR-LITE,2,1975,GSFC-ELEANOR-LITE,
342928765,14.79,NO_DATA,,0,0,,
300223524,15.0,OK,GSFC-ELEANOR-LITE,1,1081,GSFC-ELEANOR-LITE,
48698187,14.92,OK,GSFC-ELEANOR-LITE,1,1054,GSFC-ELEANOR-LITE,
75333612,14.83,DOWNLOAD_ERROR,,0,0,TARS,Error in reading Data product /home/runner/.cache/lightkurve/mastDownload/HLSP/hlsp_tars_tess_ffi_s0043-0000000075333612_tess/hlsp_tars_tess_ffi_s0043-0000000075333612_tess_v01_lc.fits of type generic
87612702,14.91,OK,GSFC-ELEANOR-LITE,1,1177,GSFC-ELEANOR-LITE,
72558889,14.73,OK,GSFC-ELEANOR-LITE,1,903,GSFC-ELEANOR-LITE,
457588761,14.9,OK,GSFC-ELEANOR-LITE,1,1081,GSFC-ELEANOR-LITE,
230130834,15.0,PROCESSING_ERROR,,0,0,TASOC,"cannot reshape array of size 0 into shape (0,newaxis)"
91895219,14.83,NO_DATA,,0,0,,
54235867,14.84,NO_DATA,,0,0,,
1787162198,14.83,OK,TESS-SPOC,1,7152,TESS-SPOC,
44635579,14.99,OK,GSFC-ELEANOR-LITE,1,1100,GSFC-ELEANOR-LITE,
89767042,14.82,NO_DATA,,0,0,,
317543182,14.92,OK,GSFC-ELEANOR-LITE,2,2188,GSFC-ELEANOR-LITE,
336990867,14.85,OK,GSFC-ELEANOR-LITE,1,904,GSFC-ELEANOR-LITE,
329669647,14.92,NO_DATA,,0,0,,
259036826,14.77,PROCESSING_ERROR,,0,0,TASOC,"cannot reshape array of size 0 into shape (0,newaxis)"
170029398,14.82,DOWNLOAD_ERROR,,0,0,TARS,Error in reading Data product /home/runner/.cache/lightkurve/mastDownload/HLSP/hlsp_tars_tess_ffi_s0080-0000000170029351_tess/hlsp_tars_tess_ffi_s0080-0000000170029351_tess_v01_lc.fits of type generic
377559577,14.74,OK,TASOC,2,2292,TASOC,
23076217,14.86,NO_DATA,,0,0,,
313606017,12.47,OK,GSFC-ELEANOR-LITE,1,1134,GSFC-ELEANOR-LITE,
264276733,11.57,OK,GSFC-ELEANOR-LITE,1,1029,GSFC-ELEANOR-LITE,
220113236,12.49,OK,GSFC-ELEANOR-LITE,1,904,GSFC-ELEANOR-LITE,
411992127,10.71,OK,TESS-SPOC,2,9713,TESS-SPOC,
42096554,12.21,OK,QLP,8,49321,QLP,
43789904,12.84,OK,QLP,5,29651,QLP,
86901854,11.41,OK,TESS-SPOC,3,9456,TESS-SPOC,
394722182,10.87,OK,SPOC,4,60278,SPOC,
378325704,12.37,OK,GSFC-ELEANOR-LITE,2,2188,GSFC-ELEANOR-LITE,
341115369,12.17,OK,TESS-SPOC,3,11579,TESS-SPOC,
59555064,12.5,OK,GSFC-ELEANOR-LITE,1,1147,GSFC-ELEANOR-LITE,
96878689,12.35,OK,QLP,7,49515,QLP,
469515142,12.86,OK,GSFC-ELEANOR-LITE,1,1148,GSFC-ELEANOR-LITE,
258270252,12.85,OK,QLP,9,50434,QLP,
402956095,12.96,OK,QLP,6,33826,QLP,
376925641,12.93,OK,QLP,42,251693,QLP,
183410743,11.99,OK,QLP,2,13567,QLP,
355979825,12.89,OK,TESS-SPOC,6,14052,TESS-SPOC,
202717603,10.9,OK,QLP,5,45169,QLP,
224513279,12.86,OK,QLP,5,23160,QLP,
229463741,10.77,OK,QLP,43,255034,QLP,
273137433,12.06,OK,QLP,9,58148,QLP,
230241986,12.88,OK,QLP,4,18663,QLP,
251846918,12.39,OK,TESS-SPOC,3,12997,TESS-SPOC,
373831178,11.26,OK,QLP,1,2598,QLP,
446936943,11.19,OK,TESS-SPOC,1,995,TESS-SPOC,
349478122,12.92,OK,GSFC-ELEANOR-LITE,13,13367,GSFC-ELEANOR-LITE,
318742691,11.92,OK,QLP,5,31653,QLP,
40467244,12.34,OK,QLP,6,35273,QLP,
367203920,11.97,OK,QLP,1,2764,QLP,
450634387,13.27,OK,GSFC-ELEANOR-LITE,1,1085,GSFC-ELEANOR-LITE,
40462189,13.31,OK,QLP,8,50100,QLP,
114864514,13.06,OK,QLP,7,45662,QLP,
467872574,13.19,OK,QLP,2,18303,QLP,
156780644,13.81,OK,GSFC-ELEANOR-LITE,1,1032,GSFC-ELEANOR-LITE,
188721389,13.53,OK,GSFC-ELEANOR-LITE,1,1086,GSFC-ELEANOR-LITE,
165591133,13.73,OK,GSFC-ELEANOR-LITE,1,1081,GSFC-ELEANOR-LITE,
80716882,13.35,OK,QLP,6,50878,QLP,
287648710,13.67,NO_DATA,,0,0,,
246650797,13.37,OK,GSFC-ELEANOR-LITE,1,1148,GSFC-ELEANOR-LITE,
377534685,13.8,OK,GSFC-ELEANOR-LITE,1,1046,GSFC-ELEANOR-LITE,
441162975,13.28,OK,GSFC-ELEANOR-LITE,1,1081,GSFC-ELEANOR-LITE,
314484397,13.64,NO_DATA,,0,0,,
65389983,13.52,OK,GSFC-ELEANOR-LITE,1,1147,GSFC-ELEANOR-LITE,
388796152,13.81,OK,QLP,3,16971,QLP,
341422634,13.55,OK,GSFC-ELEANOR-LITE,1,1177,GSFC-ELEANOR-LITE,
334430361,13.71,OK,GSFC-ELEANOR-LITE,2,2164,GSFC-ELEANOR-LITE,
186281835,13.7,OK,GSFC-ELEANOR-LITE,1,960,GSFC-ELEANOR-LITE,
458521782,13.64,NO_DATA,,0,0,,
367271419,13.34,OK,QLP,6,40150,QLP,
239726303,13.78,NO_DATA,,0,0,,
342569756,13.46,OK,GSFC-ELEANOR-LITE,1,1046,GSFC-ELEANOR-LITE,
213538157,13.64,NO_DATA,,0,0,,
162783028,13.8,NO_DATA,,0,0,,
348761381,13.88,OK,GSFC-ELEANOR-LITE,3,3325,GSFC-ELEANOR-LITE,
242934823,13.63,NO_DATA,,0,0,,
48132292,13.28,OK,QLP,11,65424,QLP,
229868629,13.11,OK,TESS-SPOC,5,12403,TESS-SPOC,
94305980,13.87,NO_DATA,,0,0,,
405259860,13.35,OK,GSFC-ELEANOR-LITE,1,862,GSFC-ELEANOR-LITE,
307479305,13.99,NO_DATA,,0,0,,
285452370,14.33,OK,CDIPS,1,3595,CDIPS,
290292102,13.91,OK,GSFC-ELEANOR-LITE,3,3073,GSFC-ELEANOR-LITE,
230407116,14.04,NO_DATA,,0,0,,
377783480,14.33,NO_DATA,,0,0,,
330563772,13.98,OK,GSFC-ELEANOR-LITE,1,1081,GSFC-ELEANOR-LITE,
120191218,14.18,NO_DATA,,0,0,,
42614843,14.04,OK,GSFC-ELEANOR-LITE,1,1086,GSFC-ELEANOR-LITE,
124543593,14.31,OK,GSFC-ELEANOR-LITE,2,1975,GSFC-ELEANOR-LITE,
390362844,14.0,OK,GSFC-ELEANOR-LITE,2,2188,GSFC-ELEANOR-LITE,
19629519,13.92,NO_DATA,,0,0,,
337740817,14.18,NO_DATA,,0,0,,
17558889,14.19,NO_DATA,,0,0,,
244609898,14.31,NO_DATA,,0,0,,
1003028856,14.26,NO_DATA,,0,0,,
418961678,14.17,NO_DATA,,0,0,,
178402505,14.32,NO_DATA,,0,0,,
153898549,13.95,OK,GSFC-ELEANOR-LITE,1,1032,GSFC-ELEANOR-LITE,
46053546,14.31,NO_DATA,,0,0,,
214591901,14.28,NO_DATA,,0,0,,
320078290,13.99,OK,GSFC-ELEANOR-LITE,2,2188,GSFC-ELEANOR-LITE,
232269664,14.36,OK,GSFC-ELEANOR-LITE,1,904,GSFC-ELEANOR-LITE,
287265761,14.35,PROCESSING_ERROR,,0,0,TASOC,"cannot reshape array of size 0 into shape (0,newaxis)"
295109149,13.92,OK,GSFC-ELEANOR-LITE,1,1104,GSFC-ELEANOR-LITE,
1790726160,13.96,DOWNLOAD_ERROR,,0,0,TARS,Error in reading Data product /home/runner/.cache/lightkurve/mastDownload/HLSP/hlsp_tars_tess_ffi_s0054-0000000201322566_tess/hlsp_tars_tess_ffi_s0054-0000000201322566_tess_v01_lc.fits of type generic
418032990,13.9,NO_DATA,,0,0,,
290192194,14.23,NO_DATA,,0,0,,
109335586,14.24,NO_DATA,,0,0,,
58222965,14.17,NO_DATA,,0,0,,
140987868,14.13,OK,GSFC-ELEANOR-LITE,2,1966,GSFC-ELEANOR-LITE,
317235653,14.51,OK,GSFC-ELEANOR-LITE,2,2188,GSFC-ELEANOR-LITE,
343626760,14.38,NO_DATA,,0,0,,
308407196,14.42,NO_DATA,,0,0,,
349334283,14.62,OK,GSFC-ELEANOR-LITE,1,1072,GSFC-ELEANOR-LITE,
82302142,14.47,OK,GSFC-ELEANOR-LITE,2,1966,GSFC-ELEANOR-LITE,
151962530,14.72,OK,GSFC-ELEANOR-LITE,1,1087,GSFC-ELEANOR-LITE,
122328188,14.55,OK,GSFC-ELEANOR-LITE,3,3073,GSFC-ELEANOR-LITE,
447021399,14.67,OK,GSFC-ELEANOR-LITE,1,1086,GSFC-ELEANOR-LITE,
78717850,14.6,OK,GSFC-ELEANOR-LITE,1,1104,GSFC-ELEANOR-LITE,
237245797,14.57,NO_DATA,,0,0,,
257759685,14.47,PROCESSING_ERROR,,0,0,TASOC,"cannot reshape array of size 0 into shape (0,newaxis)"
460065892,14.64,OK,TASOC,2,2292,TASOC,
84740129,14.72,PROCESSING_ERROR,,0,0,TASOC,"cannot reshape array of size 0 into shape (0,newaxis)"
468249416,14.58,NO_DATA,,0,0,,
187931371,14.64,OK,GSFC-ELEANOR-LITE,1,1101,GSFC-ELEANOR-LITE,
350509786,14.47,NO_DATA,,0,0,,
260162940,14.57,OK,GSFC-ELEANOR-LITE,11,11392,GSFC-ELEANOR-LITE,
469137906,14.65,NO_DATA,,0,0,,
233609935,14.72,OK,TASOC,2,2292,TASOC,
60441135,14.63,OK,GSFC-ELEANOR-LITE,1,1147,GSFC-ELEANOR-LITE,
442384429,14.68,OK,GSFC-ELEANOR-LITE,1,1081,GSFC-ELEANOR-LITE,
258578541,14.7,OK,GSFC-ELEANOR-LITE,1,1148,GSFC-ELEANOR-LITE,
185699434,14.42,OK,GSFC-ELEANOR-LITE,1,862,GSFC-ELEANOR-LITE,
197010630,14.51,OK,GSFC-ELEANOR-LITE,1,1134,GSFC-ELEANOR-LITE,
175752576,14.57,NO_DATA,,0,0,,
45626899,14.64,OK,GSFC-ELEANOR-LITE,3,3073,GSFC-ELEANOR-LITE,
136645608,14.45,OK,TASOC,2,1854,TASOC,
172996930,14.62,OK,GSFC-ELEANOR-LITE,2,1975,GSFC-ELEANOR-LITE,
258035872,14.54,NO_DATA,,0,0,,
378059330,14.54,NO_DATA,,0,0,,
157690981,14.87,NO_DATA,,0,0,,
318484228,14.86,OK,GSFC-ELEANOR-LITE,1,1072,GSFC-ELEANOR-LITE,
391764100,14.78,NO_DATA,,0,0,,
388705612,14.81,NO_DATA,,0,0,,
298829926,14.99,PROCESSING_ERROR,,0,0,TASOC,"cannot reshape array of size 0 into shape (0,newaxis)"
335356404,14.76,NO_DATA,,0,0,,
302657549,14.88,OK,GSFC-ELEANOR-LITE,3,3292,GSFC-ELEANOR-LITE,
153307433,14.92,OK,GSFC-ELEANOR-LITE,1,1032,GSFC-ELEANOR-LITE,
221111641,14.95,OK,GSFC-ELEANOR-LITE,1,1086,GSFC-ELEANOR-LITE,
96682541,14.87,NO_DATA,,0,0,,
342957376,14.92,OK,GSFC-ELEANOR-LITE,3,3073,GSFC-ELEANOR-LITE,
300220017,14.8,OK,GSFC-ELEANOR-LITE,1,1081,GSFC-ELEANOR-LITE,
48691495,14.84,NO_DATA,,0,0,,
75339287,14.94,NO_DATA,,0,0,,
87620714,14.75,OK,GSFC-ELEANOR-LITE,1,1177,GSFC-ELEANOR-LITE,
72542627,14.89,OK,GSFC-ELEANOR-LITE,1,1101,GSFC-ELEANOR-LITE,
457590794,14.87,OK,GSFC-ELEANOR-LITE,1,1107,GSFC-ELEANOR-LITE,
230133130,14.84,NO_DATA,,0,0,,
91909691,14.92,OK,GSFC-ELEANOR-LITE,1,1085,GSFC-ELEANOR-LITE,
54255072,14.9,OK,GSFC-ELEANOR-LITE,1,1101,GSFC-ELEANOR-LITE,
1788400843,14.76,NO_DATA,,0,0,,
44634851,14.86,OK,GSFC-ELEANOR-LITE,1,1100,GSFC-ELEANOR-LITE,
89771480,14.88,NO_DATA,,0,0,,
317543236,14.95,OK,GSFC-ELEANOR-LITE,2,2188,GSFC-ELEANOR-LITE,
336992576,14.87,OK,GSFC-ELEANOR-LITE,1,904,GSFC-ELEANOR-LITE,
329683168,14.81,OK,GSFC-ELEANOR-LITE,2,2164,GSFC-ELEANOR-LITE,
259039411,14.77,OK,QLP,28,217494,QLP,
170038319,15.0,NO_DATA,,0,0,,
377561355,14.92,OK,TASOC,2,2292,TASOC,
23063687,14.76,OK,TASOC,2,2292,TASOC,
313602106,12.9,OK,GSFC-ELEANOR-LITE,1,1134,GSFC-ELEANOR-LITE,
264273841,12.96,OK,GSFC-ELEANOR-LITE,1,1029,GSFC-ELEANOR-LITE,
220101399,12.26,OK,QLP,1,3453,QLP,
411992913,11.98,OK,SPOC,4,63010,SPOC,
42095908,12.53,OK,QLP,7,38166,QLP,
43791794,8.4,OK,TESS-SPOC,2,14685,TESS-SPOC,
86900668,6.88,OK,TESS-SPOC,3,19704,TESS-SPOC,
394722676,11.16,OK,GSFC-ELEANOR-LITE,3,3325,GSFC-ELEANOR-LITE,
378351391,12.19,OK,GSFC-ELEANOR-LITE,1,1046,GSFC-ELEANOR-LITE,
341111891,11.29,OK,GSFC-ELEANOR-LITE,4,4145,GSFC-ELEANOR-LITE,
59555046,11.37,OK,GSFC-ELEANOR-LITE,1,1147,GSFC-ELEANOR-LITE,
96876843,12.84,OK,TESS-SPOC,1,3233,TESS-SPOC,
469521482,11.94,OK,QLP,9,66378,QLP,
258252289,12.84,OK,QLP,5,42073,QLP,
402956585,12.28,OK,SPOC,1,13443,SPOC,
376919435,11.02,OK,QLP,2,3851,QLP,
183399101,12.28,OK,GSFC-ELEANOR-LITE,1,862,GSFC-ELEANOR-LITE,
355977883,12.06,OK,QLP,11,53753,QLP,
202663638,11.7,OK,QLP,5,45169,QLP,
224511553,12.39,OK,QLP,5,23172,QLP,
229462172,10.73,OK,TESS-SPOC,15,136318,TESS-SPOC,
273135594,10.94,OK,QLP,9,58148,QLP,
230241704,12.51,OK,QLP,5,29582,QLP,
251839495,12.07,OK,QLP,5,36048,QLP,
373827086,12.44,OK,QLP,2,13749,QLP,
446936944,12.06,OK,GSFC-ELEANOR-LITE,1,1086,GSFC-ELEANOR-LITE,
349453492,11.9,OK,QLP,6,49782,QLP,
318736337,12.85,OK,GSFC-ELEANOR-LITE,1,1081,GSFC-ELEANOR-LITE,
40461967,10.08,OK,TESS-SPOC,2,17169,TESS-SPOC,
367200301,11.22,OK,QLP,1,2719,QLP,
450631765,13.15,OK,GSFC-ELEANOR-LITE,1,1085,GSFC-ELEANOR-LITE,
40459959,13.5,OK,QLP,8,50109,QLP,
114837962,13.88,NO_DATA,,0,0,,
467882325,13.09,OK,GSFC-ELEANOR-LITE,2,2188,GSFC-ELEANOR-LITE,
156773571,13.88,OK,GSFC-ELEANOR-LITE,1,1032,GSFC-ELEANOR-LITE,
188718305,13.8,OK,GSFC-ELEANOR-LITE,1,1086,GSFC-ELEANOR-LITE,
165561668,13.56,OK,GSFC-ELEANOR-LITE,1,1087,GSFC-ELEANOR-LITE,
80716834,13.54,NO_DATA,,0,0,,
287643880,13.8,NO_DATA,,0,0,,
246650866,13.38,OK,GSFC-ELEANOR-LITE,1,1148,GSFC-ELEANOR-LITE,
377541373,13.17,OK,QLP,4,12383,QLP,
441162972,13.13,OK,GSFC-ELEANOR-LITE,1,1081,GSFC-ELEANOR-LITE,
314481253,13.16,OK,QLP,4,22088,QLP,
65388734,13.85,OK,GSFC-ELEANOR-LITE,1,1147,GSFC-ELEANOR-LITE,
388797599,13.17,OK,TESS-SPOC,3,15513,TESS-SPOC,
341419775,13.84,OK,GSFC-ELEANOR-LITE,3,3038,GSFC-ELEANOR-LITE,
334422203,13.68,OK,GSFC-ELEANOR-LITE,1,964,GSFC-ELEANOR-LITE,
186255399,13.43,OK,QLP,10,76981,QLP,
458527904,13.46,OK,GSFC-ELEANOR-LITE,1,1107,GSFC-ELEANOR-LITE,
367271963,13.28,OK,QLP,6,40156,QLP,
239725608,13.41,OK,QLP,8,52439,QLP,
342549126,13.53,PROCESSING_ERROR,,0,0,"TASOC,CDIPS",The unit 'day' is unrecognized.  It can not be converted to other units.
213535107,13.25,OK,QLP,5,23433,QLP,
162744580,13.76,OK,GSFC-ELEANOR-LITE,1,1082,GSFC-ELEANOR-LITE,
348762141,13.68,OK,GSFC-ELEANOR-LITE,3,3325,GSFC-ELEANOR-LITE,
242935561,13.76,OK,CDIPS,1,2528,CDIPS,
48132157,13.8,OK,TASOC,4,3912,TASOC,
229867364,13.35,OK,QLP,11,53753,QLP,
94289167,13.5,OK,QLP,4,19642,QLP,
405262015,13.83,OK,GSFC-ELEANOR-LITE,1,862,GSFC-ELEANOR-LITE,
307487411,14.24,OK,GSFC-ELEANOR-LITE,6,6285,GSFC-ELEANOR-LITE,
285452195,14.21,NO_DATA,,0,0,,
290302056,13.94,OK,GSFC-ELEANOR-LITE,3,3292,GSFC-ELEANOR-LITE,
230401070,14.27,NO_DATA,,0,0,,
377784466,14.35,NO_DATA,,0,0,,
330589715,14.07,NO_DATA,,0,0,,
120185353,14.0,NO_DATA,,0,0,,
42628482,13.96,NO_DATA,,0,0,,
124543614,14.28,OK,GSFC-ELEANOR-LITE,2,1975,GSFC-ELEANOR-LITE,
390364642,14.32,OK,GSFC-ELEANOR-LITE,2,2188,GSFC-ELEANOR-LITE,
19632493,14.22,NO_DATA,,0,0,,
337757673,13.96,NO_DATA,,0,0,,
17547605,14.21,OK,GSFC-ELEANOR-LITE,1,862,GSFC-ELEANOR-LITE,
244648461,14.24,NO_DATA,,0,0,,
1002318729,14.36,NO_DATA,,0,0,,
418966712,13.99,OK,GSFC-ELEANOR-LITE,2,1934,GSFC-ELEANOR-LITE,
178389327,14.29,NO_DATA,,0,0,,
153898675,14.1,OK,GSFC-ELEANOR-LITE,1,1032,GSFC-ELEANOR-LITE,
46053821,13.94,NO_DATA,,0,0,,
214586878,13.91,NO_DATA,,0,0,,
320081024,14.33,OK,GSFC-ELEANOR-LITE,2,2188,GSFC-ELEANOR-LITE,
232279700,14.33,OK,GSFC-ELEANOR-LITE,1,904,GSFC-ELEANOR-LITE,
287263255,14.05,NO_DATA,,0,0,,
295110936,13.91,NO_DATA,,0,0,,
1790714831,13.91,NO_DATA,,0,0,,
418033736,14.23,NO_DATA,,0,0,,
290193692,13.92,NO_DATA,,0,0,,
109334340,13.93,NO_DATA,,0,0,,
58224127,14.21,NO_DATA,,0,0,,
140987877,14.13,OK,GSFC-ELEANOR-LITE,2,1966,GSFC-ELEANOR-LITE,
317237858,14.65,OK,GSFC-ELEANOR-LITE,2,2188,GSFC-ELEANOR-LITE,
343636406,14.55,NO_DATA,,0,0,,
308409000,14.46,OK,QLP,5,32419,QLP,
349347065,14.39,OK,GSFC-ELEANOR-LITE,1,1177,GSFC-ELEANOR-LITE,
82301943,14.38,OK,GSFC-ELEANOR-LITE,2,1966,GSFC-ELEANOR-LITE,
151958716,14.37,OK,GSFC-ELEANOR-LITE,2,2189,GSFC-ELEANOR-LITE,
122327996,14.42,OK,GSFC-ELEANOR-LITE,3,3073,GSFC-ELEANOR-LITE,
447009411,14.7,OK,GSFC-ELEANOR-LITE,1,1086,GSFC-ELEANOR-LITE,
78707841,14.53,NO_DATA,,0,0,,
237246218,14.41,NO_DATA,,0,0,,
257759968,14.46,NO_DATA,,0,0,,
460065692,14.7,DOWNLOAD_ERROR,,0,0,TARS,Error in reading Data product /home/runner/.cache/lightkurve/mastDownload/HLSP/hlsp_tars_tess_ffi_s0025-0000000460065692_tess/hlsp_tars_tess_ffi_s0025-0000000460065692_tess_v01_lc.fits of type generic
84739553,14.42,NO_DATA,,0,0,,
468245775,14.49,OK,GSFC-ELEANOR-LITE,2,2188,GSFC-ELEANOR-LITE,
187935009,14.49,OK,GSFC-ELEANOR-LITE,1,1101,GSFC-ELEANOR-LITE,
350518259,14.55,OK,GSFC-ELEANOR-LITE,13,13367,GSFC-ELEANOR-LITE,
260172026,14.68,NO_DATA,,0,0,,
469152992,14.72,NO_DATA,,0,0,,
233612499,14.68,PROCESSING_ERROR,,0,0,TASOC,"cannot reshape array of size 0 into shape (0,newaxis)"
60433594,14.62,OK,GSFC-ELEANOR-LITE,1,1147,GSFC-ELEANOR-LITE,
442341850,14.61,OK,GSFC-ELEANOR-LITE,2,2211,GSFC-ELEANOR-LITE,
258578879,14.67,OK,GSFC-ELEANOR-LITE,1,1148,GSFC-ELEANOR-LITE,
185698301,14.52,OK,GSFC-ELEANOR-LITE,1,862,GSFC-ELEANOR-LITE,
197026365,14.5,NO_DATA,,0,0,,
175741206,14.58,OK,QLP,2,12568,QLP,
45626718,14.62,OK,GSFC-ELEANOR-LITE,3,3073,GSFC-ELEANOR-LITE,
136644693,14.71,NO_DATA,,0,0,,
172990020,14.45,NO_DATA,,0,0,,
258037937,14.4,NO_DATA,,0,0,,
378063071,14.56,OK,TASOC,2,1850,TASOC,
157723173,14.95,NO_DATA,,0,0,,
318488541,14.87,OK,GSFC-ELEANOR-LITE,1,1072,GSFC-ELEANOR-LITE,
391771854,14.85,NO_DATA,,0,0,,
388728360,14.88,NO_DATA,,0,0,,
298829583,14.73,NO_DATA,,0,0,,
335358354,14.82,NO_DATA,,0,0,,
302667675,14.9,DOWNLOAD_ERROR,,0,0,TARS,Error in reading Data product /home/runner/.cache/lightkurve/mastDownload/HLSP/hlsp_tars_tess_ffi_s0021-0000000302667676_tess/hlsp_tars_tess_ffi_s0021-0000000302667676_tess_v01_lc.fits of type generic
153316634,14.91,OK,GSFC-ELEANOR-LITE,1,1032,GSFC-ELEANOR-LITE,
221111777,14.95,OK,GSFC-ELEANOR-LITE,1,1086,GSFC-ELEANOR-LITE,
96688090,14.77,NO_DATA,,0,0,,
342993728,14.89,OK,GSFC-ELEANOR-LITE,2,2164,GSFC-ELEANOR-LITE,
300228217,14.86,OK,GSFC-ELEANOR-LITE,1,1081,GSFC-ELEANOR-LITE,
48691460,14.93,NO_DATA,,0,0,,
75345872,14.94,NO_DATA,,0,0,,
87642967,14.74,NO_DATA,,0,0,,
72558891,14.92,OK,GSFC-ELEANOR-LITE,1,903,GSFC-ELEANOR-LITE,
457592172,14.92,OK,GSFC-ELEANOR-LITE,1,1107,GSFC-ELEANOR-LITE,
230135812,14.85,PROCESSING_ERROR,,0,0,TASOC,"cannot reshape array of size 0 into shape (0,newaxis)"
91921528,14.98,OK,GSFC-ELEANOR-LITE,1,904,GSFC-ELEANOR-LITE,
54265303,14.99,NO_DATA,,0,0,,
1786891894,14.85,NO_DATA,,0,0,,
44629440,14.73,NO_DATA,,0,0,,
89775733,14.99,NO_DATA,,0,0,,
317552258,14.75,NO_DATA,,0,0,,
337002802,14.85,NO_DATA,,0,0,,
329691262,14.96,OK,GSFC-ELEANOR-LITE,1,1081,GSFC-ELEANOR-LITE,
259039595,14.98,NO_DATA,,0,0,,
170062484,14.92,NO_DATA,,0,0,,
377561637,14.76,PROCESSING_ERROR,,0,0,TASOC,"cannot reshape array of size 0 into shape (0,newaxis)"
23063630,14.85,NO_DATA,,0,0,,
313590380,10.92,OK,TESS-SPOC,3,23434,TESS-SPOC,
220086296,11.85,OK,GSFC-ELEANOR-LITE,1,1102,GSFC-ELEANOR-LITE,
411996254,12.65,OK,GSFC-ELEANOR-LITE,1,1081,GSFC-ELEANOR-LITE,
42095502,12.85,OK,QLP,7,38221,QLP,
43789826,11.78,OK,QLP,5,29683,QLP,
86898676,11.44,OK,SPOC,2,29861,SPOC,
394722677,11.98,OK,SPOC,2,35187,SPOC,
378361027,12.81,OK,QLP,9,61564,QLP,
341109634,11.53,OK,TESS-SPOC,6,9931,TESS-SPOC,
59555041,10.33,OK,GSFC-ELEANOR-LITE,1,1147,GSFC-ELEANOR-LITE,
96876752,9.21,OK,TESS-SPOC,4,27572,TESS-SPOC,
469487576,12.82,OK,QLP,10,76598,QLP,
258248432,12.4,OK,QLP,5,45531,QLP,
402957303,12.88,OK,QLP,6,33811,QLP,
376925907,10.96,OK,TESS-SPOC,40,200904,TESS-SPOC,
183372128,11.19,OK,QLP,2,13566,QLP,
355977694,11.47,OK,SPOC,2,31396,SPOC,
202629498,10.35,OK,QLP,8,46628,QLP,
224491514,12.77,OK,QLP,2,14639,QLP,
229458556,11.16,OK,SPOC,1,18210,SPOC,
273132707,12.61,OK,QLP,8,54576,QLP,
230241385,11.18,OK,TESS-SPOC,3,6055,TESS-SPOC,
251832175,12.66,OK,QLP,4,34834,QLP,
373825489,10.86,OK,QLP,2,13630,QLP,
446948333,11.25,OK,TESS-SPOC,1,863,TESS-SPOC,
349452489,11.64,OK,TESS-SPOC,3,7451,TESS-SPOC,
318719217,11.81,OK,GSFC-ELEANOR-LITE,1,1081,GSFC-ELEANOR-LITE,
40457153,10.86,OK,QLP,8,50107,QLP,
367195056,11.44,OK,TESS-SPOC,2,6336,TESS-SPOC,
450637947,13.85,OK,GSFC-ELEANOR-LITE,1,1085,GSFC-ELEANOR-LITE,
40459766,13.11,OK,QLP,8,50105,QLP,
114837687,13.36,OK,QLP,1,10824,QLP,
467883703,13.82,OK,GSFC-ELEANOR-LITE,2,2188,GSFC-ELEANOR-LITE,
156759491,13.74,OK,GSFC-ELEANOR-LITE,2,1975,GSFC-ELEANOR-LITE,
188692228,13.23,OK,QLP,8,41937,QLP,
165555854,13.34,OK,QLP,8,30861,QLP,
80716783,13.16,OK,QLP,6,50883,QLP,
287640498,13.74,OK,GSFC-ELEANOR-LITE,6,6152,GSFC-ELEANOR-LITE,
246655228,13.22,OK,GSFC-ELEANOR-LITE,1,1148,GSFC-ELEANOR-LITE,
377520080,13.13,OK,QLP,3,17505,QLP,
441160751,13.46,OK,GSFC-ELEANOR-LITE,1,1062,GSFC-ELEANOR-LITE,
314458957,13.68,NO_DATA,,0,0,,
65388177,13.77,OK,GSFC-ELEANOR-LITE,1,1147,GSFC-ELEANOR-LITE,
388801198,13.82,DOWNLOAD_ERROR,,0,0,TARS,Error in reading Data product /home/runner/.cache/lightkurve/mastDownload/HLSP/hlsp_tars_tess_ffi_s0042-0000000388801198_tess/hlsp_tars_tess_ffi_s0042-0000000388801198_tess_v01_lc.fits of type generic
341416558,13.66,OK,GSFC-ELEANOR-LITE,3,3038,GSFC-ELEANOR-LITE,
334414710,13.63,OK,GSFC-ELEANOR-LITE,1,1072,GSFC-ELEANOR-LITE,
186255238,13.83,NO_DATA,,0,0,,
458528693,13.6,OK,GSFC-ELEANOR-LITE,1,1107,GSFC-ELEANOR-LITE,
367259710,13.6,OK,QLP,4,26711,QLP,
239724918,13.13,OK,QLP,8,52423,QLP,
342548588,13.82,NO_DATA,,0,0,,
213534540,13.12,OK,QLP,5,23440,QLP,
162724051,13.72,NO_DATA,,0,0,,
348762899,13.39,OK,GSFC-ELEANOR-LITE,3,3325,GSFC-ELEANOR-LITE,
242935841,13.28,OK,QLP,3,24582,QLP,
48130251,13.8,NO_DATA,,0,0,,
229845475,13.82,OK,GSFC-ELEANOR-LITE,1,862,GSFC-ELEANOR-LITE,
94257561,13.72,OK,GSFC-ELEANOR-LITE,1,1072,GSFC-ELEANOR-LITE,
405264353,13.44,OK,GSFC-ELEANOR-LITE,1,862,GSFC-ELEANOR-LITE,
307492617,14.12,OK,GSFC-ELEANOR-LITE,7,7433,GSFC-ELEANOR-LITE,
285450257,14.34,NO_DATA,,0,0,,
290307134,13.98,NO_DATA,,0,0,,
230401062,14.11,NO_DATA,,0,0,,
377786533,14.33,NO_DATA,,0,0,,
330607544,14.21,NO_DATA,,0,0,,
120183806,14.33,PROCESSING_ERROR,,0,0,TASOC,"cannot reshape array of size 0 into shape (0,newaxis)"
42629002,14.11,OK,TASOC,2,1616,TASOC,
124530079,14.32,OK,GSFC-ELEANOR-LITE,1,1074,GSFC-ELEANOR-LITE,
390364647,14.03,OK,GSFC-ELEANOR-LITE,2,2188,GSFC-ELEANOR-LITE,
19671136,13.91,NO_DATA,,0,0,,
337761569,14.16,NO_DATA,,0,0,,
17540277,14.32,NO_DATA,,0,0,,
244648715,13.93,OK,TASOC,2,1988,TASOC,
1001553854,14.24,OK,TESS-SPOC,8,34463,TESS-SPOC,
418966749,14.12,OK,GSFC-ELEANOR-LITE,2,1934,GSFC-ELEANOR-LITE,
178402530,13.94,NO_DATA,,0,0,,
153902580,14.07,OK,GSFC-ELEANOR-LITE,1,1032,GSFC-ELEANOR-LITE,
46054708,14.1,NO_DATA,,0,0,,
214532021,14.12,OK,GSFC-ELEANOR-LITE,1,1056,GSFC-ELEANOR-LITE,
320085671,14.12,OK,GSFC-ELEANOR-LITE,2,2188,GSFC-ELEANOR-LITE,
232287016,13.94,OK,GSFC-ELEANOR-LITE,1,904,GSFC-ELEANOR-LITE,
287262279,13.96,PROCESSING_ERROR,,0,0,TASOC,"cannot reshape array of size 0 into shape (0,newaxis)"
295111054,13.96,NO_DATA,,0,0,,
1790683427,14.15,DOWNLOAD_ERROR,,0,0,TARS,Error in reading Data product /home/runner/.cache/lightkurve/mastDownload/HLSP/hlsp_tars_tess_ffi_s0054-0000001790683427_tess/hlsp_tars_tess_ffi_s0054-0000001790683427_tess_v01_lc.fits of type generic
418038258,14.34,DOWNLOAD_ERROR,,0,0,TARS,Error in reading Data product /home/runner/.cache/lightkurve/mastDownload/HLSP/hlsp_tars_tess_ffi_s0051-0000000418038258_tess/hlsp_tars_tess_ffi_s0051-0000000418038258_tess_v01_lc.fits of type generic
290193696,14.3,PROCESSING_ERROR,,0,0,TASOC,"cannot reshape array of size 0 into shape (0,newaxis)"
109318925,14.07,OK,GSFC-ELEANOR-LITE,1,1072,GSFC-ELEANOR-LITE,
58252942,14.0,OK,GSFC-ELEANOR-LITE,1,1147,GSFC-ELEANOR-LITE,
140987683,14.28,OK,GSFC-ELEANOR-LITE,2,1966,GSFC-ELEANOR-LITE,
317242544,14.56,OK,GSFC-ELEANOR-LITE,2,2188,GSFC-ELEANOR-LITE,
343636456,14.59,NO_DATA,,0,0,,
308409422,14.62,OK,TASOC,2,2292,TASOC,
349361321,14.38,OK,QLP,2,7793,QLP,
82301937,14.63,OK,GSFC-ELEANOR-LITE,2,1966,GSFC-ELEANOR-LITE,
151940395,14.43,OK,GSFC-ELEANOR-LITE,1,1087,GSFC-ELEANOR-LITE,
122327974,14.54,OK,GSFC-ELEANOR-LITE,3,3073,GSFC-ELEANOR-LITE,
447009336,14.43,OK,GSFC-ELEANOR-LITE,1,1086,GSFC-ELEANOR-LITE,
78703776,14.67,NO_DATA,,0,0,,
237246738,14.71,DOWNLOAD_ERROR,,0,0,TARS,Error in reading Data product /home/runner/.cache/lightkurve/mastDownload/HLSP/hlsp_tars_tess_ffi_s0054-0000000237246738_tess/hlsp_tars_tess_ffi_s0054-0000000237246738_tess_v01_lc.fits of type generic
257768699,14.51,NO_DATA,,0,0,,
460065437,14.48,PROCESSING_ERROR,,0,0,TASOC,"cannot reshape array of size 0 into shape (0,newaxis)"
84739506,14.42,NO_DATA,,0,0,,
468245736,14.47,OK,GSFC-ELEANOR-LITE,2,2188,GSFC-ELEANOR-LITE,
187935930,14.72,PROCESSING_ERROR,,0,0,TASOC,"cannot reshape array of size 0 into shape (0,newaxis)"
350529003,14.54,NO_DATA,,0,0,,
260179559,14.72,DOWNLOAD_ERROR,,0,0,TARS,Error in reading Data product /home/runner/.cache/lightkurve/mastDownload/HLSP/hlsp_tars_tess_ffi_s0019-0000000260179559_tess/hlsp_tars_tess_ffi_s0019-0000000260179559_tess_v01_lc.fits of type generic
469156644,14.56,OK,GSFC-ELEANOR-LITE,2,2211,GSFC-ELEANOR-LITE,
233609929,14.61,OK,TASOC,2,1968,TASOC,
60433488,14.49,OK,GSFC-ELEANOR-LITE,1,1147,GSFC-ELEANOR-LITE,
442341202,14.62,OK,GSFC-ELEANOR-LITE,2,2211,GSFC-ELEANOR-LITE,
258582748,14.4,OK,GSFC-ELEANOR-LITE,1,1148,GSFC-ELEANOR-LITE,
185711447,14.61,OK,TASOC,2,1940,TASOC,
197026703,14.46,DOWNLOAD_ERROR,,0,0,TARS,Error in reading Data product /home/runner/.cache/lightkurve/mastDownload/HLSP/hlsp_tars_tess_ffi_s0020-0000000197026701_tess/hlsp_tars_tess_ffi_s0020-0000000197026701_tess_v01_lc.fits of type generic
175729419,14.46,OK,GSFC-ELEANOR-LITE,1,1029,GSFC-ELEANOR-LITE,
45626643,14.55,OK,GSFC-ELEANOR-LITE,3,3073,GSFC-ELEANOR-LITE,
136640849,14.55,PROCESSING_ERROR,,0,0,TASOC,"cannot reshape array of size 0 into shape (0,newaxis)"
172982284,14.51,PROCESSING_ERROR,,0,0,TASOC,"cannot reshape array of size 0 into shape (0,newaxis)"
258050066,14.72,OK,GSFC-ELEANOR-LITE,1,862,GSFC-ELEANOR-LITE,
378064940,14.64,NO_DATA,,0,0,,
157724207,14.99,NO_DATA,,0,0,,
318493462,14.92,NO_DATA,,0,0,,
391783726,14.82,NO_DATA,,0,0,,
388744372,14.92,OK,GSFC-ELEANOR-LITE,1,1056,GSFC-ELEANOR-LITE,
298828571,14.8,NO_DATA,,0,0,,
335364236,14.76,OK,GSFC-ELEANOR-LITE,1,1081,GSFC-ELEANOR-LITE,
302713881,14.85,NO_DATA,,0,0,,
153331259,14.95,OK,GSFC-ELEANOR-LITE,2,1934,GSFC-ELEANOR-LITE,
221113459,14.95,OK,GSFC-ELEANOR-LITE,1,1086,GSFC-ELEANOR-LITE,
96693768,14.89,NO_DATA,,0,0,,
343025244,14.81,OK,GSFC-ELEANOR-LITE,2,1969,GSFC-ELEANOR-LITE,
300209016,14.73,OK,GSFC-ELEANOR-LITE,1,1107,GSFC-ELEANOR-LITE,
48689085,14.85,NO_DATA,,0,0,,
75376363,14.91,OK,GSFC-ELEANOR-LITE,1,798,GSFC-ELEANOR-LITE,
87655846,14.91,NO_DATA,,0,0,,
72593570,14.73,OK,GSFC-ELEANOR-LITE,1,972,GSFC-ELEANOR-LITE,
457592747,14.9,OK,GSFC-ELEANOR-LITE,1,1107,GSFC-ELEANOR-LITE,
230136682,14.93,OK,TASOC,2,2474,TASOC,
91924947,14.93,OK,GSFC-ELEANOR-LITE,1,904,GSFC-ELEANOR-LITE,
54268808,14.74,NO_DATA,,0,0,,
1786681302,14.73,NO_DATA,,0,0,,
44615761,14.77,OK,GSFC-ELEANOR-LITE,1,1047,GSFC-ELEANOR-LITE,
89776477,14.81,NO_DATA,,0,0,,
317562996,14.74,NO_DATA,,0,0,,
337008451,14.86,OK,QLP,4,26801,QLP,
329704735,15.0,NO_DATA,,0,0,,
259040758,14.87,DOWNLOAD_ERROR,,0,0,"TASOC,TARS",Error in reading Data product /home/runner/.cache/lightkurve/mastDownload/HLSP/hlsp_tars_tess_ffi_s0014-0000000259040758_tess/hlsp_tars_tess_ffi_s0014-0000000259040758_tess_v01_lc.fits of type generic
170064773,15.0,NO_DATA,,0,0,,
377561743,14.89,DOWNLOAD_ERROR,,0,0,TARS,Error in reading Data product /home/runner/.cache/lightkurve/mastDownload/HLSP/hlsp_tars_tess_ffi_s0026-0000000377561743_tess/hlsp_tars_tess_ffi_s0026-0000000377561743_tess_v01_lc.fits of type generic
23063247,14.85,NO_DATA,,0,0,,
313571498,12.85,OK,QLP,5,21941,QLP,
264252234,12.93,OK,QLP,41,250567,QLP,
220076110,11.92,OK,SPOC,2,182880,SPOC,
412002347,12.87,OK,GSFC-ELEANOR-LITE,1,1081,GSFC-ELEANOR-LITE,
42094322,12.69,OK,QLP,8,49288,QLP,
43789773,12.84,OK,QLP,5,29656,QLP,
86898565,12.05,OK,TESS-SPOC,2,6321,TESS-SPOC,
394728889,12.82,OK,GSFC-ELEANOR-LITE,2,2167,GSFC-ELEANOR-LITE,
378362657,10.85,OK,TESS-SPOC,3,2864,TESS-SPOC,
341082676,11.78,OK,TESS-SPOC,2,9252,TESS-SPOC,
59552157,10.94,OK,GSFC-ELEANOR-LITE,1,904,GSFC-ELEANOR-LITE,
96873541,11.59,OK,QLP,4,25442,QLP,
469526095,12.81,OK,QLP,9,66445,QLP,
258245453,10.24,OK,TESS-SPOC,1,6948,TESS-SPOC,
402959521,12.99,OK,QLP,5,30254,QLP,
376914620,12.93,OK,GSFC-ELEANOR-LITE,2,2188,GSFC-ELEANOR-LITE,
183371367,10.23,OK,TESS-SPOC,1,8634,TESS-SPOC,
355975954,11.25,OK,GSFC-ELEANOR-LITE,2,1966,GSFC-ELEANOR-LITE,
202628958,11.36,OK,QLP,8,46550,QLP,
224482492,12.94,OK,QLP,5,23167,QLP,
229457242,12.98,OK,QLP,42,243767,QLP,
273125348,12.51,OK,GSFC-ELEANOR-LITE,1,1084,GSFC-ELEANOR-LITE,
230238863,13.0,OK,QLP,7,29852,QLP,
251809253,11.39,OK,TESS-SPOC,1,891,TESS-SPOC,
373817365,12.29,OK,QLP,8,61894,QLP,
446984572,12.01,OK,GSFC-ELEANOR-LITE,1,1086,GSFC-ELEANOR-LITE,
349444973,11.76,OK,TESS-SPOC,3,10317,TESS-SPOC,
318718121,10.37,OK,TESS-SPOC,1,8883,TESS-SPOC,
40435957,12.21,OK,GSFC-ELEANOR-LITE,1,1086,GSFC-ELEANOR-LITE,
367195049,12.9,OK,QLP,4,26640,QLP,
450631742,13.74,OK,GSFC-ELEANOR-LITE,1,1085,GSFC-ELEANOR-LITE,
40457221,13.59,DOWNLOAD_ERROR,,0,0,TARS,Error in reading Data product /home/runner/.cache/lightkurve/mastDownload/HLSP/hlsp_tars_tess_ffi_s0014-0000000040457215_tess/hlsp_tars_tess_ffi_s0014-0000000040457215_tess_v01_lc.fits of type generic
114831522,13.73,NO_DATA,,0,0,,
467859961,13.7,NO_DATA,,0,0,,
156752754,13.3,OK,QLP,3,18295,QLP,
188690445,13.27,OK,QLP,20,118465,QLP,
165555355,13.05,OK,QLP,39,230278,QLP,
80716781,13.87,NO_DATA,,0,0,,
287637453,13.82,OK,GSFC-ELEANOR-LITE,8,8284,GSFC-ELEANOR-LITE,
246675689,13.87,OK,GSFC-ELEANOR-LITE,1,1054,GSFC-ELEANOR-LITE,
377544174,13.33,OK,QLP,5,23445,QLP,
441143897,13.36,OK,GSFC-ELEANOR-LITE,1,1107,GSFC-ELEANOR-LITE,
314452739,13.8,NO_DATA,,0,0,,
65385909,13.82,OK,GSFC-ELEANOR-LITE,1,1147,GSFC-ELEANOR-LITE,
388809729,13.3,OK,QLP,2,14150,QLP,
341416553,13.81,OK,GSFC-ELEANOR-LITE,3,3038,GSFC-ELEANOR-LITE,
334411994,13.37,OK,GSFC-ELEANOR-LITE,1,1072,GSFC-ELEANOR-LITE,
186254937,13.85,PROCESSING_ERROR,,0,0,TASOC,"cannot reshape array of size 0 into shape (0,newaxis)"
458531313,13.75,NO_DATA,,0,0,,
367284115,13.56,DOWNLOAD_ERROR,,0,0,TARS,Error in reading Data product /home/runner/.cache/lightkurve/mastDownload/HLSP/hlsp_tars_tess_ffi_s0017-0000000367284115_tess/hlsp_tars_tess_ffi_s0017-0000000367284115_tess_v01_lc.fits of type generic
239731690,13.56,NO_DATA,,0,0,,
342571390,13.63,OK,TASOC,2,2292,TASOC,
213532895,13.48,OK,QLP,5,23434,QLP,
162706897,13.18,OK,QLP,2,21799,QLP,
348763806,13.47,OK,QLP,4,20559,QLP,
242936248,13.72,NO_DATA,,0,0,,
48127765,13.44,OK,QLP,3,24570,QLP,
229838330,13.52,OK,GSFC-ELEANOR-LITE,1,862,GSFC-ELEANOR-LITE,
94239328,13.42,OK,GSFC-ELEANOR-LITE,1,1072,GSFC-ELEANOR-LITE,
405267024,13.35,OK,QLP,4,27185,QLP,
307496642,13.95,NO_DATA,,0,0,,
285449215,14.31,PROCESSING_ERROR,,0,0,CDIPS,The unit 'day' is unrecognized.  It can not be converted to other units.
290311809,14.08,NO_DATA,,0,0,,
230397294,14.12,PROCESSING_ERROR,,0,0,TASOC,"cannot reshape array of size 0 into shape (0,newaxis)"
377792021,14.13,NO_DATA,,0,0,,
330614388,14.03,NO_DATA,,0,0,,
120182766,13.9,PROCESSING_ERROR,,0,0,TASOC,"cannot reshape array of size 0 into shape (0,newaxis)"
42614611,14.3,OK,GSFC-ELEANOR-LITE,1,1086,GSFC-ELEANOR-LITE,
124543712,14.12,OK,GSFC-ELEANOR-LITE,2,1975,GSFC-ELEANOR-LITE,
390366201,14.17,OK,GSFC-ELEANOR-LITE,2,2188,GSFC-ELEANOR-LITE,
19618677,13.98,OK,GSFC-ELEANOR-LITE,2,1962,GSFC-ELEANOR-LITE,
337776894,14.31,NO_DATA,,0,0,,
17540270,14.15,NO_DATA,,0,0,,
244651533,14.09,NO_DATA,,0,0,,
1001521136,13.94,PROCESSING_ERROR,,0,0,TASOC,"cannot reshape array of size 0 into shape (0,newaxis)"
418966877,14.23,OK,GSFC-ELEANOR-LITE,2,1934,GSFC-ELEANOR-LITE,
178386082,14.18,NO_DATA,,0,0,,
153918369,14.3,NO_DATA,,0,0,,
46093550,14.13,OK,GSFC-ELEANOR-LITE,1,972,GSFC-ELEANOR-LITE,
214531052,14.19,OK,GSFC-ELEANOR-LITE,1,1056,GSFC-ELEANOR-LITE,
320096039,13.94,OK,GSFC-ELEANOR-LITE,1,1081,GSFC-ELEANOR-LITE,
232182624,13.99,OK,GSFC-ELEANOR-LITE,1,904,GSFC-ELEANOR-LITE,
287261160,14.02,PROCESSING_ERROR,,0,0,TASOC,"cannot reshape array of size 0 into shape (0,newaxis)"
295113437,14.34,NO_DATA,,0,0,,
1790678012,14.1,DOWNLOAD_ERROR,,0,0,TARS,Error in reading Data product /home/runner/.cache/lightkurve/mastDownload/HLSP/hlsp_tars_tess_ffi_s0054-0000000222878900_tess/hlsp_tars_tess_ffi_s0054-0000000222878900_tess_v01_lc.fits of type generic
418038579,14.25,NO_DATA,,0,0,,
290193841,14.18,NO_DATA,,0,0,,
109278750,14.26,NO_DATA,,0,0,,
58257069,14.35,OK,GSFC-ELEANOR-LITE,1,1147,GSFC-ELEANOR-LITE,
140987898,13.99,OK,GSFC-ELEANOR-LITE,2,1966,GSFC-ELEANOR-LITE,
317250608,14.52,OK,GSFC-ELEANOR-LITE,3,3344,GSFC-ELEANOR-LITE,
343653037,14.51,OK,GSFC-ELEANOR-LITE,2,2263,GSFC-ELEANOR-LITE,
308413393,14.41,OK,GSFC-ELEANOR-LITE,2,2188,GSFC-ELEANOR-LITE,
349362313,14.69,NO_DATA,,0,0,,
82301887,14.4,OK,GSFC-ELEANOR-LITE,2,1966,GSFC-ELEANOR-LITE,
151937393,14.59,OK,GSFC-ELEANOR-LITE,1,1087,GSFC-ELEANOR-LITE,
122327879,14.61,OK,GSFC-ELEANOR-LITE,3,3073,GSFC-ELEANOR-LITE,
447006737,14.69,OK,GSFC-ELEANOR-LITE,1,1086,GSFC-ELEANOR-LITE,
78700533,14.38,NO_DATA,,0,0,,
237252097,14.7,PROCESSING_ERROR,,0,0,TASOC,"cannot reshape array of size 0 into shape (0,newaxis)"
257770172,14.66,OK,QLP,3,18471,QLP,
460065176,14.7,OK,TASOC,2,2292,TASOC,
84739417,14.42,NO_DATA,,0,0,,
468243928,14.63,OK,GSFC-ELEANOR-LITE,2,2188,GSFC-ELEANOR-LITE,
187937061,14.55,NO_DATA,,0,0,,
350543512,14.44,NO_DATA,,0,0,,
260189121,14.53,OK,GSFC-ELEANOR-LITE,11,11392,GSFC-ELEANOR-LITE,
469157311,14.37,OK,GSFC-ELEANOR-LITE,2,2211,GSFC-ELEANOR-LITE,
233612646,14.62,PROCESSING_ERROR,,0,0,TASOC,"cannot reshape array of size 0 into shape (0,newaxis)"
60433394,14.72,OK,GSFC-ELEANOR-LITE,1,1147,GSFC-ELEANOR-LITE,
442340822,14.63,OK,GSFC-ELEANOR-LITE,2,2211,GSFC-ELEANOR-LITE,
258596384,14.56,NO_DATA,,0,0,,
185696947,14.66,NO_DATA,,0,0,,
197030378,14.68,NO_DATA,,0,0,,
175728689,14.64,OK,GSFC-ELEANOR-LITE,1,1029,GSFC-ELEANOR-LITE,
45618352,14.71,OK,GSFC-ELEANOR-LITE,1,1086,GSFC-ELEANOR-LITE,
136634608,14.47,NO_DATA,,0,0,,
172980973,14.69,NO_DATA,,0,0,,
258051054,14.43,OK,GSFC-ELEANOR-LITE,1,862,GSFC-ELEANOR-LITE,
378067506,14.39,NO_DATA,,0,0,,
157727495,14.96,NO_DATA,,0,0,,
318495007,14.78,NO_DATA,,0,0,,
391795208,14.78,NO_DATA,,0,0,,
388752555,14.74,NO_DATA,,0,0,,
298807927,15.0,NO_DATA,,0,0,,
335364341,14.73,OK,GSFC-ELEANOR-LITE,1,1081,GSFC-ELEANOR-LITE,
302714377,14.78,NO_DATA,,0,0,,
153335667,14.95,OK,GSFC-ELEANOR-LITE,2,1934,GSFC-ELEANOR-LITE,
221150010,14.87,OK,GSFC-ELEANOR-LITE,1,1073,GSFC-ELEANOR-LITE,
96697119,14.97,NO_DATA,,0,0,,
343025854,14.83,OK,GSFC-ELEANOR-LITE,3,3073,GSFC-ELEANOR-LITE,
300238005,14.96,OK,GSFC-ELEANOR-LITE,1,1081,GSFC-ELEANOR-LITE,
48686127,14.95,NO_DATA,,0,0,,
75380969,14.83,OK,GSFC-ELEANOR-LITE,1,1177,GSFC-ELEANOR-LITE,
87663554,14.95,NO_DATA,,0,0,,
72596889,14.89,OK,GSFC-ELEANOR-LITE,1,1100,GSFC-ELEANOR-LITE,
457593298,14.85,OK,GSFC-ELEANOR-LITE,1,1107,GSFC-ELEANOR-LITE,
230137547,14.73,OK,GSFC-ELEANOR-LITE,1,1054,GSFC-ELEANOR-LITE,
91928724,14.88,OK,GSFC-ELEANOR-LITE,1,904,GSFC-ELEANOR-LITE,
54271706,14.99,NO_DATA,,0,0,,
1786666018,14.85,NO_DATA,,0,0,,
44615719,14.86,OK,GSFC-ELEANOR-LITE,1,1047,GSFC-ELEANOR-LITE,
89781269,14.76,OK,GSFC-ELEANOR-LITE,3,3073,GSFC-ELEANOR-LITE,
317563069,14.97,NO_DATA,,0,0,,
337013153,14.94,NO_DATA,,0,0,,
329707656,14.76,NO_DATA,,0,0,,
259045432,14.94,NO_DATA,,0,0,,
170066481,14.93,DOWNLOAD_ERROR,,0,0,TARS,Error in reading Data product /home/runner/.cache/lightkurve/mastDownload/HLSP/hlsp_tars_tess_ffi_s0014-0000000170066442_tess/hlsp_tars_tess_ffi_s0014-0000000170066442_tess_v01_lc.fits of type generic
377562088,14.88,OK,TASOC,2,2292,TASOC,
23062375,14.98,NO_DATA,,0,0,,
