TIC,n_points_raw,n_points,status,error,n_dropped_physical,frac_dropped_physical,n_segments,max_segment_median_offset,max_segment_scatter_ratio,min_segment_scatter_ratio,inhomogeneous_photometry,bls_period,bls_t0,bls_duration,bls_depth,bls_depth_err,bls_snr,depth_too_small,non_finite_bls_result,n_in_transit,below_noise_floor,frac_above_1_2,noisy_photometry,depth_flagged_implausible,insufficient_intransit_points,depth_odd,depth_even,odd_even_z,possible_half_period_alias,n_odd,n_even,secondary_phase,secondary_depth,secondary_sigma,secondary_detected,secondary_flagged_implausible
102334361,1101,1101,OK,,0,0.0,2,0.0505927353411082,1.2223250128863927,0.7776749871136076,False,0.7754003113129324,1544.1279455078813,0.5,0.009889201637840794,0.00015141577626503317,65.31156714166337,False,False,711,False,0.010899182561307902,False,False,False,0.00036262738682824036,0.0006569406441667702,0.034847114519779954,False,427,426,nan,nan,nan,False,False
102549137,904,895,OK,,9,0.00995575221238938,2,0.015427287594248808,1.1241989429991328,0.8758010570008671,False,8.960324361985574,1473.5153488661858,0.5,0.007056547378764759,0.0008013926235881278,8.805356040301465,False,False,48,True,0.0033519553072625698,False,True,False,0.0026963845852665536,0.007106320046374015,0.2656341366111033,False,29,29,-0.455,0.004378540661157171,2.14257568324816,False,False
111149941,1521,1521,OK,,0,0.0,3,0.017085393031618597,1.0042349720772776,0.9713323381412987,False,5.240091764822175,2695.257535755344,0.35000000000000003,0.0004546419920715768,4.463664398984629e-05,10.185398171399184,False,False,133,False,0.0,False,False,False,0.00023303836309074288,0.0004215401190679202,2.2906155526735255,False,60,98,0.475,0.0005800149378301089,2.770256984780163,False,False
111392188,15006,15006,OK,,0,0.0,3,0.02047867345630315,1.283742354420242,0.878482598811019,False,21.240919491225785,2382.783820250469,0.02,0.2596376339316738,0.0024788364165447586,104.74173777613844,False,False,2,False,0.0006664001066240171,False,True,True,nan,nan,nan,False,0,4,0.335,0.004681083342545467,3.7561536132275695,False,False
118352931,30841,30725,OK,,116,0.003761226938166726,3,0.015992934174191037,1.0739072339516056,0.8373117080789436,False,27.040571054777594,3490.87228588012,0.084,0.3329912019049989,0.00032146219699946937,1035.8642633975048,False,False,81,False,0.006118795768917819,False,False,False,0.30855270430485837,0.316708097215041,0.6984433712395796,False,43,57,-0.485,0.023116279506876225,5.023713603381406,True,False
119459681,903,903,OK,,0,0.0,2,0.09141229122125955,1.1577689603104788,0.8422310396895212,False,5.944205171807016,1471.4023057704937,0.244,0.1597707075177683,0.0005144421494752955,310.5707953376803,False,False,35,False,0.01107419712070875,False,False,False,0.14397700935221125,0.17191425415401484,1.192454016369135,False,14,26,-0.41500000000000004,0.0058445028583207215,2.6642217097814953,False,False
120037212,1177,1177,OK,,0,0.0,1,nan,nan,nan,False,4.854126258842557,1657.6932892960076,0.02,0.25533988820750547,0.005015938308129275,50.90570747125797,False,False,1,False,0.0008496176720475786,False,True,True,0.011675347566096339,0.00012412571645037396,0.9959467681318055,False,5,5,0.405,0.011897704032403977,3.9216140251115146,False,False
12080822,44901,44874,OK,,27,0.0006013229104028864,6,0.03270320609925721,1.2063794632135585,0.8059921924990792,False,34.2448098648868,2453.7335775867205,0.028,0.3333664654329376,0.0036055813014321597,92.4584519285482,False,False,25,False,0.0126576636805277,False,False,False,0.3839463534015831,0.003817300212893393,17.81346079594462,True,15,15,-0.07500000000000001,0.006965803544790039,1.783584394890109,False,False
122328031,3073,3063,OK,,10,0.0032541490400260333,5,0.11041090416034016,1.4254842446369964,0.792794971854762,False,24.60005074464305,1535.2513052902768,0.5,0.012557991450631693,0.00017872742244080342,70.26337245360904,False,False,69,False,0.018282729350310153,False,False,False,0.00018710794743326264,0.019661183059724308,0.8985236549682267,False,26,51,-0.09499999999999997,0.004473018218385749,4.192298630549693,False,False
122792457,1072,1072,OK,,0,0.0,2,0.015858623005373496,1.0478498571312973,0.9521501428687027,False,10.873845273427733,1494.7038368800643,0.5,0.08762890675697266,0.0004239253482490457,206.7083440962177,False,False,45,False,0.018656716417910446,False,False,False,0.14322116546479835,-0.00164788485542533,6.344456318723977,True,29,26,0.385,0.009704225331575445,3.9689594779823554,False,False
125356758,1072,1072,OK,,0,0.0,2,0.015714419246054403,1.020489791860103,0.9795102081398969,False,0.8153391345063102,1492.2252638474652,0.5,0.0055697336140520925,0.00020265412076878386,27.483939595814203,False,False,654,False,0.005597014925373134,False,False,False,0.0005123398631909915,0.0004409166904506545,0.0306367279595513,False,384,401,nan,nan,nan,False,False
125900581,1072,1072,OK,,0,0.0,2,0.030799206854098263,1.0412667240502278,0.9587332759497723,False,3.265462365578779,1492.7984270974143,0.084,0.0258281203990943,0.001931095900136342,13.374851242380425,False,False,30,False,0.002798507462686567,False,False,False,0.02129748534852971,0.01796040620180872,0.47867656553777116,False,20,18,0.475,0.020170892428628795,3.8030288719308256,False,False
126939797,1712,269,UNRELIABLE_DATA,,1441,0.8417056074766355,,,,,,,,,,,,,,,,,,,,,,,,,,,,,,
127319649,960,949,OK,,11,0.011458333333333333,3,0.8174904247195351,4.001713840252676,0.9660606029336201,True,4.208740629269853,1600.9413613043569,0.02,0.2569657522008659,0.0032516734987312244,79.02569317034192,False,False,3,False,0.003161222339304531,False,True,True,0.008355466747316687,-0.0036820260539933702,0.3771888585092847,False,6,5,-0.485,0.028280861813515523,4.333555257570967,False,False
12915138,28422,15997,UNRELIABLE_DATA,,12425,0.4371613538807966,,,,,,,,,,,,,,,,,,,,,,,,,,,,,,
132203740,2211,2211,OK,,0,0.0,3,0.040470247371143256,1.1202244315853738,0.8873441161766715,False,13.136503936166221,1543.3400555473613,0.028,0.2869911110468745,0.002567194817564679,111.7917148645241,False,False,2,False,0.0,False,True,True,nan,nan,nan,False,0,3,-0.034999999999999976,0.01694882833669975,1.7589738071744614,False,False
1326118009,1048,1032,OK,,16,0.015267175572519083,2,0.0717086815174554,1.1184375256526922,0.8815624743473081,False,6.034863511026644,1626.1436876765451,0.244,0.03500427442082912,0.000624256013392179,56.07358787081197,False,False,45,False,0.014534883720930232,False,False,False,0.03721301473818284,0.03264333864345703,0.22629518489515377,False,21,33,0.485,0.01007191069760216,1.960714010226327,False,False
133776248,2726,2726,OK,,0,0.0,4,0.10960674819843001,1.8594869637219877,0.39478487424999587,False,10.952177738106617,2459780.5112440335,0.04,0.09114746707470417,0.002882142733468505,31.62489699634447,False,False,5,False,0.0,False,True,True,nan,nan,nan,False,0,5,0.03500000000000003,0.004298141804889299,3.378882576370941,False,False
135346783,1087,1079,OK,,8,0.007359705611775529,2,0.08535466064090147,1.0759418236046674,0.9240581763953327,False,10.844150071604219,1572.234115037518,0.02,0.3451373727363031,0.00489248331948287,70.54441480912064,False,False,1,False,0.0018535681186283596,False,True,True,nan,nan,nan,False,1,4,-0.05499999999999999,0.005350664252411708,2.985897479944499,False,False
136191877,39395,39395,OK,,0,0.0,7,0.135595035479116,1.5901257447369836,0.4911951301223507,False,0.9021624954798597,1684.048457329728,0.12,0.5656905815020541,0.0010187325994058974,555.2885829234801,False,False,5224,False,0.0005076786394212463,False,False,False,0.5939352322564146,0.5848383147041802,4.427325011002559,True,3212,3057,-0.485,0.12548138240593987,2.7625656018603952,False,False
137091217,64794,64794,OK,,0,0.0,28,1.125294309243871,2.298130218199952,0.5886038221626473,False,13.589848101136296,134.7545471697829,0.5,0.00107502879044414,7.198433041642817e-06,149.3420560037325,False,False,2460,False,0.0,False,False,False,0.0009522194244622195,0.0008679245065144059,1.4341873808432977,False,1445,1519,-0.044999999999999984,0.0006579155079404764,1.3852539234496701,False,False
13831700,862,846,OK,,16,0.018561484918793503,2,0.020961192365218678,1.072247750658927,0.9277522493410731,False,6.14425832821374,1517.7777638777154,0.02,0.1383510968510754,0.0033483698756564127,41.31894085445179,False,False,2,False,0.022458628841607566,True,True,True,nan,nan,nan,False,2,2,-0.145,0.003328374647755483,1.9890795719555394,False,False
138362838,60873,60854,OK,,19,0.00031212524436121107,9,0.013197841210385731,10.313462866154312,0.5723135774567333,True,33.79683838242553,1689.2903797153526,0.17,0.12635964906387334,0.0006536217656846937,193.32227856810553,False,False,300,False,0.0005751470733230355,False,True,False,0.2839007221971306,-0.0013023963891103385,108.15636060916158,True,236,128,-0.16499999999999998,0.001145324384755786,2.6229719594897354,False,False
138407805,10618,10618,OK,,0,0.0,8,0.02512043067851185,1.0417822968581694,0.7209679880879452,False,0.8779908345776146,1843.311236789927,0.02,0.005159989506027433,6.536530783714093e-05,78.9407971409491,False,False,248,False,0.0,False,False,False,0.003681842066074803,0.0037629140357364754,0.10785189418047117,False,151,146,0.18500000000000005,0.00613477705331178,1.7442516625484565,False,False
139716826,1072,1072,OK,,0,0.0,2,0.02285536765382882,1.0659693186063248,0.9340306813936751,False,0.7681332942343571,1492.1788983727681,0.5,0.0063438464370990585,0.00018385466093797796,34.504681060215866,False,False,697,False,0.0065298507462686565,False,False,False,0.00014193822174202175,0.00023232412385221224,0.03145117764180543,False,420,423,nan,nan,nan,False,False
139853641,1072,1072,OK,,0,0.0,2,0.05387646928659896,1.1252028602815674,0.8747971397184325,False,0.8164549251720169,1492.2248716968425,0.5,0.009557473000643487,0.00011209987798617305,85.25854953938801,False,False,652,False,0.013992537313432836,False,False,False,0.0004979886365321651,0.000330837539950668,0.036840580815635716,False,384,401,nan,nan,nan,False,False
14001269,1124,1124,OK,,0,0.0,2,0.020037667575308296,1.0473693742511372,0.9526306257488628,False,12.552541100644671,1438.0780329906477,0.17,0.2089994234608356,0.0009245658885810386,226.05141076705073,False,False,16,False,0.0,False,False,False,nan,nan,nan,False,0,19,-0.245,0.09734096619754762,6.517105749555913,True,False
142837818,1072,1072,OK,,0,0.0,2,0.014832388897547153,1.038352704103519,0.961647295896481,False,0.8669692448516142,1492.268686870073,0.5,0.0004056038281222851,2.243843879468361e-05,18.07629451556967,False,False,614,False,0.0,False,False,False,0.00019284615911496772,3.468798582617616e-05,1.5606248476812972,False,370,369,nan,nan,nan,False,False
142841561,1072,1072,OK,,0,0.0,2,0.011469965630134086,1.0413089002043812,0.9586910997956191,False,0.7550291699559759,1492.0437017523852,0.058,0.030978040304362388,0.0003197646389241497,96.87762977353661,False,False,82,False,0.0046641791044776115,False,False,False,0.031084747483964614,0.03252326911738701,0.2656703862980616,False,49,49,0.475,0.019330485979283107,2.7360202092101225,False,False
144079288,1086,1080,OK,,6,0.0055248618784530384,2,0.027146577091001035,1.0542348514629314,0.9457651485370686,False,9.459980222855352,1577.1241703011394,0.244,0.026099890208034906,0.0005918721300952722,44.09717721264164,False,False,24,False,0.0,False,False,False,0.023884041655317656,0.02542280574072353,0.2516294833861424,False,14,14,0.485,0.008423427806179884,3.36488704877299,False,False
145593829,1966,1950,OK,,16,0.008138351983723296,4,0.061691979525345324,1.2985043754434427,0.4987461341415185,False,20.602679904313145,1535.1082800493427,0.35000000000000003,0.062467633048740576,0.00037995139786265505,164.40953606208706,False,False,13,False,0.008717948717948718,False,False,False,nan,nan,nan,False,2,15,0.025000000000000022,0.0043321332503187815,3.1264135805937103,False,False
145599042,1966,1966,OK,,0,0.0,4,0.11715886041949304,1.3600889094239828,0.8311301766974198,False,13.18662723426584,1530.3698290963064,0.5,0.11160195944980855,0.000566377867329287,197.0450575268051,False,False,15,False,0.0,False,False,False,0.14442076082277755,0.08091929561563527,17.766252405769677,True,7,12,0.04500000000000004,0.008150424408589596,6.666218566570942,True,False
145905547,1934,1916,OK,,18,0.009307135470527405,4,0.11990759367828581,1.0988329773409204,0.9109036486750791,False,1.0077896660084578,1492.359930635064,0.5,0.004493805917800156,0.00011242582036157936,39.97129754844003,False,False,933,False,0.006784968684759917,False,False,False,0.00024037955554634394,0.00029820761830590126,0.013536838854340098,False,572,551,nan,nan,nan,False,False
146204013,1966,1966,OK,,0,0.0,4,0.02712169724140331,1.2389286649829032,0.7534897643342722,False,14.190971289039513,1521.192861865384,0.17,0.20635223459406551,7.386366357648492e-05,2793.6907621755086,False,False,31,False,0.001017293997965412,False,False,False,0.19481694442388287,0.21373155935579236,5.330265610600372,True,19,18,-0.435,0.06785138240932342,8.295702468482165,True,False
146608979,2189,2187,OK,,2,0.0009136592051164915,4,0.19767531939288466,1.1053733675412531,0.8675601361689552,False,3.6874719247979484,1544.6710522594074,0.35000000000000003,0.00968217461894355,0.0002654725693403412,36.47146913521904,False,False,188,False,0.003657978966620942,False,False,False,0.007721099818314037,0.0065131052286779845,0.21494329346883498,False,103,136,-0.475,0.002950166072484217,2.52482170197452,False,False
146939207,2189,2169,OK,,20,0.009136592051164915,4,0.091314134171787,2.9641051418779907,0.9504987681657319,False,13.884490547857876,1544.74389826578,0.5,0.04028010425286744,0.0008558726483344205,47.063198399031606,False,False,90,False,0.024896265560165973,True,True,False,0.053723314300077485,0.024557181712182574,1.4022130492057219,False,54,55,-0.135,0.18164735919905683,6.536892987476315,True,False
147410827,2189,2185,OK,,4,0.001827318410232983,4,0.05500335774652184,1.2684822251900734,0.877576136633354,False,14.115163649055443,1543.9517581993337,0.5,0.14686490884073633,0.0015576246746435013,94.28773903722974,False,False,82,False,0.021510297482837528,True,True,False,0.16119543747577414,0.14353745791716355,0.8419685972440613,False,53,45,-0.135,0.3928486265316058,4.558535383771557,False,False
147639214,1072,1072,OK,,0,0.0,2,0.004581247379799715,1.0191017092257433,0.9808982907742568,False,1.0386518400043132,1491.6903326007457,0.058,0.11242466208868919,0.00043423486865473503,258.90288920597783,False,False,60,False,0.043843283582089554,True,True,False,0.10671526521304253,0.098817835867121,0.16001833036983684,False,36,36,0.495,0.03527139419976355,3.843396322056367,False,False
150250239,12295,12248,OK,,47,0.0038226921512810085,22,1.4483892611173048,27.527480271786413,0.76871384071654,True,31.392623740333818,1344.2971203589232,0.02,0.11387966730787803,0.0017645909115960607,64.53601600207418,False,False,5,False,0.004980404964075767,False,True,True,0.0036092689582964965,0.005237971159391508,0.04000252010194515,False,4,3,0.06500000000000006,0.002047508435345513,3.0591817133510353,False,False
150250315,12295,12295,OK,,0,0.0,22,77.6308123015309,145.9852047357206,0.8259780176656472,True,37.7061888590883,1346.6541345052563,0.35000000000000003,0.012089175610453667,0.00012840587487623006,94.1481503249472,False,False,97,False,0.004473363155754371,False,True,False,0.004900651807477674,6.866250706272226e-05,0.6540153383824875,False,40,75,0.19500000000000006,0.0008324916417943307,3.634447555355902,False,False
153080360,14902,14902,OK,,0,0.0,2,0.001795525308939369,1.0173735211484674,0.9826264788515324,False,0.7825225996516298,4154.127233666632,0.058,0.006564112690742365,5.862010103947383e-05,111.97716439148061,False,False,1128,False,0.0,False,False,False,0.006144959093740798,0.0057165690264116,3.7328734516417974,True,677,676,-0.495,0.0030754887222103067,3.2626241084998497,False,False
153336799,1934,1918,OK,,16,0.008273009307135471,4,0.08918591458181202,1.330413961356961,0.7783501108445797,False,1.1312302183921423,1492.346229587927,0.12,0.009697459540939687,0.000172746225795303,56.13702699606745,False,False,202,False,0.006777893639207508,False,False,False,0.007059189414941103,0.00785505413843135,0.08563959702081353,False,123,120,0.385,0.002966714914478641,2.1150628852915423,False,False
154125993,37841,37840,OK,,1,2.6426362939668615e-05,7,0.011734949562494303,2.0738352524322696,0.9426591771161412,False,35.458915188131016,2452.1658312786594,0.02,0.24295465707848024,0.010309043409216687,23.56713881535015,False,False,4,False,0.0003171247357293869,False,True,True,0.01698410755723112,0.025477394262855446,0.29302007492013,False,4,4,-0.0050000000000000044,0.00516614507705504,3.0239134654753204,False,False
154831114,1934,1904,OK,,30,0.015511892450879007,4,0.5248278163539676,1.330639699686551,0.5583644157569397,False,1.5824544349592473,1491.7423291264488,0.12,0.032131186389654454,0.00027999250807541937,114.75730765267309,False,False,142,False,0.004726890756302521,False,False,False,0.020711978874765946,0.01590335893235617,0.6591550903470326,False,91,81,0.09499999999999997,0.010542791392603945,3.5327321360943698,False,False
158329671,1101,1101,OK,,0,0.0,2,0.015550218858115894,1.0129807199851302,0.9870192800148698,False,1.5333946458252492,1544.1085346090476,0.12,0.11813650069132627,0.0001752062849510594,674.2709071442584,False,False,83,False,0.0009082652134423251,False,False,False,0.10562075664100123,0.10865656128804502,0.6427617253059272,False,54,46,-0.175,0.003820223973572956,2.591617169313948,False,False
158495042,75449,75449,OK,,0,0.0,9,0.013769028841198756,1.517679715362697,0.0,True,39.128791797229525,1721.9579416509168,0.02,0.05023896748123316,0.000883167024272298,56.88501280109332,False,False,42,False,2.6507972272661e-05,False,True,False,0.0011540208426803478,-0.0007041777955429929,0.8851868812534394,False,24,28,0.365,0.0008295367124615538,3.4127506250198203,False,False
159809844,24277,24277,OK,,0,0.0,9,0.04150142815756526,1.3202645545186533,0.0,True,36.485132485620696,1773.2015805808937,0.02,0.2473556179718435,0.002457468644319603,100.65463848078055,False,False,2,False,0.0,False,True,True,nan,nan,nan,False,3,0,-0.015000000000000013,0.0002169659904470711,5.503436801690037,True,False
160130060,1029,1027,OK,,2,0.001943634596695821,2,0.08990604362919022,1.0909359383975674,0.9090640616024326,False,3.1056669601151454,1626.8700442235565,0.084,0.059126234171889974,0.0008731122533419963,67.71893756567215,False,False,31,False,0.004868549172346641,False,False,False,0.03966582288460119,0.050657608313734115,1.2957402669114702,False,18,19,-0.495,0.009936452793645412,2.7871598904005195,False,False
162965799,1029,1019,OK,,10,0.009718172983479106,2,0.09431371870436003,1.1062352229771095,0.8937647770228905,False,12.39791504886902,1627.2528219423211,0.02,0.44432800177032333,0.052980372182558855,8.386653084264216,False,False,2,True,0.004906771344455349,False,True,True,nan,nan,nan,False,0,3,-0.015000000000000013,0.08189324812218224,3.2482339917062784,False,False
163249597,1086,1086,OK,,0,0.0,2,0.013147576548268007,1.0413278927449963,0.9586721072550038,False,11.37644927544914,1570.6984327550208,0.244,0.020004153745419858,0.0004932663399020252,40.554467489902464,False,False,21,False,0.0027624309392265192,False,False,False,nan,nan,nan,False,0,25,0.20500000000000002,0.009601074851711244,5.976920709124015,True,False
174089663,1934,1929,OK,,5,0.0025853154084798345,4,0.3132072523578801,3.1325865662170345,0.8515851240656529,True,13.075647318176307,1504.4214175429247,0.244,0.9087035890324551,5.5569729996786194e-05,16352.492428611922,False,False,5,False,0.010368066355624676,False,True,True,nan,nan,nan,False,6,0,-0.11499999999999999,0.0017680600469062169,1.6785721943725795,False,False
176255016,5215,5215,OK,,0,0.0,4,0.020388839329833527,1.1334136524812743,0.8813018705850916,False,1.4624768501578063,2089.499053722248,0.17,0.0008919095237272721,0.00016130826536184224,5.529223947245142,False,False,607,True,0.0,False,True,False,0.0008885102544423651,0.00032354220396602074,2.0584067018876158,False,373,355,0.355,0.001571948784541477,2.765974412524102,False,False
180251856,13110,12930,OK,,180,0.013729977116704805,4,0.0351296005664804,1.4055942458934632,0.6622770557647601,False,0.7971737029752178,2770.3564712192438,0.5,0.3553404724016088,0.0001036533889439159,3428.1606807267453,False,False,8205,False,0.00819798917246713,False,False,False,7.128713688220323e-05,7.128713688220323e-05,0.0,False,4948,4847,nan,nan,nan,False,False
180448842,12739,12691,OK,,48,0.003767956668498312,4,0.013160069972452807,1.4572488468247409,0.6060902830259071,False,17.28146641227578,2779.106672696317,0.084,0.949780417916297,0.0005316344632358849,1786.529060090075,False,False,17,False,0.009140335670947916,False,False,False,nan,nan,nan,False,0,23,-0.0050000000000000044,0.46629094018508443,7.000688464367631,True,False
181674559,1966,1966,OK,,0,0.0,4,0.1430484034831563,1.1126473372791248,0.8035997832770719,False,12.646192909357262,1518.5676675711807,0.35000000000000003,0.01769382942204468,0.00018534539195873902,95.46409131112158,False,False,12,False,0.0,False,False,False,nan,nan,nan,False,0,16,0.10499999999999998,0.0007364832143257338,1.6348902321008458,False,False
183517039,50883,50883,OK,,0,0.0,6,0.062368839542080536,1.49410815397417,0.6376791293907452,False,27.746930678359075,2240.941215537252,0.058,0.11295929592393306,0.0002271900754821059,497.2017183595242,False,False,33,False,0.0,False,False,False,nan,nan,nan,False,38,0,-0.11499999999999999,0.00023513813328257527,2.0752929734527985,False,False
183663600,862,862,OK,,0,0.0,2,0.13414840109098017,1.1213859748316357,0.8786140251683641,False,11.406750013682986,1523.7206156137295,0.244,0.5757122554319484,0.0002511799206401096,2292.0313612839636,False,False,22,False,0.0,False,False,False,0.5515223255150592,-0.0001269003434762883,50.50381290761341,True,13,13,0.03500000000000003,0.09412735898112212,9.425455716739886,True,False
185326770,862,862,OK,,0,0.0,2,0.16482187439933252,1.2518645150167629,0.748135484983237,False,11.106800320005439,1519.3242328847077,0.17,0.011035553002469459,0.00024175779676773577,45.64714416665394,False,False,16,False,0.0,False,False,False,nan,nan,nan,False,0,20,-0.235,0.0016869493084439302,0.1865873900767775,False,False
186143099,862,862,OK,,0,0.0,2,0.0017419823999200367,1.1773741092943557,0.8226258907056442,False,8.886946384130523,1521.2033146729739,0.244,0.015654378790270058,0.00041886534733449914,37.37329643019794,False,False,23,False,0.0,False,False,False,nan,nan,nan,False,0,28,-0.365,0.001987412199758287,0.6729936282913673,False,False
192855782,2167,2167,OK,,0,0.0,4,0.12973968929834245,1.246799506514243,0.91916868374395,False,8.988830716776237,1598.2785926337745,0.02,0.19866840250734896,0.0006435062973002003,308.7279850109513,False,False,4,False,0.0,False,True,True,nan,nan,nan,False,1,7,-0.405,0.00315865611253463,3.8265649356601856,False,False
193621561,65919,65919,OK,,0,0.0,9,0.007747674638442655,1.59145979587534,0.0,True,31.43571270680635,1703.2588886909455,0.02,0.05453423769597448,0.0011614242048545193,46.95462473403977,False,False,32,False,0.0,False,True,False,0.0016825170607730477,0.006504857108220796,1.6423563781687256,False,29,11,0.10499999999999998,0.0006187206019911962,5.204058807207502,True,False
1956100031,3700,717,UNRELIABLE_DATA,,2981,0.8056756756756757,,,,,,,,,,,,,,,,,,,,,,,,,,,,,,
1961129327,1854,109,UNRELIABLE_DATA,,1743,0.9401294498381877,,,,,,,,,,,,,,,,,,,,,,,,,,,,,,
196227720,63111,63109,OK,,2,3.169019663767014e-05,5,0.06353091127961377,1.196309631896007,0.5720776849726367,False,1.4883802986133408,2421.4009241699523,0.17,0.6172539850338207,0.0012034684966257879,512.8958396205967,False,False,6888,False,0.04344863648607964,True,True,False,0.5233521611152749,0.5602858411319458,17.21421357105704,True,4082,4262,-0.33499999999999996,0.03313413901014095,0.5129934485283006,False,False
19938261,1072,1072,OK,,0,0.0,2,0.03248342080541568,1.0337206561203873,0.9662793438796126,False,2.320534793072512,1493.895415819839,0.084,0.06483668544188972,0.000464961854225092,139.4451713677607,False,False,37,False,0.0009328358208955224,False,False,False,0.04652423622420976,0.07277140616854605,4.93711426662594,True,25,19,0.405,0.0026014552143482916,2.444961821138516,False,False
199617844,4472,393,UNRELIABLE_DATA,,4077,0.9116726296958855,,,,,,,,,,,,,,,,,,,,,,,,,,,,,,
203279104,10678,10678,OK,,0,0.0,4,0.017345056473871592,1.0875309072543402,0.8572511600298874,False,1.2344142866893872,3262.493381816507,0.12,0.00020402314676620992,6.274581789268324e-06,32.51581597281258,False,False,1051,False,0.0,False,False,False,0.0002016129190782756,0.00016975255093365504,1.7683636178680222,False,622,642,-0.425,0.00021253651728869727,2.859908431306428,False,False
207754858,1086,1086,OK,,0,0.0,2,0.024259593923171594,1.0686756586012054,0.9313243413987946,False,10.197636246489367,1630.5180012372211,0.5,0.002804741299911144,0.00019970654984734565,14.044313028566512,False,False,60,False,0.0,False,False,False,0.004728108766781203,0.001846904714165598,2.9752567072396547,False,13,58,-0.195,0.0035090836775950596,3.115325268505015,False,False
20817046,25380,25380,OK,,0,0.0,7,0.06665834541524897,1.4363281797893162,0.6457149477744528,False,34.565710956072174,3341.3523340800043,0.17,0.01254700930827392,2.777432189826769e-05,451.7485378844294,False,False,55,False,0.0,False,False,False,nan,nan,nan,False,63,0,-0.034999999999999976,0.0010417753100581129,0.618650316458316,False,False
208358448,1081,1081,OK,,0,0.0,2,0.059629747642443165,1.0077534395928,0.9922465604072,False,1.6784373640597259,1597.0378500204015,0.058,0.015061003562784349,0.00012692464334712229,118.66098785556147,False,False,36,False,0.0,False,False,False,0.012897911098249448,0.013467507417333824,0.34953502733718916,False,24,20,-0.495,0.0031305530366387835,2.8528928812353858,False,False
216742782,23445,23277,OK,,168,0.007165706973768394,8,0.2576177926954613,1.676934791691574,0.8107975591003216,False,0.7469937358724879,1683.6329986542823,0.5,0.0552159548770205,0.0001480831808000199,372.8712104826228,False,False,15555,False,0.011685354641921209,False,False,False,0.0011338402584102347,0.0012454286159679917,0.064787684018371,False,9586,9094,nan,nan,nan,False,False
218210390,1056,1042,OK,,14,0.013257575757575758,2,0.1157400125924778,1.1153477203083444,0.8846522796916556,False,5.861125919430378,1629.9638376288506,0.02,0.9457436015672733,0.0003120172625349078,3031.0617876838323,False,False,1,False,0.0047984644913627635,False,True,True,nan,nan,nan,False,2,3,0.335,0.00643116548339373,2.4120018465489275,False,False
220148279,904,904,OK,,0,0.0,2,0.010897918544298084,1.058393491167326,0.9416065088326738,False,3.6427614196385134,1468.3470678907922,0.12,0.01569835231376531,0.0004377162824302663,35.864218316498786,False,False,30,False,0.00995575221238938,False,False,False,0.011277398695975216,0.013904564925789287,0.1741151078100499,False,15,20,-0.034999999999999976,0.0025601586585445313,2.8295692960450336,False,False
220426670,14740,14740,OK,,0,0.0,3,0.0204810342289753,1.0257449383867454,0.9624272076010115,False,8.196554006756898,1413.1990095454755,0.058,0.00022917829508527793,2.9511867109430806e-05,7.765631846859386,False,False,126,True,0.0,False,True,False,0.0002787609705263705,0.00020057031148490445,1.2099220688102403,False,50,100,-0.0050000000000000044,9.48324656475652e-05,2.709343453148781,False,False
220477788,12404,12379,OK,,25,0.002015478877781361,21,0.16339982168253897,1.6050638324299764,0.6118518137670349,False,38.968110608823174,1361.5793957329163,0.028,0.0847187679709254,0.0003253553318915016,260.38844201015627,False,False,6,False,0.0022618951450036353,False,True,True,0.0016360028845809893,0.0009282728015526098,0.02748171151716666,False,5,3,0.405,0.0008903159850264242,3.217317802881971,False,False
22206966,32435,32346,OK,,89,0.002743949437336211,4,0.003266905817766844,1.4859506447514792,0.8036272777732614,False,0.9696575722928583,2391.2474509256704,0.5,0.10332775567005968,7.741671224772157e-05,1334.6957351976762,False,False,16760,False,0.006059481852470167,False,False,False,0.0,0.0,0.0,False,10160,9960,nan,nan,nan,False,False
222712042,12952,12900,OK,,52,0.004014823965410748,4,0.007381478536658658,1.2261107903864628,0.721264450755291,False,12.97062575807237,2778.531406780804,0.058,0.6214006858942694,0.00026735087445021365,2324.2889598626966,False,False,34,False,0.007131782945736434,False,False,False,0.004309814556143765,0.594059997341783,25.330039623732794,True,32,10,-0.08499999999999999,0.0029957313637515304,2.159185014314437,False,False
224291351,6421,6421,OK,,0,0.0,3,0.04002046233066989,1.0261294812824955,0.9738224887398499,False,7.35270073266907,3345.9128973058746,0.084,0.0008858043235262504,0.0001264216599340206,7.006744920044169,False,False,72,True,0.0,False,True,False,0.0004357532679126752,0.0009521086675692292,2.313798935045204,False,43,44,0.275,0.0004328672840275827,2.4528054995194135,False,False
224650490,20380,20361,OK,,19,0.0009322865554465162,8,0.0017187229310916528,7.5205904577902345,0.2669784868147681,True,36.28550255704379,1707.659772190827,0.02,0.7687030735794195,0.0036981457728168044,207.86175581010522,False,False,1,False,0.001817199548155788,False,True,True,nan,nan,nan,False,1,1,0.08499999999999996,0.0008014304176591214,6.399444005005079,True,False
224835221,1047,1029,OK,,18,0.017191977077363897,2,0.11670192633842272,1.030600479348985,0.9693995206510151,False,13.01948316151508,1627.082018239036,0.5,0.23676087138228546,0.00044273876729050335,534.7642647858181,False,False,31,False,0.0,False,False,False,-0.004509097496184555,0.2610006138115374,28.216331922667994,True,8,32,0.08499999999999996,0.029857923687781396,4.821382823991604,False,False
229497968,244035,244035,OK,,0,0.0,38,0.022020717506789144,6.422452985943881,0.0,True,2.7827267181637985,1685.3020275542917,0.5,0.0010372478422913942,1.1933005499982982e-05,86.92259819145089,False,False,43399,False,0.003987132993218186,False,True,False,0.0,0.0,0.0,False,25972,26031,-0.175,0.0007124610607494031,8.172576254720516,True,False
229685062,152531,152531,OK,,0,0.0,28,0.03414876934839783,1.239566066726349,0.8412137507788368,False,17.055399917576104,2837.933964348279,0.084,0.00029757774152417625,4.4472823386197884e-05,6.691226660831463,False,False,870,True,0.0,False,True,False,0.00026687615502962725,0.0003163179117956494,0.6001891037846395,False,557,472,0.43500000000000005,0.00010381315191410057,2.148112535241818,False,False
229760858,2032,175,UNRELIABLE_DATA,,1855,0.9128937007874016,,,,,,,,,,,,,,,,,,,,,,,,,,,,,,
230232986,2292,218,UNRELIABLE_DATA,,2072,0.9040139616055847,,,,,,,,,,,,,,,,,,,,,,,,,,,,,,
230270636,19623,19614,OK,,9,0.00045864546705396726,4,0.04987352170534433,1.7386272811997765,0.0,True,37.623528605835745,2047.8126586900437,0.17,0.8000343988061034,0.0023480207457506007,340.72714231932963,False,False,6,False,0.013918629550321198,False,True,True,nan,nan,nan,False,11,0,-0.015000000000000013,0.007957916437008383,0.16719938991351604,False,False
230275619,8089,8089,OK,,0,0.0,5,0.008800703706462996,1.1172568140570385,0.5510757527767587,False,3.1561343130066786,2012.565282784637,0.35000000000000003,0.0004485323326751798,3.914429823084103e-05,11.45843335931336,False,False,979,False,0.0,False,False,False,0.0003759005308048291,0.00036834927729867406,0.10104342533812356,False,563,617,-0.215,0.0005038287470502389,1.9237789891272719,False,False
230279486,19601,19592,OK,,9,0.0004591602469261772,4,0.02065911828408416,1.815009357277279,0.0,True,35.36177465990205,2036.517713040045,0.244,0.8426186010751767,0.0008121586599522764,1037.5049145258024,False,False,97,False,0.009340547162106982,False,True,False,nan,nan,nan,False,107,0,-0.015000000000000013,0.0039316570416619845,0.35270033021924513,False,False
230621343,1712,213,UNRELIABLE_DATA,,1499,0.8755841121495327,,,,,,,,,,,,,,,,,,,,,,,,,,,,,,
231260455,1054,1041,OK,,13,0.012333965844402278,2,0.31611314253609596,1.047262103733508,0.9527378962664923,False,1.1126977080058151,1625.7180164051972,0.084,0.08846342136962546,0.0008113254605216753,109.03567763391061,False,False,89,False,0.013448607108549471,False,False,False,0.08281954904383437,0.09188386818777272,0.5085519263125143,False,51,53,0.495,0.13264984315812134,4.436872109738915,False,False
231528689,862,838,OK,,24,0.027842227378190254,2,0.2180795423849289,1.078853345185956,0.9211466548140439,False,0.9982346139930549,1518.673751592,0.5,0.005965475257863568,0.00015015944114809933,39.72760695066743,False,False,413,False,0.011933174224343675,False,False,False,0.0021821985494838714,-0.00011885547301693222,0.2236113654595461,False,258,243,nan,nan,nan,False,False
23259249,1086,1086,OK,,0,0.0,2,0.010200426323282925,1.0524093875310572,0.9475906124689429,False,3.9740155961235786,1628.4670353392085,0.17,0.039153593164955494,0.0006553308361630087,59.746300653577556,False,False,42,False,0.0,False,False,False,0.0511084488286091,0.024059756272645227,16.074528797342108,True,22,32,-0.475,0.00579969258111257,2.566694232320161,False,False
233153249,6946,1174,UNRELIABLE_DATA,,5772,0.8309818600633458,,,,,,,,,,,,,,,,,,,,,,,,,,,,,,
233415701,163220,163220,OK,,0,0.0,12,0.015140859238670902,1.0622994446591947,0.9082312943218607,False,5.271641732651179,2801.636208304876,0.12,0.01009886528463982,0.00015990361766910605,63.155952515957104,False,False,3568,False,0.0,False,False,False,0.009251495147849065,0.00991382236046201,2.39635959564538,False,2250,2036,0.05500000000000005,0.0013334767013530868,1.4838534803269603,False,False
233460609,2148,225,UNRELIABLE_DATA,,1921,0.8943202979515829,,,,,,,,,,,,,,,,,,,,,,,,,,,,,,
234073743,904,904,OK,,0,0.0,2,0.08309852241020421,1.0594796347522313,0.9405203652477684,False,0.6569964840177932,1468.7049393505688,0.5,0.005965967132356767,8.406547789097148e-05,70.96809870151829,False,False,681,False,0.008849557522123894,False,False,False,-8.471478998794968e-05,2.5154947007610673e-05,0.02693375658393435,False,381,444,nan,nan,nan,False,False
235555541,20166,20166,OK,,0,0.0,14,0.0601660781889757,1.5899392429535129,0.0,True,36.295458061920165,1773.8293688565195,0.02,0.003355945861044924,0.0006045005642800536,5.551600874089802,False,False,16,True,0.0,False,True,False,0.0029352869509869928,0.0030606923500342553,0.1007712553255287,False,5,14,0.0050000000000000044,0.0003219657559607736,9.061880413956642,True,False
236345227,5915,5915,OK,,0,0.0,11,0.05825272991814178,1.3318814708656872,0.5846518137289826,False,1.1122131404079842,1956.017760636648,0.35000000000000003,0.0004253667995274655,6.919708924766589e-05,6.147177636403451,False,False,1904,True,0.0,False,True,False,0.00030263500758198614,0.00022310955527538034,0.7195315404763941,False,1135,1124,0.345,0.0006635876619915937,2.1449094472958308,False,False
236791479,219812,219811,OK,,1,4.549342165122923e-06,26,0.05789398941345074,1.51966098585319,0.0,True,1.9083326445621775,1711.6974385742892,0.5,0.004326585694581012,3.5996277548618026e-05,120.19536433280776,False,False,57537,False,0.0048041271819881624,False,True,False,0.0,0.0,0.0,False,34343,34754,0.495,0.00012962963268958738,2.1028350755053276,False,False
237094240,6588,6588,OK,,0,0.0,8,0.030575531346691345,1.4166129418878508,0.0,True,27.114852828843997,1970.6922031454408,0.17,0.0015812369243479495,0.00029633819256625715,5.335920121043482,False,False,41,True,0.0,False,True,False,0.0015628590827125866,0.0005603280700507973,1.6713178064737493,False,29,24,-0.065,0.0008084144251512271,6.392912549970706,True,False
237115819,253891,253891,OK,,0,0.0,37,0.3004595584778685,2.6143997026531913,0.6116762278342974,False,14.79205908513923,1683.4390885702949,0.084,0.08883229205403105,0.00017522137306541234,506.9717837496276,False,False,1454,False,7.877396205458247e-06,False,False,False,0.09913158257978183,0.09768711219011394,1.6058555515305766,False,846,896,-0.495,0.007250112012237353,7.896422016234693,True,False
237513289,904,904,OK,,0,0.0,2,0.005131923557785607,1.1039770681302261,0.8960229318697737,False,10.793754679199491,1468.3688100290105,0.04,0.1352339343886592,0.0015044760374423056,89.88772903193895,False,False,4,False,0.0055309734513274336,False,True,True,nan,nan,nan,False,2,5,-0.015000000000000013,0.013157341510326992,4.5049206630752305,False,False
239187638,32907,32511,OK,,396,0.012033913756951408,12,0.7170615883892111,5.331477060971206,0.3769610111030103,True,1.5031520932391806,2500.845007397623,0.5,0.049907633697136765,0.0007073904769492964,70.55174662849468,False,False,11017,False,0.05862631109470641,True,True,False,0.0,0.0,0.0,False,6579,6648,-0.46499999999999997,0.01375858427940757,2.25616090522327,False,False
239727049,52448,52445,OK,,3,5.7199511897498476e-05,11,0.04758362102772817,1.8807763537211677,0.0,True,39.40887695346817,1841.9374163763928,0.028,0.5848994994101193,0.0032281931042816583,181.18479301450336,False,False,10,False,0.0023262465439984744,False,True,False,nan,nan,nan,False,11,0,-0.0050000000000000044,0.018296925232479833,8.66542050431059,True,False
239757265,52394,52394,OK,,0,0.0,11,0.06811933512809389,3.511417977343508,0.7471050049410399,True,2.606846233162138,1816.1594266753063,0.12,0.028783670160221958,0.0002714116508592469,106.05171174154592,False,False,2347,False,0.0004198954078711303,False,True,False,0.026784592668625873,0.030263929087767094,2.8267132197405602,False,1350,1464,-0.044999999999999984,0.009524640315336175,2.269064150298502,False,False
240178745,1940,183,UNRELIABLE_DATA,,1757,0.9056701030927835,,,,,,,,,,,,,,,,,,,,,,,,,,,,,,
240959751,23502,23502,OK,,0,0.0,4,0.030628272691556484,7.188739910733129,0.33064558332424243,True,16.02131490305511,1802.657841972322,0.244,0.0884534068162947,0.0005133311573968648,172.31256186522478,False,False,421,False,0.000978640115734831,False,True,False,0.05961266272884724,0.08756478429134784,12.645854144613063,True,253,254,0.46499999999999997,0.011504970287172012,7.249296827986725,True,False
24130394,1081,1010,OK,,71,0.06567992599444958,2,0.03594390426750858,1.054272455005566,0.9457275449944338,False,13.239898873645437,1626.4046069707358,0.028,0.9366288731144939,0.004186030559990593,223.75108344087167,False,False,2,False,0.015841584158415842,False,True,True,nan,nan,nan,False,0,3,0.14500000000000002,0.3039154558396455,3.990595688283643,False,False
241818542,1081,1081,OK,,0,0.0,2,0.0020812606869445717,1.0591437183591117,0.9408562816408882,False,13.523083206336189,1596.947033710472,0.244,0.14096342059844078,0.0008432180723717406,167.1731491735577,False,False,10,False,0.0,False,False,False,nan,nan,nan,False,0,13,0.04500000000000004,0.015288885401068875,8.392778187705453,True,False
24622856,1962,1945,OK,,17,0.008664627930682976,4,0.06336147344779769,1.2616450791936105,0.7120613018353072,False,14.742099680697546,1531.9917365973822,0.02,0.3301189840729903,0.004689320351462344,70.39804477637023,False,False,1,False,0.015424164524421594,False,True,True,nan,nan,nan,False,2,1,-0.255,0.06442306358307115,5.236774297160568,True,False
247647672,1048,1042,OK,,6,0.0057251908396946565,2,0.009957568101005537,1.0287952220545984,0.9712047779454016,False,12.852579385439677,1634.620988097122,0.17,0.018757219016825272,0.00021661093256881089,86.59405503859625,False,False,17,False,0.0,False,False,False,0.01924904072899758,0.018880172403520135,0.12060544882126104,False,9,8,0.09499999999999997,0.009746917662815768,3.175931293211653,False,False
250630820,991,991,OK,,0,0.0,2,0.014645026203117466,1.0127035385326784,0.9872964614673216,False,1.132055270127599,1791.097051117492,0.12,0.02427313887050022,7.543882591332812e-05,321.75923440785914,False,False,106,False,0.0,False,False,False,0.025186719310286487,0.02469202651754665,0.18173183961850015,False,64,67,-0.495,0.03151277133843433,1.9471102827367517,False,False
250684958,23313,23309,OK,,4,0.00017157808947797367,4,0.013185126913798783,1.062612792157364,0.0,True,31.212294096949645,1818.4780949231213,0.02,0.5918714748368432,0.004279585137027687,138.30113337759593,False,False,8,False,0.0006435282508902141,False,True,True,nan,nan,nan,False,0,10,-0.024999999999999994,0.012139260580389388,5.448927864426115,True,False
251903236,2654,2635,OK,,19,0.007159005275056519,2,0.02610196617968801,1.2073120771584234,0.7926879228415765,False,6.7929295091561945,2771.3175596882147,0.02,0.34353475808876954,0.00022155564731316926,1550.557443490405,False,False,7,False,0.01935483870967742,False,True,True,0.22336118570348062,-0.0019713958623361894,3.005988773012048,True,4,5,-0.07500000000000001,0.038709180026185175,8.066794901793395,True,False
253168781,1081,1081,OK,,0,0.0,2,0.09275640706541471,1.2241556233999447,0.7758443766000553,False,3.7402726304851783,1597.195433900844,0.35000000000000003,0.008192271823950553,0.00014899102785676565,54.98500105540781,False,False,100,False,0.0009250693802035153,False,False,False,0.0075130123696482976,0.006728853164273851,0.24765352109069194,False,65,56,0.475,0.0027734999370696567,2.627020675934272,False,False
255964136,1081,1081,OK,,0,0.0,2,0.02221686475604438,1.0075262570988033,0.9924737429011965,False,13.408540527141671,1597.8656295265562,0.35000000000000003,0.1586651527356042,0.0034895109632193905,45.46916585389409,False,False,13,False,0.0,False,False,False,-0.013408740617517179,0.2623227546003375,26.304851706819623,True,4,13,0.05500000000000005,0.06979073048708007,8.193381223752837,True,False
257287171,2167,2164,OK,,3,0.0013844023996308261,4,0.12425051924379983,1.302409383243708,0.7263839589504502,False,16.0055691855875,1607.9488859853861,0.17,0.053062319122923036,0.0005225877201806493,101.53763104992275,False,False,8,False,0.0013863216266173752,False,True,True,nan,nan,nan,False,1,11,0.355,0.0020415745400297336,3.3109583098943363,False,False
258270250,50427,50426,OK,,1,1.983064628076229e-05,10,0.05287818280150006,1.740405030093296,0.0,True,10.183102239238249,1688.5801522546994,0.12,0.014816379691084205,0.00037118374741578115,39.91656368102682,False,False,689,False,0.0,False,True,False,0.01869671623710012,0.016714788484265997,2.138613797423467,False,366,461,0.405,0.008666868780287218,5.803155634850159,True,False
258329752,2167,2164,OK,,3,0.0013844023996308261,4,0.056035177961985774,1.3771179537556273,0.6317329053692274,False,27.460432810055384,1614.043928041759,0.02,0.07626706980570676,0.0016713827634101488,45.63112141356409,False,False,1,False,0.0,False,True,True,nan,nan,nan,False,2,1,0.46499999999999997,0.0030795016763888183,0.9719588321088151,False,False
262775292,1029,1029,OK,,0,0.0,2,0.017773656474049118,1.1258538848752753,0.8741461151247248,False,13.212550934934216,1627.207843378247,0.244,0.15911960355492588,0.00045646888776091266,348.5880589484313,False,False,14,False,0.0,False,False,False,0.002484527090603983,0.20549508937233762,27.916076501665525,True,4,14,0.345,0.026083732884455202,4.229115310801023,False,False
264273483,1029,1028,OK,,1,0.0009718172983479105,2,0.2713474869566789,1.3575163338765797,0.6424836661234203,False,12.935919141561655,1627.0617272637003,0.12,0.7644868215946704,0.0004852673845866479,1575.392960410604,False,False,5,False,0.010700389105058366,False,True,True,nan,nan,nan,False,1,7,0.06500000000000006,0.09656032519026947,5.932534193404519,True,False
264324043,6998,6998,OK,,0,0.0,3,3.145113888453978,6.571446289774607,0.9674835897087589,True,2.2083431728504856,3481.7447577627368,0.17,0.07207068161702057,4.993376225179182e-05,1443.3256852067939,False,False,582,False,0.0,False,True,False,0.06447301396881389,0.06553306314440221,7.716325232754418,True,439,263,0.405,0.0005732445935913155,1.370488645111427,False,False
265527807,1062,1062,OK,,0,0.0,2,0.005679048771404646,1.0019313517466715,0.9980686482533286,False,7.801922027070802,1330.430645125236,0.058,0.040747956197510225,0.0014598787633123206,27.911876808905102,False,False,8,False,0.0,False,True,True,0.002902287447982821,0.054769381240220905,10.314549336955194,True,4,6,0.18500000000000005,0.009786448615161758,2.214873737022099,False,False
267600122,3038,3016,OK,,22,0.007241606319947334,6,0.07584963989232556,1.142824329953579,0.8789114793070858,False,27.803464415821892,1507.2523852719871,0.02,0.18804113617187584,0.0031535662671254637,59.6280909432986,False,False,2,False,0.007294429708222812,False,True,True,nan,nan,nan,False,1,3,0.32500000000000007,0.06878664687617797,9.343389079468782,True,False
269665647,203316,203315,OK,,1,4.918452064766177e-06,33,0.09049845687678004,4.322326138992494,0.0,True,4.074498151305486,1687.0949713282234,0.058,0.016515799777337963,0.00013285027797943516,124.31889513919242,False,False,2841,False,0.005390649976637238,False,True,False,0.016311873999222404,0.01597433552254568,0.16625939763610065,False,1635,1770,-0.245,0.014645965965916385,4.248578778349875,False,False
273015082,1134,1120,OK,,14,0.012345679012345678,1,nan,nan,nan,False,13.482479612676196,1655.512243299938,0.12,0.15350892776900366,0.0005474033955401033,280.43108431496285,False,False,6,False,0.0,False,True,True,nan,nan,nan,False,1,7,0.015000000000000013,0.017433830476216716,7.549033024215793,True,False
273158289,1081,1081,OK,,0,0.0,2,0.07103755747557973,1.0679486703225403,0.9320513296774598,False,1.1518829385852927,1597.908393357342,0.084,0.012546273433234141,0.0003040106441758325,41.269191304952066,False,False,78,False,0.0,False,False,False,0.012723326683044323,0.0098763108253479,1.416465585937647,False,47,47,-0.41500000000000004,0.0025825241003165633,2.182265849216227,False,False
273854781,21377,21377,OK,,0,0.0,5,0.24811823528343366,1.0477173205814534,0.0,True,32.76523890121557,1828.5352024516076,0.5,0.7698855633982807,0.001938623099283687,397.13008871231864,False,False,125,False,0.0,False,True,False,nan,nan,nan,False,147,0,-0.034999999999999976,0.888737344519492,9.117326027462656,False,True
278127716,1113,1104,OK,,9,0.008086253369272238,1,nan,nan,nan,False,12.85619574211514,1656.7538060942136,0.058,0.41903599111174167,0.0034976821664027616,119.80390760967995,False,False,3,False,0.012681159420289856,False,True,True,nan,nan,nan,False,2,4,-0.46499999999999997,0.006780564230182362,1.9633974932308427,False,False
278233128,18292,18292,OK,,0,0.0,5,0.0089944251655278,1.6157020102524122,0.9196853035127844,False,33.59348122668497,2440.1263813128926,0.02,0.25046169242939986,0.0016016012248310587,156.38205599887652,False,False,15,False,0.003990815657117865,False,False,False,nan,nan,nan,False,0,18,-0.425,0.002260112250052182,3.096753190509522,False,False
279166510,62140,62095,OK,,45,0.0007241712262632765,7,0.015099237246423387,2.1497277254174816,0.22771527129365804,True,7.165767549235426,1717.2981558393105,0.12,0.06302747969927487,0.0006057825937472303,104.04306817302479,False,False,1039,False,0.0009984700861583058,False,True,False,0.061328786973594784,0.0695377154314295,4.416534092366642,True,552,690,-0.435,0.0076699856599709015,5.710321222565684,True,False
280490331,2211,2211,OK,,0,0.0,3,0.08816580188918598,1.1637953228794002,0.9562273870739258,False,0.8410679861139274,1543.926216703916,0.5,0.0034386938031689736,6.737455486997325e-05,51.038464147263596,False,False,1295,False,0.010402532790592492,False,False,False,-9.254299525007781e-05,1.0551621874022032e-05,0.016006750738804747,False,790,776,nan,nan,nan,False,False
281176866,2211,2211,OK,,0,0.0,3,0.04469610743928228,1.2676862981785568,0.9232625008499876,False,13.126752497722798,1543.5121389922251,0.244,0.23976368404299606,0.0009302619747987856,257.73780992699034,False,False,13,False,0.0,False,False,False,nan,nan,nan,False,15,1,0.025000000000000022,0.02980115863002797,8.952871542524498,True,False
281286325,48132,48132,OK,,0,0.0,5,0.00638300429551752,1.055394746796029,0.9702865321293567,False,17.01801073242722,3728.289399394919,0.12,0.006608798233043106,0.0005109285520829219,12.934877501170693,False,False,345,False,0.0,False,False,False,0.006452277374139004,0.0060749936942954275,0.4485582491937857,False,205,206,-0.15499999999999997,0.0008568942188004192,1.097032303740266,False,False
282345650,33070,33057,OK,,13,0.00039310553371635923,4,0.005215507651194605,1.2082039042637818,0.8895162055237529,False,27.09254689624314,2404.464620166612,0.12,0.3511603424632393,0.00028415033759011477,1235.8258851333342,False,False,94,False,0.0028435732220104667,False,False,False,0.6458773647126644,0.7148257394821508,8.49992307905164,True,60,52,0.03500000000000003,0.0012727481999784684,1.8680243101075473,False,False
283184380,1988,140,UNRELIABLE_DATA,,1848,0.9295774647887324,,,,,,,,,,,,,,,,,,,,,,,,,,,,,,
285526589,1934,1934,OK,,0,0.0,4,0.11143820810895218,1.1602725078700749,0.828041473382324,False,24.186414953795797,1511.0021486616665,0.35000000000000003,0.05271091491154453,0.0005195884201703121,101.44743967593966,False,False,31,False,0.0,False,False,False,0.08773975049167804,0.000683305012131763,29.76092369756113,True,19,18,0.015000000000000013,0.006794308172098917,2.8849588673549706,False,False
287846593,903,903,OK,,0,0.0,2,0.029949246850910743,1.0360824017229957,0.9639175982770042,False,1.7622511272952033,1469.4801215778346,0.084,0.08460774430331733,2.750168269289125e-05,3076.457002581413,False,False,46,False,0.0022148394241417496,False,False,False,0.08928305241939305,0.08270663110654419,0.9041952938113136,False,25,29,-0.375,0.08760245230874641,5.074687970565202,True,False
289799635,1100,1100,OK,,0,0.0,2,0.023741449502995605,1.0692440462093749,0.930755953790625,False,12.365231758167015,1543.9735974262808,0.5,0.10226107662941171,0.0008919450810687461,114.64952136613667,False,False,13,False,0.0036363636363636364,False,False,False,nan,nan,nan,False,0,20,-0.32499999999999996,0.0031761371288758777,0.40123533473298506,False,False
290296164,2211,2206,OK,,5,0.002261420171867933,4,0.21970365906635722,1.5236795062831232,0.4589274016321359,False,17.51667459454205,1550.4272747200596,0.02,0.06027787918739097,0.0013392913214178349,45.0072946964056,False,False,2,False,0.02085222121486854,True,True,True,nan,nan,nan,False,1,3,0.31500000000000006,0.006290919953511054,4.383992966858808,False,False
290342817,1075,1056,OK,,19,0.017674418604651163,2,0.1709955988134767,1.193101813178024,0.8068981868219761,False,13.437707144898448,1627.412075943469,0.084,0.8314975052379874,0.0015737115351702807,528.3671668251556,False,False,5,False,0.011363636363636364,False,True,True,nan,nan,nan,False,1,5,0.08499999999999996,0.23950397947538282,5.768161375953822,True,False
290958279,1086,1086,OK,,0,0.0,2,0.03826832753621012,1.0914242344076222,0.9085757655923776,False,7.689500551692346,1629.6289521380336,0.35000000000000003,0.0018865004910181317,0.0001228893012760567,15.351218303213598,False,False,60,False,0.0,False,False,False,0.0020190749675679243,0.0006363657272484557,2.6787947405607273,False,37,33,0.43500000000000005,0.0012827517428461999,1.7832575759491758,False,False
29216744,1966,1966,OK,,0,0.0,4,0.0858019588078843,1.2084519213772211,0.7504344971769894,False,1.108326864407436,1517.9073292054584,0.35000000000000003,0.04518107130378017,0.0003193285148749633,141.48774443607496,False,False,614,False,0.006103763987792472,False,False,False,0.04264377338540837,0.04088070372379593,0.6220671436383474,False,364,372,0.31500000000000006,0.02044122965221362,2.394824611521185,False,False
294657132,2188,2188,OK,,0,0.0,4,0.027928207204643903,1.090578312425251,0.7843349257425344,False,13.604416399747576,1569.5107181594149,0.12,0.6008258913315335,0.0004288726391870609,1400.942462709709,False,False,11,False,0.0,False,False,False,0.34761310686897695,0.6202980411205181,10.921541503301768,True,6,8,-0.015000000000000013,0.28446986346845327,9.940715086776162,True,False
294852916,2211,2211,OK,,0,0.0,3,0.25110004290394594,1.1994369326892376,0.8853310310386572,False,2.546779832363934,1545.5081197520751,0.244,0.01445934059334241,4.0457544803664797e-05,357.39540457810057,False,False,209,False,0.004522840343735866,False,False,False,0.013998224332255171,0.013362336216435122,0.14667997486742052,False,130,120,0.09499999999999997,0.0011883408951228747,2.433835685166613,False,False
29495157,1175,1175,OK,,0,0.0,2,0.003850712732256544,1.2778401175607748,0.7221598824392251,False,5.147448543522719,1328.1390510646943,0.17,0.08578562529317978,0.00025743170610644683,333.23644002774006,False,False,33,False,0.0,False,False,False,0.06724264570699001,0.004361145008695,20.17096867093843,True,18,19,0.05500000000000005,0.004338545216376555,2.1670020298048396,False,False
295338154,1081,1078,OK,,3,0.0027752081406105457,2,0.005124488685461852,1.059416779596879,0.9405832204031213,False,13.471401980216829,1596.9703743415039,0.084,0.062870941947925,0.001814593732171051,34.6473928754861,False,False,4,False,0.0,False,True,True,nan,nan,nan,False,0,6,0.03500000000000003,0.012633134488499453,5.259842250973885,True,False
296463994,65847,65847,OK,,0,0.0,9,0.020578406799493586,1.7748595322777125,0.0,True,31.43571270680635,1703.24900889155,0.02,0.10006128100795962,0.0015894217196795366,62.954519728177765,False,False,32,False,0.0,False,True,False,0.0007432536597792305,4.1129601924261294e-06,0.20187610116297458,False,26,12,0.125,0.0009746541317522395,4.386347109693266,False,False
298215657,1104,1104,OK,,0,0.0,2,0.014968482751203108,1.0993296956705292,0.9006703043294708,False,3.0975897908114414,1545.9353181725978,0.17,0.0036197085661879617,0.0002213910700321245,16.34983997169683,False,False,66,False,0.0,False,False,False,0.0036436235841664777,0.002396093028364077,1.3817499749623963,False,38,39,0.335,0.0020309646585202623,2.526516789520741,False,False
303470667,1177,1177,OK,,0,0.0,1,nan,nan,nan,False,5.431909907725591,1657.9950011543526,0.12,0.0221977249554096,0.00038960075498817493,56.9755696599801,False,False,22,False,0.0,False,False,False,0.02225657193050079,0.019657956925850484,2.6054124599335258,False,14,14,0.495,0.00323447040353253,3.4446827838608707,False,False
304809821,2188,2188,OK,,0,0.0,4,0.12728296528089175,1.0521437687181143,0.9375366667332401,False,0.7697173295530879,1570.0953709569392,0.244,0.037273270972404966,0.0002931027078676328,127.16795161523324,False,False,705,False,0.0,False,False,False,0.03865842493923577,0.029733864346044636,9.665494783686457,True,434,404,-0.315,0.0066513803731445,2.090718957783972,False,False
304889252,2188,2188,OK,,0,0.0,4,0.07419333276633382,1.1021680086108403,0.8892254728957769,False,0.7932578257742319,1570.0303331180305,0.058,0.05673872415444112,0.00024638900509877146,230.28107172110182,False,False,160,False,0.0,False,False,False,0.05660305120570919,0.051888083287547904,1.2452626242746359,False,98,92,-0.495,0.056909736053726956,3.9462568391942177,False,False
305125669,1107,1107,OK,,0,0.0,2,0.05954067829512523,1.0652824376291707,0.9347175623708294,False,13.096331481390111,1569.5525993454276,0.17,0.06661721087838347,0.0014456255157164319,46.081927964151156,False,False,7,False,0.0,False,True,True,nan,nan,nan,False,0,9,0.03500000000000003,0.008443055421106016,4.255890890817387,False,False
307031606,904,904,OK,,0,0.0,2,0.06663807503470144,1.0735036139333851,0.9264963860666149,False,9.583693586425822,1468.36320458051,0.028,0.2223921971180734,0.002810115644936002,79.13987366279305,False,False,2,False,0.0055309734513274336,False,True,True,nan,nan,nan,False,0,3,-0.09499999999999997,0.031748959859409176,3.8996791343282173,False,False
307392778,1072,1072,OK,,0,0.0,2,0.03969058708195825,1.060494043836928,0.9395059561630723,False,0.7255038097101628,1492.1352183123008,0.5,0.007189128350976457,0.00044450398678558386,16.17337203871759,False,False,730,False,0.008395522388059701,False,False,False,-0.0005585163513512903,-0.0004944281091427971,0.014094235305720482,False,431,450,nan,nan,nan,False,False
308474943,1081,1081,OK,,0,0.0,2,0.020312220940810376,1.0183434272939131,0.9816565727060869,False,0.9247753629601161,1597.4780925445455,0.5,0.00746606065484389,0.00018297984748276118,40.80263896573244,False,False,569,False,0.011100832562442183,False,False,False,0.003101714089509544,0.00213827586438442,0.18959194154775919,False,346,348,nan,nan,nan,False,False
308626100,1081,1081,OK,,0,0.0,2,0.0,1.301918905006333,0.6980810949936672,False,13.177119891004603,1597.5690113755736,0.058,0.05179247841320978,0.0009304870130234577,55.66168865153639,False,False,3,False,0.0,False,True,True,nan,nan,nan,False,0,3,0.255,0.013101320189508936,5.628258351765316,True,False
309240602,12795,12795,OK,,0,0.0,3,0.0398192671285243,1.000532254737166,0.657723064183688,False,4.119454357700242,1792.8409932903596,0.17,0.07069146168103793,0.0003016346396884135,234.36121843983742,False,False,561,False,0.0,False,False,False,0.0993788614958202,0.09659478002537603,4.18950086161204,True,383,293,-0.495,0.00453825222339399,4.620670348557699,False,False
309672362,1081,1081,OK,,0,0.0,2,0.01637894250172289,1.046182961061923,0.9538170389380769,False,1.8162914726229744,1597.7838275449083,0.12,0.004113719872692237,0.0001766613382537278,23.285909148859467,False,False,76,False,0.0,False,False,False,0.004082744749537737,0.003976684571518119,0.22312153884733565,False,34,53,0.44500000000000006,0.0013498443303328056,2.0884718902004904,False,False
309674872,1081,1081,OK,,0,0.0,2,0.026771327463292402,1.0472472663546748,0.9527527336453251,False,12.999681787077638,1600.931803567458,0.5,0.006264440771713013,0.00026200561032601184,23.909567294830868,False,False,29,False,0.0,False,False,False,0.007993290850329515,0.0013611597277168874,7.344901470134176,True,25,10,0.19500000000000006,0.003991958585774724,3.065122802598455,False,False
311062286,21850,21788,OK,,62,0.0028375286041189933,5,0.11983554899651719,1.510432828995618,0.0,True,8.18999306664917,1817.9138374824583,0.17,0.28068514979055426,0.00047888434502019173,586.1230435058791,False,False,347,False,0.019322562878648798,False,True,False,0.22758232458046834,0.3131116895634767,5.302528463153034,True,48,367,-0.345,0.04662164748961384,6.180344761029137,True,False
31123635,1056,1042,OK,,14,0.013257575757575758,2,0.02532206681886385,1.0865411456680656,0.9134588543319343,False,13.10466008998574,1626.842622995507,0.35000000000000003,0.015788331093626023,3.9726691643792354e-05,397.42375819238623,False,False,18,False,0.0,False,False,False,nan,nan,nan,False,2,20,0.125,0.006748829376448606,0.7469382538352209,False,False
313356920,2948,2948,OK,,0,0.0,5,0.35120493368275557,2.315394363604734,0.5634678959948568,False,3.335965931423492,1933.4339892932064,0.5,0.008493786058441581,0.0001604402192370804,52.94050393866905,False,False,504,False,0.0,False,False,False,0.007627645577347519,0.006325658313690141,2.403746004821852,False,315,289,-0.445,0.0030343397630012703,1.5930130129421107,False,False
313569577,1081,1081,OK,,0,0.0,2,0.1588279472469691,1.0457955802876342,0.9542044197123659,False,0.9025875981330647,1597.687018090003,0.084,0.016714168873899725,8.143301126971046e-05,205.25053185791583,False,False,98,False,0.0,False,False,False,0.01787093291277153,0.01695324501530404,0.6309761509828398,False,62,56,0.09499999999999997,0.008008161600277397,3.2273976921824534,False,False
313705269,7846,7846,OK,,0,0.0,3,0.027955422324539743,1.149703098161568,0.9894569389374526,False,6.59526893567919,2718.867983139997,0.058,0.001077398732240099,0.00020031520569776685,5.3785169652356055,False,False,126,True,0.0,False,True,False,0.0007147584951491259,0.0011378868055769154,1.2217079072611403,False,100,47,0.0050000000000000044,0.002009611181197135,6.359710827783535,True,False
315118781,1963,1940,OK,,23,0.011716760061130923,4,0.05279304324028505,1.4735731518795994,0.7560912705812007,False,11.802502302988177,1523.1920758020422,0.02,0.12536293212922225,0.0018300622352383227,68.50200485826466,False,False,1,False,0.008247422680412371,False,True,True,nan,nan,nan,False,1,4,-0.07500000000000001,0.0023768176631461246,1.296677077375307,False,False
315702957,2188,2188,OK,,0,0.0,4,0.048558672673315983,1.0614968755055645,0.9194560922559228,False,27.03281039950611,1582.91110772298,0.5,0.3326540766246921,0.0017834729596956428,186.52039259482854,False,False,18,False,0.0,False,False,False,nan,nan,nan,False,2,20,-0.485,0.00609033432671191,3.305734158836414,False,False
316236490,2188,2188,OK,,0,0.0,4,0.026597480358001663,1.428502401234904,0.8913862714493795,False,27.005968408264383,1582.9249577241678,0.5,0.31015664215085625,0.0017405527627401944,178.19433503559475,False,False,18,False,0.0,False,False,False,0.04316375489062374,0.3047989092050518,40.27480777410583,True,3,20,-0.495,0.04182183234231618,7.965486532602078,True,False
31717527,10172,10172,OK,,0,0.0,2,0.0014698320273464315,1.0005347165574037,0.9994652834425961,False,8.111361712496553,2996.2716615397826,0.17,0.0008619339528429585,4.4042642903309226e-05,19.57044119117101,False,False,221,False,0.0,False,False,False,0.0004838490098617587,0.000754040998894423,1.567992814136944,False,88,176,0.10499999999999998,0.0005372298700536682,1.9721188104713008,False,False
317336819,2263,2263,OK,,0,0.0,3,0.005965795084412789,1.086366387453776,0.7082643492657347,False,7.302141466550282,1631.6688673140638,0.02,0.46285774802489676,0.003473204808698093,133.26531935742534,False,False,1,False,0.005302695536897923,False,True,True,nan,nan,nan,False,1,4,-0.495,0.002621308367655173,1.9623082960951823,False,False
318916172,1081,1078,OK,,3,0.0027752081406105457,2,0.012908972439205297,1.1517731547211103,0.8482268452788898,False,13.158622594806435,1597.5813178902865,0.058,0.2999955288731703,0.0012778060106500807,234.77392215470041,False,False,3,False,0.0,False,True,True,nan,nan,nan,False,0,4,0.18500000000000005,0.011684583984459707,1.1712534204754594,False,False
318928219,1081,1078,OK,,3,0.0027752081406105457,2,0.01817051019764395,1.1184062160964123,0.8815937839035877,False,2.7149268133440856,1598.5533949179667,0.17,0.04183252792257443,0.00010918163773825031,383.1461845522305,False,False,70,False,0.0,False,False,False,0.04102284459864414,0.042634658938045744,0.9269063835471342,False,39,47,0.495,0.021120503081493047,3.824561481710549,False,False
319184580,47644,47644,OK,,0,0.0,7,0.04117912789133189,1.1801543902267901,0.23271748641382778,True,1.3351644703740522,1956.271936152449,0.12,0.014091790656643243,6.804814111310189e-05,207.08560772029716,False,False,4392,False,0.0,False,True,False,0.008292633290203133,0.018809800736428572,75.5924667896372,True,2562,2707,-0.305,0.0010381920464352934,1.1385491836744763,False,False
319485583,2188,2188,OK,,0,0.0,4,0.06562357205428962,1.5448165933028224,0.49512705327442713,False,27.201624386212394,1569.5251794796152,0.12,0.345598921875944,0.001318931316149791,262.0295064983462,False,False,6,False,0.0,False,True,True,nan,nan,nan,False,0,8,0.495,0.11213321161813317,7.6790956423795524,True,False
319926294,1072,1072,OK,,0,0.0,2,0.06090632466876158,1.0032802280894306,0.9967197719105692,False,12.11792908887081,1491.7512676999654,0.058,0.08448257575296109,0.0010292445884876548,82.0821179901442,False,False,6,False,0.002798507462686567,False,True,True,nan,nan,nan,False,0,7,-0.015000000000000013,0.026046371154817005,3.6467392331419757,False,False
320474615,1072,1072,OK,,0,0.0,2,0.007635502707882324,1.0023791203260046,0.9976208796739955,False,4.5843941258433105,1494.74429676371,0.244,0.015467464747477922,0.000712048331673889,21.722492785169344,False,False,43,False,0.007462686567164179,False,False,False,0.015259635323485843,0.006787095517376218,1.0882779925294617,False,29,27,-0.125,0.004266092960672152,2.3592667518083226,False,False
322089858,2292,458,UNRELIABLE_DATA,,1832,0.7993019197207679,,,,,,,,,,,,,,,,,,,,,,,,,,,,,,
323775614,2188,2179,OK,,9,0.004113345521023766,4,0.09124834304968085,1.4896587191597914,0.6193233655329213,False,14.106123751470804,1583.063196012393,0.35000000000000003,0.5513851305924645,0.0012709587606720377,433.8340059915962,False,False,18,False,0.0,False,False,False,0.001634452016714194,0.6060972490606318,53.689937410608266,True,4,20,-0.10499999999999998,0.008417674879855008,2.7012497905327573,False,False
323961620,2188,2188,OK,,0,0.0,4,0.04889832502741859,1.3240602251850657,0.9200817968009725,False,1.5750813413094313,1570.427400229918,0.084,0.004331130062652565,7.078005130076249e-05,61.19139479354838,False,False,108,False,0.0,False,False,False,0.0023768263689956104,0.0029587540984089555,1.7079226168215682,False,63,67,-0.375,0.0007361996576700225,2.0968475050666004,False,False
326260517,240405,240405,OK,,0,0.0,35,0.03754720108291035,2.4823051687188182,0.5416643199810218,False,35.206903038374826,1693.4262736956707,0.02,0.01982350215914275,0.0002174769927506919,91.15218078202749,False,False,118,False,0.0040473367858405605,False,False,False,-8.647559816665762e-05,0.0,0.02745536921812101,False,66,79,-0.495,0.0,0.0,False,False
329691265,1081,1081,OK,,0,0.0,2,0.12381476959962794,1.0095622973185299,0.9904377026814701,False,7.311956370058054,1598.277057022936,0.02,0.10719031452208037,0.0009492248912304094,112.92404519980252,False,False,2,False,0.0,False,True,True,0.007825527477049343,0.008935295638437757,0.16297463600571735,False,3,3,-0.375,0.007250771984663507,3.0796071761533392,False,False
329832608,2164,2164,OK,,0,0.0,4,0.03204432589306824,1.1486264832578028,0.8767851990745748,False,13.945488523013434,1597.9240668985822,0.5,0.03963810645659583,0.00010262143439867035,386.2556267008232,False,False,49,False,0.0,False,False,False,0.04892088620563584,0.0022170452896225212,36.366107419512645,True,15,40,0.05500000000000005,0.0028946958301520054,3.9857498828690345,False,False
330234939,2244,2244,OK,,0,0.0,4,0.03932164917940245,1.0656187942047863,0.7801778413036144,False,13.386822455766584,1749.7705968809998,0.5,0.22011833146280022,0.0055819340665288686,39.4340615348187,False,False,44,False,0.0,False,False,False,0.2486446382373798,0.17916820214097573,15.093077864395841,True,25,31,-0.044999999999999984,0.04084304169988928,5.2368596379548675,True,False
330901906,34792,34792,OK,,0,0.0,5,0.04256715560766217,1.411417941364848,0.4195015251595139,False,3.732068126022025,1740.9150211674748,0.244,0.004983198181200642,8.291810943970682e-05,60.097826818207075,False,False,2373,False,2.8742239595309267e-05,False,False,False,0.00484355505626799,0.0049287180252403084,0.36011105784184183,False,1433,1398,0.495,0.0010998102178535474,4.275511893820856,False,False
33091659,1072,1072,OK,,0,0.0,2,0.02341241520100706,1.0985610801970254,0.9014389198029749,False,0.8148588033465871,1492.2258415653992,0.5,0.0022994902557711607,3.05878871394294e-05,75.17649863455252,False,False,655,False,0.0,False,False,False,4.126266404558265e-06,0.0003217855851604945,0.4576875295394763,False,386,401,nan,nan,nan,False,False
331023501,2164,2164,OK,,0,0.0,4,0.06200413819300774,1.2314068352488345,0.8157462037254555,False,27.52922125650633,1611.6941931583092,0.5,0.7270180951111554,0.0005922281748269727,1227.5979529740603,False,False,10,False,0.0,False,False,False,-0.0027077239518309426,0.7271145915331989,21.870656902623963,True,3,11,-0.024999999999999994,0.16072894022250883,9.108727361755953,True,False
332950091,1084,1064,OK,,20,0.01845018450184502,2,0.08156905739778583,1.0724886104600804,0.9275113895399196,False,12.52201840032675,1571.8091329055317,0.244,0.07838274360673504,0.0015952576962385337,49.134847486744064,False,False,23,False,0.0,False,False,False,0.18825585632978992,0.008924691656920114,32.323820005444624,True,13,14,-0.024999999999999994,0.019856666689018976,2.7416581678424086,False,False
333584947,30682,30650,OK,,32,0.001042956782478326,3,0.011140438374308313,1.190992205600743,0.7499310710803448,False,27.89193182635114,3507.618222771569,0.028,0.7078190212567409,0.0013121766232260992,539.4235872885062,False,False,12,False,0.0033605220228384992,False,False,False,nan,nan,nan,False,14,1,0.07500000000000001,0.00246126558821147,2.107789286795908,False,False
333745611,964,964,OK,,0,0.0,3,0.19190728174677602,1.2357127863387514,0.6466139742474725,False,13.419642990112907,1600.2232348563568,0.5,0.15278602090568244,0.00021872406661000536,698.5331942374071,False,False,28,False,0.002074688796680498,False,False,False,0.15183258186640403,0.00019898422187980547,12.359324272926292,True,29,6,-0.08499999999999999,0.13462324658380054,8.206348294625236,True,False
335026399,3468,3100,OK,,368,0.1061130334486736,6,0.13513015690913235,2.378202340874752,0.0,True,24.639259461734394,1751.3536203849999,0.5,0.3782158505973413,0.014624672701239235,25.86149162608561,False,False,25,False,0.000967741935483871,False,True,False,nan,nan,nan,False,29,0,-0.024999999999999994,0.1796438920044504,6.383179961740411,True,False
335217393,25719,25691,OK,,28,0.0010886892958513162,2,0.0005465195869393032,1.2757178613571123,0.7242821386428877,False,33.73200065710837,2777.679168620144,0.04,0.5713247852951269,0.0030455523971980006,187.59315578374643,False,False,14,False,0.0017126620217196684,False,False,False,nan,nan,nan,False,16,0,-0.024999999999999994,0.03571288651305049,7.712521169002386,True,False
335504077,58901,58901,OK,,0,0.0,9,0.042827616827668696,1.0960331175777709,0.977433186590623,False,6.3318542729325635,1846.36416523264,0.04,0.00022764638661608354,2.4836677674717897e-05,9.16573422570977,False,False,376,True,0.0,False,True,False,0.00019108717146942844,0.0002385527995576453,0.9365734168916424,False,242,209,-0.435,8.481241131463868e-05,2.3205783289196886,False,False
338100526,1049,1029,OK,,20,0.019065776930409915,2,0.12315926504328716,1.1166347571361201,0.8833652428638801,False,10.36589136790776,1626.2360973396337,0.02,0.9385738069593745,0.0006138623801516766,1528.9645322905542,False,False,3,False,0.0058309037900874635,False,True,True,nan,nan,nan,False,1,3,-0.135,0.2553793746693238,3.9044671432678304,False,False
34044618,1049,1029,OK,,20,0.019065776930409915,2,0.049504051634195134,1.1450823471761742,0.8549176528238257,False,12.959199189643149,1627.9412052890516,0.35000000000000003,0.06020780568551718,0.0003762840510182334,160.00626527378307,False,False,22,False,0.0,False,False,False,-9.202794446205864e-05,0.06872552821381506,9.429939167968266,True,8,18,-0.05499999999999999,0.12741319647560323,9.514018278889042,True,False
341194762,3073,3073,OK,,0,0.0,5,0.11491617954687292,1.072873396027595,0.8499214352311388,False,33.44706829871666,1535.1779690298815,0.35000000000000003,0.03276209341611513,9.936834734705776e-05,329.70351516151277,False,False,17,False,0.0009762447120078099,False,False,False,nan,nan,nan,False,2,19,0.015000000000000013,0.0022404742510352404,4.844266826664752,False,False
341355560,9612,9612,OK,,0,0.0,7,0.04220001015538392,1.3399059666737243,0.8227609145013298,False,6.474126647657943,2718.9359180524402,0.17,0.0005400956551672266,8.042926025781737e-05,6.715163777907949,False,False,244,True,0.0,False,True,False,0.00043782271942682804,0.00015405679177904474,1.746574862719856,False,147,148,-0.22499999999999998,0.00048109916543626063,2.350551431644996,False,False
341797047,4145,4145,OK,,0,0.0,7,0.1199572270620398,1.0688192303097228,0.8636877639510172,False,33.87109125883954,1500.8437723158916,0.244,0.04119099340282013,0.0002539469598114824,162.20313656599106,False,False,11,False,0.0004825090470446321,False,False,False,nan,nan,nan,False,0,15,0.06500000000000006,0.0006649273820085178,0.21457291549067214,False,False
342315249,44919,44919,OK,,0,0.0,18,0.04155104272670849,1.6580238498197222,0.0,True,0.704596202535474,1518.413955392567,0.12,0.0001583377505233781,1.0307379485193715e-05,15.361591251280329,False,False,7697,False,0.0,False,True,False,7.405888281497575e-05,9.196327176108632e-05,0.8522996636571015,False,4582,4652,-0.485,9.107385556639258e-05,1.704899854244885,False,False
342332744,52084,52076,OK,,8,0.00015359803394516551,9,0.0340920871883424,1.3233426981948582,0.0,True,2.112782270832816,1740.859067701776,0.5,0.5013151413294927,0.0015743278992578135,318.43121218002176,False,False,2871,False,0.014229203471848837,False,True,False,0.27954659618819866,0.04763586544391929,86.07378345002168,True,1650,3809,0.275,0.015581988678715186,2.540658588375608,False,False
343034455,1086,1086,OK,,0,0.0,2,0.009792923449638398,1.05902159673341,0.94097840326659,False,3.110793937829511,1625.215652003254,0.12,0.039890893820705646,0.0014458978460491075,27.58901255002687,False,False,30,False,0.0,False,False,False,0.03219680039044981,0.041650688428702454,2.5015230903228,False,18,20,0.245,0.009964803394989619,2.9602219736990367,False,False
348337110,1048,1033,OK,,15,0.01431297709923664,2,0.3427923182542417,1.0397638984891862,0.960236101510814,False,13.471001942144085,1628.3497996315464,0.5,0.8504181927891795,0.0005507851541378502,1544.0107388521537,False,False,7,False,0.001936108422071636,False,True,True,0.4141909668077336,0.0022919900054796383,12.572873894899164,True,9,7,-0.05499999999999999,0.2747257613231414,8.776188713831907,True,False
348901745,862,861,OK,,1,0.001160092807424594,2,0.02142463191270142,1.030628893326687,0.9693711066733129,False,12.261419899662956,1517.5382678575702,0.17,0.5661649264530333,0.00189097085333265,299.40436440637006,False,False,9,False,0.0,False,True,True,nan,nan,nan,False,0,11,0.025000000000000022,0.09478167622949596,5.777778303865095,True,False
349477745,46905,46905,OK,,0,0.0,45,0.04229434492154727,1.6250190854476847,0.7599574446670448,False,17.196342444120997,1337.1206520004425,0.17,0.00033098692489720653,5.364477692832258e-05,6.169974857747184,False,False,486,True,0.0,False,True,False,0.00034489029764461776,0.0001319418830596497,2.007102278795787,False,321,262,-0.29500000000000004,0.00014562627021208474,2.194335157275085,False,False
349482650,51291,51291,OK,,0,0.0,47,0.4509729152951931,1.1806652554201964,0.5359723701108051,False,39.20400292627966,1351.387568694162,0.02,0.0013921728515492572,0.0002380917289224824,5.847212155792774,False,False,31,True,0.0,False,True,False,0.0013058979828306505,0.0011155191719336432,0.391838405734892,False,18,17,0.495,0.00019702497234375116,3.034998660322576,False,False
349697123,50439,50395,OK,,44,0.0008723408473601777,9,0.16187239987038496,1.1786319052042626,0.0,True,36.746294243069755,1837.7137761715617,0.02,0.5584668922226309,0.0024390767011135666,228.96651506189266,False,False,6,False,0.0011310645897410457,False,True,True,nan,nan,nan,False,7,2,0.0050000000000000044,0.09432098667747013,9.92637846582175,True,False
350477886,13367,13352,OK,,15,0.0011221665295129796,24,3.4228073598765625,9.063795579733137,0.6844470854970394,True,2.1769122482150984,1326.474781636391,0.084,0.1274424669733152,0.0001287900830922892,989.5363362875672,False,False,520,False,0.005167765128819652,False,True,False,0.10093948415293053,0.13259505603373145,7.573029803725831,True,316,306,-0.034999999999999976,0.007965019328283973,6.213846371753831,True,False
3516691,1962,1962,OK,,0,0.0,4,0.055540228538701386,1.066328279260731,0.9754832353703312,False,0.9593438431486403,1517.6185797928556,0.12,0.013315527265156484,0.0002654564726862375,50.16086867429706,False,False,244,False,0.0,False,False,False,0.00893000401204902,0.016212027714931465,1.1096164985870502,False,150,143,0.18500000000000005,0.0026764418406034496,2.1663170609564846,False,False
355228225,3073,3073,OK,,0,0.0,5,0.07372256051677707,1.1366814785556827,0.9468903381966108,False,21.937504759097628,1523.1268396625092,0.02,0.27775679127551284,0.001188285576826394,233.7458239772042,False,False,1,False,0.00585746827204686,False,True,True,0.0011620858397802802,-0.0011868885915606864,0.11174126183427094,False,4,4,-0.215,0.0013154413982985336,0.2565000976101985,False,False
355981677,25483,25468,OK,,15,0.0005886277125927089,3,0.05906743297582745,2.053852411922636,0.7938388989041395,False,0.7965179110001707,2770.076997287688,0.17,0.2060720588114488,0.00014830644822481231,1389.5016789767071,False,False,5576,False,0.0069498979111041305,False,False,False,0.2783580989851312,0.003113351547435972,185.68828575592107,True,3277,3399,0.46499999999999997,0.015300966334861776,2.537771110619921,False,False
356056529,22986,22945,OK,,41,0.0017836944226920733,9,0.013397308259940257,1.6614968530161258,0.0,True,30.284497511065265,1995.996742987904,0.02,0.6748688270246139,0.0020940711063002736,322.2759843226847,False,False,2,False,0.006929614295053389,False,True,True,nan,nan,nan,False,0,2,-0.175,0.000975642626282025,2.3044841176770072,False,False
356064919,4021,4021,OK,,0,0.0,7,0.07007918059506858,1.1484692423717886,0.5958243142026527,False,1.8602620596259094,1984.0430524196627,0.35000000000000003,0.00017751984232566587,3.1380489203355106e-05,5.6570132216640525,False,False,804,True,0.0,False,True,False,8.524093252604281e-05,0.00014620034969625717,1.2931531904556688,False,513,450,0.335,0.0002514753807812964,2.0373592824866713,False,False
356276681,29379,29349,OK,,30,0.0010211375472276116,4,0.04774683499788939,1.693845934589575,0.9622011311260965,False,25.185976362601274,2405.2827069923055,0.084,0.8016801760164859,0.0016420766963216834,488.21116444334245,False,False,6,False,0.003407271116562745,False,True,True,nan,nan,nan,False,9,0,0.04500000000000004,0.009304432011087771,1.7827119039014692,False,False
356451290,3292,3288,OK,,4,0.001215066828675577,6,0.03071672477637524,1.3761164661067382,0.7456691369813763,False,37.892839039503656,1546.3410363639741,0.02,0.10500550698240584,0.0026902713629650674,39.0315670113942,False,False,2,False,0.012469586374695864,False,True,True,nan,nan,nan,False,1,3,0.275,0.005394953223182952,3.5430741560086023,False,False
356499723,9923,9923,OK,,0,0.0,5,0.08088933386211349,1.4220134261989064,0.6115761861310652,False,38.22694584498643,1713.809093879137,0.02,0.5780927531441253,0.006130768720870887,94.29368150459379,False,False,1,False,0.0,False,True,True,nan,nan,nan,False,3,0,0.08499999999999996,0.0031993130776228895,2.5529140099498497,False,False
35727587,1086,1086,OK,,0,0.0,2,0.06598001083022133,1.1043013659473588,0.8956986340526413,False,0.7470882998160427,1625.2330189584864,0.35000000000000003,0.0019910663231604707,3.421575882008285e-05,58.19149981825976,False,False,503,False,0.0,False,False,False,0.002006308014997349,0.0018035440562705896,0.5444262328650106,False,297,304,nan,nan,nan,False,False
358453926,2211,2211,OK,,0,0.0,3,0.05723371898551173,1.1955363970491744,0.9282224764626673,False,24.482688363802204,1560.2739975950685,0.02,0.05829509695102116,0.0006121659688095333,95.22760153490148,False,False,1,False,0.0,False,True,True,nan,nan,nan,False,1,2,0.015000000000000013,0.0016682475208991132,4.634736925483581,False,False
35877600,1051,1029,OK,,22,0.02093244529019981,2,0.0030360290265932584,1.1670700682120954,0.8329299317879045,False,13.148618490153147,1627.2251659623755,0.17,0.20861743861328877,0.000977581115489462,213.40166591581178,False,False,10,False,0.0,False,False,False,0.0004533472453562837,0.28155007686547817,29.358866046937653,True,3,9,0.10499999999999998,0.04116014625722042,6.067010435210288,True,False
358892555,19717,19681,OK,,36,0.0018258355733630877,6,0.11325709227554846,1.310494838106776,0.0,True,37.78903071990725,1701.6372744346759,0.028,0.8310663658090868,0.003428018719686336,242.4334386030218,False,False,3,False,0.0006097251155937198,False,True,True,nan,nan,nan,False,0,3,-0.495,0.007331520821085014,4.179649674937802,False,False
359416551,2292,229,UNRELIABLE_DATA,,2061,0.8992146596858639,,,,,,,,,,,,,,,,,,,,,,,,,,,,,,
360124630,2211,2211,OK,,0,0.0,4,0.04134640376310548,1.1009924441382877,0.933153275268038,False,13.136559401720016,1543.3392753163114,0.028,0.7820041704985667,0.0005650683984991528,1383.9106426330072,False,False,2,False,0.006331976481230212,False,True,True,nan,nan,nan,False,0,3,0.03500000000000003,0.1810469437615282,5.839642320753997,True,False
361568408,1086,1086,OK,,0,0.0,2,0.021476927109990083,1.0849501713673633,0.9150498286326367,False,13.942279224512761,1626.0948837157105,0.5,0.05387385945870261,0.0014594421932221811,36.91400708359609,False,False,29,False,0.0,False,False,False,0.049304721770321636,0.057722169442322446,1.08444813708004,False,7,25,0.03500000000000003,0.03414479899764644,2.063494847915997,False,False
362115607,1086,1086,OK,,0,0.0,2,0.11314062302251358,1.0265268427002678,0.9734731572997322,False,0.8076008601229427,1625.138115299038,0.17,0.03315086780666838,0.0003295747561568007,100.58679309436036,False,False,240,False,0.001841620626151013,False,False,False,0.03490507590029046,0.02289059384671488,5.425553176857875,True,151,140,0.235,0.006858154018058227,2.4051822063991573,False,False
363736935,28669,28669,OK,,0,0.0,3,0.0,1.4665644296391904,0.7328223888240829,False,34.4426599277983,2722.023194920374,0.244,0.4682653389987663,0.000859149897490614,545.033340941395,False,False,43,False,0.0030695175974048625,False,False,False,nan,nan,nan,False,0,66,-0.135,0.002245882202616789,2.63966969117709,False,False
366004177,1177,1177,OK,,0,0.0,1,nan,nan,nan,False,10.948481857023289,1663.4428833053207,0.02,0.10516699890482051,0.0006358618251665226,165.39284911038473,False,False,1,False,0.0,False,True,True,nan,nan,nan,False,1,2,0.455,0.0038935909392292523,3.485411618966802,False,False
366749440,27824,27824,OK,,0,0.0,9,0.02129276471554978,1.4228238325403786,0.920765199662258,False,20.496759694328677,2916.8249983762375,0.244,0.00041399798840853074,2.1552808919019303e-05,19.208539822537826,False,False,243,False,0.0,False,False,False,0.0005828633138653672,0.0003026475590174327,5.3530924046565955,True,92,207,-0.135,0.00014151311216559215,2.226741954500532,False,False
366812186,39729,39720,OK,,9,0.00022653477308766896,10,0.04280093762663654,1.591945143183333,0.0,True,39.69096696830685,1851.817600256993,0.12,0.6695250579330507,0.0017433035074221948,384.0553610329567,False,False,30,False,0.0015357502517623365,False,True,False,nan,nan,nan,False,40,0,0.015000000000000013,0.0030621264971080198,4.336585535328174,False,False
367167782,31261,31261,OK,,0,0.0,8,0.006881401594014425,21.554200786877935,0.0,True,36.08696491197163,1711.0791460647376,0.35000000000000003,0.1402447141763026,0.0004012914507186078,349.4834338612524,False,False,298,False,0.000575797319343591,False,True,False,0.00023787368405581155,0.5133978274163908,185.524882521487,True,181,162,-0.0050000000000000044,0.002075803567455181,0.5994851220412715,False,False
367301645,2771,2768,OK,,3,0.0010826416456153013,2,0.02116231214663103,1.040105661131266,0.9598943388687339,False,13.102487626568601,2779.501110529682,0.12,0.4167948674570574,0.0001741009823473352,2393.98343327864,False,False,18,False,0.0032514450867052024,False,False,False,-0.0087209264757111,0.6718619726994203,29.72602610998556,True,10,13,0.04500000000000004,0.012046279477461619,2.1281780759757085,False,False
367854604,214214,214213,OK,,1,4.668228967294388e-06,17,0.05069108569668131,1.638065144161612,0.5834661568083653,False,39.495459681619494,2410.7477124721568,0.5,0.045260314342158194,0.0006217013908643774,72.80072878593835,False,False,2408,False,0.0007235788677624607,False,False,False,0.009053648578934315,-0.0002832043951142005,5.8591557251735455,True,1463,1440,-0.33499999999999996,0.003182034331533856,3.597654135831443,False,False
370596397,23519,23519,OK,,0,0.0,4,0.0085841539886487,2.865284118081034,0.0,True,31.152414704437305,1820.7778883535286,0.12,0.6799402147923124,0.0006647355890369906,1022.8731935014174,False,False,46,False,0.0005527445894808453,False,True,False,nan,nan,nan,False,0,58,0.015000000000000013,0.005855648126875557,1.9069592847197658,False,False
373702198,6434,6434,OK,,0,0.0,1,nan,nan,nan,False,7.364592006932559,3437.9038545206554,0.058,0.0016441689625193425,0.00027582884281778376,5.960830440076576,False,False,37,True,0.0,False,True,False,0.0014784409223475015,0.0011680428608726867,0.5847692194484498,False,15,29,0.17500000000000004,0.0007931582949276539,2.430779854375599,False,False
374042630,35603,35369,OK,,234,0.006572479847203887,8,36.022863417308194,4.766880848585144,0.504947633349846,True,0.8277039772179968,2825.612049335417,0.5,0.03278066701625931,0.0004186649550724667,78.29809163412139,False,False,21718,False,0.01713364810992677,False,True,False,0.0010488647006278162,0.0009278226813607127,0.06466547223013817,False,13048,12909,nan,nan,nan,False,False
374139336,44998,44998,OK,,0,0.0,5,0.0349523359518163,1.0073149897046194,0.0,True,23.893735625571434,1750.1696062437925,0.12,0.012475499204898089,0.0004772396038101714,26.14095541379334,False,False,266,False,0.0,False,True,False,0.013048193142147557,0.01693461016803921,3.2046690725253257,True,187,131,-0.07500000000000001,0.0007934255427389791,1.240064134133605,False,False
374684661,1107,1107,OK,,0,0.0,2,0.011692760668406316,1.047385929719439,0.9526140702805607,False,0.6660762713823981,1569.8588994975466,0.5,0.002578842057472352,2.770230397201297e-05,93.09124829753148,False,False,823,False,0.0,False,False,False,6.279469076375666e-05,4.738606111365229e-05,0.013213467908472552,False,489,506,nan,nan,nan,False,False
375578998,13705,13695,OK,,10,0.0007296607077708865,3,0.02827507853771622,1.2415371669205506,0.7096370831152283,False,23.76951980871455,2779.3912080838504,0.02,0.8623848876735436,0.00036124132334435145,2387.2819413062543,False,False,3,False,0.007667031763417305,False,True,True,nan,nan,nan,False,2,2,-0.015000000000000013,0.028841274228200042,3.130243850333658,False,False
376023348,96436,96436,OK,,0,0.0,13,0.02005538485816349,2.435737605500773,0.0,True,39.15026595573807,1711.7007291487218,0.084,0.08420150436013658,0.0005997464291025462,140.39517415074027,False,False,151,False,0.0,False,True,False,0.0006622435078378341,0.010512948281844237,8.009376312923148,True,86,88,0.32500000000000007,0.0001957608367235686,3.996470292229457,False,False
376797272,12292,12292,OK,,0,0.0,4,0.009449409348043707,1.5197535866189915,0.6594245727018296,False,2.995021047644369,2553.778821827497,0.02,0.0015040494125182966,0.00029620042141651994,5.077809833373895,False,False,93,True,0.0,False,True,False,0.0008324181940582154,0.0010022996728058509,0.2756465499082182,False,54,56,-0.475,0.0006229202771563802,2.13654349403962,False,False
378067576,23440,23440,OK,,0,0.0,8,0.31903303927482984,1.2042045998144704,0.7575298252731577,False,1.1061276196860994,1683.7939536637634,0.17,0.06045609196429452,0.0006628510171927977,91.20615401682363,False,False,3657,False,0.0014078498293515359,False,False,False,0.0692816650477226,0.06830199754973432,0.8242031162292747,False,2216,2179,-0.495,0.11111182780380502,2.9057132561533665,False,False
378267838,63506,63498,OK,,8,0.00012597234906937927,11,0.31814109605799124,15.94113165913063,0.0,True,0.7269795151859951,1683.4980910394247,0.17,0.035534975862500776,6.728583750930142e-05,528.1196932056989,False,False,14919,False,0.02626854389114618,True,True,False,0.002808702049228229,0.058393712429833045,30.98113392664374,True,8960,8950,-0.495,0.003686640443059108,1.472977503636149,False,False
378373317,3453,3453,OK,,0,0.0,5,0.06721627485402315,2.4990627233900775,0.8613292191672032,False,28.722781569783336,1790.4760338370002,0.35000000000000003,0.21485735481811297,0.019861685773703324,10.81767969074317,False,False,17,False,0.034462785983203015,True,True,False,nan,nan,nan,False,0,21,-0.024999999999999994,0.25101203074314715,7.381023381735383,True,False
381979036,13367,13365,OK,,2,0.00014962220393506396,24,1.7653101868634538,5.455143985919523,0.7006813712776823,True,39.22551836118936,1346.4450869628197,0.02,0.9395434853682958,0.0002992692572695093,3139.4587400675855,False,False,2,False,0.002768424990647213,False,True,True,nan,nan,nan,False,2,2,-0.185,0.0007944462416817899,2.559838550533134,False,False
382024699,1053,1042,OK,,11,0.010446343779677113,2,0.012574129697394373,1.0109305638641064,0.9890694361358935,False,13.418852108122348,1628.3898947794785,0.5,0.03477354458008381,5.7221714065389723e-05,607.6984086905642,False,False,14,False,0.0,False,False,False,0.034778391256442553,5.718084155947878e-06,22.00617045666624,True,16,7,0.43500000000000005,0.004029068135849467,2.1981300904750225,False,False
383076940,1081,1081,OK,,0,0.0,2,0.023632814772072994,1.0092263885270922,0.9907736114729079,False,0.7803467599286892,1597.304049269448,0.5,0.01937848124527444,0.0031977377371497574,6.060059591549581,False,False,677,True,0.02127659574468085,True,True,False,-0.0012490057333627291,0.0015355703806707588,0.6849595231124939,False,428,398,nan,nan,nan,False,False
383287519,3073,3059,OK,,14,0.004555808656036446,5,0.09004464988912714,1.2522642435753444,0.8073064642288663,False,14.604645018607295,1524.1266307447163,0.02,0.2382637434186855,0.0018534039280800065,128.55467705062526,False,False,1,False,0.007191892775416803,False,True,True,-0.0015433145397878434,-0.00023936351768272246,0.02997543699876654,False,4,4,0.43500000000000005,0.002715937930812262,2.676468280647086,False,False
383290559,3073,3066,OK,,7,0.002277904328018223,5,0.085148922195723,1.1632304764157007,0.8322045468798727,False,17.52305250925403,1532.9128032460926,0.02,0.12902521304490783,0.0009033307075348991,142.8327543486316,False,False,2,False,0.007175472928897586,False,True,True,nan,nan,nan,False,3,1,0.10499999999999998,0.0018562033902180808,2.577153148396035,False,False
383767904,962,960,OK,,2,0.002079002079002079,3,0.03092599924548625,3.90441550860469,0.8572462497389891,True,2.483105816834534,1597.155244630953,0.084,0.026749702086602236,0.00028394411014895425,94.20763146863519,False,False,36,False,0.003125,False,True,False,0.02672149560900061,0.02560001361503428,0.12844916485007818,False,23,19,0.485,0.0021986753501528344,2.0953676381422643,False,False
385172967,2211,2206,OK,,5,0.002261420171867933,3,0.12049763136949765,1.2579570440646592,0.8376851306099083,False,24.609672510486124,1543.3394089629057,0.028,0.8180755300171232,8.6021981509631e-05,9510.075397711358,False,False,4,False,0.0,False,True,True,nan,nan,nan,False,1,4,-0.445,0.011615302479402234,6.252664745982838,True,False
385450616,16507,16506,OK,,1,6.0580359847337494e-05,5,0.002877863171333792,1.3202857362897986,0.0,True,39.44132321097826,1869.6597023516265,0.028,0.470561832872199,0.0025975987495209336,181.15262526938895,False,False,12,False,0.004059130013328487,False,True,False,nan,nan,nan,False,15,0,0.04500000000000004,0.0010319675174570442,0.24118865966616213,False,False
386140833,1072,1072,OK,,0,0.0,2,0.036336551381005694,1.1076039267893831,0.8923960732106168,False,0.7691852445569397,1492.1634276709399,0.5,0.006413813056136511,5.435399902259417e-05,118.00075746902048,False,False,697,False,0.007462686567164179,False,False,False,0.00013439978508023032,0.00019598389010322403,0.022716102652525428,False,416,424,nan,nan,nan,False,False
386206443,1072,1072,OK,,0,0.0,2,0.01226060014989231,1.0210086118534298,0.97899138814657,False,7.328388787150551,1494.4293647456461,0.244,0.01705324604348923,0.0006242318461288148,27.31876969950387,False,False,35,False,0.005597014925373134,False,False,False,0.013744623600617678,0.008507332329096173,0.5654750685105213,False,14,28,0.41500000000000004,0.0063954865981264986,3.540365929890036,False,False
386512970,1104,1104,OK,,0,0.0,2,0.004134750489626828,1.0077220910898774,0.9922779089101225,False,6.344294148702446,1544.439709533485,0.02,0.0391437544589236,0.0013154911161644034,29.756000612954058,False,False,2,False,0.0018115942028985507,False,True,True,nan,nan,nan,False,1,4,-0.15499999999999997,0.003035406785051764,2.226873050019399,False,False
386850204,1104,1104,OK,,0,0.0,2,0.06533877578819226,1.1201655023036952,0.8798344976963048,False,12.397480330712611,1543.3397098677046,0.028,0.39868043384993485,0.0009298411736532403,428.7618629357579,False,False,2,False,0.0,False,True,True,nan,nan,nan,False,0,2,0.05500000000000005,0.035102866660835175,6.76073879825431,True,False
387142107,904,904,OK,,0,0.0,2,0.009396568290829736,1.0316291955205343,0.9683708044794657,False,1.7165187147790577,1469.27115763786,0.084,0.0457525891663695,0.0002481809911928505,184.35170617405257,False,False,47,False,0.0,False,False,False,0.04353911791486764,0.04171909193745216,1.8652091622193008,False,21,34,0.345,0.002052051237981911,2.1354043836914967,False,False
393915029,862,842,OK,,20,0.02320185614849188,2,0.02873279702425279,1.0164093781437233,0.9835906218562767,False,1.0700444187083187,1518.6677841724475,0.5,0.007000751124663997,0.0001499846065504395,46.676464243079906,False,False,372,False,0.014251781472684086,False,False,False,0.0003216306038757999,0.0002516574702213781,0.007720396767560095,False,233,220,nan,nan,nan,False,False
393920926,862,862,OK,,0,0.0,2,0.08074741990049725,1.0527933078284188,0.947206692171581,False,12.271617297366227,1517.491074552976,0.12,0.18197665563281681,0.0007558635419864583,240.75331792636857,False,False,7,False,0.0,False,True,True,nan,nan,nan,False,0,9,0.015000000000000013,0.03400848010751245,5.419213032850038,True,False
394004289,2292,290,UNRELIABLE_DATA,,2000,0.8726003490401396,,,,,,,,,,,,,,,,,,,,,,,,,,,,,,
394083846,1062,1062,OK,,0,0.0,2,0.0,1.0712082855354859,0.9287917144645143,False,13.294117986920307,1326.4403159464732,0.058,0.013156399152136854,0.0017217247438188713,7.641406792444247,False,False,7,True,0.0,False,True,True,0.0071026279506494205,0.00913321164833858,0.5627833258938729,False,4,7,-0.315,0.007761488034692343,3.7489633829378897,False,False
394085020,1062,1062,OK,,0,0.0,2,0.0,1.0033543847687854,0.9966456152312148,False,0.7152064916664156,1325.4925144967008,0.058,0.01812210867830181,0.0002997391468929965,60.45959917531625,False,False,93,False,0.0,False,False,False,0.01642759279689221,0.020479414739085433,1.39571424796356,False,56,59,-0.395,0.025134464026871806,1.637214779006142,False,False
394420407,25464,25451,OK,,13,0.0005105246622683004,3,0.1458431490288402,1.059805012971968,0.9576791331611381,False,26.2727925718536,2779.050097656782,0.04,0.5223103091295546,0.0011693381261220085,446.6717517043114,False,False,34,False,0.0017288122274173902,False,False,False,0.4125823232409366,0.6553922311921985,18.500398655817378,True,13,27,0.0050000000000000044,0.0114548744580254,3.563398695176015,False,False
3959001,798,798,OK,,0,0.0,2,0.0017974233467555319,1.0736432781128828,0.9263567218871173,False,1.4607847976370167,1387.2461072802264,0.04,0.0031674976347585253,0.0008023169504981336,3.947938072094731,False,False,23,True,0.0,False,True,False,0.0024501536433820803,0.0025071676183535674,0.04985184418572908,False,14,14,-0.11499999999999999,0.0035143097520435873,3.0303116782334065,False,False
397004767,20382,20382,OK,,0,0.0,8,0.07734693391757769,2.6102683569467153,0.48187952269095197,False,36.03750046891315,1693.3580922848746,0.02,0.3076162908273533,0.002608315366234454,117.93677053379079,False,False,1,False,0.0,False,True,True,nan,nan,nan,False,2,1,0.375,0.00028902519096196677,1.2858966466138764,False,False
398499986,2188,2188,OK,,0,0.0,4,0.07878749854087783,1.0715451125222966,0.8188096012996727,False,26.985779760902012,1582.9445867709462,0.5,0.892098834080782,7.068013010047603e-05,12621.635427277939,False,False,19,False,0.0,False,False,False,-0.01810049630241939,0.8255270393063372,54.09002673825923,True,3,20,-0.455,0.005350916569999864,2.7146165908486743,False,False
399550694,7042,7042,OK,,0,0.0,3,0.01967825500052631,1.533098281729136,0.999447897926541,False,10.471847271924535,3485.2716611138053,0.12,0.0005907516781349062,6.147615092517293e-05,9.609444788662074,False,False,104,True,0.0,False,True,False,0.0004269874413919128,0.000678078375324076,2.160445109484218,False,62,62,0.05500000000000005,0.00024122620373312476,1.8220951194332202,False,False
399763709,50910,50910,OK,,0,0.0,13,0.10476719468021621,2.3903129946866013,0.2645308066446421,True,32.15969115821781,1799.1769602124023,0.17,0.06943872419540469,9.118414660475817e-05,761.5218958662847,False,False,376,False,0.0,False,True,False,0.07244881258402824,0.06362866684504298,8.39780114634045,True,313,137,-0.11499999999999999,0.037600596782090046,7.410272898808498,True,False
400910916,2188,2188,OK,,0,0.0,4,0.03624209200874496,1.1412476898506638,0.8475495857653196,False,0.8404272195161769,1570.0104325729992,0.5,0.007082141474000591,9.681488126671096e-05,73.15137281933258,False,False,1288,False,0.011425959780621572,False,False,False,0.0003295523255854027,0.00023024131119764313,0.018726011774343528,False,787,770,nan,nan,nan,False,False
401120789,1966,1966,OK,,0,0.0,4,0.13301334495587325,1.0778181026541895,0.8688294723901476,False,20.53868587754941,1535.1708932389588,0.35000000000000003,0.3073057099402619,4.209837984320118e-05,7299.703957369545,False,False,16,False,0.001525940996948118,False,False,False,nan,nan,nan,False,2,18,0.025000000000000022,0.036116034061386526,5.290915010885687,True,False
402613330,25377,25377,OK,,0,0.0,5,0.021034844392121933,1.0546092637676174,0.9433522506340141,False,9.050034267510535,2772.82615496703,0.12,0.0004915445103502982,2.490398975605635e-05,19.737580811956462,False,False,258,False,0.0,False,False,False,0.00043268068821666894,0.0004560432827183103,0.4019777351469968,False,104,208,-0.034999999999999976,0.0004378005589150691,3.482383556285969,False,False
402815463,30052,30051,OK,,1,3.327565553041395e-05,7,0.002803521846286474,15.22538920183484,0.6254363169069347,True,35.235889711693744,1707.1242541677154,0.02,0.9987232602819024,0.001746321069084037,571.9012831963041,False,False,1,False,6.655352567302252e-05,False,True,True,nan,nan,nan,False,0,2,-0.28500000000000003,0.0005590175329528435,3.812254584833062,False,False
403630242,1072,1072,OK,,0,0.0,2,0.05079741939803114,1.1038492986395099,0.89615070136049,False,1.8481394752194018,1492.8675583851068,0.5,0.009539828479453782,0.00022248710252408124,42.87811909645964,False,False,279,False,0.014925373134328358,False,False,False,0.004267340782521667,0.0027989389718668933,0.19291973843891191,False,169,164,0.28500000000000003,0.004242096854691124,2.5583278196249686,False,False
403645199,6713,6713,OK,,0,0.0,3,0.42716432579906294,1.806151771551873,0.8995599243631678,False,13.222374677827474,3492.495755349632,0.5,0.0016223831891901484,4.592001250440363e-05,35.33063474306688,False,False,325,False,0.0,False,False,False,0.0017264170539751378,0.001438830404235314,2.9799407275844727,False,141,248,0.10499999999999998,0.00047971580034733563,1.7921705634131817,False,False
406676397,1988,216,UNRELIABLE_DATA,,1770,0.8903420523138833,,,,,,,,,,,,,,,,,,,,,,,,,,,,,,
40701396,1086,1086,OK,,0,0.0,2,0.016021036145206176,1.0114744152398627,0.9885255847601373,False,2.0433342509452923,1626.7039736333413,0.5,0.0005937341202970509,6.0530308323148105e-05,9.808873219798123,False,False,263,True,0.0,False,True,False,0.0004936479049751918,0.0005527151251811802,0.47967629666063316,False,141,171,0.32500000000000007,0.0007242868504878652,2.22671213429781,False,False
40730002,58148,58148,OK,,0,0.0,10,0.012317036222686446,5.555692271842135,0.47588576151384643,True,37.070291792318656,1705.457001743976,0.02,0.10867604180931671,0.0016985776756640555,63.980613525271984,False,False,20,False,0.00013757996835660728,False,True,False,0.0027817906980742713,0.0007918363811123541,0.49114334621079236,False,14,16,0.135,0.00038107984479662793,2.2463258188922577,False,False
410918190,2188,2188,OK,,0,0.0,4,0.18862885430411527,1.4921120217454873,0.5455192434085525,False,26.898725066700845,1583.0328943786628,0.5,0.4583143050841675,0.000996691281961719,459.8357719976229,False,False,20,False,0.0,False,False,False,-0.0031864272039952013,0.4956699221743508,21.261523472035073,True,3,20,0.025000000000000022,0.024370302451524606,7.154152159675495,True,False
411434067,22258,22258,OK,,0,0.0,2,0.002045238702253803,1.0202330452666046,0.9797669547333955,False,1.353604313972901,2825.8291857023164,0.12,0.04288677355125097,0.00022232538670753508,192.90092861805172,False,False,2004,False,0.0,False,False,False,0.037838575708020294,0.03340411237101948,9.798273240972717,True,1157,1241,-0.315,0.0023232042348433346,1.0641141712076294,False,False
411504404,2165,2159,OK,,6,0.002771362586605081,4,0.15369629398690401,1.3330123814836297,0.7812631347540838,False,13.639049544106127,1583.014730833909,0.084,0.21527723532632667,0.004191511509185378,51.36028729840369,False,False,5,False,0.0,False,True,True,nan,nan,nan,False,0,5,0.015000000000000013,0.019697089224173348,2.660690395132169,False,False
411513993,2165,2162,OK,,3,0.0013856812933025404,4,0.0837937875913528,1.3986936563034968,0.8362860102899313,False,1.126026728282896,1569.457512384256,0.028,5.1270321321794654e-11,1.3235945640787885e-13,387.35669300272775,True,False,60,False,0.0,False,True,False,8.704192467945404e-05,2.1266402924657868e-05,0.012469054106176039,False,36,34,-0.125,0.0008637757079876796,2.2569423179277317,False,False
411731832,1081,1081,OK,,0,0.0,2,0.050111716046609044,1.1452243461360545,0.8547756538639454,False,13.416853939154716,1607.5777271993159,0.17,0.07018668349495899,0.00022224252155019766,315.8112273267472,False,False,18,False,0.0,False,False,False,0.07517936021359528,0.07636223898451922,0.21140649663367886,False,9,9,0.495,0.013193842654186883,2.5940440076502873,False,False
412633548,1081,1081,OK,,0,0.0,2,0.23532486263166322,1.0772491609885964,0.9227508390114038,False,1.0168616335497216,1596.9683929068524,0.12,0.08505275124430174,0.00042633583965481233,199.49707093160563,False,False,128,False,0.0018501387604070306,False,False,False,0.08523896517392637,0.07764018586180566,1.868497278124948,False,70,79,0.15500000000000003,0.013507688829148656,3.210897991961923,False,False
414232493,21660,21610,OK,,50,0.0023084025854108957,2,0.016686905050688403,1.126913983725471,0.8730860162745293,False,34.122901217549234,3506.5450349895495,0.17,0.4902482702077836,0.0023566761903061877,208.02529945536932,False,False,73,False,0.00994909763998149,False,False,False,nan,nan,nan,False,88,0,0.06500000000000006,0.201754379327433,7.657657607762761,True,False
417492883,15763,2652,UNRELIABLE_DATA,,13111,0.8317579141026454,,,,,,,,,,,,,,,,,,,,,,,,,,,,,,
417861102,2229,2229,OK,,0,0.0,4,0.02935090871541819,1.0140386228877825,0.8842187217490547,False,2.514278332071979,1766.982033837,0.17,0.01940972093473111,0.0007167684497484487,27.07948562962417,False,False,155,False,0.0,False,False,False,0.018374296166726145,0.015985378912331094,2.4104338685709292,False,97,88,0.485,0.008073968304409318,2.2161591806586496,False,False
42000662,1790,230,UNRELIABLE_DATA,,1558,0.870391061452514,,,,,,,,,,,,,,,,,,,,,,,,,,,,,,
420981052,2027,2006,OK,,21,0.010360138135175136,4,0.5540406369486083,2.331829995041365,0.8400894359080211,False,4.000354295189319,1438.4379346858855,0.02,0.4605047458114674,0.0010466127898598647,439.9953356896453,False,False,8,False,0.00897308075772682,False,True,True,0.000507911999167443,0.003308742003918397,0.07643167588901993,False,6,8,0.14500000000000002,0.007366970227951852,3.533525075522529,False,False
421566477,1086,1086,OK,,0,0.0,2,0.04515321096111488,1.1398556360694625,0.8601443639305377,False,1.1100342365501121,1625.9030245115994,0.17,0.044101836377222176,8.144163704592122e-05,541.5146106696648,False,False,164,False,0.0,False,False,False,0.0374629220551268,0.044398077002186564,7.824535051430276,True,93,105,-0.185,0.0042545645668394805,2.429939387972561,False,False
42217803,1054,1042,OK,,12,0.011385199240986717,2,0.035740685549749365,1.0664381913325127,0.9335618086674872,False,11.411548801570266,1627.6439140494194,0.244,0.04595339116199509,0.00023532713344302724,195.27451207882245,False,False,24,False,0.0009596928982725527,False,False,False,0.003390253118983999,0.04438922511355914,4.205793356621355,True,4,26,0.135,0.021469824856112707,3.60450620843703,False,False
42256607,46625,46625,OK,,0,0.0,10,0.34525135149426806,1.086708627536794,0.0,True,1.162437046082001,1683.7477806257234,0.17,0.06903162711607816,0.0004640057172040378,148.773225321538,False,False,6754,False,0.002037533512064343,False,True,False,0.0770325371789986,0.07746810746833888,0.3495983945695245,False,3942,4168,-0.485,0.12431340456879614,3.051525984711678,False,False
426236217,1086,1086,OK,,0,0.0,2,0.027666339964203,1.0929079385593339,0.907092061440666,False,3.7338081468256674,1628.3907786718128,0.244,0.35898242178739176,0.0004011705555891229,894.8374121331576,False,False,46,False,0.0,False,False,False,0.400302374879306,0.3514013288181176,5.616341371914385,True,19,35,-0.495,0.07127538078978435,3.740480804422476,False,False
427332229,10987,10987,OK,,0,0.0,2,0.0014287323870553071,1.0007534573791723,0.9992465426208277,False,2.7184029339123996,2449.2597646764466,0.084,0.00860335627817943,0.00010638503919512262,80.869982689952,False,False,305,False,0.0,False,False,False,0.009796546078292057,0.005577250316899596,21.60636722145824,True,219,146,-0.11499999999999999,0.0005233677097744582,2.2748435733324937,False,False
430248214,1086,1086,OK,,0,0.0,2,0.01842279750240762,1.05986183398331,0.9401381660166902,False,10.690716091177096,1628.5529837283314,0.17,0.04125911765895392,0.0008000205484777998,51.57257240136856,False,False,8,False,0.0,False,True,True,nan,nan,nan,False,0,10,-0.41500000000000004,0.015313821948626183,7.642056879280457,True,False
43333100,7633,7633,OK,,0,0.0,3,0.02135933253902969,1.022668684788152,0.9423195775476576,False,0.8084676331326976,3452.675187951586,0.12,0.00023806579324955475,1.949185344515873e-05,12.213604720524106,False,False,1134,False,0.0,False,False,False,0.00018718010518647965,0.00022563676862352722,0.9858137853833037,False,696,672,-0.495,0.0003246603048482344,2.3094179373013928,False,False
43370478,17353,17351,OK,,2,0.00011525384659713018,5,0.06481700201254147,5.910273730680213,0.49840615694868046,True,2.129073444314905,1984.409450143084,0.17,0.687622028893006,0.0007280106253115331,944.5219684791773,False,False,331,False,0.0038614489078439285,False,True,False,0.5686652132449928,0.5539901551414818,2.3884433484636705,False,421,192,-0.16499999999999998,0.005848951691032833,4.54377738518078,False,False
433770378,7758,7758,OK,,0,0.0,3,0.03787889300432843,2.281217907550454,0.9782737652044842,False,10.436249073720782,3485.2953144119588,0.35000000000000003,0.001610885807579151,5.9372321996624046e-05,27.131932075534237,False,False,434,False,0.0,False,False,False,-9.651886459893788e-05,0.002294865823159964,11.845455797681701,True,181,313,0.455,0.0011960626797149487,2.841541636344815,False,False
435410981,1081,1078,OK,,3,0.0027752081406105457,2,0.03187677023356415,1.109609473778466,0.8903905262215338,False,13.270901983048459,1596.8199557983537,0.028,0.07837591261492162,0.0027884928460817095,28.106908262308313,False,False,2,False,0.00463821892393321,False,True,True,nan,nan,nan,False,0,3,0.05500000000000005,0.012632623716530844,2.5477259255139324,False,False
436415423,31445,31443,OK,,2,6.360311655271108e-05,8,0.02206948747482087,6.785398535872551,0.4771581295079426,True,38.31093182774005,1720.8502492804218,0.12,0.1750449373381679,0.001486763419968026,117.73556908060893,False,False,57,False,0.003053143783990077,False,True,False,0.003706779175466801,0.35985053660478683,27.650588087851542,True,63,7,-0.215,0.0005589473612458429,2.0307995725151646,False,False
43690105,1046,1029,OK,,17,0.016252390057361378,2,0.027607375201637457,1.246178154002641,0.7538218459973587,False,13.106339998244247,1627.2421641628332,0.244,0.029425164175205264,0.0005573265914973443,52.796985868106525,False,False,14,False,0.0,False,False,False,-0.0014313158501706447,0.04334824951574845,11.745071121737075,True,5,14,0.44500000000000006,0.006518486077132346,3.125807666923073,False,False
437150434,3368,3368,OK,,0,0.0,2,0.034746927656075795,1.0395389049376962,0.9604610950623036,False,5.285343164440589,2230.8422489918757,0.17,0.1500325939135055,0.00013878888744088856,1081.0130168195617,False,False,98,False,0.0,False,False,False,0.00483077321227543,0.0029707883968129734,1.0960817177325444,False,59,59,0.125,0.0013916740641805037,3.083322912938171,False,False
43796359,29709,29683,OK,,26,0.0008751556767309569,4,0.01163498105328836,1.0355946524475195,0.0,True,37.08046261660659,2039.2221477312908,0.02,0.8190006711993701,8.795528127417815e-05,9311.557638549804,False,False,8,False,0.0011117474648788869,False,True,True,nan,nan,nan,False,10,0,0.0050000000000000044,0.0004312600072372552,7.968117173031213,True,False
43797047,7629,7629,OK,,0,0.0,3,0.01257531287955522,1.0248907468630217,0.949232571622568,False,3.0882217141649617,3453.661381793807,0.084,0.0009542913139641566,0.00016287872787224087,5.858906969808147,False,False,181,True,0.0,False,True,False,0.0005078922321595236,0.0006602219430851264,0.42226617289796425,False,44,174,-0.16499999999999998,0.000906709216282664,2.064169849930755,False,False
43901938,1124,1118,OK,,6,0.005338078291814947,2,0.011614212374431152,1.069368696189465,0.9306313038105348,False,12.107914387824058,1442.4796007612201,0.35000000000000003,0.04208927091532022,0.0007676616826729333,54.82789080831666,False,False,31,False,0.009838998211091235,False,False,False,0.001490681996705323,0.07778683806435294,2.7960811924251208,False,18,20,-0.33499999999999996,0.003979009453138005,1.3944856815919096,False,False
440115699,20370,20370,OK,,0,0.0,3,0.0,1.0085235154929042,0.989364901438925,False,0.665882515133133,2853.847966608076,0.058,0.6174757598033508,0.011583469084174954,53.30663511218161,False,False,1934,False,0.33244968090328914,True,True,False,0.7186897559944275,0.7193829682480504,0.03972569284163974,False,1120,1202,0.245,0.9870412505695682,2.1408476801391427,False,True
441849650,2211,2211,OK,,0,0.0,3,0.04200819945169591,1.175538361778132,0.9570840639437664,False,13.624319084419781,1555.973967627451,0.5,0.4532495797561597,0.0006897862705703753,657.0869834526766,False,False,22,False,0.0009045680687471732,False,False,False,0.5430297370949217,0.3117680966587181,28.006719752210994,True,9,16,0.07500000000000001,0.0069269044915030165,2.987528545697044,False,False
442679755,1081,1049,OK,,32,0.02960222016651249,2,0.016268259368886814,1.1538703175858573,0.8461296824141425,False,7.282346903785063,1627.304574277455,0.02,0.18655018396697004,0.0005061734198863856,368.5499408658057,False,False,2,False,0.0009532888465204957,False,True,True,nan,nan,nan,False,2,2,-0.475,0.0031191058526510718,1.5214073539980226,False,False
444461874,32262,32262,OK,,0,0.0,8,0.19700057652704175,1.1294924839275076,0.0,True,4.47895984340548,1767.5353464288087,0.244,0.009862883424214592,8.588449775505216e-05,114.8389253243832,False,False,1751,False,0.0017047920153741244,False,True,False,0.009325850530335522,0.010639949623134748,1.4936223747569433,False,1222,891,0.11499999999999999,0.0008219794485757603,0.8717647650609666,False,False
44448395,1100,1100,OK,,0,0.0,2,0.07640111347931039,1.0338537290492216,0.9661462709507783,False,12.345799247010772,1544.0581066237187,0.5,0.38663018113305714,0.005335326938569178,72.46607107393932,False,False,17,False,0.0,False,False,False,nan,nan,nan,False,0,20,0.06500000000000006,0.33028799060906244,6.774910685757825,True,False
44533833,7384,7384,OK,,0,0.0,3,0.02514311873161697,1.0327140185205312,0.9841327046395469,False,3.9260920928861416,3453.7201632636215,0.058,0.0007485232275220892,0.00013249751477954405,5.649337866959387,False,False,121,True,0.0,False,True,False,0.0009721698778127896,0.0006169457717430937,1.4743901213431667,False,53,90,0.32500000000000007,0.0003945781414587124,1.9928747420168575,False,False
446487595,22238,22217,OK,,21,0.0009443295260365141,2,0.006158361551773155,1.049699140902503,0.950300859097497,False,28.7622059575725,3485.7749781300754,0.17,0.5318992633892017,0.0014340744950135558,370.9007204567667,False,False,32,False,0.002835666381599676,False,False,False,nan,nan,nan,False,0,46,0.44500000000000006,0.004098058396569293,1.4909059795924695,False,False
449837951,1081,1078,OK,,3,0.0027752081406105457,2,0.02502106477750432,1.0965506217626502,0.9034493782373498,False,13.501213845395489,1600.4303214730262,0.5,0.006916763907231796,9.529394107650456e-05,72.58345944238816,False,False,26,False,0.0,False,False,False,0.0068860811253725895,6.415101482160068e-05,6.281931437584881,True,25,7,-0.11499999999999999,0.0055033190903415186,3.1449708184398433,False,False
450445835,1081,1081,OK,,0,0.0,2,0.08429480212514594,1.045624745759965,0.954375254240035,False,11.896798750629866,1598.5211847224841,0.35000000000000003,0.061828649522837766,0.0008865008843502011,69.74459993704093,False,False,30,False,0.0,False,False,False,nan,nan,nan,False,0,36,-0.33499999999999996,0.02831617815182197,2.811438333890421,False,False
451043397,1084,1080,OK,,4,0.0036900369003690036,2,0.062083534297822596,1.1123948521606777,0.8876051478393222,False,0.65,1569.4516152464992,1.0440447705844e-311,1.0450674964e-311,1.0450686134785e-311,-inf,True,True,1,True,0.002777777777777778,False,True,True,nan,nan,nan,False,0,1,0.41500000000000004,0.002438352734812965,2.4635990602158007,False,False
451541079,2165,2149,OK,,16,0.007390300230946882,4,0.14632112085335078,1.1408045554259034,0.7729429930613257,False,13.355941843851586,1570.5576217012838,0.12,0.980897638762682,6.0940485389977624e-05,16095.993205265839,False,False,5,False,0.0,False,True,True,nan,nan,nan,False,5,0,0.395,0.016214788263739677,8.367918818849473,True,False
453810717,962,917,OK,,45,0.04677754677754678,3,0.40554142436883206,8.978426566104162,0.4764569257109085,True,12.774368928071496,1423.2426564410277,0.5,0.13160383129710124,0.000744662156010118,176.7295816430788,False,False,24,False,0.019629225736095966,False,True,False,nan,nan,nan,False,29,0,-0.044999999999999984,0.10358615617137612,4.031708265447486,False,False
453937711,2188,2188,OK,,0,0.0,4,0.017220564467745534,1.3287001864793067,0.7910796409613288,False,9.85743621669378,1574.4921961660702,0.084,0.024896140935160394,0.0001261069532056622,197.4208424063532,False,False,24,False,0.009597806215722121,False,False,False,0.02448183691845096,0.02545750758472609,0.06200605741241968,False,14,14,0.29500000000000004,0.0013128148455689992,1.9670650110295473,False,False
457570870,2211,2211,OK,,0,0.0,4,0.11471235481996861,1.3381034549314839,0.695327961266526,False,13.766147843241948,1555.7549381990605,0.17,0.07992520753316953,0.00028541422948982493,280.0323154035979,False,False,8,False,0.0,False,True,True,nan,nan,nan,False,8,2,0.09499999999999997,0.0024222485303626584,3.391564643791075,False,False
457863226,2211,2210,OK,,1,0.0004522840343735866,4,0.023990360493772976,1.100162904804169,0.9076666576366347,False,6.2918542820411325,1549.6288396348684,0.02,0.9647867043676588,0.0012995676883654497,742.3904987828171,False,False,7,False,0.0,False,True,True,0.005396772843433428,0.0004726670943915323,0.7522691485239958,False,4,8,0.385,0.004036448069455578,3.0528161204571456,False,False
458301068,1107,1107,OK,,0,0.0,2,0.03926371879984469,1.0223098523131706,0.9776901476868296,False,0.8726687256218794,1569.8744465188306,0.17,0.010887630131876758,0.00011463672082207852,94.97506605038767,False,False,224,False,0.0,False,False,False,0.009863399451302768,0.009142393068154231,0.4307899080883536,False,143,120,0.20500000000000002,0.001666591621187763,1.9458456647881186,False,False
458340718,1107,1107,OK,,0,0.0,2,0.0037259554131867105,1.010661945054087,0.989338054945913,False,3.5064747119505983,1570.8375611396161,0.12,0.0205926840581518,0.00042209001484709986,48.787422904593946,False,False,46,False,0.0,False,False,False,0.019176306801723886,0.021741600453427434,1.0135697843931566,False,27,26,0.41500000000000004,0.015081466524887732,5.7955430541943596,True,False
459536921,1107,1107,OK,,0,0.0,2,0.012311240595163593,1.0405488056387364,0.9594511943612637,False,2.7250475168582238,1569.4823775679808,0.058,0.03115634947904357,0.0009469120099627005,32.903109424360174,False,False,27,False,0.0036133694670280035,False,False,False,0.033089019471353454,0.02962265903326089,0.5620270624220838,False,15,16,0.495,0.010366659889906038,3.8506161193571877,False,False
462781855,2211,2211,OK,,0,0.0,4,0.1956019714858804,1.28944622651707,0.8335004153724348,False,0.7848118467775114,1543.9116844493,0.084,0.01427250813102183,8.034761510299512e-05,177.63449621655036,False,False,235,False,0.0004522840343735866,False,False,False,0.003498733286442457,0.0026003136358008216,0.613997471026127,False,143,140,-0.175,0.002065839663900837,2.41403256384966,False,False
463169440,1032,1003,OK,,29,0.02810077519379845,2,0.018723400273915246,1.316983228107406,0.6830167718925939,False,12.9619121307536,1627.3549217151203,0.058,0.9218703687118154,0.001185008212840159,777.944286565179,False,False,3,False,0.010967098703888335,False,True,True,nan,nan,nan,False,1,3,0.07500000000000001,0.6134344706870447,5.489843346477961,False,True
46387913,903,903,OK,,0,0.0,2,0.20677402235022443,1.0871618047218825,0.9128381952781176,False,0.9012593910104824,1468.4641091990768,0.244,0.020906384911757954,0.0002623057826580411,79.7023409087892,False,False,248,False,0.008859357696566999,False,False,False,0.018411503664931272,0.019336428581676612,0.13648883157508543,False,152,146,0.485,0.022006845371070893,3.283946428964234,False,False
464070511,2211,2207,OK,,4,0.0018091361374943465,4,0.028733468456616295,1.2761085099383147,0.8499274553352103,False,24.94034657886889,1556.884650986071,0.12,0.6085694022048574,0.023391396384807188,26.0168051617528,False,False,5,False,0.007249660172179429,False,True,True,nan,nan,nan,False,1,6,0.07500000000000001,0.025980359159203048,0.590104406747428,False,False
464366239,2211,2211,OK,,0,0.0,4,0.025284953061900883,1.189159314331483,0.9045118960227849,False,22.038158416233546,1545.9318600249928,0.12,0.018589547629049626,0.001097762462037503,16.93403470414399,False,False,16,False,0.004975124378109453,False,False,False,0.012424753749858408,0.01646746554517331,0.23258218987005655,False,7,14,-0.435,0.004242066844045156,0.43618399255845264,False,False
464765654,1070,1049,OK,,21,0.019626168224299065,2,0.3386692522249925,1.0167853386334664,0.9832146613665336,False,1.745460232020874,1626.6703616007062,0.244,0.046196883600501046,0.00010025779695436669,460.780956732253,False,False,150,False,0.0009532888465204957,False,False,False,0.03819405776474871,0.04581152996693039,1.4581580689045364,False,73,104,-0.385,0.004640315570783038,2.206785759397733,False,False
465334376,2188,2188,OK,,0,0.0,4,0.03959909810551672,1.3265476597652959,0.7452533547649883,False,27.046119334542826,1570.027106625153,0.5,0.15970484017428244,0.00036343488017489173,439.43179063448576,False,False,11,False,0.0,False,False,False,0.164746701284894,0.00010496073265764405,44.7869105049941,True,12,4,-0.175,0.017769239577125284,4.691496196420959,False,False
465390148,2188,2188,OK,,0,0.0,4,0.10131296039278219,1.257019251894965,0.9148927156643903,False,26.898368668449855,1583.0331525365543,0.5,0.027160132437659582,0.00012166572420898602,223.2356944755159,False,False,20,False,0.0,False,False,False,0.0011759006283431628,0.02661948190110608,13.016599300991494,True,3,20,0.135,0.002754166847030337,2.8446959153588964,False,False
466062107,2188,2188,OK,,0,0.0,4,0.03433464702746273,1.3618882413204356,0.9155898564232454,False,25.18728081877541,1584.6151290403889,0.244,0.021787189740171766,0.0007123128684143237,30.586545191401814,False,False,10,False,0.0,False,False,False,nan,nan,nan,False,2,13,0.14500000000000002,0.0035207164885262543,2.431750778918506,False,False
466508331,2188,2162,OK,,26,0.011882998171846435,4,0.09243778849422779,1.5712965789790496,0.7394580910739681,False,13.922137823599732,1583.3582849748313,0.5,0.7373691008385683,0.00339338846199375,217.2958118698072,False,False,16,False,0.00046253469010175765,False,False,False,0.38082618535293067,0.056264576232717745,12.223584176425048,True,5,20,-0.195,0.0653209091299749,3.3821147151326767,False,False
46669598,1047,1029,OK,,18,0.017191977077363897,2,0.026488343237028415,1.208747630417536,0.7912523695824638,False,13.148686288878995,1627.7041117447075,0.084,0.04712683695058921,7.672321240346521e-05,614.2448350932282,False,False,4,False,0.0,False,True,True,nan,nan,nan,False,1,4,-0.034999999999999976,0.025423169055683204,2.1190214713366795,False,False
467213914,140732,140731,OK,,1,7.105704459540119e-06,17,0.05309220284214536,1.6296475554397936,0.6475118026373878,False,3.07157193232895,1686.1717932040274,0.12,0.07581440211158692,8.995368249697979e-05,842.8159915980361,False,False,5496,False,2.8423019803739048e-05,False,False,False,0.09228288682110386,0.09164261745337143,1.84157602587114,False,3330,3277,-0.495,0.05693461647426723,6.564184187405621,True,False
467851846,2188,2188,OK,,0,0.0,4,0.055911864881158714,1.0924961361793626,0.8824928203094189,False,2.184099430441886,1571.1533564723038,0.244,0.007088534856981949,6.925093545774449e-05,102.36013145710109,False,False,252,False,0.003656307129798903,False,False,False,0.00495447288430606,0.0027492006660819746,0.7718202466793769,False,152,149,-0.375,0.0013454686239207092,2.4762437879384,False,False
468601716,70554,70554,OK,,0,0.0,13,0.04677081880993717,1.696866843029951,0.24503017129746058,True,7.157908771130272,1790.9205016990156,0.244,0.20380090801351175,0.00023337096572771974,873.2916169670044,False,False,2280,False,2.8347081667942284e-05,False,True,False,0.24326204192062473,0.23707105453277788,8.830478704177368,True,1541,1204,-0.495,0.030065139050664436,7.689013081190214,True,False
469212596,2211,2211,OK,,0,0.0,4,0.09635447994056746,1.1057184778956186,0.9091206390498258,False,13.590871367348434,1555.7406317424684,0.35000000000000003,0.11539038768432895,0.0009573833167420011,120.5268419309888,False,False,19,False,0.0009045680687471732,False,False,False,0.04482186545354194,0.12331638558707725,8.820268028840072,True,5,17,-0.034999999999999976,0.02014652675479678,2.0213692723311993,False,False
469308938,22215,22215,OK,,0,0.0,1,nan,nan,nan,False,25.984832532332558,3036.150668698965,0.17,0.003194550456355681,8.222733275404875e-05,38.85022594507526,False,False,147,False,0.0,False,False,False,0.0053490550667379955,0.001086258565230258,26.139164237279303,True,81,88,0.15500000000000003,0.00032539701564804346,2.450679648700776,False,False
469451734,1148,1120,OK,,28,0.024390243902439025,1,nan,nan,nan,False,13.414288601519807,1655.4451360624873,0.058,0.02372899561820486,0.0008792819701894355,26.986787427351214,False,False,4,False,0.0,False,True,True,nan,nan,nan,False,2,6,-0.044999999999999984,0.0041267067272027225,2.990420256040296,False,False
47219281,47843,47820,OK,,23,0.0004807390840875363,10,0.023879925481096367,1.751251398064538,0.9173242567485912,False,38.776163922854366,2202.0091805553443,0.02,0.6019531579243206,0.00422995586674304,142.3071958402747,False,False,3,False,0.0037641154328732747,False,True,True,nan,nan,nan,False,5,0,-0.09499999999999997,0.0020662075630731858,3.823410317783166,False,False
47929727,13236,13220,OK,,16,0.0012088244182532487,5,0.02047411607275164,2.115357572013802,0.6900733544634153,False,33.23598698564747,2793.1488741006187,0.04,0.41231570619079755,0.00579987926863085,71.09039466059971,False,False,15,False,0.006883509833585476,False,False,False,nan,nan,nan,False,15,2,0.235,0.0044481727983192165,0.9232101434188853,False,False
49209767,14243,14241,OK,,2,0.00014041985536754898,3,0.07719880580106468,1.1099018536488912,0.9357764861471264,False,3.0114985881410923,2309.1269854839234,0.244,0.5637923068688301,0.0009010641126608147,625.696106355816,False,False,1033,False,0.030896706691945792,True,True,False,0.48663694102645383,0.2553325799181718,50.832344120469514,True,590,675,0.18500000000000005,0.028020514231050564,0.8493809467801283,False,False
55401584,12286,12263,OK,,23,0.0018720494872212273,22,7.393460786972308,18.0487654010249,0.5522622933720395,True,26.66488757143112,1344.8233512294494,0.028,0.8258056183296693,8.840347880214287e-05,9341.324906205524,False,False,12,False,0.001712468400880698,False,True,False,0.0021762248201735446,-0.000519358259249536,0.10488748416161552,False,7,8,0.42500000000000004,0.0007927719681365408,2.4324317436514944,False,False
55462736,1148,1120,OK,,28,0.024390243902439025,1,nan,nan,nan,False,7.106105031628665,1656.7222964788057,0.5,0.007000225620174084,0.0005114028258216371,13.688281070655572,False,False,96,False,0.0026785714285714286,False,False,False,0.007358291472854717,0.002515293137717256,1.345896625653693,False,56,58,-0.425,0.005981403726287748,1.9706189353367591,False,False
55587172,1072,1072,OK,,0,0.0,2,0.00691229586023482,1.183599710799566,0.816400289200434,False,0.7691852120288039,1492.1632567010229,0.5,0.009943842669166963,0.0001641922521469991,60.56219181563071,False,False,697,False,0.017723880597014924,False,False,False,0.00038079254415612773,0.0002230878809323933,0.021839522029222784,False,416,424,nan,nan,nan,False,False
57109349,1147,1120,OK,,27,0.023539668700959023,1,nan,nan,nan,False,13.490548615615925,1655.384259028259,0.028,0.32230322408203516,0.0043369734853294425,74.31523968783327,False,False,2,False,0.0008928571428571428,False,True,True,nan,nan,nan,False,1,3,0.46499999999999997,0.005922355475335372,0.812112237410602,False,False
58739772,1069,1066,OK,,3,0.002806361085126286,2,0.06607531174332469,1.1796795439508942,0.8203204560491058,False,10.094691847599538,1579.3074490872891,0.02,0.9898421970381702,4.858003887029656e-05,20375.49207568445,False,False,1,False,0.0028142589118198874,False,True,True,nan,nan,nan,False,2,1,0.20500000000000002,0.00455331937582748,2.3011686853164934,False,False
59633038,56714,56714,OK,,0,0.0,8,0.07193361705880975,7.805546483416342,0.65557063655104,True,1.3502664487330793,1684.67505529622,0.084,0.022536588997079058,0.0002610299960489243,86.33716177528912,False,False,3523,False,0.00044080826603660475,False,True,False,0.020873194123021466,0.021472936704045598,0.7044604028311572,False,2076,2147,-0.495,0.03394829934552046,3.9224835934668594,False,False
59656329,1934,1934,OK,,0,0.0,4,0.23950441035902365,1.4262370334953904,0.7226900332134593,False,0.879620332288007,1492.2228122927404,0.084,0.008240192855167213,0.00011598994574616085,71.04230286649613,False,False,182,False,0.016546018614270942,False,False,False,0.004786832521318951,0.005047218601059389,0.02353628967977459,False,116,104,-0.495,0.002632999591286822,2.7200072007277285,False,False
60234259,903,903,OK,,0,0.0,2,0.21596898400082126,1.0299863306491102,0.9700136693508897,False,0.993544467294796,1468.3897610581998,0.12,0.008394444231809668,0.00010693114041541612,78.50327041494315,False,False,109,False,0.004429678848283499,False,False,False,0.009315762765996993,0.008680255168300732,0.14836434106000634,False,64,70,-0.445,0.002326672965147991,1.8276598763162994,False,False
60946457,30418,30327,OK,,91,0.0029916496811098693,6,0.030659957575546567,1.754845242753094,0.8837462135546675,False,25.787234377326193,2513.157931761021,0.058,0.8150001898515236,0.0009496081211361695,858.2489678757247,False,False,15,False,0.00544069640914037,False,False,False,nan,nan,nan,False,0,20,0.475,0.00971958154152519,2.7104596236907144,False,False
62048731,1147,1120,OK,,27,0.023539668700959023,1,nan,nan,nan,False,13.490584516251461,1655.3842772378928,0.028,0.053161692064668836,0.0014845259102627747,35.810551838235504,False,False,2,False,0.0,False,True,True,nan,nan,nan,False,1,3,-0.024999999999999994,0.0028512495848698194,1.0909674156924725,False,False
62280600,1147,1120,OK,,27,0.023539668700959023,1,nan,nan,nan,False,13.41436785114122,1655.4452287574368,0.058,0.13921582785490821,0.0008345149932856141,166.8224405493232,False,False,4,False,0.0035714285714285713,False,True,True,nan,nan,nan,False,2,6,-0.044999999999999984,0.036523297655002174,3.273351751677145,False,False
647002004,22957,22956,OK,,1,4.355969856688592e-05,4,0.01088784689339981,1.1116268543460273,0.0,True,32.74726696880187,1794.9554575286024,0.02,0.8046217994277793,0.0008831312941604887,911.1009934175856,False,False,7,False,0.00026136957658128593,False,True,True,nan,nan,nan,False,0,8,-0.07500000000000001,0.0018701940421933516,5.031051536926441,True,False
66732476,3316,3316,OK,,0,0.0,2,0.014382534796355246,1.030227784246919,0.969772215753081,False,3.1087371204482817,2553.3754402366917,0.084,0.09814116420732102,0.00026549110660672716,369.65895190115674,False,False,98,False,0.0,False,False,False,0.09836800379056965,0.10156863532916094,2.6023980300093927,False,58,58,-0.385,0.00190118477723078,1.6413826786325303,False,False
67408849,2165,2159,OK,,6,0.002771362586605081,4,0.07041819895618696,1.1177301081307434,0.9583949408719802,False,3.3548600700239417,1571.9915271465684,0.17,0.015837565353196643,0.0002540967183480866,62.328885851649574,False,False,121,False,0.0,False,False,False,0.011406312696424559,0.010583389858235592,0.6329157641382537,False,68,72,0.30500000000000005,0.0025245689680369887,2.5563351659783407,False,False
68304700,33756,33668,OK,,88,0.00260694395070506,8,0.019940323286916882,1.2152213688801659,0.6419931699134421,False,37.88244538795657,2516.147947502214,0.244,0.6418374262358801,0.004147351904858087,154.758371355961,False,False,69,False,0.005910657003683022,False,False,False,0.5421972197122666,0.6084168663509977,3.4381447392877877,True,55,28,-0.024999999999999994,0.038658173433593235,5.399600812431907,True,False
70382217,30254,30208,OK,,46,0.0015204601044489984,7,0.022141600757793926,1.7356895728924153,0.9789593921528069,False,25.76602060509538,2513.2847761391645,0.04,0.46290198362474366,0.001083920923133778,427.06250404911884,False,False,6,False,0.003972457627118644,False,True,True,nan,nan,nan,False,0,7,0.0050000000000000044,0.006320057153865299,6.023093430801385,True,False
72005925,1086,1086,OK,,0,0.0,2,0.01715813917347841,1.0602860814286617,0.9397139185713386,False,3.4777928789113637,1571.7884259262585,0.5,0.00286864548298994,0.0001297910352801266,22.1020309823292,False,False,135,False,0.014732965009208104,False,False,False,0.00135516108916367,0.002248325713833821,0.09248494169605508,False,53,107,-0.15499999999999997,0.0020844882740931325,2.6168410407882092,False,False
73180604,1080,1080,OK,,0,0.0,2,0.024993391168920125,1.3617047695009392,0.6382952304990608,False,7.594628168110433,1573.2116627474618,0.02,0.09108286316277527,0.00022625762028098315,402.5626321432266,False,False,2,False,0.0,False,True,True,nan,nan,nan,False,1,4,0.29500000000000004,0.002325744335648805,2.925439109662842,False,False
73561499,23163,23162,OK,,1,4.317230065190174e-05,5,0.08002384785221865,1.330085067594526,0.8845702171078643,False,1.9571084460973946,2011.0736501802935,0.244,0.02132167887637155,5.4610449422620315e-05,390.4322176762722,False,False,2962,False,0.0,False,False,False,0.01672036271542965,0.015024924570306353,3.346457933857713,True,1781,1757,-0.16499999999999998,0.0025992525952740486,2.303838822918365,False,False
75629800,1966,1959,OK,,7,0.003560528992878942,4,0.04055461139128225,1.192591502994808,0.8273572914213142,False,12.601637390676515,1518.2313114412482,0.35000000000000003,0.06907041139532157,0.0020395108929033715,33.86616449838888,False,False,9,False,0.0071465033180193975,False,True,True,nan,nan,nan,False,0,13,0.05500000000000005,0.006773915032699751,0.543835105174457,False,False
76139867,44770,44555,OK,,215,0.004802322984141166,5,0.0067851373806707355,1.0952303524676215,0.5974653439197104,False,34.338882036076434,2412.1072463790165,0.02,0.08494412278838033,0.0013065354234187306,65.0147874032472,False,False,23,False,0.0021321961620469083,False,False,False,0.0007622349322040645,-0.0020464911723028223,0.15575497247983183,False,24,8,0.255,0.001719201434135953,3.0959802811325887,False,False
76879277,28021,28021,OK,,0,0.0,7,0.06505136694300422,1.1576526575441186,0.8432453024496205,False,0.655911057081352,1816.312436381368,0.058,0.07493847544005543,0.0001971586212338463,380.0923082697573,False,False,2450,False,3.568752007423004e-05,False,False,False,0.08354151890309414,0.08622105935914581,5.448425706070758,True,1456,1482,-0.495,0.025268335052561652,2.807523375593227,False,False
78008286,1100,1100,OK,,0,0.0,2,0.0004782320436576899,1.1041919297910612,0.8958080702089389,False,12.365215302897239,1543.8238074555125,0.244,0.40589911932300843,0.0006059172528070763,669.8919983588031,False,False,4,False,0.0,False,True,True,nan,nan,nan,False,0,7,0.06500000000000006,0.1723162326041291,8.06225344469765,True,False
79419093,20048,20045,OK,,3,0.00014964086193136473,7,0.06484143958692155,1.4811253329062926,0.8889359807210282,False,38.52170494773372,2482.211616930342,0.02,0.2509890655119719,0.001749814713801389,143.43751000167907,False,False,5,False,0.005537540533798953,False,True,True,-0.000465676327240816,0.015111695870124398,0.5609252824222362,False,4,3,0.06500000000000006,0.005140428735368352,0.16121360411100996,False,False
806803694,3038,3037,OK,,1,0.0003291639236339697,6,0.1657228557790631,1.8910717394013383,0.5999260571343846,False,21.862646357974295,1513.2679071911664,0.5,0.05106374643633927,0.0001499745252500287,340.48280100376246,False,False,64,False,0.009878169245966415,False,False,False,0.041735544652548695,0.00788777864563095,2.380430236066925,False,24,53,-0.145,0.0068266610525548055,2.7941598137222496,False,False
8084396,2292,134,UNRELIABLE_DATA,,2156,0.9406631762652705,,,,,,,,,,,,,,,,,,,,,,,,,,,,,,
810818754,2211,2211,OK,,0,0.0,3,0.0424930803782657,1.4330906289940448,0.9040930871414383,False,20.695925693417095,1550.7859122220277,0.02,0.14583144919783195,0.0037698983232374956,38.683125297818506,False,False,1,False,0.004975124378109453,False,True,True,nan,nan,nan,False,2,1,0.235,0.012323834735926908,1.2127085491790037,False,False
81551538,1086,1086,OK,,0,0.0,2,0.022600950531756748,1.0596570221654673,0.9403429778345328,False,2.978437376482449,1570.166115880319,0.5,0.002209263951612841,5.625214269655213e-05,39.27430753225786,False,False,165,False,0.0055248618784530384,False,False,False,0.001588023754591772,0.0015443968572783628,0.011473164657776471,False,112,86,0.245,0.0013232396151577897,2.043934759238868,False,False
82132592,1966,1966,OK,,0,0.0,4,0.11899202490546484,1.0545209042019847,0.84125613119604,False,13.342269225799532,1530.1621932606279,0.5,0.09343198285481308,0.0006328243337859089,147.64284157003055,False,False,19,False,0.0,False,False,False,0.12956071984932938,0.08704218717927803,10.597429882014035,True,4,17,0.04500000000000004,0.010571587141616323,8.25464068555441,True,False
8346376,22079,22023,OK,,56,0.002536346754834911,6,0.006267944653182516,1.660907321180519,0.5871239013954785,False,0.6760055638230119,2693.203206692447,0.5,0.16486994121259865,0.00015595504154092708,1057.1632669491614,False,False,16292,False,0.023430050401852608,True,True,False,0.0,0.0,0.0,False,9728,9835,nan,nan,nan,False,False
84713868,2292,185,UNRELIABLE_DATA,,2107,0.9192844677137871,,,,,,,,,,,,,,,,,,,,,,,,,,,,,,
86968460,1177,1177,OK,,0,0.0,1,nan,nan,nan,False,13.846005486857711,1654.5827276221596,0.058,0.01758368858354362,0.0006960361534003163,25.26260812407913,False,False,5,False,0.0,False,True,True,nan,nan,nan,False,0,7,0.03500000000000003,0.010531090095975859,6.584099682109596,True,False
87175731,1177,1177,OK,,0,0.0,1,nan,nan,nan,False,0.8567099095358135,1654.0207431462184,0.058,0.02316365078159425,0.00043546578135862364,53.1928150802693,False,False,79,False,0.0,False,False,False,0.010690382344715421,0.027804914228394928,6.326539363914184,True,48,49,-0.455,0.003858473206685198,2.036966403234264,False,False
89383957,1237,1237,OK,,0,0.0,2,0.004652744319519335,1.1641032277642842,0.8358967722357159,False,7.077390982704545,1685.550721644269,0.12,0.129499478848328,0.0017212694124261704,75.2348690527158,False,False,23,False,0.04527081649151172,True,True,False,0.18231594176503785,0.012339594998161396,4.155536807418281,True,14,14,0.18500000000000005,0.060304390413316034,1.6923247823859076,False,False
90158182,1177,1177,OK,,0,0.0,1,nan,nan,nan,False,13.575450087622167,1656.1587475983376,0.058,0.18716713774745175,0.000927933825532383,201.70310920616396,False,False,2,False,0.0,False,True,True,nan,nan,nan,False,2,2,-0.05499999999999999,0.01898409947597579,7.31211775631341,True,False
90463574,46615,46614,OK,,1,2.1452322213879653e-05,10,0.026658522276274278,1.21279117653296,0.0,True,0.8700783990666389,1683.9518134051973,0.17,0.07107060299663973,0.0009196372522634084,77.28112668524571,False,False,9170,False,0.023705324580598104,True,True,False,0.06850655353495183,0.06935699610183721,0.4225449146810774,False,5408,5610,-0.485,0.10199683429685202,1.6671413430719155,False,False
91599324,904,904,OK,,0,0.0,2,4.903948297332669e-05,1.0235402579619284,0.9764597420380717,False,7.011139459958951,1474.014436325651,0.17,0.06240097377284718,0.0004237041552281482,147.27486856777858,False,False,25,False,0.008849557522123894,False,False,False,0.043811870872458414,0.05992725160945489,1.0963063334094096,False,10,19,-0.22499999999999998,0.0018804906630320861,1.6983522840575005,False,False
93197394,1966,1966,OK,,0,0.0,4,0.03469870102302566,1.035404407684925,0.9148912379368651,False,13.244785757789584,1530.419948783374,0.5,0.061234275313943765,0.0002278846483634968,268.7073295796104,False,False,22,False,0.0,False,False,False,0.034716033791837186,0.06580432842451611,22.458157312371164,True,7,20,0.06500000000000006,0.0007767289039752878,2.3851976770626555,False,False
93198521,1966,1943,OK,,23,0.011698880976602238,4,0.06343300972559553,1.2747722812191717,0.7619383357922924,False,13.34563061986659,1530.570925002837,0.17,0.8859864701638411,0.00035295872626544893,2510.170182044229,False,False,11,False,0.0,False,False,False,0.6218729889900992,0.7391960726336648,7.215468757509002,True,4,8,0.015000000000000013,0.12526692248689175,8.296796685708346,True,False
93608201,1072,1049,OK,,23,0.021455223880597014,2,0.005683911911557071,1.0090609458148414,0.9909390541851584,False,13.439859448616508,1628.5374709488835,0.17,0.03186895695425378,0.0003872453544275913,82.29655072650526,False,False,8,False,0.002859866539561487,False,True,True,nan,nan,nan,False,10,0,-0.125,0.015692229797513058,0.7354002860314127,False,False
96965237,13326,13326,OK,,0,0.0,3,0.017183019701966062,1.0196481582249264,0.9366083368167586,False,4.61824623983242,2800.305470516084,0.02,0.0005159050521849504,9.932861173609954e-05,5.1939219039487705,False,False,72,True,0.0,False,True,False,0.00015839345292967266,0.0004476015609174988,1.5855367843776453,False,35,52,0.235,0.000245537381374783,2.8242405030239373,False,False
97011250,1056,1039,OK,,17,0.016098484848484848,2,3.215620242668588e-05,1.1172743452652665,0.8827256547347336,False,8.377088973769489,1633.3154302982975,0.02,0.16526337168616717,0.0014398905014688273,114.77495789963375,False,False,3,False,0.004812319538017324,False,True,True,nan,nan,nan,False,1,3,0.125,0.1049282849285672,4.436831000277198,False,False
97032752,1109,1109,OK,,0,0.0,2,0.03088519514186007,1.0683678403713674,0.9316321596286326,False,0.7927609814185551,1816.6974483940885,0.35000000000000003,0.00869522268740714,8.296950208765457e-05,104.80022741634536,False,False,478,False,0.0,False,False,False,0.008179131819420538,0.008722871395385745,2.0160042847512383,False,285,289,0.455,0.0007140140491519453,0.8882954524075778,False,False
9964969,963,959,OK,,4,0.004153686396677051,3,0.2462103907019991,4.828652847166012,0.8400006120629222,True,1.0304544663593938,1411.356425911596,0.12,0.04026793980248783,0.0002974263982160896,135.38791460343714,False,False,114,False,0.027111574556830033,True,True,False,0.03896978654777872,0.03240691515781846,0.3254971854594071,False,66,71,-0.495,0.048043387023489204,2.266021718576877,False,False
