TIC,n_points_raw,n_points,status,error,n_dropped_physical,frac_dropped_physical,n_segments,max_segment_median_offset,max_segment_scatter_ratio,min_segment_scatter_ratio,inhomogeneous_photometry,bls_period,bls_t0,bls_duration,bls_depth,bls_depth_err,bls_snr,depth_too_small,non_finite_bls_result,n_in_transit,below_noise_floor,frac_above_1_2,noisy_photometry,n_eclipses_observed,too_few_eclipses,frac_intransit_near_gap,frac_all_near_gap,gap_edge_suspect,robust_depth,robust_sigma,depth_ratio,robust_depth_mismatch,depth_flagged_implausible,insufficient_intransit_points,depth_odd,depth_even,odd_even_z,possible_half_period_alias,n_odd,n_even,secondary_phase,secondary_depth,secondary_sigma,secondary_detected,secondary_flagged_implausible
102334361,1101,1101,OK,,0,0.0,2,0.0505927353411082,1.2223250128863927,0.7776749871136076,False,0.7754003113129324,1544.1279455078813,0.5,0.009889201637840794,0.00015141577626503317,65.31156714166337,False,False,711,False,0.010899182561307902,False,30,False,0.029535864978902954,0.04178019981834696,False,0.0007819749844901747,4.379517125825686,0.07907362122114753,True,True,False,0.00036262738682824036,0.0006569406441667702,0.034847114519779954,False,427,426,nan,nan,nan,False,False
102549137,904,895,OK,,9,0.00995575221238938,2,0.015427287594248808,1.1241989429991328,0.8758010570008671,False,8.960324361985574,1473.5153488661858,0.5,0.007056547378764759,0.0008013926235881278,8.805356040301465,False,False,48,True,0.0033519553072625698,False,2,True,0.0,0.0335195530726257,False,0.006574025024198793,7.205945132549653,0.9316206171848262,False,True,False,0.0026963845852665536,0.007106320046374015,0.2656341366111033,False,29,29,-0.455,0.004378540661157171,2.14257568324816,False,False
111149941,1521,1521,OK,,0,0.0,3,0.017085393031618597,1.0042349720772776,0.9713323381412987,False,5.240091764822175,2695.257535755344,0.35000000000000003,0.0004546419920715768,4.463664398984629e-05,10.185398171399184,False,False,133,False,0.0,False,3,False,0.24060150375939848,0.2866535174227482,False,0.00046591406510831934,8.482366054394404,1.0247932950174297,False,False,False,0.00023303836309074288,0.0004215401190679202,2.2906155526735255,False,60,98,0.475,0.0005800149378301089,2.770256984780163,False,False
111392188,15006,15006,OK,,0,0.0,3,0.02047867345630315,1.283742354420242,0.878482598811019,False,21.240919491225785,2382.783820250469,0.02,0.2596376339316738,0.0024788364165447586,104.74173777613844,False,False,2,False,0.0006664001066240171,False,0,True,0.0,0.028655204584832734,False,nan,nan,nan,True,True,True,nan,nan,nan,False,0,4,0.335,0.004681083342545467,3.7561536132275695,False,False
118352931,30841,30725,OK,,116,0.003761226938166726,3,0.015992934174191037,1.0739072339516056,0.8373117080789436,False,27.040571054777594,3490.87228588012,0.084,0.3329912019049989,0.00032146219699946937,1035.8642633975048,False,False,81,False,0.006118795768917819,False,3,False,0.0,0.022359641985353947,False,0.32110378886810254,488.97493694144936,0.9643011197626542,False,False,False,0.30855270430485837,0.316708097215041,0.6984433712395796,False,43,57,-0.485,0.023116279506876225,5.023713603381406,True,False
119459681,903,903,OK,,0,0.0,2,0.09141229122125955,1.1577689603104788,0.8422310396895212,False,5.944205171807016,1471.4023057704937,0.244,0.1597707075177683,0.0005144421494752955,310.5707953376803,False,False,35,False,0.01107419712070875,False,3,False,0.0,0.04097452934662237,False,0.1746969857620888,199.76239615843235,1.093423121648632,False,False,False,0.14397700935221125,0.17191425415401484,1.192454016369135,False,14,26,-0.41500000000000004,0.0058445028583207215,2.6642217097814953,False,False
120037212,1177,1177,OK,,0,0.0,1,nan,nan,nan,False,4.854126258842557,1657.6932892960076,0.02,0.25533988820750547,0.005015938308129275,50.90570747125797,False,False,1,False,0.0008496176720475786,False,0,True,0.0,0.03313508920985556,False,nan,nan,nan,True,True,True,0.011675347566096339,0.00012412571645037396,0.9959467681318055,False,5,5,0.405,0.011897704032403977,3.9216140251115146,False,False
12080822,44901,44874,OK,,27,0.0006013229104028864,6,0.03270320609925721,1.2063794632135585,0.8059921924990792,False,34.2448098648868,2453.7335775867205,0.028,0.3333664654329376,0.0036055813014321597,92.4584519285482,False,False,25,False,0.0126576636805277,False,2,True,0.0,0.04182823015554664,False,0.19056069996573677,31.464454395303843,0.571625282459826,False,True,False,0.3839463534015831,0.003817300212893393,17.81346079594462,True,15,15,-0.07500000000000001,0.006965803544790039,1.783584394890109,False,False
122328031,3073,3063,OK,,10,0.0032541490400260333,5,0.11041090416034016,1.4254842446369964,0.792794971854762,False,24.60005074464305,1535.2513052902768,0.5,0.012557991450631693,0.00017872742244080342,70.26337245360904,False,False,69,False,0.018282729350310153,False,3,False,0.34782608695652173,0.07215148547175972,True,0.012185503570028122,48.51288796467929,0.9703385782616667,False,False,False,0.00018710794743326264,0.019661183059724308,0.8985236549682267,False,26,51,-0.09499999999999997,0.004473018218385749,4.192298630549693,False,False
122792457,1072,1072,OK,,0,0.0,2,0.015858623005373496,1.0478498571312973,0.9521501428687027,False,10.873845273427733,1494.7038368800643,0.5,0.08762890675697266,0.0004239253482490457,206.7083440962177,False,False,45,False,0.018656716417910446,False,2,True,0.0,0.0457089552238806,False,0.11517403384014402,160.88792585630958,1.314338362791221,False,True,False,0.14322116546479835,-0.00164788485542533,6.344456318723977,True,29,26,0.385,0.009704225331575445,3.9689594779823554,False,False
125356758,1072,1072,OK,,0,0.0,2,0.015714419246054403,1.020489791860103,0.9795102081398969,False,0.8153391345063102,1492.2252638474652,0.5,0.0055697336140520925,0.00020265412076878386,27.483939595814203,False,False,654,False,0.005597014925373134,False,28,False,0.047400611620795105,0.04477611940298507,False,0.0005319624749346996,3.342510101753572,0.09550950041714586,True,True,False,0.0005123398631909915,0.0004409166904506545,0.0306367279595513,False,384,401,nan,nan,nan,False,False
125900581,1072,1072,OK,,0,0.0,2,0.030799206854098263,1.0412667240502278,0.9587332759497723,False,3.265462365578779,1492.7984270974143,0.084,0.0258281203990943,0.001931095900136342,13.374851242380425,False,False,30,False,0.002798507462686567,False,7,False,0.13333333333333333,0.04477611940298507,False,0.022532867166342507,8.86097645847107,0.872416065054918,False,False,False,0.02129748534852971,0.01796040620180872,0.47867656553777116,False,20,18,0.475,0.020170892428628795,3.8030288719308256,False,False
126939797,1712,269,UNRELIABLE_DATA,,1441,0.8417056074766355,,,,,,,,,,,,,,,,,,,,,,,,,,,,,,,,,,,,,,,
127319649,960,949,OK,,11,0.011458333333333333,3,0.8174904247195351,4.001713840252676,0.9660606029336201,True,4.208740629269853,1600.9413613043569,0.02,0.2569657522008659,0.0032516734987312244,79.02569317034192,False,False,3,False,0.003161222339304531,False,0,True,0.6666666666666666,0.10432033719704953,True,0.3145954844660337,29.82624832630135,1.2242700895803404,False,True,True,0.008355466747316687,-0.0036820260539933702,0.3771888585092847,False,6,5,-0.485,0.028280861813515523,4.333555257570967,False,False
12915138,28422,15997,UNRELIABLE_DATA,,12425,0.4371613538807966,,,,,,,,,,,,,,,,,,,,,,,,,,,,,,,,,,,,,,,
132203740,2211,2211,OK,,0,0.0,3,0.040470247371143256,1.1202244315853738,0.8873441161766715,False,13.136503936166221,1543.3400555473613,0.028,0.2869911110468745,0.002567194817564679,111.7917148645241,False,False,2,False,0.0,False,0,True,0.0,0.06512890094979647,False,nan,nan,nan,True,True,True,nan,nan,nan,False,0,3,-0.034999999999999976,0.01694882833669975,1.7589738071744614,False,False
1326118009,1048,1032,OK,,16,0.015267175572519083,2,0.0717086815174554,1.1184375256526922,0.8815624743473081,False,6.034863511026644,1626.1436876765451,0.244,0.03500427442082912,0.000624256013392179,56.07358787081197,False,False,45,False,0.014534883720930232,False,5,False,0.0,0.06492248062015504,False,0.037186393072926816,20.35509631230584,1.0623386340154857,False,False,False,0.03721301473818284,0.03264333864345703,0.22629518489515377,False,21,33,0.485,0.01007191069760216,1.960714010226327,False,False
133776248,2726,2726,OK,,0,0.0,4,0.10960674819843001,1.8594869637219877,0.39478487424999587,False,10.952177738106617,2459780.5112440335,0.04,0.09114746707470417,0.002882142733468505,31.62489699634447,False,False,5,False,0.0,False,1,True,1.0,0.1603081438004402,True,0.09652402773890967,113.01319843162612,1.0589874939673187,False,True,True,nan,nan,nan,False,0,5,0.03500000000000003,0.004298141804889299,3.378882576370941,False,False
135346783,1087,1079,OK,,8,0.007359705611775529,2,0.08535466064090147,1.0759418236046674,0.9240581763953327,False,10.844150071604219,1572.234115037518,0.02,0.3451373727363031,0.00489248331948287,70.54441480912064,False,False,1,False,0.0018535681186283596,False,0,True,1.0,0.05097312326227989,True,nan,nan,nan,True,True,True,nan,nan,nan,False,1,4,-0.05499999999999999,0.005350664252411708,2.985897479944499,False,False
136191877,39395,39395,OK,,0,0.0,7,0.135595035479116,1.5901257447369836,0.4911951301223507,False,0.9021624954798597,1684.048457329728,0.12,0.5656905815020541,0.0010187325994058974,555.2885829234801,False,False,5224,False,0.0005076786394212463,False,171,False,0.04421898928024502,0.046807970554638915,False,0.6722784213910987,909.151433623349,1.1884207433788743,False,False,False,0.5939352322564146,0.5848383147041802,4.427325011002559,True,3212,3057,-0.485,0.12548138240593987,2.7625656018603952,False,False
137091217,64794,64794,OK,,0,0.0,28,1.125294309243871,2.298130218199952,0.5886038221626473,False,13.589848101136296,134.7545471697829,0.5,0.00107502879044414,7.198433041642817e-06,149.3420560037325,False,False,2460,False,0.0,False,104,False,0.06097560975609756,0.04261197024415841,False,0.0009056004172909304,28.730606242487944,0.8423964319288495,False,False,False,0.0009522194244622195,0.0008679245065144059,1.4341873808432977,False,1445,1519,-0.044999999999999984,0.0006579155079404764,1.3852539234496701,False,False
13831700,862,846,OK,,16,0.018561484918793503,2,0.020961192365218678,1.072247750658927,0.9277522493410731,False,6.14425832821374,1517.7777638777154,0.02,0.1383510968510754,0.0033483698756564127,41.31894085445179,False,False,2,False,0.022458628841607566,True,0,True,0.0,0.0591016548463357,False,nan,nan,nan,True,True,True,nan,nan,nan,False,2,2,-0.145,0.003328374647755483,1.9890795719555394,False,False
138362838,60873,60854,OK,,19,0.00031212524436121107,9,0.013197841210385731,10.313462866154312,0.5723135774567333,True,33.79683838242553,1689.2903797153526,0.17,0.12635964906387334,0.0006536217656846937,193.32227856810553,False,False,300,False,0.0005751470733230355,False,7,False,0.0,0.037943274065796825,False,0.03099613682470359,35.90820887935283,0.2453009093831481,True,True,False,0.2839007221971306,-0.0013023963891103385,108.15636060916158,True,236,128,-0.16499999999999998,0.001145324384755786,2.6229719594897354,False,False
138407805,10618,10618,OK,,0,0.0,8,0.02512043067851185,1.0417822968581694,0.7209679880879452,False,0.8779908345776146,1843.311236789927,0.02,0.005159989506027433,6.536530783714093e-05,78.9407971409491,False,False,248,False,0.0,False,67,False,0.10483870967741936,0.08155961574684498,False,0.004776518867652291,9.164183110340012,0.9256838336730712,False,False,False,0.003681842066074803,0.0037629140357364754,0.10785189418047117,False,151,146,0.18500000000000005,0.00613477705331178,1.7442516625484565,False,False
139716826,1072,1072,OK,,0,0.0,2,0.02285536765382882,1.0659693186063248,0.9340306813936751,False,0.7681332942343571,1492.1788983727681,0.5,0.0063438464370990585,0.00018385466093797796,34.504681060215866,False,False,697,False,0.0065298507462686565,False,30,False,0.040172166427546625,0.04664179104477612,False,0.0006163572601216583,3.909210361372755,0.09715828815104623,True,True,False,0.00014193822174202175,0.00023232412385221224,0.03145117764180543,False,420,423,nan,nan,nan,False,False
139853641,1072,1072,OK,,0,0.0,2,0.05387646928659896,1.1252028602815674,0.8747971397184325,False,0.8164549251720169,1492.2248716968425,0.5,0.009557473000643487,0.00011209987798617305,85.25854953938801,False,False,652,False,0.013992537313432836,False,28,False,0.046012269938650305,0.04664179104477612,False,0.0005466673203642358,3.5530090241869763,0.057197893243060134,True,True,False,0.0004979886365321651,0.000330837539950668,0.036840580815635716,False,384,401,nan,nan,nan,False,False
14001269,1124,1124,OK,,0,0.0,2,0.020037667575308296,1.0473693742511372,0.9526306257488628,False,12.552541100644671,1438.0780329906477,0.17,0.2089994234608356,0.0009245658885810386,226.05141076705073,False,False,16,False,0.0,False,2,True,0.0,0.037366548042704624,False,0.22284670551741814,187.1531712409145,1.0662551208385385,False,True,False,nan,nan,nan,False,0,19,-0.245,0.09734096619754762,6.517105749555913,True,False
142837818,1072,1072,OK,,0,0.0,2,0.014832388897547153,1.038352704103519,0.961647295896481,False,0.8669692448516142,1492.268686870073,0.5,0.0004056038281222851,2.243843879468361e-05,18.07629451556967,False,False,614,False,0.0,False,26,False,0.04560260586319218,0.04477611940298507,False,0.00015115768250861805,5.4591092545241855,0.37267321466957576,True,True,False,0.00019284615911496772,3.468798582617616e-05,1.5606248476812972,False,370,369,nan,nan,nan,False,False
142841561,1072,1072,OK,,0,0.0,2,0.011469965630134086,1.0413089002043812,0.9586910997956191,False,0.7550291699559759,1492.0437017523852,0.058,0.030978040304362388,0.0003197646389241497,96.87762977353661,False,False,82,False,0.0046641791044776115,False,23,False,0.06097560975609756,0.04477611940298507,False,0.03373709536859182,25.27903403340353,1.0890648677941352,False,False,False,0.031084747483964614,0.03252326911738701,0.2656703862980616,False,49,49,0.475,0.019330485979283107,2.7360202092101225,False,False
144079288,1086,1080,OK,,6,0.0055248618784530384,2,0.027146577091001035,1.0542348514629314,0.9457651485370686,False,9.459980222855352,1577.1241703011394,0.244,0.026099890208034906,0.0005918721300952722,44.09717721264164,False,False,24,False,0.0,False,2,True,0.0,0.05092592592592592,False,0.02632986327768727,23.23110784530035,1.008811265787684,False,True,False,0.023884041655317656,0.02542280574072353,0.2516294833861424,False,14,14,0.485,0.008423427806179884,3.36488704877299,False,False
145593829,1966,1950,OK,,16,0.008138351983723296,4,0.061691979525345324,1.2985043754434427,0.4987461341415185,False,20.602679904313145,1535.1082800493427,0.35000000000000003,0.062467633048740576,0.00037995139786265505,164.40953606208706,False,False,13,False,0.008717948717948718,False,1,True,1.0,0.06358974358974359,True,0.06322895770775294,63.702485693531784,1.012187506102854,False,True,False,nan,nan,nan,False,2,15,0.025000000000000022,0.0043321332503187815,3.1264135805937103,False,False
145599042,1966,1966,OK,,0,0.0,4,0.11715886041949304,1.3600889094239828,0.8311301766974198,False,13.18662723426584,1530.3698290963064,0.5,0.11160195944980855,0.000566377867329287,197.0450575268051,False,False,15,False,0.0,False,2,True,0.9333333333333333,0.06307222787385554,True,0.085786014716148,112.32755343039034,0.7686783918406834,False,True,False,0.14442076082277755,0.08091929561563527,17.766252405769677,True,7,12,0.04500000000000004,0.008150424408589596,6.666218566570942,True,False
145905547,1934,1916,OK,,18,0.009307135470527405,4,0.11990759367828581,1.0988329773409204,0.9109036486750791,False,1.0077896660084578,1492.359930635064,0.5,0.004493805917800156,0.00011242582036157936,39.97129754844003,False,False,933,False,0.006784968684759917,False,40,False,0.04180064308681672,0.0720250521920668,False,0.00029024262013410684,2.2563773295348932,0.06458726198753789,True,True,False,0.00024037955554634394,0.00029820761830590126,0.013536838854340098,False,572,551,nan,nan,nan,False,False
146204013,1966,1966,OK,,0,0.0,4,0.02712169724140331,1.2389286649829032,0.7534897643342722,False,14.190971289039513,1521.192861865384,0.17,0.20635223459406551,7.386366357648492e-05,2793.6907621755086,False,False,31,False,0.001017293997965412,False,4,False,0.25806451612903225,0.06307222787385554,False,0.2243306448581981,977.4194220755886,1.087124863462223,False,False,False,0.19481694442388287,0.21373155935579236,5.330265610600372,True,19,18,-0.435,0.06785138240932342,8.295702468482165,True,False
146608979,2189,2187,OK,,2,0.0009136592051164915,4,0.19767531939288466,1.1053733675412531,0.8675601361689552,False,3.6874719247979484,1544.6710522594074,0.35000000000000003,0.00968217461894355,0.0002654725693403412,36.47146913521904,False,False,188,False,0.003657978966620942,False,13,False,0.10106382978723404,0.07087334247828075,False,0.00848713413084834,20.864386626544743,0.8765731320568143,False,False,False,0.007721099818314037,0.0065131052286779845,0.21494329346883498,False,103,136,-0.475,0.002950166072484217,2.52482170197452,False,False
146939207,2189,2169,OK,,20,0.009136592051164915,4,0.091314134171787,2.9641051418779907,0.9504987681657319,False,13.884490547857876,1544.74389826578,0.5,0.04028010425286744,0.0008558726483344205,47.063198399031606,False,False,90,False,0.024896265560165973,True,4,False,0.0,0.06869525126786538,False,0.03876843507367189,24.259248603625057,0.9624710708367162,False,True,False,0.053723314300077485,0.024557181712182574,1.4022130492057219,False,54,55,-0.135,0.18164735919905683,6.536892987476315,True,False
147410827,2189,2185,OK,,4,0.001827318410232983,4,0.05500335774652184,1.2684822251900734,0.877576136633354,False,14.115163649055443,1543.9517581993337,0.5,0.14686490884073633,0.0015576246746435013,94.28773903722974,False,False,82,False,0.021510297482837528,True,4,False,0.0,0.07093821510297482,False,0.15166260441664037,52.21173640454623,1.0326674058069703,False,True,False,0.16119543747577414,0.14353745791716355,0.8419685972440613,False,53,45,-0.135,0.3928486265316058,4.558535383771557,False,False
147639214,1072,1072,OK,,0,0.0,2,0.004581247379799715,1.0191017092257433,0.9808982907742568,False,1.0386518400043132,1491.6903326007457,0.058,0.11242466208868919,0.00043423486865473503,258.90288920597783,False,False,60,False,0.043843283582089554,True,17,False,0.03333333333333333,0.04664179104477612,False,0.1088864990810321,73.45014877153777,0.9685285866826451,False,True,False,0.10671526521304253,0.098817835867121,0.16001833036983684,False,36,36,0.495,0.03527139419976355,3.843396322056367,False,False
150250239,12295,12248,OK,,47,0.0038226921512810085,22,1.4483892611173048,27.527480271786413,0.76871384071654,True,31.392623740333818,1344.2971203589232,0.02,0.11387966730787803,0.0017645909115960607,64.53601600207418,False,False,5,False,0.004980404964075767,False,0,True,0.2,0.08556499020248204,False,0.004433014096053456,1.611797435250269,0.038927178142070196,True,True,True,0.0036092689582964965,0.005237971159391508,0.04000252010194515,False,4,3,0.06500000000000006,0.002047508435345513,3.0591817133510353,False,False
150250315,12295,12295,OK,,0,0.0,22,77.6308123015309,145.9852047357206,0.8259780176656472,True,37.7061888590883,1346.6541345052563,0.35000000000000003,0.012089175610453667,0.00012840587487623006,94.1481503249472,False,False,97,False,0.004473363155754371,False,6,False,0.17525773195876287,0.08385522570150468,False,0.0008694021903596916,5.008863490683637,0.071915754917805,True,True,False,0.004900651807477674,6.866250706272226e-05,0.6540153383824875,False,40,75,0.19500000000000006,0.0008324916417943307,3.634447555355902,False,False
153080360,14902,14902,OK,,0,0.0,2,0.001795525308939369,1.0173735211484674,0.9826264788515324,False,0.7825225996516298,4154.127233666632,0.058,0.006564112690742365,5.862010103947383e-05,111.97716439148061,False,False,1128,False,0.0,False,28,False,0.11524822695035461,0.08488793450543551,False,0.006601925229896333,84.26182590623763,1.005760495124847,False,False,False,0.006144959093740798,0.0057165690264116,3.7328734516417974,True,677,676,-0.495,0.0030754887222103067,3.2626241084998497,False,False
153336799,1934,1918,OK,,16,0.008273009307135471,4,0.08918591458181202,1.330413961356961,0.7783501108445797,False,1.1312302183921423,1492.346229587927,0.12,0.009697459540939687,0.000172746225795303,56.13702699606745,False,False,202,False,0.006777893639207508,False,35,False,0.09900990099009901,0.072992700729927,False,0.008401298531657053,26.613815698207734,0.8663401477664701,False,False,False,0.007059189414941103,0.00785505413843135,0.08563959702081353,False,123,120,0.385,0.002966714914478641,2.1150628852915423,False,False
154125993,37841,37840,OK,,1,2.6426362939668615e-05,7,0.011734949562494303,2.0738352524322696,0.9426591771161412,False,35.458915188131016,2452.1658312786594,0.02,0.24295465707848024,0.010309043409216687,23.56713881535015,False,False,4,False,0.0003171247357293869,False,0,True,0.5,0.03398520084566596,True,0.029210958801004216,1.490003706528023,0.1202321418830361,True,True,True,0.01698410755723112,0.025477394262855446,0.29302007492013,False,4,4,-0.0050000000000000044,0.00516614507705504,3.0239134654753204,False,False
154831114,1934,1904,OK,,30,0.015511892450879007,4,0.5248278163539676,1.330639699686551,0.5583644157569397,False,1.5824544349592473,1491.7423291264488,0.12,0.032131186389654454,0.00027999250807541937,114.75730765267309,False,False,142,False,0.004726890756302521,False,25,False,0.04929577464788732,0.06985294117647059,False,0.03883574035131554,61.163025732065655,1.208661886316772,False,False,False,0.020711978874765946,0.01590335893235617,0.6591550903470326,False,91,81,0.09499999999999997,0.010542791392603945,3.5327321360943698,False,False
158329671,1101,1101,OK,,0,0.0,2,0.015550218858115894,1.0129807199851302,0.9870192800148698,False,1.5333946458252492,1544.1085346090476,0.12,0.11813650069132627,0.0001752062849510594,674.2709071442584,False,False,83,False,0.0009082652134423251,False,15,False,0.0,0.04178019981834696,False,0.1219181945631379,211.22474357917218,1.0320112230316747,False,False,False,0.10562075664100123,0.10865656128804502,0.6427617253059272,False,54,46,-0.175,0.003820223973572956,2.591617169313948,False,False
158495042,75449,75449,OK,,0,0.0,9,0.013769028841198756,1.517679715362697,0.0,True,39.128791797229525,1721.9579416509168,0.02,0.05023896748123316,0.000883167024272298,56.88501280109332,False,False,42,False,2.6507972272661e-05,False,6,False,0.0,0.034433855982186644,False,0.00045732582649038456,0.4033607373349396,0.009103010062084164,True,True,False,0.0011540208426803478,-0.0007041777955429929,0.8851868812534394,False,24,28,0.365,0.0008295367124615538,3.4127506250198203,False,False
159809844,24277,24277,OK,,0,0.0,9,0.04150142815756526,1.3202645545186533,0.0,True,36.485132485620696,1773.2015805808937,0.02,0.2473556179718435,0.002457468644319603,100.65463848078055,False,False,2,False,0.0,False,0,True,0.0,0.07797503810190716,False,nan,nan,nan,True,True,True,nan,nan,nan,False,3,0,-0.015000000000000013,0.0002169659904470711,5.503436801690037,True,False
160130060,1029,1027,OK,,2,0.001943634596695821,2,0.08990604362919022,1.0909359383975674,0.9090640616024326,False,3.1056669601151454,1626.8700442235565,0.084,0.059126234171889974,0.0008731122533419963,67.71893756567215,False,False,31,False,0.004868549172346641,False,8,False,0.0,0.022395326192794548,False,0.04479601819103407,20.493820231900976,0.7576335414970699,False,False,False,0.03966582288460119,0.050657608313734115,1.2957402669114702,False,18,19,-0.495,0.009936452793645412,2.7871598904005195,False,False
162965799,1029,1019,OK,,10,0.009718172983479106,2,0.09431371870436003,1.1062352229771095,0.8937647770228905,False,12.39791504886902,1627.2528219423211,0.02,0.44432800177032333,0.052980372182558855,8.386653084264216,False,False,2,True,0.004906771344455349,False,0,True,0.5,0.047105004906771344,True,nan,nan,nan,True,True,True,nan,nan,nan,False,0,3,-0.015000000000000013,0.08189324812218224,3.2482339917062784,False,False
163249597,1086,1086,OK,,0,0.0,2,0.013147576548268007,1.0413278927449963,0.9586721072550038,False,11.37644927544914,1570.6984327550208,0.244,0.020004153745419858,0.0004932663399020252,40.554467489902464,False,False,21,False,0.0027624309392265192,False,2,True,0.5238095238095238,0.07642725598526703,True,0.028194302325869725,47.49961895514923,1.4094223972021351,False,True,False,nan,nan,nan,False,0,25,0.20500000000000002,0.009601074851711244,5.976920709124015,True,False
174089663,1934,1929,OK,,5,0.0025853154084798345,4,0.3132072523578801,3.1325865662170345,0.8515851240656529,True,13.075647318176307,1504.4214175429247,0.244,0.9087035890324551,5.5569729996786194e-05,16352.492428611922,False,False,5,False,0.010368066355624676,False,1,True,1.0,0.07413167444271643,True,0.658015927807551,811.6763072845106,0.7241260359807487,False,True,True,nan,nan,nan,False,6,0,-0.11499999999999999,0.0017680600469062169,1.6785721943725795,False,False
176255016,5215,5215,OK,,0,0.0,4,0.020388839329833527,1.1334136524812743,0.8813018705850916,False,1.4624768501578063,2089.499053722248,0.17,0.0008919095237272721,0.00016130826536184224,5.529223947245142,False,False,607,True,0.0,False,25,False,0.16474464579901152,0.08226270373921381,False,0.0008617968899992112,4.827396874962746,0.9662380175040391,True,True,False,0.0008885102544423651,0.00032354220396602074,2.0584067018876158,False,373,355,0.355,0.001571948784541477,2.765974412524102,False,False
180251856,13110,12930,OK,,180,0.013729977116704805,4,0.0351296005664804,1.4055942458934632,0.6622770557647601,False,0.7971737029752178,2770.3564712192438,0.5,0.3553404724016088,0.0001036533889439159,3428.1606807267453,False,False,8205,False,0.00819798917246713,False,64,False,0.06240097501523461,0.06109822119102862,False,9.456185858569555e-05,0.7738194319530897,0.00026611620665270276,True,True,False,7.128713688220323e-05,7.128713688220323e-05,0.0,False,4948,4847,nan,nan,nan,False,False
180448842,12739,12691,OK,,48,0.003767956668498312,4,0.013160069972452807,1.4572488468247409,0.6060902830259071,False,17.28146641227578,2779.106672696317,0.084,0.949780417916297,0.0005316344632358849,1786.529060090075,False,False,17,False,0.009140335670947916,False,1,True,0.0,0.05531479000866756,False,0.6728081693218733,77.17111431502762,0.7083828605331038,False,True,False,nan,nan,nan,False,0,23,-0.0050000000000000044,0.46629094018508443,7.000688464367631,True,False
181674559,1966,1966,OK,,0,0.0,4,0.1430484034831563,1.1126473372791248,0.8035997832770719,False,12.646192909357262,1518.5676675711807,0.35000000000000003,0.01769382942204468,0.00018534539195873902,95.46409131112158,False,False,12,False,0.0,False,2,True,0.16666666666666666,0.06358087487283826,False,0.020395130685163188,70.61940117358822,1.1526691141123449,False,True,False,nan,nan,nan,False,0,16,0.10499999999999998,0.0007364832143257338,1.6348902321008458,False,False
183517039,50883,50883,OK,,0,0.0,6,0.062368839542080536,1.49410815397417,0.6376791293907452,False,27.746930678359075,2240.941215537252,0.058,0.11295929592393306,0.0002271900754821059,497.2017183595242,False,False,33,False,0.0,False,2,True,0.24242424242424243,0.03020655228661832,False,0.0005465253082711508,1.7259906274752368,0.004838249953675186,True,True,False,nan,nan,nan,False,38,0,-0.11499999999999999,0.00023513813328257527,2.0752929734527985,False,False
183663600,862,862,OK,,0,0.0,2,0.13414840109098017,1.1213859748316357,0.8786140251683641,False,11.406750013682986,1523.7206156137295,0.244,0.5757122554319484,0.0002511799206401096,2292.0313612839636,False,False,22,False,0.0,False,2,True,0.5454545454545454,0.0568445475638051,True,0.39529486788922785,383.69791905721627,0.6866188172295272,False,True,False,0.5515223255150592,-0.0001269003434762883,50.50381290761341,True,13,13,0.03500000000000003,0.09412735898112212,9.425455716739886,True,False
185326770,862,862,OK,,0,0.0,2,0.16482187439933252,1.2518645150167629,0.748135484983237,False,11.106800320005439,1519.3242328847077,0.17,0.011035553002469459,0.00024175779676773577,45.64714416665394,False,False,16,False,0.0,False,2,True,0.0,0.0568445475638051,False,0.010383081986995446,23.764882970728777,0.9408755487533785,False,True,False,nan,nan,nan,False,0,20,-0.235,0.0016869493084439302,0.1865873900767775,False,False
186143099,862,862,OK,,0,0.0,2,0.0017419823999200367,1.1773741092943557,0.8226258907056442,False,8.886946384130523,1521.2033146729739,0.244,0.015654378790270058,0.00041886534733449914,37.37329643019794,False,False,23,False,0.0,False,2,True,0.0,0.0568445475638051,False,0.011958002781005006,18.56383200040963,0.7638759059821316,False,True,False,nan,nan,nan,False,0,28,-0.365,0.001987412199758287,0.6729936282913673,False,False
192855782,2167,2167,OK,,0,0.0,4,0.12973968929834245,1.246799506514243,0.91916868374395,False,8.988830716776237,1598.2785926337745,0.02,0.19866840250734896,0.0006435062973002003,308.7279850109513,False,False,4,False,0.0,False,0,True,0.0,0.046608214120904476,False,0.14903473930125155,94.50593745083691,0.7501683076942172,False,True,True,nan,nan,nan,False,1,7,-0.405,0.00315865611253463,3.8265649356601856,False,False
193621561,65919,65919,OK,,0,0.0,9,0.007747674638442655,1.59145979587534,0.0,True,31.43571270680635,1703.2588886909455,0.02,0.05453423769597448,0.0011614242048545193,46.95462473403977,False,False,32,False,0.0,False,4,False,0.0,0.027670322668729805,False,0.0027555411845709976,1.658344941486941,0.05052864587441371,True,True,False,0.0016825170607730477,0.006504857108220796,1.6423563781687256,False,29,11,0.10499999999999998,0.0006187206019911962,5.204058807207502,True,False
1956100031,3700,717,UNRELIABLE_DATA,,2981,0.8056756756756757,,,,,,,,,,,,,,,,,,,,,,,,,,,,,,,,,,,,,,,
1961129327,1854,109,UNRELIABLE_DATA,,1743,0.9401294498381877,,,,,,,,,,,,,,,,,,,,,,,,,,,,,,,,,,,,,,,
196227720,63111,63109,OK,,2,3.169019663767014e-05,5,0.06353091127961377,1.196309631896007,0.5720776849726367,False,1.4883802986133408,2421.4009241699523,0.17,0.6172539850338207,0.0012034684966257879,512.8958396205967,False,False,6888,False,0.04344863648607964,True,125,False,0.022067363530778164,0.025083585542474134,False,0.5968343274298151,600.0072725349547,0.9669185487674304,False,True,False,0.5233521611152749,0.5602858411319458,17.21421357105704,True,4082,4262,-0.33499999999999996,0.03313413901014095,0.5129934485283006,False,False
19938261,1072,1072,OK,,0,0.0,2,0.03248342080541568,1.0337206561203873,0.9662793438796126,False,2.320534793072512,1493.895415819839,0.084,0.06483668544188972,0.000464961854225092,139.4451713677607,False,False,37,False,0.0009328358208955224,False,9,False,0.0,0.04477611940298507,False,0.06418254553966929,101.27341534495012,0.9899109601645706,False,False,False,0.04652423622420976,0.07277140616854605,4.93711426662594,True,25,19,0.405,0.0026014552143482916,2.444961821138516,False,False
199617844,4472,393,UNRELIABLE_DATA,,4077,0.9116726296958855,,,,,,,,,,,,,,,,,,,,,,,,,,,,,,,,,,,,,,,
203279104,10678,10678,OK,,0,0.0,4,0.017345056473871592,1.0875309072543402,0.8572511600298874,False,1.2344142866893872,3262.493381816507,0.12,0.00020402314676620992,6.274581789268324e-06,32.51581597281258,False,False,1051,False,0.0,False,21,False,0.049476688867745006,0.10844727477055628,False,0.00020510031645415427,16.680232466137337,1.005279644515917,False,False,False,0.0002016129190782756,0.00016975255093365504,1.7683636178680222,False,622,642,-0.425,0.00021253651728869727,2.859908431306428,False,False
207754858,1086,1086,OK,,0,0.0,2,0.024259593923171594,1.0686756586012054,0.9313243413987946,False,10.197636246489367,1630.5180012372211,0.5,0.002804741299911144,0.00019970654984734565,14.044313028566512,False,False,60,False,0.0,False,3,False,0.03333333333333333,0.022099447513812154,False,0.003000760821977755,7.460377113103576,1.0698886282570235,False,False,False,0.004728108766781203,0.001846904714165598,2.9752567072396547,False,13,58,-0.195,0.0035090836775950596,3.115325268505015,False,False
20817046,25380,25380,OK,,0,0.0,7,0.06665834541524897,1.4363281797893162,0.6457149477744528,False,34.565710956072174,3341.3523340800043,0.17,0.01254700930827392,2.777432189826769e-05,451.7485378844294,False,False,55,False,0.0,False,1,True,1.0,0.10583136327817179,True,0.012109465030610722,227.9630908652188,0.965127603964184,False,True,False,nan,nan,nan,False,63,0,-0.034999999999999976,0.0010417753100581129,0.618650316458316,False,False
208358448,1081,1081,OK,,0,0.0,2,0.059629747642443165,1.0077534395928,0.9922465604072,False,1.6784373640597259,1597.0378500204015,0.058,0.015061003562784349,0.00012692464334712229,118.66098785556147,False,False,36,False,0.0,False,8,False,0.0,0.03700277520814061,False,0.014276602272859096,22.523035337399527,0.9479183915829152,False,False,False,0.012897911098249448,0.013467507417333824,0.34953502733718916,False,24,20,-0.495,0.0031305530366387835,2.8528928812353858,False,False
216742782,23445,23277,OK,,168,0.007165706973768394,8,0.2576177926954613,1.676934791691574,0.8107975591003216,False,0.7469937358724879,1683.6329986542823,0.5,0.0552159548770205,0.0001480831808000199,372.8712104826228,False,False,15555,False,0.011685354641921209,False,179,False,0.06769527483124398,0.06822184989474589,False,0.0012431332435061115,9.104606026355244,0.022514022374056097,True,True,False,0.0011338402584102347,0.0012454286159679917,0.064787684018371,False,9586,9094,nan,nan,nan,False,False
218210390,1056,1042,OK,,14,0.013257575757575758,2,0.1157400125924778,1.1153477203083444,0.8846522796916556,False,5.861125919430378,1629.9638376288506,0.02,0.9457436015672733,0.0003120172625349078,3031.0617876838323,False,False,1,False,0.0047984644913627635,False,0,True,0.0,0.06525911708253358,False,nan,nan,nan,True,True,True,nan,nan,nan,False,2,3,0.335,0.00643116548339373,2.4120018465489275,False,False
220148279,904,904,OK,,0,0.0,2,0.010897918544298084,1.058393491167326,0.9416065088326738,False,3.6427614196385134,1468.3470678907922,0.12,0.01569835231376531,0.0004377162824302663,35.864218316498786,False,False,30,False,0.00995575221238938,False,5,False,0.0,0.04092920353982301,False,0.014044822311042204,27.145207255546694,0.8946685633196557,False,False,False,0.011277398695975216,0.013904564925789287,0.1741151078100499,False,15,20,-0.034999999999999976,0.0025601586585445313,2.8295692960450336,False,False
220426670,14740,14740,OK,,0,0.0,3,0.0204810342289753,1.0257449383867454,0.9624272076010115,False,8.196554006756898,1413.1990095454755,0.058,0.00022917829508527793,2.9511867109430806e-05,7.765631846859386,False,False,126,True,0.0,False,3,False,0.3333333333333333,0.09613297150610584,True,0.000252651105314472,6.22227721037154,1.1024216111759613,True,True,False,0.0002787609705263705,0.00020057031148490445,1.2099220688102403,False,50,100,-0.0050000000000000044,9.48324656475652e-05,2.709343453148781,False,False
220477788,12404,12379,OK,,25,0.002015478877781361,21,0.16339982168253897,1.6050638324299764,0.6118518137670349,False,38.968110608823174,1361.5793957329163,0.028,0.0847187679709254,0.0003253553318915016,260.38844201015627,False,False,6,False,0.0022618951450036353,False,0,True,0.5,0.08078196946441554,True,0.0014614640544797775,2.4498778689996237,0.017250770867930195,True,True,True,0.0016360028845809893,0.0009282728015526098,0.02748171151716666,False,5,3,0.405,0.0008903159850264242,3.217317802881971,False,False
22206966,32435,32346,OK,,89,0.002743949437336211,4,0.003266905817766844,1.4859506447514792,0.8036272777732614,False,0.9696575722928583,2391.2474509256704,0.5,0.10332775567005968,7.741671224772157e-05,1334.6957351976762,False,False,16760,False,0.006059481852470167,False,135,False,0.031085918854415275,0.029400853273975142,False,0.0,0.0,0.0,True,True,False,0.0,0.0,0.0,False,10160,9960,nan,nan,nan,False,False
222712042,12952,12900,OK,,52,0.004014823965410748,4,0.007381478536658658,1.2261107903864628,0.721264450755291,False,12.97062575807237,2778.531406780804,0.058,0.6214006858942694,0.00026735087445021365,2324.2889598626966,False,False,34,False,0.007131782945736434,False,2,True,0.0,0.05465116279069768,False,0.010650682124177635,6.150125319933461,0.017139797824410247,True,True,False,0.004309814556143765,0.594059997341783,25.330039623732794,True,32,10,-0.08499999999999999,0.0029957313637515304,2.159185014314437,False,False
224291351,6421,6421,OK,,0,0.0,3,0.04002046233066989,1.0261294812824955,0.9738224887398499,False,7.35270073266907,3345.9128973058746,0.084,0.0008858043235262504,0.0001264216599340206,7.006744920044169,False,False,72,True,0.0,False,2,True,0.5,0.1336240460987385,True,0.000901830634527645,5.861848974375281,1.0180923829064148,True,True,False,0.0004357532679126752,0.0009521086675692292,2.313798935045204,False,43,44,0.275,0.0004328672840275827,2.4528054995194135,False,False
224650490,20380,20361,OK,,19,0.0009322865554465162,8,0.0017187229310916528,7.5205904577902345,0.2669784868147681,True,36.28550255704379,1707.659772190827,0.02,0.7687030735794195,0.0036981457728168044,207.86175581010522,False,False,1,False,0.001817199548155788,False,0,True,0.0,0.06217769264770886,False,nan,nan,nan,True,True,True,nan,nan,nan,False,1,1,0.08499999999999996,0.0008014304176591214,6.399444005005079,True,False
224835221,1047,1029,OK,,18,0.017191977077363897,2,0.11670192633842272,1.030600479348985,0.9693995206510151,False,13.01948316151508,1627.082018239036,0.5,0.23676087138228546,0.00044273876729050335,534.7642647858181,False,False,31,False,0.0,False,2,True,0.22580645161290322,0.022351797862001945,False,0.2621722447801238,235.23734795239517,1.1073292780579773,False,True,False,-0.004509097496184555,0.2610006138115374,28.216331922667994,True,8,32,0.08499999999999996,0.029857923687781396,4.821382823991604,False,False
229497968,244035,244035,OK,,0,0.0,38,0.022020717506789144,6.422452985943881,0.0,True,2.7827267181637985,1685.3020275542917,0.5,0.0010372478422913942,1.1933005499982982e-05,86.92259819145089,False,False,43399,False,0.003987132993218186,False,384,False,0.023203299615198507,0.036121867764869794,False,0.0,0.0,0.0,True,True,False,0.0,0.0,0.0,False,25972,26031,-0.175,0.0007124610607494031,8.172576254720516,True,False
229685062,152531,152531,OK,,0,0.0,28,0.03414876934839783,1.239566066726349,0.8412137507788368,False,17.055399917576104,2837.933964348279,0.084,0.00029757774152417625,4.4472823386197884e-05,6.691226660831463,False,False,870,True,0.0,False,24,False,0.2482758620689655,0.07494869895299971,False,0.0002752044136822285,4.986383074646987,0.9248151836647699,True,True,False,0.00026687615502962725,0.0003163179117956494,0.6001891037846395,False,557,472,0.43500000000000005,0.00010381315191410057,2.148112535241818,False,False
229760858,2032,175,UNRELIABLE_DATA,,1855,0.9128937007874016,,,,,,,,,,,,,,,,,,,,,,,,,,,,,,,,,,,,,,,
230232986,2292,218,UNRELIABLE_DATA,,2072,0.9040139616055847,,,,,,,,,,,,,,,,,,,,,,,,,,,,,,,,,,,,,,,
230270636,19623,19614,OK,,9,0.00045864546705396726,4,0.04987352170534433,1.7386272811997765,0.0,True,37.623528605835745,2047.8126586900437,0.17,0.8000343988061034,0.0023480207457506007,340.72714231932963,False,False,6,False,0.013918629550321198,False,1,True,0.0,0.044458040175384926,False,0.8023509646710705,183.83052510508188,1.0028955828254686,False,True,True,nan,nan,nan,False,11,0,-0.015000000000000013,0.007957916437008383,0.16719938991351604,False,False
230275619,8089,8089,OK,,0,0.0,5,0.008800703706462996,1.1172568140570385,0.5510757527767587,False,3.1561343130066786,2012.565282784637,0.35000000000000003,0.0004485323326751798,3.914429823084103e-05,11.45843335931336,False,False,979,False,0.0,False,25,False,0.10316649642492338,0.10780071702311782,False,0.0004599312904225439,9.48866038434424,1.0254139042315575,False,False,False,0.0003759005308048291,0.00036834927729867406,0.10104342533812356,False,563,617,-0.215,0.0005038287470502389,1.9237789891272719,False,False
230279486,19601,19592,OK,,9,0.0004591602469261772,4,0.02065911828408416,1.815009357277279,0.0,True,35.36177465990205,2036.517713040045,0.244,0.8426186010751767,0.0008121586599522764,1037.5049145258024,False,False,97,False,0.009340547162106982,False,1,True,0.0,0.04450796243364639,False,0.8362020249882158,1476.5559369455175,0.9923849579409079,False,True,False,nan,nan,nan,False,107,0,-0.015000000000000013,0.0039316570416619845,0.35270033021924513,False,False
230621343,1712,213,UNRELIABLE_DATA,,1499,0.8755841121495327,,,,,,,,,,,,,,,,,,,,,,,,,,,,,,,,,,,,,,,
231260455,1054,1041,OK,,13,0.012333965844402278,2,0.31611314253609596,1.047262103733508,0.9527378962664923,False,1.1126977080058151,1625.7180164051972,0.084,0.08846342136962546,0.0008113254605216753,109.03567763391061,False,False,89,False,0.013448607108549471,False,23,False,0.1348314606741573,0.0643611911623439,False,0.0932711240449634,34.61187085251201,1.0543467865124727,False,False,False,0.08281954904383437,0.09188386818777272,0.5085519263125143,False,51,53,0.495,0.13264984315812134,4.436872109738915,False,False
231528689,862,838,OK,,24,0.027842227378190254,2,0.2180795423849289,1.078853345185956,0.9211466548140439,False,0.9982346139930549,1518.673751592,0.5,0.005965475257863568,0.00015015944114809933,39.72760695066743,False,False,413,False,0.011933174224343675,False,18,False,0.05569007263922518,0.059665871121718374,False,0.0011878797872207913,8.678744296810768,0.19912575878258024,True,True,False,0.0021821985494838714,-0.00011885547301693222,0.2236113654595461,False,258,243,nan,nan,nan,False,False
23259249,1086,1086,OK,,0,0.0,2,0.010200426323282925,1.0524093875310572,0.9475906124689429,False,3.9740155961235786,1628.4670353392085,0.17,0.039153593164955494,0.0006553308361630087,59.746300653577556,False,False,42,False,0.0,False,5,False,0.023809523809523808,0.02117863720073665,False,0.03464021774227066,31.05123831716664,0.8847264054752314,False,False,False,0.0511084488286091,0.024059756272645227,16.074528797342108,True,22,32,-0.475,0.00579969258111257,2.566694232320161,False,False
233153249,6946,1174,UNRELIABLE_DATA,,5772,0.8309818600633458,,,,,,,,,,,,,,,,,,,,,,,,,,,,,,,,,,,,,,,
233415701,163220,163220,OK,,0,0.0,12,0.015140859238670902,1.0622994446591947,0.9082312943218607,False,5.271641732651179,2801.636208304876,0.12,0.01009886528463982,0.00015990361766910605,63.155952515957104,False,False,3568,False,0.0,False,43,False,0.014854260089686098,0.070616346036025,False,0.010299394461177558,54.694593174929445,1.019856604765561,False,False,False,0.009251495147849065,0.00991382236046201,2.39635959564538,False,2250,2036,0.05500000000000005,0.0013334767013530868,1.4838534803269603,False,False
233460609,2148,225,UNRELIABLE_DATA,,1921,0.8943202979515829,,,,,,,,,,,,,,,,,,,,,,,,,,,,,,,,,,,,,,,
234073743,904,904,OK,,0,0.0,2,0.08309852241020421,1.0594796347522313,0.9405203652477684,False,0.6569964840177932,1468.7049393505688,0.5,0.005965967132356767,8.406547789097148e-05,70.96809870151829,False,False,681,False,0.008849557522123894,False,31,False,0.030837004405286344,0.04092920353982301,False,1.574106770951822e-05,0.2709543701251679,0.002638477108622612,True,True,False,-8.471478998794968e-05,2.5154947007610673e-05,0.02693375658393435,False,381,444,nan,nan,nan,False,False
235555541,20166,20166,OK,,0,0.0,14,0.0601660781889757,1.5899392429535129,0.0,True,36.295458061920165,1773.8293688565195,0.02,0.003355945861044924,0.0006045005642800536,5.551600874089802,False,False,16,True,0.0,False,3,False,0.4375,0.14732718436973122,False,0.003269632683861823,5.578462320507732,0.9742805215706828,True,True,False,0.0029352869509869928,0.0030606923500342553,0.1007712553255287,False,5,14,0.0050000000000000044,0.0003219657559607736,9.061880413956642,True,False
236345227,5915,5915,OK,,0,0.0,11,0.05825272991814178,1.3318814708656872,0.5846518137289826,False,1.1122131404079842,1956.017760636648,0.35000000000000003,0.0004253667995274655,6.919708924766589e-05,6.147177636403451,False,False,1904,True,0.0,False,69,False,0.20483193277310924,0.179374471682164,False,0.00035351178445264253,5.489075446878073,0.831075168173337,True,True,False,0.00030263500758198614,0.00022310955527538034,0.7195315404763941,False,1135,1124,0.345,0.0006635876619915937,2.1449094472958308,False,False
236791479,219812,219811,OK,,1,4.549342165122923e-06,26,0.05789398941345074,1.51966098585319,0.0,True,1.9083326445621775,1711.6974385742892,0.5,0.004326585694581012,3.5996277548618026e-05,120.19536433280776,False,False,57537,False,0.0048041271819881624,False,429,False,0.02461025079514052,0.02449831901042259,False,0.0,0.0,0.0,True,True,False,0.0,0.0,0.0,False,34343,34754,0.495,0.00012962963268958738,2.1028350755053276,False,False
237094240,6588,6588,OK,,0,0.0,8,0.030575531346691345,1.4166129418878508,0.0,True,27.114852828843997,1970.6922031454408,0.17,0.0015812369243479495,0.00029633819256625715,5.335920121043482,False,False,41,True,0.0,False,2,True,0.3902439024390244,0.16742562234365513,False,0.0016757005657308532,4.743025835839775,1.0597403462620616,True,True,False,0.0015628590827125866,0.0005603280700507973,1.6713178064737493,False,29,24,-0.065,0.0008084144251512271,6.392912549970706,True,False
237115819,253891,253891,OK,,0,0.0,37,0.3004595584778685,2.6143997026531913,0.6116762278342974,False,14.79205908513923,1683.4390885702949,0.084,0.08883229205403105,0.00017522137306541234,506.9717837496276,False,False,1454,False,7.877396205458247e-06,False,75,False,0.04676753782668501,0.0325927268000835,False,0.10933547609242389,413.99870969774673,1.2308077790666716,False,False,False,0.09913158257978183,0.09768711219011394,1.6058555515305766,False,846,896,-0.495,0.007250112012237353,7.896422016234693,True,False
237513289,904,904,OK,,0,0.0,2,0.005131923557785607,1.1039770681302261,0.8960229318697737,False,10.793754679199491,1468.3688100290105,0.04,0.1352339343886592,0.0015044760374423056,89.88772903193895,False,False,4,False,0.0055309734513274336,False,0,True,0.0,0.04092920353982301,False,0.13542161684350562,42.17020317016034,1.0013878354992396,False,True,True,nan,nan,nan,False,2,5,-0.015000000000000013,0.013157341510326992,4.5049206630752305,False,False
239187638,32907,32511,OK,,396,0.012033913756951408,12,0.7170615883892111,5.331477060971206,0.3769610111030103,True,1.5031520932391806,2500.845007397623,0.5,0.049907633697136765,0.0007073904769492964,70.55174662849468,False,False,11017,False,0.05862631109470641,True,91,False,0.09158573114277935,0.09190735443388391,False,0.0,0.0,0.0,True,True,False,0.0,0.0,0.0,False,6579,6648,-0.46499999999999997,0.01375858427940757,2.25616090522327,False,False
239727049,52448,52445,OK,,3,5.7199511897498476e-05,11,0.04758362102772817,1.8807763537211677,0.0,True,39.40887695346817,1841.9374163763928,0.028,0.5848994994101193,0.0032281931042816583,181.18479301450336,False,False,10,False,0.0023262465439984744,False,1,True,1.0,0.06908189531890552,True,0.5674520098971717,169.77410935661706,0.9701701069490678,False,True,False,nan,nan,nan,False,11,0,-0.0050000000000000044,0.018296925232479833,8.66542050431059,True,False
239757265,52394,52394,OK,,0,0.0,11,0.06811933512809389,3.511417977343508,0.7471050049410399,True,2.606846233162138,1816.1594266753063,0.12,0.028783670160221958,0.0002714116508592469,106.05171174154592,False,False,2347,False,0.0004198954078711303,False,71,False,0.028547081380485728,0.07743253044241707,False,0.030073865974947767,82.34633311913494,1.0448238813029762,False,True,False,0.026784592668625873,0.030263929087767094,2.8267132197405602,False,1350,1464,-0.044999999999999984,0.009524640315336175,2.269064150298502,False,False
240178745,1940,183,UNRELIABLE_DATA,,1757,0.9056701030927835,,,,,,,,,,,,,,,,,,,,,,,,,,,,,,,,,,,,,,,
240959751,23502,23502,OK,,0,0.0,4,0.030628272691556484,7.188739910733129,0.33064558332424243,True,16.02131490305511,1802.657841972322,0.244,0.0884534068162947,0.0005133311573968648,172.31256186522478,False,False,421,False,0.000978640115734831,False,4,False,0.0,0.030508041868777126,False,0.08861529616448138,147.27095147165116,1.0018302217406154,False,True,False,0.05961266272884724,0.08756478429134784,12.645854144613063,True,253,254,0.46499999999999997,0.011504970287172012,7.249296827986725,True,False
24130394,1081,1010,OK,,71,0.06567992599444958,2,0.03594390426750858,1.054272455005566,0.9457275449944338,False,13.239898873645437,1626.4046069707358,0.028,0.9366288731144939,0.004186030559990593,223.75108344087167,False,False,2,False,0.015841584158415842,False,0,True,0.0,0.023762376237623763,False,nan,nan,nan,True,True,True,nan,nan,nan,False,0,3,0.14500000000000002,0.3039154558396455,3.990595688283643,False,False
241818542,1081,1081,OK,,0,0.0,2,0.0020812606869445717,1.0591437183591117,0.9408562816408882,False,13.523083206336189,1596.947033710472,0.244,0.14096342059844078,0.0008432180723717406,167.1731491735577,False,False,10,False,0.0,False,1,True,0.0,0.03700277520814061,False,0.1408218602912904,202.11504753420098,0.998995765663536,False,True,False,nan,nan,nan,False,0,13,0.04500000000000004,0.015288885401068875,8.392778187705453,True,False
24622856,1962,1945,OK,,17,0.008664627930682976,4,0.06336147344779769,1.2616450791936105,0.7120613018353072,False,14.742099680697546,1531.9917365973822,0.02,0.3301189840729903,0.004689320351462344,70.39804477637023,False,False,1,False,0.015424164524421594,False,0,True,0.0,0.07352185089974293,False,nan,nan,nan,True,True,True,nan,nan,nan,False,2,1,-0.255,0.06442306358307115,5.236774297160568,True,False
247647672,1048,1042,OK,,6,0.0057251908396946565,2,0.009957568101005537,1.0287952220545984,0.9712047779454016,False,12.852579385439677,1634.620988097122,0.17,0.018757219016825272,0.00021661093256881089,86.59405503859625,False,False,17,False,0.0,False,2,True,0.0,0.06525911708253358,False,0.01924904072899758,13.434757110994504,1.0262203960902276,False,True,False,0.01924904072899758,0.018880172403520135,0.12060544882126104,False,9,8,0.09499999999999997,0.009746917662815768,3.175931293211653,False,False
250630820,991,991,OK,,0,0.0,2,0.014645026203117466,1.0127035385326784,0.9872964614673216,False,1.132055270127599,1791.097051117492,0.12,0.02427313887050022,7.543882591332812e-05,321.75923440785914,False,False,106,False,0.0,False,19,False,0.05660377358490566,0.04843592330978809,False,0.026432017608704284,11.778868111121868,1.088941061546342,False,False,False,0.025186719310286487,0.02469202651754665,0.18173183961850015,False,64,67,-0.495,0.03151277133843433,1.9471102827367517,False,False
250684958,23313,23309,OK,,4,0.00017157808947797367,4,0.013185126913798783,1.062612792157364,0.0,True,31.212294096949645,1818.4780949231213,0.02,0.5918714748368432,0.004279585137027687,138.30113337759593,False,False,8,False,0.0006435282508902141,False,1,True,0.0,0.031060963576301,False,0.5157658504631091,95.40326120071065,0.8714152859035593,False,True,True,nan,nan,nan,False,0,10,-0.024999999999999994,0.012139260580389388,5.448927864426115,True,False
251903236,2654,2635,OK,,19,0.007159005275056519,2,0.02610196617968801,1.2073120771584234,0.7926879228415765,False,6.7929295091561945,2771.3175596882147,0.02,0.34353475808876954,0.00022155564731316926,1550.557443490405,False,False,7,False,0.01935483870967742,False,1,True,0.0,0.04212523719165085,False,0.07997597520759092,42.394257856607325,0.23280315404627874,True,True,True,0.22336118570348062,-0.0019713958623361894,3.005988773012048,True,4,5,-0.07500000000000001,0.038709180026185175,8.066794901793395,True,False
253168781,1081,1081,OK,,0,0.0,2,0.09275640706541471,1.2241556233999447,0.7758443766000553,False,3.7402726304851783,1597.195433900844,0.35000000000000003,0.008192271823950553,0.00014899102785676565,54.98500105540781,False,False,100,False,0.0009250693802035153,False,7,False,0.0,0.037927844588344126,False,0.007767200745262048,20.83646600047997,0.9481131622798714,False,False,False,0.0075130123696482976,0.006728853164273851,0.24765352109069194,False,65,56,0.475,0.0027734999370696567,2.627020675934272,False,False
255964136,1081,1081,OK,,0,0.0,2,0.02221686475604438,1.0075262570988033,0.9924737429011965,False,13.408540527141671,1597.8656295265562,0.35000000000000003,0.1586651527356042,0.0034895109632193905,45.46916585389409,False,False,13,False,0.0,False,1,True,0.07692307692307693,0.037927844588344126,False,0.26054532484694104,166.9350772077559,1.6421080517982896,False,True,False,-0.013408740617517179,0.2623227546003375,26.304851706819623,True,4,13,0.05500000000000005,0.06979073048708007,8.193381223752837,True,False
257287171,2167,2164,OK,,3,0.0013844023996308261,4,0.12425051924379983,1.302409383243708,0.7263839589504502,False,16.0055691855875,1607.9488859853861,0.17,0.053062319122923036,0.0005225877201806493,101.53763104992275,False,False,8,False,0.0013863216266173752,False,1,True,0.0,0.0466728280961183,False,0.056076647045238515,74.47740535873763,1.0568073158531301,False,True,True,nan,nan,nan,False,1,11,0.355,0.0020415745400297336,3.3109583098943363,False,False
258270250,50427,50426,OK,,1,1.983064628076229e-05,10,0.05287818280150006,1.740405030093296,0.0,True,10.183102239238249,1688.5801522546994,0.12,0.014816379691084205,0.00037118374741578115,39.91656368102682,False,False,689,False,0.0,False,26,False,0.00725689404934688,0.04775314321976758,False,0.019810645585169206,41.73628234869783,1.3370773426581606,False,True,False,0.01869671623710012,0.016714788484265997,2.138613797423467,False,366,461,0.405,0.008666868780287218,5.803155634850159,True,False
258329752,2167,2164,OK,,3,0.0013844023996308261,4,0.056035177961985774,1.3771179537556273,0.6317329053692274,False,27.460432810055384,1614.043928041759,0.02,0.07626706980570676,0.0016713827634101488,45.63112141356409,False,False,1,False,0.0,False,0,True,0.0,0.0466728280961183,False,nan,nan,nan,True,True,True,nan,nan,nan,False,2,1,0.46499999999999997,0.0030795016763888183,0.9719588321088151,False,False
262775292,1029,1029,OK,,0,0.0,2,0.017773656474049118,1.1258538848752753,0.8741461151247248,False,13.212550934934216,1627.207843378247,0.244,0.15911960355492588,0.00045646888776091266,348.5880589484313,False,False,14,False,0.0,False,1,True,0.14285714285714285,0.022351797862001945,False,0.20548163919432527,164.04412557559263,1.2913659574534815,False,True,False,0.002484527090603983,0.20549508937233762,27.916076501665525,True,4,14,0.345,0.026083732884455202,4.229115310801023,False,False
264273483,1029,1028,OK,,1,0.0009718172983479105,2,0.2713474869566789,1.3575163338765797,0.6424836661234203,False,12.935919141561655,1627.0617272637003,0.12,0.7644868215946704,0.0004852673845866479,1575.392960410604,False,False,5,False,0.010700389105058366,False,1,True,0.0,0.02237354085603113,False,0.5263060382860923,146.31422103572632,0.6884435721053396,False,True,True,nan,nan,nan,False,1,7,0.06500000000000006,0.09656032519026947,5.932534193404519,True,False
264324043,6998,6998,OK,,0,0.0,3,3.145113888453978,6.571446289774607,0.9674835897087589,True,2.2083431728504856,3481.7447577627368,0.17,0.07207068161702057,4.993376225179182e-05,1443.3256852067939,False,False,582,False,0.0,False,8,False,0.15120274914089346,0.12146327522149185,False,0.07506683225159771,1038.7076883737602,1.0415723920927862,False,True,False,0.06447301396881389,0.06553306314440221,7.716325232754418,True,439,263,0.405,0.0005732445935913155,1.370488645111427,False,False
265527807,1062,1062,OK,,0,0.0,2,0.005679048771404646,1.0019313517466715,0.9980686482533286,False,7.801922027070802,1330.430645125236,0.058,0.040747956197510225,0.0014598787633123206,27.911876808905102,False,False,8,False,0.0,False,2,True,0.25,0.07532956685499058,False,0.04691440543347947,14.3075702083267,1.151331497611309,False,True,True,0.002902287447982821,0.054769381240220905,10.314549336955194,True,4,6,0.18500000000000005,0.009786448615161758,2.214873737022099,False,False
267600122,3038,3016,OK,,22,0.007241606319947334,6,0.07584963989232556,1.142824329953579,0.8789114793070858,False,27.803464415821892,1507.2523852719871,0.02,0.18804113617187584,0.0031535662671254637,59.6280909432986,False,False,2,False,0.007294429708222812,False,0,True,0.5,0.07029177718832891,True,nan,nan,nan,True,True,True,nan,nan,nan,False,1,3,0.32500000000000007,0.06878664687617797,9.343389079468782,True,False
269665647,203316,203315,OK,,1,4.918452064766177e-06,33,0.09049845687678004,4.322326138992494,0.0,True,4.074498151305486,1687.0949713282234,0.058,0.016515799777337963,0.00013285027797943516,124.31889513919242,False,False,2841,False,0.005390649976637238,False,185,False,0.0337909186906019,0.032073383665740356,False,0.01822510311410397,99.910979251275,1.1034950386787454,False,True,False,0.016311873999222404,0.01597433552254568,0.16625939763610065,False,1635,1770,-0.245,0.014645965965916385,4.248578778349875,False,False
273015082,1134,1120,OK,,14,0.012345679012345678,1,nan,nan,nan,False,13.482479612676196,1655.512243299938,0.12,0.15350892776900366,0.0005474033955401033,280.43108431496285,False,False,6,False,0.0,False,1,True,0.0,0.03482142857142857,False,0.1510115984868513,153.05491185066262,0.9837317000486756,False,True,True,nan,nan,nan,False,1,7,0.015000000000000013,0.017433830476216716,7.549033024215793,True,False
273158289,1081,1081,OK,,0,0.0,2,0.07103755747557973,1.0679486703225403,0.9320513296774598,False,1.1518829385852927,1597.908393357342,0.084,0.012546273433234141,0.0003040106441758325,41.269191304952066,False,False,78,False,0.0,False,19,False,0.05128205128205128,0.037927844588344126,False,0.012870011803881143,28.602268392843794,1.0258035481507555,False,False,False,0.012723326683044323,0.0098763108253479,1.416465585937647,False,47,47,-0.41500000000000004,0.0025825241003165633,2.182265849216227,False,False
273854781,21377,21377,OK,,0,0.0,5,0.24811823528343366,1.0477173205814534,0.0,True,32.76523890121557,1828.5352024516076,0.5,0.7698855633982807,0.001938623099283687,397.13008871231864,False,False,125,False,0.0,False,1,True,0.0,0.08499789493380737,False,0.7986230238883123,491.9425522069103,1.0373269247486394,False,True,False,nan,nan,nan,False,147,0,-0.034999999999999976,0.888737344519492,9.117326027462656,False,True
278127716,1113,1104,OK,,9,0.008086253369272238,1,nan,nan,nan,False,12.85619574211514,1656.7538060942136,0.058,0.41903599111174167,0.0034976821664027616,119.80390760967995,False,False,3,False,0.012681159420289856,False,1,True,0.0,0.034420289855072464,False,0.46723995327924406,102.59961002365206,1.1150353745023496,False,True,True,nan,nan,nan,False,2,4,-0.46499999999999997,0.006780564230182362,1.9633974932308427,False,False
278233128,18292,18292,OK,,0,0.0,5,0.0089944251655278,1.6157020102524122,0.9196853035127844,False,33.59348122668497,2440.1263813128926,0.02,0.25046169242939986,0.0016016012248310587,156.38205599887652,False,False,15,False,0.003990815657117865,False,3,False,0.0,0.06314235731467308,False,0.294415579578006,132.5904139631511,1.1754914562872558,False,False,False,nan,nan,nan,False,0,18,-0.425,0.002260112250052182,3.096753190509522,False,False
279166510,62140,62095,OK,,45,0.0007241712262632765,7,0.015099237246423387,2.1497277254174816,0.22771527129365804,True,7.165767549235426,1717.2981558393105,0.12,0.06302747969927487,0.0006057825937472303,104.04306817302479,False,False,1039,False,0.0009984700861583058,False,28,False,0.005774783445620789,0.02444641275465013,False,0.07413000979773321,99.37437418939912,1.1761538007141046,False,True,False,0.061328786973594784,0.0695377154314295,4.416534092366642,True,552,690,-0.435,0.0076699856599709015,5.710321222565684,True,False
280490331,2211,2211,OK,,0,0.0,3,0.08816580188918598,1.1637953228794002,0.9562273870739258,False,0.8410679861139274,1543.926216703916,0.5,0.0034386938031689736,6.737455486997325e-05,51.038464147263596,False,False,1295,False,0.010402532790592492,False,59,False,0.05405405405405406,0.06558118498417007,False,0.00010146625826612521,1.5598887021029784,0.029507209444649487,True,True,False,-9.254299525007781e-05,1.0551621874022032e-05,0.016006750738804747,False,790,776,nan,nan,nan,False,False
281176866,2211,2211,OK,,0,0.0,3,0.04469610743928228,1.2676862981785568,0.9232625008499876,False,13.126752497722798,1543.5121389922251,0.244,0.23976368404299606,0.0009302619747987856,257.73780992699034,False,False,13,False,0.0,False,1,True,1.0,0.06558118498417007,True,0.24681467974956395,229.78735938198975,1.029408105463142,False,True,False,nan,nan,nan,False,15,1,0.025000000000000022,0.02980115863002797,8.952871542524498,True,False
281286325,48132,48132,OK,,0,0.0,5,0.00638300429551752,1.055394746796029,0.9702865321293567,False,17.01801073242722,3728.289399394919,0.12,0.006608798233043106,0.0005109285520829219,12.934877501170693,False,False,345,False,0.0,False,4,False,0.2463768115942029,0.054745283802875425,False,0.006881094941585841,11.958559361406573,1.0412021518800936,False,False,False,0.006452277374139004,0.0060749936942954275,0.4485582491937857,False,205,206,-0.15499999999999997,0.0008568942188004192,1.097032303740266,False,False
282345650,33070,33057,OK,,13,0.00039310553371635923,4,0.005215507651194605,1.2082039042637818,0.8895162055237529,False,27.09254689624314,2404.464620166612,0.12,0.3511603424632393,0.00028415033759011477,1235.8258851333342,False,False,94,False,0.0028435732220104667,False,3,False,0.18085106382978725,0.04368212481471398,False,0.8051169624181648,2602.1468631717266,2.292733162209076,False,False,False,0.6458773647126644,0.7148257394821508,8.49992307905164,True,60,52,0.03500000000000003,0.0012727481999784684,1.8680243101075473,False,False
283184380,1988,140,UNRELIABLE_DATA,,1848,0.9295774647887324,,,,,,,,,,,,,,,,,,,,,,,,,,,,,,,,,,,,,,,
285526589,1934,1934,OK,,0,0.0,4,0.11143820810895218,1.1602725078700749,0.828041473382324,False,24.186414953795797,1511.0021486616665,0.35000000000000003,0.05271091491154453,0.0005195884201703121,101.44743967593966,False,False,31,False,0.0,False,2,True,0.5483870967741935,0.07549120992761117,True,0.05651806242575008,72.91618706770213,1.0722269291017699,False,True,False,0.08773975049167804,0.000683305012131763,29.76092369756113,True,19,18,0.015000000000000013,0.006794308172098917,2.8849588673549706,False,False
287846593,903,903,OK,,0,0.0,2,0.029949246850910743,1.0360824017229957,0.9639175982770042,False,1.7622511272952033,1469.4801215778346,0.084,0.08460774430331733,2.750168269289125e-05,3076.457002581413,False,False,46,False,0.0022148394241417496,False,11,False,0.13043478260869565,0.04097452934662237,False,0.08935547057098836,99.0308235778364,1.0561145590958023,False,False,False,0.08928305241939305,0.08270663110654419,0.9041952938113136,False,25,29,-0.375,0.08760245230874641,5.074687970565202,True,False
289799635,1100,1100,OK,,0,0.0,2,0.023741449502995605,1.0692440462093749,0.930755953790625,False,12.365231758167015,1543.9735974262808,0.5,0.10226107662941171,0.0008919450810687461,114.64952136613667,False,False,13,False,0.0036363636363636364,False,1,True,0.0,0.04454545454545455,False,0.10266946961350132,103.43429367036818,1.003993630788473,False,True,False,nan,nan,nan,False,0,20,-0.32499999999999996,0.0031761371288758777,0.40123533473298506,False,False
290296164,2211,2206,OK,,5,0.002261420171867933,4,0.21970365906635722,1.5236795062831232,0.4589274016321359,False,17.51667459454205,1550.4272747200596,0.02,0.06027787918739097,0.0013392913214178349,45.0072946964056,False,False,2,False,0.02085222121486854,True,0,True,0.0,0.06300997280145058,False,nan,nan,nan,True,True,True,nan,nan,nan,False,1,3,0.31500000000000006,0.006290919953511054,4.383992966858808,False,False
290342817,1075,1056,OK,,19,0.017674418604651163,2,0.1709955988134767,1.193101813178024,0.8068981868219761,False,13.437707144898448,1627.412075943469,0.084,0.8314975052379874,0.0015737115351702807,528.3671668251556,False,False,5,False,0.011363636363636364,False,1,True,0.0,0.022727272727272728,False,0.8176026514655019,91.44499704382112,0.9832893620426335,False,True,True,nan,nan,nan,False,1,5,0.08499999999999996,0.23950397947538282,5.768161375953822,True,False
290958279,1086,1086,OK,,0,0.0,2,0.03826832753621012,1.0914242344076222,0.9085757655923776,False,7.689500551692346,1629.6289521380336,0.35000000000000003,0.0018865004910181317,0.0001228893012760567,15.351218303213598,False,False,60,False,0.0,False,4,False,0.0,0.02117863720073665,False,0.0016237401395648998,6.476646329838669,0.8607154608735766,True,True,False,0.0020190749675679243,0.0006363657272484557,2.6787947405607273,False,37,33,0.43500000000000005,0.0012827517428461999,1.7832575759491758,False,False
29216744,1966,1966,OK,,0,0.0,4,0.0858019588078843,1.2084519213772211,0.7504344971769894,False,1.108326864407436,1517.9073292054584,0.35000000000000003,0.04518107130378017,0.0003193285148749633,141.48774443607496,False,False,614,False,0.006103763987792472,False,39,False,0.04234527687296417,0.06358087487283826,False,0.04233555037707237,39.264847198367114,0.9370196224968724,False,False,False,0.04264377338540837,0.04088070372379593,0.6220671436383474,False,364,372,0.31500000000000006,0.02044122965221362,2.394824611521185,False,False
294657132,2188,2188,OK,,0,0.0,4,0.027928207204643903,1.090578312425251,0.7843349257425344,False,13.604416399747576,1569.5107181594149,0.12,0.6008258913315335,0.0004288726391870609,1400.942462709709,False,False,11,False,0.0,False,2,True,1.0,0.06855575868372943,True,0.5596688519856656,981.272198663362,0.9314992247510226,False,True,False,0.34761310686897695,0.6202980411205181,10.921541503301768,True,6,8,-0.015000000000000013,0.28446986346845327,9.940715086776162,True,False
294852916,2211,2211,OK,,0,0.0,3,0.25110004290394594,1.1994369326892376,0.8853310310386572,False,2.546779832363934,1545.5081197520751,0.244,0.01445934059334241,4.0457544803664797e-05,357.39540457810057,False,False,209,False,0.004522840343735866,False,19,False,0.08133971291866028,0.06558118498417007,False,0.01476626426165284,85.06221369498391,1.0212266711838678,False,False,False,0.013998224332255171,0.013362336216435122,0.14667997486742052,False,130,120,0.09499999999999997,0.0011883408951228747,2.433835685166613,False,False
29495157,1175,1175,OK,,0,0.0,2,0.003850712732256544,1.2778401175607748,0.7221598824392251,False,5.147448543522719,1328.1390510646943,0.17,0.08578562529317978,0.00025743170610644683,333.23644002774006,False,False,33,False,0.0,False,4,False,0.2727272727272727,0.0425531914893617,False,0.09003528558932472,86.0129619933826,1.0495381397713355,False,False,False,0.06724264570699001,0.004361145008695,20.17096867093843,True,18,19,0.05500000000000005,0.004338545216376555,2.1670020298048396,False,False
295338154,1081,1078,OK,,3,0.0027752081406105457,2,0.005124488685461852,1.059416779596879,0.9405832204031213,False,13.471401980216829,1596.9703743415039,0.084,0.062870941947925,0.001814593732171051,34.6473928754861,False,False,4,False,0.0,False,1,True,0.0,0.03710575139146568,False,0.06649762509674195,37.79880375510133,1.057684568362613,False,True,True,nan,nan,nan,False,0,6,0.03500000000000003,0.012633134488499453,5.259842250973885,True,False
296463994,65847,65847,OK,,0,0.0,9,0.020578406799493586,1.7748595322777125,0.0,True,31.43571270680635,1703.24900889155,0.02,0.10006128100795962,0.0015894217196795366,62.954519728177765,False,False,32,False,0.0,False,5,False,0.0,0.027761325496985435,False,0.001939037061887694,0.9160189101944454,0.019378495281640942,True,True,False,0.0007432536597792305,4.1129601924261294e-06,0.20187610116297458,False,26,12,0.125,0.0009746541317522395,4.386347109693266,False,False
298215657,1104,1104,OK,,0,0.0,2,0.014968482751203108,1.0993296956705292,0.9006703043294708,False,3.0975897908114414,1545.9353181725978,0.17,0.0036197085661879617,0.0002213910700321245,16.34983997169683,False,False,66,False,0.0,False,8,False,0.12121212121212122,0.041666666666666664,False,0.00346242485919257,11.183092658671129,0.956547963981246,False,False,False,0.0036436235841664777,0.002396093028364077,1.3817499749623963,False,38,39,0.335,0.0020309646585202623,2.526516789520741,False,False
303470667,1177,1177,OK,,0,0.0,1,nan,nan,nan,False,5.431909907725591,1657.9950011543526,0.12,0.0221977249554096,0.00038960075498817493,56.9755696599801,False,False,22,False,0.0,False,4,False,0.13636363636363635,0.03313508920985556,False,0.02286963328677638,38.62829264950972,1.0302692430290266,False,False,False,0.02225657193050079,0.019657956925850484,2.6054124599335258,False,14,14,0.495,0.00323447040353253,3.4446827838608707,False,False
304809821,2188,2188,OK,,0,0.0,4,0.12728296528089175,1.0521437687181143,0.9375366667332401,False,0.7697173295530879,1570.0953709569392,0.244,0.037273270972404966,0.0002931027078676328,127.16795161523324,False,False,705,False,0.0,False,65,False,0.09078014184397164,0.06855575868372943,False,0.035742087236598885,60.78713495095075,0.9589200599824018,False,False,False,0.03865842493923577,0.029733864346044636,9.665494783686457,True,434,404,-0.315,0.0066513803731445,2.090718957783972,False,False
304889252,2188,2188,OK,,0,0.0,4,0.07419333276633382,1.1021680086108403,0.8892254728957769,False,0.7932578257742319,1570.0303331180305,0.058,0.05673872415444112,0.00024638900509877146,230.28107172110182,False,False,160,False,0.0,False,42,False,0.0625,0.0690127970749543,False,0.05875095301709932,26.134749085292725,1.0354648239389552,False,False,False,0.05660305120570919,0.051888083287547904,1.2452626242746359,False,98,92,-0.495,0.056909736053726956,3.9462568391942177,False,False
305125669,1107,1107,OK,,0,0.0,2,0.05954067829512523,1.0652824376291707,0.9347175623708294,False,13.096331481390111,1569.5525993454276,0.17,0.06661721087838347,0.0014456255157164319,46.081927964151156,False,False,7,False,0.0,False,1,True,1.0,0.06594399277326106,True,0.0675785556492422,45.167476818688456,1.0144308769187855,False,True,True,nan,nan,nan,False,0,9,0.03500000000000003,0.008443055421106016,4.255890890817387,False,False
307031606,904,904,OK,,0,0.0,2,0.06663807503470144,1.0735036139333851,0.9264963860666149,False,9.583693586425822,1468.36320458051,0.028,0.2223921971180734,0.002810115644936002,79.13987366279305,False,False,2,False,0.0055309734513274336,False,0,True,0.0,0.04092920353982301,False,nan,nan,nan,True,True,True,nan,nan,nan,False,0,3,-0.09499999999999997,0.031748959859409176,3.8996791343282173,False,False
307392778,1072,1072,OK,,0,0.0,2,0.03969058708195825,1.060494043836928,0.9395059561630723,False,0.7255038097101628,1492.1352183123008,0.5,0.007189128350976457,0.00044450398678558386,16.17337203871759,False,False,730,False,0.008395522388059701,False,32,False,0.03561643835616438,0.04477611940298507,False,0.0006908899270374746,2.6131018144990485,0.09610204371210526,True,True,False,-0.0005585163513512903,-0.0004944281091427971,0.014094235305720482,False,431,450,nan,nan,nan,False,False
308474943,1081,1081,OK,,0,0.0,2,0.020312220940810376,1.0183434272939131,0.9816565727060869,False,0.9247753629601161,1597.4780925445455,0.5,0.00746606065484389,0.00018297984748276118,40.80263896573244,False,False,569,False,0.011100832562442183,False,28,False,0.03866432337434095,0.037927844588344126,False,0.00282912191055662,11.58219225404907,0.3789310107896217,True,True,False,0.003101714089509544,0.00213827586438442,0.18959194154775919,False,346,348,nan,nan,nan,False,False
308626100,1081,1081,OK,,0,0.0,2,0.0,1.301918905006333,0.6980810949936672,False,13.177119891004603,1597.5690113755736,0.058,0.05179247841320978,0.0009304870130234577,55.66168865153639,False,False,3,False,0.0,False,1,True,0.0,0.037927844588344126,False,0.054109443607642804,32.50714589045389,1.0447355536058316,False,True,True,nan,nan,nan,False,0,3,0.255,0.013101320189508936,5.628258351765316,True,False
309240602,12795,12795,OK,,0,0.0,3,0.0398192671285243,1.000532254737166,0.657723064183688,False,4.119454357700242,1792.8409932903596,0.17,0.07069146168103793,0.0003016346396884135,234.36121843983742,False,False,561,False,0.0,False,13,False,0.0,0.022743259085580305,False,0.11099650876056344,296.37949334172424,1.5701543881124305,False,False,False,0.0993788614958202,0.09659478002537603,4.18950086161204,True,383,293,-0.495,0.00453825222339399,4.620670348557699,False,False
309672362,1081,1081,OK,,0,0.0,2,0.01637894250172289,1.046182961061923,0.9538170389380769,False,1.8162914726229744,1597.7838275449083,0.12,0.004113719872692237,0.0001766613382537278,23.285909148859467,False,False,76,False,0.0,False,14,False,0.0,0.037927844588344126,False,0.004422906179683217,15.506787598752966,1.0751597864121536,False,False,False,0.004082744749537737,0.003976684571518119,0.22312153884733565,False,34,53,0.44500000000000006,0.0013498443303328056,2.0884718902004904,False,False
309674872,1081,1081,OK,,0,0.0,2,0.026771327463292402,1.0472472663546748,0.9527527336453251,False,12.999681787077638,1600.931803567458,0.5,0.006264440771713013,0.00026200561032601184,23.909567294830868,False,False,29,False,0.0,False,2,True,0.0,0.037927844588344126,False,0.0066504213949916124,12.882510281933284,1.0616145378884398,False,True,False,0.007993290850329515,0.0013611597277168874,7.344901470134176,True,25,10,0.19500000000000006,0.003991958585774724,3.065122802598455,False,False
311062286,21850,21788,OK,,62,0.0028375286041189933,5,0.11983554899651719,1.510432828995618,0.0,True,8.18999306664917,1817.9138374824583,0.17,0.28068514979055426,0.00047888434502019173,586.1230435058791,False,False,347,False,0.019322562878648798,False,8,False,0.0,0.10712318707545437,False,0.3393676860054725,542.2778253236908,1.2090689025005663,False,True,False,0.22758232458046834,0.3131116895634767,5.302528463153034,True,48,367,-0.345,0.04662164748961384,6.180344761029137,True,False
31123635,1056,1042,OK,,14,0.013257575757575758,2,0.02532206681886385,1.0865411456680656,0.9134588543319343,False,13.10466008998574,1626.842622995507,0.35000000000000003,0.015788331093626023,3.9726691643792354e-05,397.42375819238623,False,False,18,False,0.0,False,1,True,1.0,0.06525911708253358,True,0.015091397485470726,32.728333977655744,0.9558576771653428,False,True,False,nan,nan,nan,False,2,20,0.125,0.006748829376448606,0.7469382538352209,False,False
313356920,2948,2948,OK,,0,0.0,5,0.35120493368275557,2.315394363604734,0.5634678959948568,False,3.335965931423492,1933.4339892932064,0.5,0.008493786058441581,0.0001604402192370804,52.94050393866905,False,False,504,False,0.0,False,11,False,0.14682539682539683,0.12347354138398914,False,0.007393075513091207,24.327446649300686,0.8704099046318187,False,False,False,0.007627645577347519,0.006325658313690141,2.403746004821852,False,315,289,-0.445,0.0030343397630012703,1.5930130129421107,False,False
313569577,1081,1081,OK,,0,0.0,2,0.1588279472469691,1.0457955802876342,0.9542044197123659,False,0.9025875981330647,1597.687018090003,0.084,0.016714168873899725,8.143301126971046e-05,205.25053185791583,False,False,98,False,0.0,False,24,False,0.05102040816326531,0.03700277520814061,False,0.018102186243385,36.64178955811549,1.0830443547601554,False,False,False,0.01787093291277153,0.01695324501530404,0.6309761509828398,False,62,56,0.09499999999999997,0.008008161600277397,3.2273976921824534,False,False
313705269,7846,7846,OK,,0,0.0,3,0.027955422324539743,1.149703098161568,0.9894569389374526,False,6.59526893567919,2718.867983139997,0.058,0.001077398732240099,0.00020031520569776685,5.3785169652356055,False,False,126,True,0.0,False,3,False,0.3333333333333333,0.16148355850114707,False,0.0009976273303056171,4.602038163686666,0.9259592576569834,True,True,False,0.0007147584951491259,0.0011378868055769154,1.2217079072611403,False,100,47,0.0050000000000000044,0.002009611181197135,6.359710827783535,True,False
315118781,1963,1940,OK,,23,0.011716760061130923,4,0.05279304324028505,1.4735731518795994,0.7560912705812007,False,11.802502302988177,1523.1920758020422,0.02,0.12536293212922225,0.0018300622352383227,68.50200485826466,False,False,1,False,0.008247422680412371,False,0,True,0.0,0.06958762886597938,False,nan,nan,nan,True,True,True,nan,nan,nan,False,1,4,-0.07500000000000001,0.0023768176631461246,1.296677077375307,False,False
315702957,2188,2188,OK,,0,0.0,4,0.048558672673315983,1.0614968755055645,0.9194560922559228,False,27.03281039950611,1582.91110772298,0.5,0.3326540766246921,0.0017834729596956428,186.52039259482854,False,False,18,False,0.0,False,1,True,1.0,0.06855575868372943,True,0.32941599481063033,233.66360200076798,0.9902659187378153,False,True,False,nan,nan,nan,False,2,20,-0.485,0.00609033432671191,3.305734158836414,False,False
316236490,2188,2188,OK,,0,0.0,4,0.026597480358001663,1.428502401234904,0.8913862714493795,False,27.005968408264383,1582.9249577241678,0.5,0.31015664215085625,0.0017405527627401944,178.19433503559475,False,False,18,False,0.0,False,1,True,1.0,0.06855575868372943,True,0.32115403003454235,234.52724842389134,1.035457528194212,False,True,False,0.04316375489062374,0.3047989092050518,40.27480777410583,True,3,20,-0.495,0.04182183234231618,7.965486532602078,True,False
31717527,10172,10172,OK,,0,0.0,2,0.0014698320273464315,1.0005347165574037,0.9994652834425961,False,8.111361712496553,2996.2716615397826,0.17,0.0008619339528429585,4.4042642903309226e-05,19.57044119117101,False,False,221,False,0.0,False,3,False,0.0,0.0424695241840346,False,0.0007396036978348786,6.893878618815617,0.8580746765983727,True,True,False,0.0004838490098617587,0.000754040998894423,1.567992814136944,False,88,176,0.10499999999999998,0.0005372298700536682,1.9721188104713008,False,False
317336819,2263,2263,OK,,0,0.0,3,0.005965795084412789,1.086366387453776,0.7082643492657347,False,7.302141466550282,1631.6688673140638,0.02,0.46285774802489676,0.003473204808698093,133.26531935742534,False,False,1,False,0.005302695536897923,False,0,True,1.0,0.047724259832081305,True,nan,nan,nan,True,True,True,nan,nan,nan,False,1,4,-0.495,0.002621308367655173,1.9623082960951823,False,False
318916172,1081,1078,OK,,3,0.0027752081406105457,2,0.012908972439205297,1.1517731547211103,0.8482268452788898,False,13.158622594806435,1597.5813178902865,0.058,0.2999955288731703,0.0012778060106500807,234.77392215470041,False,False,3,False,0.0,False,1,True,0.0,0.03710575139146568,False,0.3123135842985604,261.6893289919308,1.0410607967113996,False,True,True,nan,nan,nan,False,0,4,0.18500000000000005,0.011684583984459707,1.1712534204754594,False,False
318928219,1081,1078,OK,,3,0.0027752081406105457,2,0.01817051019764395,1.1184062160964123,0.8815937839035877,False,2.7149268133440856,1598.5533949179667,0.17,0.04183252792257443,0.00010918163773825031,383.1461845522305,False,False,70,False,0.0,False,10,False,0.11428571428571428,0.03710575139146568,False,0.04458572293968466,67.76216708836618,1.0658146938240494,False,False,False,0.04102284459864414,0.042634658938045744,0.9269063835471342,False,39,47,0.495,0.021120503081493047,3.824561481710549,False,False
319184580,47644,47644,OK,,0,0.0,7,0.04117912789133189,1.1801543902267901,0.23271748641382778,True,1.3351644703740522,1956.271936152449,0.12,0.014091790656643243,6.804814111310189e-05,207.08560772029716,False,False,4392,False,0.0,False,104,False,0.06261384335154827,0.05123415330366888,False,0.013672113851563195,175.5676721726501,0.9702183480222081,False,True,False,0.008292633290203133,0.018809800736428572,75.5924667896372,True,2562,2707,-0.305,0.0010381920464352934,1.1385491836744763,False,False
319485583,2188,2188,OK,,0,0.0,4,0.06562357205428962,1.5448165933028224,0.49512705327442713,False,27.201624386212394,1569.5251794796152,0.12,0.345598921875944,0.001318931316149791,262.0295064983462,False,False,6,False,0.0,False,1,True,1.0,0.06855575868372943,True,0.3527750728018155,189.4951622072227,1.0207643903717023,False,True,True,nan,nan,nan,False,0,8,0.495,0.11213321161813317,7.6790956423795524,True,False
319926294,1072,1072,OK,,0,0.0,2,0.06090632466876158,1.0032802280894306,0.9967197719105692,False,12.11792908887081,1491.7512676999654,0.058,0.08448257575296109,0.0010292445884876548,82.0821179901442,False,False,6,False,0.002798507462686567,False,2,True,0.0,0.04664179104477612,False,0.0875327947878588,19.212416894764413,1.0361047116249982,False,True,True,nan,nan,nan,False,0,7,-0.015000000000000013,0.026046371154817005,3.6467392331419757,False,False
320474615,1072,1072,OK,,0,0.0,2,0.007635502707882324,1.0023791203260046,0.9976208796739955,False,4.5843941258433105,1494.74429676371,0.244,0.015467464747477922,0.000712048331673889,21.722492785169344,False,False,43,False,0.007462686567164179,False,4,False,0.0,0.04664179104477612,False,0.010630077976826469,12.884416417036226,0.6872540620181324,False,False,False,0.015259635323485843,0.006787095517376218,1.0882779925294617,False,29,27,-0.125,0.004266092960672152,2.3592667518083226,False,False
322089858,2292,458,UNRELIABLE_DATA,,1832,0.7993019197207679,,,,,,,,,,,,,,,,,,,,,,,,,,,,,,,,,,,,,,,
323775614,2188,2179,OK,,9,0.004113345521023766,4,0.09124834304968085,1.4896587191597914,0.6193233655329213,False,14.106123751470804,1583.063196012393,0.35000000000000003,0.5513851305924645,0.0012709587606720377,433.8340059915962,False,False,18,False,0.0,False,1,True,1.0,0.055530059660394676,True,0.6187225965109291,218.33111853695937,1.1221241962874666,False,True,False,0.001634452016714194,0.6060972490606318,53.689937410608266,True,4,20,-0.10499999999999998,0.008417674879855008,2.7012497905327573,False,False
323961620,2188,2188,OK,,0,0.0,4,0.04889832502741859,1.3240602251850657,0.9200817968009725,False,1.5750813413094313,1570.427400229918,0.084,0.004331130062652565,7.078005130076249e-05,61.19139479354838,False,False,108,False,0.0,False,27,False,0.12037037037037036,0.06855575868372943,False,0.0026293063273892248,17.692031747730145,0.6070716624425099,False,False,False,0.0023768263689956104,0.0029587540984089555,1.7079226168215682,False,63,67,-0.375,0.0007361996576700225,2.0968475050666004,False,False
326260517,240405,240405,OK,,0,0.0,35,0.03754720108291035,2.4823051687188182,0.5416643199810218,False,35.206903038374826,1693.4262736956707,0.02,0.01982350215914275,0.0002174769927506919,91.15218078202749,False,False,118,False,0.0040473367858405605,False,16,False,0.0,0.03368482352696491,False,0.000194985980848994,0.6473450884813334,0.009836101576989258,True,True,False,-8.647559816665762e-05,0.0,0.02745536921812101,False,66,79,-0.495,0.0,0.0,False,False
329691265,1081,1081,OK,,0,0.0,2,0.12381476959962794,1.0095622973185299,0.9904377026814701,False,7.311956370058054,1598.277057022936,0.02,0.10719031452208037,0.0009492248912304094,112.92404519980252,False,False,2,False,0.0,False,0,True,0.0,0.03700277520814061,False,nan,nan,nan,True,True,True,0.007825527477049343,0.008935295638437757,0.16297463600571735,False,3,3,-0.375,0.007250771984663507,3.0796071761533392,False,False
329832608,2164,2164,OK,,0,0.0,4,0.03204432589306824,1.1486264832578028,0.8767851990745748,False,13.945488523013434,1597.9240668985822,0.5,0.03963810645659583,0.00010262143439867035,386.2556267008232,False,False,49,False,0.0,False,3,False,0.0,0.0466728280961183,False,0.029374067628593625,157.08019703027708,0.7410562777704469,False,False,False,0.04892088620563584,0.0022170452896225212,36.366107419512645,True,15,40,0.05500000000000005,0.0028946958301520054,3.9857498828690345,False,False
330234939,2244,2244,OK,,0,0.0,4,0.03932164917940245,1.0656187942047863,0.7801778413036144,False,13.386822455766584,1749.7705968809998,0.5,0.22011833146280022,0.0055819340665288686,39.4340615348187,False,False,44,False,0.0,False,2,True,0.6363636363636364,0.06550802139037433,True,0.22777082596277254,136.25189614948695,1.0347653666512804,False,True,False,0.2486446382373798,0.17916820214097573,15.093077864395841,True,25,31,-0.044999999999999984,0.04084304169988928,5.2368596379548675,True,False
330901906,34792,34792,OK,,0,0.0,5,0.04256715560766217,1.411417941364848,0.4195015251595139,False,3.732068126022025,1740.9150211674748,0.244,0.004983198181200642,8.291810943970682e-05,60.097826818207075,False,False,2373,False,2.8742239595309267e-05,False,29,False,0.09481668773704172,0.033254771211772824,False,0.005921597272279588,58.61620181131445,1.188312617109852,False,False,False,0.00484355505626799,0.0049287180252403084,0.36011105784184183,False,1433,1398,0.495,0.0010998102178535474,4.275511893820856,False,False
33091659,1072,1072,OK,,0,0.0,2,0.02341241520100706,1.0985610801970254,0.9014389198029749,False,0.8148588033465871,1492.2258415653992,0.5,0.0022994902557711607,3.05878871394294e-05,75.17649863455252,False,False,655,False,0.0,False,28,False,0.050381679389312976,0.04664179104477612,False,0.00026508560359206346,3.898403526552043,0.11528015956004298,True,True,False,4.126266404558265e-06,0.0003217855851604945,0.4576875295394763,False,386,401,nan,nan,nan,False,False
331023501,2164,2164,OK,,0,0.0,4,0.06200413819300774,1.2314068352488345,0.8157462037254555,False,27.52922125650633,1611.6941931583092,0.5,0.7270180951111554,0.0005922281748269727,1227.5979529740603,False,False,10,False,0.0,False,1,True,0.0,0.0466728280961183,False,0.7382387568036679,1223.2967030662132,1.015433813501983,False,True,False,-0.0027077239518309426,0.7271145915331989,21.870656902623963,True,3,11,-0.024999999999999994,0.16072894022250883,9.108727361755953,True,False
332950091,1084,1064,OK,,20,0.01845018450184502,2,0.08156905739778583,1.0724886104600804,0.9275113895399196,False,12.52201840032675,1571.8091329055317,0.244,0.07838274360673504,0.0015952576962385337,49.134847486744064,False,False,23,False,0.0,False,2,True,0.34782608695652173,0.03759398496240601,True,0.12051590031872161,58.46818669617657,1.5375310275355847,False,True,False,0.18825585632978992,0.008924691656920114,32.323820005444624,True,13,14,-0.024999999999999994,0.019856666689018976,2.7416581678424086,False,False
333584947,30682,30650,OK,,32,0.001042956782478326,3,0.011140438374308313,1.190992205600743,0.7499310710803448,False,27.89193182635114,3507.618222771569,0.028,0.7078190212567409,0.0013121766232260992,539.4235872885062,False,False,12,False,0.0033605220228384992,False,1,True,0.08333333333333333,0.04707993474714519,False,0.7145194637639392,332.1280326794918,1.009466321624561,False,True,False,nan,nan,nan,False,14,1,0.07500000000000001,0.00246126558821147,2.107789286795908,False,False
333745611,964,964,OK,,0,0.0,3,0.19190728174677602,1.2357127863387514,0.6466139742474725,False,13.419642990112907,1600.2232348563568,0.5,0.15278602090568244,0.00021872406661000536,698.5331942374071,False,False,28,False,0.002074688796680498,False,2,True,0.75,0.1078838174273859,True,0.15064197121579892,160.94895796497428,0.9859669773636747,False,True,False,0.15183258186640403,0.00019898422187980547,12.359324272926292,True,29,6,-0.08499999999999999,0.13462324658380054,8.206348294625236,True,False
335026399,3468,3100,OK,,368,0.1061130334486736,6,0.13513015690913235,2.378202340874752,0.0,True,24.639259461734394,1751.3536203849999,0.5,0.3782158505973413,0.014624672701239235,25.86149162608561,False,False,25,False,0.000967741935483871,False,1,True,0.92,0.07193548387096774,True,0.3927052325871907,43.8051238111253,1.0383098222006437,False,True,False,nan,nan,nan,False,29,0,-0.024999999999999994,0.1796438920044504,6.383179961740411,True,False
335217393,25719,25691,OK,,28,0.0010886892958513162,2,0.0005465195869393032,1.2757178613571123,0.7242821386428877,False,33.73200065710837,2777.679168620144,0.04,0.5713247852951269,0.0030455523971980006,187.59315578374643,False,False,14,False,0.0017126620217196684,False,1,True,1.0,0.02825892335837453,True,0.5840632609611217,135.77046238807594,1.022296382012229,False,True,False,nan,nan,nan,False,16,0,-0.024999999999999994,0.03571288651305049,7.712521169002386,True,False
335504077,58901,58901,OK,,0,0.0,9,0.042827616827668696,1.0960331175777709,0.977433186590623,False,6.3318542729325635,1846.36416523264,0.04,0.00022764638661608354,2.4836677674717897e-05,9.16573422570977,False,False,376,True,0.0,False,13,False,0.07712765957446809,0.09402217279842448,False,0.0002451110061958417,7.251573456026342,1.0767181936834849,False,True,False,0.00019108717146942844,0.0002385527995576453,0.9365734168916424,False,242,209,-0.435,8.481241131463868e-05,2.3205783289196886,False,False
338100526,1049,1029,OK,,20,0.019065776930409915,2,0.12315926504328716,1.1166347571361201,0.8833652428638801,False,10.36589136790776,1626.2360973396337,0.02,0.9385738069593745,0.0006138623801516766,1528.9645322905542,False,False,3,False,0.0058309037900874635,False,0,True,0.0,0.022351797862001945,False,0.6249834762924296,13.472615952338254,0.6658863391011737,False,True,True,nan,nan,nan,False,1,3,-0.135,0.2553793746693238,3.9044671432678304,False,False
34044618,1049,1029,OK,,20,0.019065776930409915,2,0.049504051634195134,1.1450823471761742,0.8549176528238257,False,12.959199189643149,1627.9412052890516,0.35000000000000003,0.06020780568551718,0.0003762840510182334,160.00626527378307,False,False,22,False,0.0,False,2,True,0.0,0.022351797862001945,False,0.06433749358272056,64.75156060923628,1.0685905731023306,False,True,False,-9.202794446205864e-05,0.06872552821381506,9.429939167968266,True,8,18,-0.05499999999999999,0.12741319647560323,9.514018278889042,True,False
341194762,3073,3073,OK,,0,0.0,5,0.11491617954687292,1.072873396027595,0.8499214352311388,False,33.44706829871666,1535.1779690298815,0.35000000000000003,0.03276209341611513,9.936834734705776e-05,329.70351516151277,False,False,17,False,0.0009762447120078099,False,1,True,1.0,0.07256752359258054,True,0.03468768104929443,91.9082197397337,1.0587748654740157,False,True,False,nan,nan,nan,False,2,19,0.015000000000000013,0.0022404742510352404,4.844266826664752,False,False
341355560,9612,9612,OK,,0,0.0,7,0.04220001015538392,1.3399059666737243,0.8227609145013298,False,6.474126647657943,2718.9359180524402,0.17,0.0005400956551672266,8.042926025781737e-05,6.715163777907949,False,False,244,True,0.0,False,6,False,0.3975409836065574,0.16552226383687058,False,0.0004357055260488796,4.06583835656117,0.8067191836860356,True,True,False,0.00043782271942682804,0.00015405679177904474,1.746574862719856,False,147,148,-0.22499999999999998,0.00048109916543626063,2.350551431644996,False,False
341797047,4145,4145,OK,,0,0.0,7,0.1199572270620398,1.0688192303097228,0.8636877639510172,False,33.87109125883954,1500.8437723158916,0.244,0.04119099340282013,0.0002539469598114824,162.20313656599106,False,False,11,False,0.0004825090470446321,False,1,True,0.0,0.07696019300361882,False,0.03928549531968828,109.03033469465849,0.9537399337642246,False,True,False,nan,nan,nan,False,0,15,0.06500000000000006,0.0006649273820085178,0.21457291549067214,False,False
342315249,44919,44919,OK,,0,0.0,18,0.04155104272670849,1.6580238498197222,0.0,True,0.704596202535474,1518.413955392567,0.12,0.0001583377505233781,1.0307379485193715e-05,15.361591251280329,False,False,7697,False,0.0,False,307,False,0.07782252825776277,0.06547340768939647,False,0.00011230363851877367,8.749074956710505,0.7092663508705864,False,True,False,7.405888281497575e-05,9.196327176108632e-05,0.8522996636571015,False,4582,4652,-0.485,9.107385556639258e-05,1.704899854244885,False,False
342332744,52084,52076,OK,,8,0.00015359803394516551,9,0.0340920871883424,1.3233426981948582,0.0,True,2.112782270832816,1740.859067701776,0.5,0.5013151413294927,0.0015743278992578135,318.43121218002176,False,False,2871,False,0.014229203471848837,False,84,False,0.17938000696621387,0.23431139104385898,False,0.24208219294568623,468.59903663527615,0.48289423755221483,True,True,False,0.27954659618819866,0.04763586544391929,86.07378345002168,True,1650,3809,0.275,0.015581988678715186,2.540658588375608,False,False
343034455,1086,1086,OK,,0,0.0,2,0.009792923449638398,1.05902159673341,0.94097840326659,False,3.110793937829511,1625.215652003254,0.12,0.039890893820705646,0.0014458978460491075,27.58901255002687,False,False,30,False,0.0,False,5,False,0.0,0.022099447513812154,False,0.041650688428702454,18.239277408658985,1.0441151962126096,False,False,False,0.03219680039044981,0.041650688428702454,2.5015230903228,False,18,20,0.245,0.009964803394989619,2.9602219736990367,False,False
348337110,1048,1033,OK,,15,0.01431297709923664,2,0.3427923182542417,1.0397638984891862,0.960236101510814,False,13.471001942144085,1628.3497996315464,0.5,0.8504181927891795,0.0005507851541378502,1544.0107388521537,False,False,7,False,0.001936108422071636,False,2,True,0.0,0.06485963213939981,False,0.7646358592312037,154.76837132096273,0.8991292351394445,False,True,True,0.4141909668077336,0.0022919900054796383,12.572873894899164,True,9,7,-0.05499999999999999,0.2747257613231414,8.776188713831907,True,False
348901745,862,861,OK,,1,0.001160092807424594,2,0.02142463191270142,1.030628893326687,0.9693711066733129,False,12.261419899662956,1517.5382678575702,0.17,0.5661649264530333,0.00189097085333265,299.40436440637006,False,False,9,False,0.0,False,1,True,0.0,0.05574912891986063,False,0.3609588537208873,123.18510423601332,0.6375507150933183,False,True,True,nan,nan,nan,False,0,11,0.025000000000000022,0.09478167622949596,5.777778303865095,True,False
349477745,46905,46905,OK,,0,0.0,45,0.04229434492154727,1.6250190854476847,0.7599574446670448,False,17.196342444120997,1337.1206520004425,0.17,0.00033098692489720653,5.364477692832258e-05,6.169974857747184,False,False,486,True,0.0,False,32,False,0.102880658436214,0.09210105532459226,False,0.0002740860503103182,4.037810070601816,0.8280872436137474,True,True,False,0.00034489029764461776,0.0001319418830596497,2.007102278795787,False,321,262,-0.29500000000000004,0.00014562627021208474,2.194335157275085,False,False
349482650,51291,51291,OK,,0,0.0,47,0.4509729152951931,1.1806652554201964,0.5359723701108051,False,39.20400292627966,1351.387568694162,0.02,0.0013921728515492572,0.0002380917289224824,5.847212155792774,False,False,31,True,0.0,False,8,False,0.0967741935483871,0.09438303016123686,False,0.0013545019154553861,4.438557055869064,0.97294090597159,True,True,False,0.0013058979828306505,0.0011155191719336432,0.391838405734892,False,18,17,0.495,0.00019702497234375116,3.034998660322576,False,False
349697123,50439,50395,OK,,44,0.0008723408473601777,9,0.16187239987038496,1.1786319052042626,0.0,True,36.746294243069755,1837.7137761715617,0.02,0.5584668922226309,0.0024390767011135666,228.96651506189266,False,False,6,False,0.0011310645897410457,False,1,True,0.0,0.045540232165889476,False,0.4313949399398447,64.68230688509819,0.7724628728176612,False,True,True,nan,nan,nan,False,7,2,0.0050000000000000044,0.09432098667747013,9.92637846582175,True,False
350477886,13367,13352,OK,,15,0.0011221665295129796,24,3.4228073598765625,9.063795579733137,0.6844470854970394,True,2.1769122482150984,1326.474781636391,0.084,0.1274424669733152,0.0001287900830922892,989.5363362875672,False,False,520,False,0.005167765128819652,False,129,False,0.10576923076923077,0.08463151587777112,False,0.1212346041828486,188.14772531859114,0.9512888997058848,False,True,False,0.10093948415293053,0.13259505603373145,7.573029803725831,True,316,306,-0.034999999999999976,0.007965019328283973,6.213846371753831,True,False
3516691,1962,1962,OK,,0,0.0,4,0.055540228538701386,1.066328279260731,0.9754832353703312,False,0.9593438431486403,1517.6185797928556,0.12,0.013315527265156484,0.0002654564726862375,50.16086867429706,False,False,244,False,0.0,False,43,False,0.05737704918032787,0.06829765545361875,False,0.011890880990866659,31.86518221637978,0.8930086472791972,False,False,False,0.00893000401204902,0.016212027714931465,1.1096164985870502,False,150,143,0.18500000000000005,0.0026764418406034496,2.1663170609564846,False,False
355228225,3073,3073,OK,,0,0.0,5,0.07372256051677707,1.1366814785556827,0.9468903381966108,False,21.937504759097628,1523.1268396625092,0.02,0.27775679127551284,0.001188285576826394,233.7458239772042,False,False,1,False,0.00585746827204686,False,0,True,0.0,0.07191669378457534,False,nan,nan,nan,True,True,True,0.0011620858397802802,-0.0011868885915606864,0.11174126183427094,False,4,4,-0.215,0.0013154413982985336,0.2565000976101985,False,False
355981677,25483,25468,OK,,15,0.0005886277125927089,3,0.05906743297582745,2.053852411922636,0.7938388989041395,False,0.7965179110001707,2770.076997287688,0.17,0.2060720588114488,0.00014830644822481231,1389.5016789767071,False,False,5576,False,0.0069498979111041305,False,98,False,0.022776183644189384,0.03404272027642532,False,0.0156443019542456,34.544926393662934,0.07591665771903496,True,True,False,0.2783580989851312,0.003113351547435972,185.68828575592107,True,3277,3399,0.46499999999999997,0.015300966334861776,2.537771110619921,False,False
356056529,22986,22945,OK,,41,0.0017836944226920733,9,0.013397308259940257,1.6614968530161258,0.0,True,30.284497511065265,1995.996742987904,0.02,0.6748688270246139,0.0020940711063002736,322.2759843226847,False,False,2,False,0.006929614295053389,False,0,True,0.0,0.06397908040967532,False,nan,nan,nan,True,True,True,nan,nan,nan,False,0,2,-0.175,0.000975642626282025,2.3044841176770072,False,False
356064919,4021,4021,OK,,0,0.0,7,0.07007918059506858,1.1484692423717886,0.5958243142026527,False,1.8602620596259094,1984.0430524196627,0.35000000000000003,0.00017751984232566587,3.1380489203355106e-05,5.6570132216640525,False,False,804,True,0.0,False,34,False,0.24253731343283583,0.1696095498632181,False,0.00015440872043426257,5.038668799848654,0.869811049916295,True,True,False,8.524093252604281e-05,0.00014620034969625717,1.2931531904556688,False,513,450,0.335,0.0002514753807812964,2.0373592824866713,False,False
356276681,29379,29349,OK,,30,0.0010211375472276116,4,0.04774683499788939,1.693845934589575,0.9622011311260965,False,25.185976362601274,2405.2827069923055,0.084,0.8016801760164859,0.0016420766963216834,488.21116444334245,False,False,6,False,0.003407271116562745,False,1,True,0.0,0.039422126818630956,False,0.7234853560492353,40.46173697052447,0.9024613277132568,False,True,True,nan,nan,nan,False,9,0,0.04500000000000004,0.009304432011087771,1.7827119039014692,False,False
356451290,3292,3288,OK,,4,0.001215066828675577,6,0.03071672477637524,1.3761164661067382,0.7456691369813763,False,37.892839039503656,1546.3410363639741,0.02,0.10500550698240584,0.0026902713629650674,39.0315670113942,False,False,2,False,0.012469586374695864,False,0,True,0.0,0.06599756690997567,False,nan,nan,nan,True,True,True,nan,nan,nan,False,1,3,0.275,0.005394953223182952,3.5430741560086023,False,False
356499723,9923,9923,OK,,0,0.0,5,0.08088933386211349,1.4220134261989064,0.6115761861310652,False,38.22694584498643,1713.809093879137,0.02,0.5780927531441253,0.006130768720870887,94.29368150459379,False,False,1,False,0.0,False,0,True,0.0,0.06832611105512446,False,nan,nan,nan,True,True,True,nan,nan,nan,False,3,0,0.08499999999999996,0.0031993130776228895,2.5529140099498497,False,False
35727587,1086,1086,OK,,0,0.0,2,0.06598001083022133,1.1043013659473588,0.8956986340526413,False,0.7470882998160427,1625.2330189584864,0.35000000000000003,0.0019910663231604707,3.421575882008285e-05,58.19149981825976,False,False,503,False,0.0,False,37,False,0.02982107355864811,0.02117863720073665,False,0.0019194099131708553,20.548654247919455,0.9640110381276132,False,False,False,0.002006308014997349,0.0018035440562705896,0.5444262328650106,False,297,304,nan,nan,nan,False,False
358453926,2211,2211,OK,,0,0.0,3,0.05723371898551173,1.1955363970491744,0.9282224764626673,False,24.482688363802204,1560.2739975950685,0.02,0.05829509695102116,0.0006121659688095333,95.22760153490148,False,False,1,False,0.0,False,0,True,0.0,0.06512890094979647,False,nan,nan,nan,True,True,True,nan,nan,nan,False,1,2,0.015000000000000013,0.0016682475208991132,4.634736925483581,False,False
35877600,1051,1029,OK,,22,0.02093244529019981,2,0.0030360290265932584,1.1670700682120954,0.8329299317879045,False,13.148618490153147,1627.2251659623755,0.17,0.20861743861328877,0.000977581115489462,213.40166591581178,False,False,10,False,0.0,False,1,True,0.1,0.022351797862001945,False,0.2642355239990777,133.31604281930984,1.2666032415865645,False,True,False,0.0004533472453562837,0.28155007686547817,29.358866046937653,True,3,9,0.10499999999999998,0.04116014625722042,6.067010435210288,True,False
358892555,19717,19681,OK,,36,0.0018258355733630877,6,0.11325709227554846,1.310494838106776,0.0,True,37.78903071990725,1701.6372744346759,0.028,0.8310663658090868,0.003428018719686336,242.4334386030218,False,False,3,False,0.0006097251155937198,False,1,True,0.0,0.06600274376302018,False,0.890385117374279,124.16147053147019,1.0713766721956581,False,True,True,nan,nan,nan,False,0,3,-0.495,0.007331520821085014,4.179649674937802,False,False
359416551,2292,229,UNRELIABLE_DATA,,2061,0.8992146596858639,,,,,,,,,,,,,,,,,,,,,,,,,,,,,,,,,,,,,,,
360124630,2211,2211,OK,,0,0.0,4,0.04134640376310548,1.1009924441382877,0.933153275268038,False,13.136559401720016,1543.3392753163114,0.028,0.7820041704985667,0.0005650683984991528,1383.9106426330072,False,False,2,False,0.006331976481230212,False,0,True,0.0,0.06467661691542288,False,nan,nan,nan,True,True,True,nan,nan,nan,False,0,3,0.03500000000000003,0.1810469437615282,5.839642320753997,True,False
361568408,1086,1086,OK,,0,0.0,2,0.021476927109990083,1.0849501713673633,0.9150498286326367,False,13.942279224512761,1626.0948837157105,0.5,0.05387385945870261,0.0014594421932221811,36.91400708359609,False,False,29,False,0.0,False,2,True,0.2413793103448276,0.02117863720073665,False,0.0577154033653311,23.68865271821653,1.0713062688514687,False,True,False,0.049304721770321636,0.057722169442322446,1.08444813708004,False,7,25,0.03500000000000003,0.03414479899764644,2.063494847915997,False,False
362115607,1086,1086,OK,,0,0.0,2,0.11314062302251358,1.0265268427002678,0.9734731572997322,False,0.8076008601229427,1625.138115299038,0.17,0.03315086780666838,0.0003295747561568007,100.58679309436036,False,False,240,False,0.001841620626151013,False,31,False,0.03333333333333333,0.02117863720073665,False,0.03214450855363826,45.20071732369477,0.9696430495002702,False,False,False,0.03490507590029046,0.02289059384671488,5.425553176857875,True,151,140,0.235,0.006858154018058227,2.4051822063991573,False,False
363736935,28669,28669,OK,,0,0.0,3,0.0,1.4665644296391904,0.7328223888240829,False,34.4426599277983,2722.023194920374,0.244,0.4682653389987663,0.000859149897490614,545.033340941395,False,False,43,False,0.0030695175974048625,False,2,True,0.0,0.02392828490704245,False,0.23844917387515718,132.17102998099932,0.5092180736353527,False,True,False,nan,nan,nan,False,0,66,-0.135,0.002245882202616789,2.63966969117709,False,False
366004177,1177,1177,OK,,0,0.0,1,nan,nan,nan,False,10.948481857023289,1663.4428833053207,0.02,0.10516699890482051,0.0006358618251665226,165.39284911038473,False,False,1,False,0.0,False,0,True,0.0,0.03313508920985556,False,nan,nan,nan,True,True,True,nan,nan,nan,False,1,2,0.455,0.0038935909392292523,3.485411618966802,False,False
366749440,27824,27824,OK,,0,0.0,9,0.02129276471554978,1.4228238325403786,0.920765199662258,False,20.496759694328677,2916.8249983762375,0.244,0.00041399798840853074,2.1552808919019303e-05,19.208539822537826,False,False,243,False,0.0,False,4,False,0.48559670781893005,0.10875503162737206,True,0.0004297116749789609,12.852472226303645,1.0379559490876655,False,False,False,0.0005828633138653672,0.0003026475590174327,5.3530924046565955,True,92,207,-0.135,0.00014151311216559215,2.226741954500532,False,False
366812186,39729,39720,OK,,9,0.00022653477308766896,10,0.04280093762663654,1.591945143183333,0.0,True,39.69096696830685,1851.817600256993,0.12,0.6695250579330507,0.0017433035074221948,384.0553610329567,False,False,30,False,0.0015357502517623365,False,1,True,0.0,0.06530715005035247,False,0.7381698801164787,370.21950302149236,1.1025276371213757,False,True,False,nan,nan,nan,False,40,0,0.015000000000000013,0.0030621264971080198,4.336585535328174,False,False
367167782,31261,31261,OK,,0,0.0,8,0.006881401594014425,21.554200786877935,0.0,True,36.08696491197163,1711.0791460647376,0.35000000000000003,0.1402447141763026,0.0004012914507186078,349.4834338612524,False,False,298,False,0.000575797319343591,False,2,True,0.0,0.05434886919804229,False,0.010818320852739705,27.48728209365561,0.07713888481486667,True,True,False,0.00023787368405581155,0.5133978274163908,185.524882521487,True,181,162,-0.0050000000000000044,0.002075803567455181,0.5994851220412715,False,False
367301645,2771,2768,OK,,3,0.0010826416456153013,2,0.02116231214663103,1.040105661131266,0.9598943388687339,False,13.102487626568601,2779.501110529682,0.12,0.4167948674570574,0.0001741009823473352,2393.98343327864,False,False,18,False,0.0032514450867052024,False,2,True,0.0,0.039739884393063585,False,0.6497867221091493,1272.880668736489,1.5590084543833718,False,True,False,-0.0087209264757111,0.6718619726994203,29.72602610998556,True,10,13,0.04500000000000004,0.012046279477461619,2.1281780759757085,False,False
367854604,214214,214213,OK,,1,4.668228967294388e-06,17,0.05069108569668131,1.638065144161612,0.5834661568083653,False,39.495459681619494,2410.7477124721568,0.5,0.045260314342158194,0.0006217013908643774,72.80072878593835,False,False,2408,False,0.0007235788677624607,False,16,False,0.02782392026578073,0.033714106986970915,False,0.00485263107260081,5.999870125627992,0.10721602673626984,True,True,False,0.009053648578934315,-0.0002832043951142005,5.8591557251735455,True,1463,1440,-0.33499999999999996,0.003182034331533856,3.597654135831443,False,False
370596397,23519,23519,OK,,0,0.0,4,0.0085841539886487,2.865284118081034,0.0,True,31.152414704437305,1820.7778883535286,0.12,0.6799402147923124,0.0006647355890369906,1022.8731935014174,False,False,46,False,0.0005527445894808453,False,1,True,0.0,0.030783621752625535,False,0.7699744638380515,929.1274428652424,1.13241494926615,False,True,False,nan,nan,nan,False,0,58,0.015000000000000013,0.005855648126875557,1.9069592847197658,False,False
373702198,6434,6434,OK,,0,0.0,1,nan,nan,nan,False,7.364592006932559,3437.9038545206554,0.058,0.0016441689625193425,0.00027582884281778376,5.960830440076576,False,False,37,True,0.0,False,2,True,0.0,0.0,False,0.001515207710688693,4.345059621654034,0.9215644773922483,True,True,False,0.0014784409223475015,0.0011680428608726867,0.5847692194484498,False,15,29,0.17500000000000004,0.0007931582949276539,2.430779854375599,False,False
374042630,35603,35369,OK,,234,0.006572479847203887,8,36.022863417308194,4.766880848585144,0.504947633349846,True,0.8277039772179968,2825.612049335417,0.5,0.03278066701625931,0.0004186649550724667,78.29809163412139,False,False,21718,False,0.01713364810992677,False,105,False,0.07984160604107192,0.06774293873165767,False,0.0009980841527512663,3.366140963723482,0.03044734117997701,True,True,False,0.0010488647006278162,0.0009278226813607127,0.06466547223013817,False,13048,12909,nan,nan,nan,False,False
374139336,44998,44998,OK,,0,0.0,5,0.0349523359518163,1.0073149897046194,0.0,True,23.893735625571434,1750.1696062437925,0.12,0.012475499204898089,0.0004772396038101714,26.14095541379334,False,False,266,False,0.0,False,6,False,0.21804511278195488,0.02566780745810925,False,0.015973546719862508,25.984078649405962,1.2803933900770101,False,True,False,0.013048193142147557,0.01693461016803921,3.2046690725253257,True,187,131,-0.07500000000000001,0.0007934255427389791,1.240064134133605,False,False
374684661,1107,1107,OK,,0,0.0,2,0.011692760668406316,1.047385929719439,0.9526140702805607,False,0.6660762713823981,1569.8588994975466,0.5,0.002578842057472352,2.770230397201297e-05,93.09124829753148,False,False,823,False,0.0,False,38,False,0.05224787363304982,0.06684733514001806,False,0.00017880739753928232,3.127839027701845,0.06933631201692907,True,True,False,6.279469076375666e-05,4.738606111365229e-05,0.013213467908472552,False,489,506,nan,nan,nan,False,False
375578998,13705,13695,OK,,10,0.0007296607077708865,3,0.02827507853771622,1.2415371669205506,0.7096370831152283,False,23.76951980871455,2779.3912080838504,0.02,0.8623848876735436,0.00036124132334435145,2387.2819413062543,False,False,3,False,0.007667031763417305,False,0,True,0.0,0.05951077035414385,False,0.8345916076634341,175.6365691731806,0.9677716059182259,False,True,True,nan,nan,nan,False,2,2,-0.015000000000000013,0.028841274228200042,3.130243850333658,False,False
376023348,96436,96436,OK,,0,0.0,13,0.02005538485816349,2.435737605500773,0.0,True,39.15026595573807,1711.7007291487218,0.084,0.08420150436013658,0.0005997464291025462,140.39517415074027,False,False,151,False,0.0,False,5,False,0.24503311258278146,0.032819693890248455,False,0.0030575816646851717,4.166850829937708,0.03631267265258884,True,True,False,0.0006622435078378341,0.010512948281844237,8.009376312923148,True,86,88,0.32500000000000007,0.0001957608367235686,3.996470292229457,False,False
376797272,12292,12292,OK,,0,0.0,4,0.009449409348043707,1.5197535866189915,0.6594245727018296,False,2.995021047644369,2553.778821827497,0.02,0.0015040494125182966,0.00029620042141651994,5.077809833373895,False,False,93,True,0.0,False,15,False,0.1935483870967742,0.07028961926456231,False,0.0009525298755431733,2.5472592087308574,0.6333102274534387,True,True,False,0.0008324181940582154,0.0010022996728058509,0.2756465499082182,False,54,56,-0.475,0.0006229202771563802,2.13654349403962,False,False
378067576,23440,23440,OK,,0,0.0,8,0.31903303927482984,1.2042045998144704,0.7575298252731577,False,1.1061276196860994,1683.7939536637634,0.17,0.06045609196429452,0.0006628510171927977,91.20615401682363,False,False,3657,False,0.0014078498293515359,False,120,False,0.08996445173639596,0.06783276450511945,False,0.07229708246833133,123.24248165628636,1.1958609979459163,False,False,False,0.0692816650477226,0.06830199754973432,0.8242031162292747,False,2216,2179,-0.495,0.11111182780380502,2.9057132561533665,False,False
378267838,63506,63498,OK,,8,0.00012597234906937927,11,0.31814109605799124,15.94113165913063,0.0,True,0.7269795151859951,1683.4980910394247,0.17,0.035534975862500776,6.728583750930142e-05,528.1196932056989,False,False,14919,False,0.02626854389114618,True,310,False,0.047322206582210605,0.04337144476991401,False,0.011073054183655562,53.60947849626278,0.31161000999414484,True,True,False,0.002808702049228229,0.058393712429833045,30.98113392664374,True,8960,8950,-0.495,0.003686640443059108,1.472977503636149,False,False
378373317,3453,3453,OK,,0,0.0,5,0.06721627485402315,2.4990627233900775,0.8613292191672032,False,28.722781569783336,1790.4760338370002,0.35000000000000003,0.21485735481811297,0.019861685773703324,10.81767969074317,False,False,17,False,0.034462785983203015,True,1,True,0.0,0.06979438169707501,False,0.2769275996949988,71.41466264898469,1.2888904823827476,False,True,False,nan,nan,nan,False,0,21,-0.024999999999999994,0.25101203074314715,7.381023381735383,True,False
381979036,13367,13365,OK,,2,0.00014962220393506396,24,1.7653101868634538,5.455143985919523,0.7006813712776823,True,39.22551836118936,1346.4450869628197,0.02,0.9395434853682958,0.0002992692572695093,3139.4587400675855,False,False,2,False,0.002768424990647213,False,0,True,0.5,0.08477366255144032,True,nan,nan,nan,True,True,True,nan,nan,nan,False,2,2,-0.185,0.0007944462416817899,2.559838550533134,False,False
382024699,1053,1042,OK,,11,0.010446343779677113,2,0.012574129697394373,1.0109305638641064,0.9890694361358935,False,13.418852108122348,1628.3898947794785,0.5,0.03477354458008381,5.7221714065389723e-05,607.6984086905642,False,False,14,False,0.0,False,2,True,0.0,0.06525911708253358,False,0.03658567392269174,40.18002227489291,1.0521122987170486,False,True,False,0.034778391256442553,5.718084155947878e-06,22.00617045666624,True,16,7,0.43500000000000005,0.004029068135849467,2.1981300904750225,False,False
383076940,1081,1081,OK,,0,0.0,2,0.023632814772072994,1.0092263885270922,0.9907736114729079,False,0.7803467599286892,1597.304049269448,0.5,0.01937848124527444,0.0031977377371497574,6.060059591549581,False,False,677,True,0.02127659574468085,True,34,False,0.019202363367799114,0.037927844588344126,False,0.0008917927430061034,1.9994922068930017,0.046019743844661336,True,True,False,-0.0012490057333627291,0.0015355703806707588,0.6849595231124939,False,428,398,nan,nan,nan,False,False
383287519,3073,3059,OK,,14,0.004555808656036446,5,0.09004464988912714,1.2522642435753444,0.8073064642288663,False,14.604645018607295,1524.1266307447163,0.02,0.2382637434186855,0.0018534039280800065,128.55467705062526,False,False,1,False,0.007191892775416803,False,0,True,1.0,0.07224583197123242,True,nan,nan,nan,True,True,True,-0.0015433145397878434,-0.00023936351768272246,0.02997543699876654,False,4,4,0.43500000000000005,0.002715937930812262,2.676468280647086,False,False
383290559,3073,3066,OK,,7,0.002277904328018223,5,0.085148922195723,1.1632304764157007,0.8322045468798727,False,17.52305250925403,1532.9128032460926,0.02,0.12902521304490783,0.0009033307075348991,142.8327543486316,False,False,2,False,0.007175472928897586,False,0,True,0.5,0.0720808871493803,True,nan,nan,nan,True,True,True,nan,nan,nan,False,3,1,0.10499999999999998,0.0018562033902180808,2.577153148396035,False,False
383767904,962,960,OK,,2,0.002079002079002079,3,0.03092599924548625,3.90441550860469,0.8572462497389891,True,2.483105816834534,1597.155244630953,0.084,0.026749702086602236,0.00028394411014895425,94.20763146863519,False,False,36,False,0.003125,False,9,False,0.1388888888888889,0.10833333333333334,False,0.02709436285228306,41.56829704468878,1.0128846581006765,False,True,False,0.02672149560900061,0.02560001361503428,0.12844916485007818,False,23,19,0.485,0.0021986753501528344,2.0953676381422643,False,False
385172967,2211,2206,OK,,5,0.002261420171867933,3,0.12049763136949765,1.2579570440646592,0.8376851306099083,False,24.609672510486124,1543.3394089629057,0.028,0.8180755300171232,8.6021981509631e-05,9510.075397711358,False,False,4,False,0.0,False,0,True,0.25,0.0657298277425204,False,0.705828182396721,636.696430981171,0.8627909728359033,False,True,True,nan,nan,nan,False,1,4,-0.445,0.011615302479402234,6.252664745982838,True,False
385450616,16507,16506,OK,,1,6.0580359847337494e-05,5,0.002877863171333792,1.3202857362897986,0.0,True,39.44132321097826,1869.6597023516265,0.028,0.470561832872199,0.0025975987495209336,181.15262526938895,False,False,12,False,0.004059130013328487,False,1,True,1.0,0.11595783351508543,True,0.5904492227346212,260.12595261116263,1.2547749976462343,False,True,False,nan,nan,nan,False,15,0,0.04500000000000004,0.0010319675174570442,0.24118865966616213,False,False
386140833,1072,1072,OK,,0,0.0,2,0.036336551381005694,1.1076039267893831,0.8923960732106168,False,0.7691852445569397,1492.1634276709399,0.5,0.006413813056136511,5.435399902259417e-05,118.00075746902048,False,False,697,False,0.007462686567164179,False,30,False,0.04160688665710186,0.04664179104477612,False,0.00022048937020680004,3.71403849874731,0.03437726798036989,True,True,False,0.00013439978508023032,0.00019598389010322403,0.022716102652525428,False,416,424,nan,nan,nan,False,False
386206443,1072,1072,OK,,0,0.0,2,0.01226060014989231,1.0210086118534298,0.97899138814657,False,7.328388787150551,1494.4293647456461,0.244,0.01705324604348923,0.0006242318461288148,27.31876969950387,False,False,35,False,0.005597014925373134,False,3,False,0.0,0.04664179104477612,False,0.013504049010524377,15.923364525939887,0.7918755746610538,False,False,False,0.013744623600617678,0.008507332329096173,0.5654750685105213,False,14,28,0.41500000000000004,0.0063954865981264986,3.540365929890036,False,False
386512970,1104,1104,OK,,0,0.0,2,0.004134750489626828,1.0077220910898774,0.9922779089101225,False,6.344294148702446,1544.439709533485,0.02,0.0391437544589236,0.0013154911161644034,29.756000612954058,False,False,2,False,0.0018115942028985507,False,0,True,0.0,0.041666666666666664,False,nan,nan,nan,True,True,True,nan,nan,nan,False,1,4,-0.15499999999999997,0.003035406785051764,2.226873050019399,False,False
386850204,1104,1104,OK,,0,0.0,2,0.06533877578819226,1.1201655023036952,0.8798344976963048,False,12.397480330712611,1543.3397098677046,0.028,0.39868043384993485,0.0009298411736532403,428.7618629357579,False,False,2,False,0.0,False,0,True,0.0,0.041666666666666664,False,nan,nan,nan,True,True,True,nan,nan,nan,False,0,2,0.05500000000000005,0.035102866660835175,6.76073879825431,True,False
387142107,904,904,OK,,0,0.0,2,0.009396568290829736,1.0316291955205343,0.9683708044794657,False,1.7165187147790577,1469.27115763786,0.084,0.0457525891663695,0.0002481809911928505,184.35170617405257,False,False,47,False,0.0,False,11,False,0.0,0.04092920353982301,False,0.04616386557291563,132.56339619683902,1.0089891395009496,False,False,False,0.04353911791486764,0.04171909193745216,1.8652091622193008,False,21,34,0.345,0.002052051237981911,2.1354043836914967,False,False
393915029,862,842,OK,,20,0.02320185614849188,2,0.02873279702425279,1.0164093781437233,0.9835906218562767,False,1.0700444187083187,1518.6677841724475,0.5,0.007000751124663997,0.0001499846065504395,46.676464243079906,False,False,372,False,0.014251781472684086,False,16,False,0.0,0.05938242280285035,False,0.00038686345558125446,2.5979010829589946,0.05526027831761011,True,True,False,0.0003216306038757999,0.0002516574702213781,0.007720396767560095,False,233,220,nan,nan,nan,False,False
393920926,862,862,OK,,0,0.0,2,0.08074741990049725,1.0527933078284188,0.947206692171581,False,12.271617297366227,1517.491074552976,0.12,0.18197665563281681,0.0007558635419864583,240.75331792636857,False,False,7,False,0.0,False,1,True,0.0,0.058004640371229696,False,0.20158018126333976,213.77678407165592,1.1077254967806307,False,True,True,nan,nan,nan,False,0,9,0.015000000000000013,0.03400848010751245,5.419213032850038,True,False
394004289,2292,290,UNRELIABLE_DATA,,2000,0.8726003490401396,,,,,,,,,,,,,,,,,,,,,,,,,,,,,,,,,,,,,,,
394083846,1062,1062,OK,,0,0.0,2,0.0,1.0712082855354859,0.9287917144645143,False,13.294117986920307,1326.4403159464732,0.058,0.013156399152136854,0.0017217247438188713,7.641406792444247,False,False,7,True,0.0,False,1,True,0.2857142857142857,0.07532956685499058,False,0.011234303721804229,5.097474302904329,0.8539041413911161,True,True,True,0.0071026279506494205,0.00913321164833858,0.5627833258938729,False,4,7,-0.315,0.007761488034692343,3.7489633829378897,False,False
394085020,1062,1062,OK,,0,0.0,2,0.0,1.0033543847687854,0.9966456152312148,False,0.7152064916664156,1325.4925144967008,0.058,0.01812210867830181,0.0002997391468929965,60.45959917531625,False,False,93,False,0.0,False,22,False,0.11827956989247312,0.07532956685499058,False,0.019702349933615415,7.545297809984485,1.0871996346212007,False,False,False,0.01642759279689221,0.020479414739085433,1.39571424796356,False,56,59,-0.395,0.025134464026871806,1.637214779006142,False,False
394420407,25464,25451,OK,,13,0.0005105246622683004,3,0.1458431490288402,1.059805012971968,0.9576791331611381,False,26.2727925718536,2779.050097656782,0.04,0.5223103091295546,0.0011693381261220085,446.6717517043114,False,False,34,False,0.0017288122274173902,False,3,False,0.0,0.03406545911751994,False,0.5809634294341731,262.7012842605485,1.1122955440078632,False,False,False,0.4125823232409366,0.6553922311921985,18.500398655817378,True,13,27,0.0050000000000000044,0.0114548744580254,3.563398695176015,False,False
3959001,798,798,OK,,0,0.0,2,0.0017974233467555319,1.0736432781128828,0.9263567218871173,False,1.4607847976370167,1387.2461072802264,0.04,0.0031674976347585253,0.0008023169504981336,3.947938072094731,False,False,23,True,0.0,False,0,True,0.0,0.047619047619047616,False,0.0036001091029608245,5.008573863520411,1.1365783082061494,True,True,False,0.0024501536433820803,0.0025071676183535674,0.04985184418572908,False,14,14,-0.11499999999999999,0.0035143097520435873,3.0303116782334065,False,False
397004767,20382,20382,OK,,0,0.0,8,0.07734693391757769,2.6102683569467153,0.48187952269095197,False,36.03750046891315,1693.3580922848746,0.02,0.3076162908273533,0.002608315366234454,117.93677053379079,False,False,1,False,0.0,False,0,True,0.0,0.06216269257187715,False,nan,nan,nan,True,True,True,nan,nan,nan,False,2,1,0.375,0.00028902519096196677,1.2858966466138764,False,False
398499986,2188,2188,OK,,0,0.0,4,0.07878749854087783,1.0715451125222966,0.8188096012996727,False,26.985779760902012,1582.9445867709462,0.5,0.892098834080782,7.068013010047603e-05,12621.635427277939,False,False,19,False,0.0,False,1,True,1.0,0.06855575868372943,True,0.8260120961289644,895.3799832380587,0.9259199368644917,False,True,False,-0.01810049630241939,0.8255270393063372,54.09002673825923,True,3,20,-0.455,0.005350916569999864,2.7146165908486743,False,False
399550694,7042,7042,OK,,0,0.0,3,0.01967825500052631,1.533098281729136,0.999447897926541,False,10.471847271924535,3485.2716611138053,0.12,0.0005907516781349062,6.147615092517293e-05,9.609444788662074,False,False,104,True,0.0,False,2,True,0.5,0.12226640159045726,True,0.0006017998454558304,7.7434280917800065,1.0187018805529338,False,True,False,0.0004269874413919128,0.000678078375324076,2.160445109484218,False,62,62,0.05500000000000005,0.00024122620373312476,1.8220951194332202,False,False
399763709,50910,50910,OK,,0,0.0,13,0.10476719468021621,2.3903129946866013,0.2645308066446421,True,32.15969115821781,1799.1769602124023,0.17,0.06943872419540469,9.118414660475817e-05,761.5218958662847,False,False,376,False,0.0,False,10,False,0.06382978723404255,0.04835985071695148,False,0.0772565557902225,619.4368898382767,1.1125860488568018,False,True,False,0.07244881258402824,0.06362866684504298,8.39780114634045,True,313,137,-0.11499999999999999,0.037600596782090046,7.410272898808498,True,False
400910916,2188,2188,OK,,0,0.0,4,0.03624209200874496,1.1412476898506638,0.8475495857653196,False,0.8404272195161769,1570.0104325729992,0.5,0.007082141474000591,9.681488126671096e-05,73.15137281933258,False,False,1288,False,0.011425959780621572,False,62,False,0.06987577639751552,0.06855575868372943,False,0.00036985184827720285,3.6493749887437836,0.05222316578043157,True,True,False,0.0003295523255854027,0.00023024131119764313,0.018726011774343528,False,787,770,nan,nan,nan,False,False
401120789,1966,1966,OK,,0,0.0,4,0.13301334495587325,1.0778181026541895,0.8688294723901476,False,20.53868587754941,1535.1708932389588,0.35000000000000003,0.3073057099402619,4.209837984320118e-05,7299.703957369545,False,False,16,False,0.001525940996948118,False,1,True,1.0,0.06307222787385554,True,0.2792101724394437,129.0889309546616,0.9085746323871438,False,True,False,nan,nan,nan,False,2,18,0.025000000000000022,0.036116034061386526,5.290915010885687,True,False
402613330,25377,25377,OK,,0,0.0,5,0.021034844392121933,1.0546092637676174,0.9433522506340141,False,9.050034267510535,2772.82615496703,0.12,0.0004915445103502982,2.490398975605635e-05,19.737580811956462,False,False,258,False,0.0,False,3,False,0.0,0.1353981952161406,False,0.0004904727287964317,13.184420470048272,0.9978195635770549,False,False,False,0.00043268068821666894,0.0004560432827183103,0.4019777351469968,False,104,208,-0.034999999999999976,0.0004378005589150691,3.482383556285969,False,False
402815463,30052,30051,OK,,1,3.327565553041395e-05,7,0.002803521846286474,15.22538920183484,0.6254363169069347,True,35.235889711693744,1707.1242541677154,0.02,0.9987232602819024,0.001746321069084037,571.9012831963041,False,False,1,False,6.655352567302252e-05,False,0,True,0.0,0.05334265082692756,False,nan,nan,nan,True,True,True,nan,nan,nan,False,0,2,-0.28500000000000003,0.0005590175329528435,3.812254584833062,False,False
403630242,1072,1072,OK,,0,0.0,2,0.05079741939803114,1.1038492986395099,0.89615070136049,False,1.8481394752194018,1492.8675583851068,0.5,0.009539828479453782,0.00022248710252408124,42.87811909645964,False,False,279,False,0.014925373134328358,False,12,False,0.0,0.04664179104477612,False,0.0036704322479491625,13.364958482111131,0.38474824320524037,True,True,False,0.004267340782521667,0.0027989389718668933,0.19291973843891191,False,169,164,0.28500000000000003,0.004242096854691124,2.5583278196249686,False,False
403645199,6713,6713,OK,,0,0.0,3,0.42716432579906294,1.806151771551873,0.8995599243631678,False,13.222374677827474,3492.495755349632,0.5,0.0016223831891901484,4.592001250440363e-05,35.33063474306688,False,False,325,False,0.0,False,2,True,0.7476923076923077,0.12781170862505586,True,0.0016233603845634548,26.9666594503147,1.0006023209435462,False,True,False,0.0017264170539751378,0.001438830404235314,2.9799407275844727,False,141,248,0.10499999999999998,0.00047971580034733563,1.7921705634131817,False,False
406676397,1988,216,UNRELIABLE_DATA,,1770,0.8903420523138833,,,,,,,,,,,,,,,,,,,,,,,,,,,,,,,,,,,,,,,
40701396,1086,1086,OK,,0,0.0,2,0.016021036145206176,1.0114744152398627,0.9885255847601373,False,2.0433342509452923,1626.7039736333413,0.5,0.0005937341202970509,6.0530308323148105e-05,9.808873219798123,False,False,263,True,0.0,False,13,False,0.045627376425855515,0.022099447513812154,False,0.0006993558605246086,8.869577800438757,1.1778940044320076,False,True,False,0.0004936479049751918,0.0005527151251811802,0.47967629666063316,False,141,171,0.32500000000000007,0.0007242868504878652,2.22671213429781,False,False
40730002,58148,58148,OK,,0,0.0,10,0.012317036222686446,5.555692271842135,0.47588576151384643,True,37.070291792318656,1705.457001743976,0.02,0.10867604180931671,0.0016985776756640555,63.980613525271984,False,False,20,False,0.00013757996835660728,False,2,True,0.0,0.036355506638233476,False,0.0017432391807059577,0.7949091987823713,0.016040694450067016,True,True,False,0.0027817906980742713,0.0007918363811123541,0.49114334621079236,False,14,16,0.135,0.00038107984479662793,2.2463258188922577,False,False
410918190,2188,2188,OK,,0,0.0,4,0.18862885430411527,1.4921120217454873,0.5455192434085525,False,26.898725066700845,1583.0328943786628,0.5,0.4583143050841675,0.000996691281961719,459.8357719976229,False,False,20,False,0.0,False,1,True,1.0,0.06855575868372943,True,0.4956793390077976,490.52834184806915,1.081527095072383,False,True,False,-0.0031864272039952013,0.4956699221743508,21.261523472035073,True,3,20,0.025000000000000022,0.024370302451524606,7.154152159675495,True,False
411434067,22258,22258,OK,,0,0.0,2,0.002045238702253803,1.0202330452666046,0.9797669547333955,False,1.353604313972901,2825.8291857023164,0.12,0.04288677355125097,0.00022232538670753508,192.90092861805172,False,False,2004,False,0.0,False,39,False,0.04940119760479042,0.01945367957588283,False,0.039393688950457584,162.8349246902202,0.9185510050874065,False,False,False,0.037838575708020294,0.03340411237101948,9.798273240972717,True,1157,1241,-0.315,0.0023232042348433346,1.0641141712076294,False,False
411504404,2165,2159,OK,,6,0.002771362586605081,4,0.15369629398690401,1.3330123814836297,0.7812631347540838,False,13.639049544106127,1583.014730833909,0.084,0.21527723532632667,0.004191511509185378,51.36028729840369,False,False,5,False,0.0,False,1,True,1.0,0.06067623899953682,True,0.2556484744170605,161.6456534923718,1.1875313896034447,False,True,True,nan,nan,nan,False,0,5,0.015000000000000013,0.019697089224173348,2.660690395132169,False,False
411513993,2165,2162,OK,,3,0.0013856812933025404,4,0.0837937875913528,1.3986936563034968,0.8362860102899313,False,1.126026728282896,1569.457512384256,0.028,5.1270321321794654e-11,1.3235945640787885e-13,387.35669300272775,True,False,60,False,0.0,False,0,True,0.1,0.07123034227567067,False,8.697906742538564e-05,0.3607385879372582,1696479.8578005293,True,True,False,8.704192467945404e-05,2.1266402924657868e-05,0.012469054106176039,False,36,34,-0.125,0.0008637757079876796,2.2569423179277317,False,False
411731832,1081,1081,OK,,0,0.0,2,0.050111716046609044,1.1452243461360545,0.8547756538639454,False,13.416853939154716,1607.5777271993159,0.17,0.07018668349495899,0.00022224252155019766,315.8112273267472,False,False,18,False,0.0,False,2,True,0.0,0.03700277520814061,False,0.07577079959905719,163.76110467467265,1.0795609056595368,False,True,False,0.07517936021359528,0.07636223898451922,0.21140649663367886,False,9,9,0.495,0.013193842654186883,2.5940440076502873,False,False
412633548,1081,1081,OK,,0,0.0,2,0.23532486263166322,1.0772491609885964,0.9227508390114038,False,1.0168616335497216,1596.9683929068524,0.12,0.08505275124430174,0.00042633583965481233,199.49707093160563,False,False,128,False,0.0018501387604070306,False,23,False,0.03125,0.037927844588344126,False,0.08532271734345342,59.87202569992024,1.003174101897965,False,False,False,0.08523896517392637,0.07764018586180566,1.868497278124948,False,70,79,0.15500000000000003,0.013507688829148656,3.210897991961923,False,False
414232493,21660,21610,OK,,50,0.0023084025854108957,2,0.016686905050688403,1.126913983725471,0.8730860162745293,False,34.122901217549234,3506.5450349895495,0.17,0.4902482702077836,0.0023566761903061877,208.02529945536932,False,False,73,False,0.00994909763998149,False,1,True,0.0,0.01999074502545118,False,0.5092569583959441,124.78837022107119,1.0387735956316664,False,True,False,nan,nan,nan,False,88,0,0.06500000000000006,0.201754379327433,7.657657607762761,True,False
417492883,15763,2652,UNRELIABLE_DATA,,13111,0.8317579141026454,,,,,,,,,,,,,,,,,,,,,,,,,,,,,,,,,,,,,,,
417861102,2229,2229,OK,,0,0.0,4,0.02935090871541819,1.0140386228877825,0.8842187217490547,False,2.514278332071979,1766.982033837,0.17,0.01940972093473111,0.0007167684497484487,27.07948562962417,False,False,155,False,0.0,False,19,False,0.10967741935483871,0.06415432929564828,False,0.018546030089324983,29.541544792378954,0.9555021502725128,False,False,False,0.018374296166726145,0.015985378912331094,2.4104338685709292,False,97,88,0.485,0.008073968304409318,2.2161591806586496,False,False
42000662,1790,230,UNRELIABLE_DATA,,1558,0.870391061452514,,,,,,,,,,,,,,,,,,,,,,,,,,,,,,,,,,,,,,,
420981052,2027,2006,OK,,21,0.010360138135175136,4,0.5540406369486083,2.331829995041365,0.8400894359080211,False,4.000354295189319,1438.4379346858855,0.02,0.4605047458114674,0.0010466127898598647,439.9953356896453,False,False,8,False,0.00897308075772682,False,0,True,0.0,0.06331006979062812,False,0.009113324417304836,2.7643409490284814,0.019789859931293455,True,True,True,0.000507911999167443,0.003308742003918397,0.07643167588901993,False,6,8,0.14500000000000002,0.007366970227951852,3.533525075522529,False,False
421566477,1086,1086,OK,,0,0.0,2,0.04515321096111488,1.1398556360694625,0.8601443639305377,False,1.1100342365501121,1625.9030245115994,0.17,0.044101836377222176,8.144163704592122e-05,541.5146106696648,False,False,164,False,0.0,False,22,False,0.012195121951219513,0.022099447513812154,False,0.043706186544104186,85.4583609429273,0.9910287220302161,False,False,False,0.0374629220551268,0.044398077002186564,7.824535051430276,True,93,105,-0.185,0.0042545645668394805,2.429939387972561,False,False
42217803,1054,1042,OK,,12,0.011385199240986717,2,0.035740685549749365,1.0664381913325127,0.9335618086674872,False,11.411548801570266,1627.6439140494194,0.244,0.04595339116199509,0.00023532713344302724,195.27451207882245,False,False,24,False,0.0009596928982725527,False,2,True,0.5,0.06525911708253358,True,0.04593188095035172,29.325650779368548,0.9995319124204014,False,True,False,0.003390253118983999,0.04438922511355914,4.205793356621355,True,4,26,0.135,0.021469824856112707,3.60450620843703,False,False
42256607,46625,46625,OK,,0,0.0,10,0.34525135149426806,1.086708627536794,0.0,True,1.162437046082001,1683.7477806257234,0.17,0.06903162711607816,0.0004640057172040378,148.773225321538,False,False,6754,False,0.002037533512064343,False,177,False,0.04323363932484454,0.05194638069705094,False,0.08757013914305756,192.595585176215,1.268550993239758,False,True,False,0.0770325371789986,0.07746810746833888,0.3495983945695245,False,3942,4168,-0.485,0.12431340456879614,3.051525984711678,False,False
426236217,1086,1086,OK,,0,0.0,2,0.027666339964203,1.0929079385593339,0.907092061440666,False,3.7338081468256674,1628.3907786718128,0.244,0.35898242178739176,0.0004011705555891229,894.8374121331576,False,False,46,False,0.0,False,5,False,0.0,0.02117863720073665,False,0.38279479368753866,101.37491605162022,1.0663329746943706,False,False,False,0.400302374879306,0.3514013288181176,5.616341371914385,True,19,35,-0.495,0.07127538078978435,3.740480804422476,False,False
427332229,10987,10987,OK,,0,0.0,2,0.0014287323870553071,1.0007534573791723,0.9992465426208277,False,2.7184029339123996,2449.2597646764466,0.084,0.00860335627817943,0.00010638503919512262,80.869982689952,False,False,305,False,0.0,False,5,False,0.0,0.06553199235460089,False,0.008495816478032991,64.68236381556252,0.9875002502896235,False,False,False,0.009796546078292057,0.005577250316899596,21.60636722145824,True,219,146,-0.11499999999999999,0.0005233677097744582,2.2748435733324937,False,False
430248214,1086,1086,OK,,0,0.0,2,0.01842279750240762,1.05986183398331,0.9401381660166902,False,10.690716091177096,1628.5529837283314,0.17,0.04125911765895392,0.0008000205484777998,51.57257240136856,False,False,8,False,0.0,False,1,True,0.0,0.022099447513812154,False,0.04377926589463399,34.427145320009316,1.061081001695468,False,True,True,nan,nan,nan,False,0,10,-0.41500000000000004,0.015313821948626183,7.642056879280457,True,False
43333100,7633,7633,OK,,0,0.0,3,0.02135933253902969,1.022668684788152,0.9423195775476576,False,0.8084676331326976,3452.675187951586,0.12,0.00023806579324955475,1.949185344515873e-05,12.213604720524106,False,False,1134,False,0.0,False,24,False,0.06878306878306878,0.1062491811869514,False,0.0002591033943979415,9.90994703848834,1.0883688532536628,False,False,False,0.00018718010518647965,0.00022563676862352722,0.9858137853833037,False,696,672,-0.495,0.0003246603048482344,2.3094179373013928,False,False
43370478,17353,17351,OK,,2,0.00011525384659713018,5,0.06481700201254147,5.910273730680213,0.49840615694868046,True,2.129073444314905,1984.409450143084,0.17,0.687622028893006,0.0007280106253115331,944.5219684791773,False,False,331,False,0.0038614489078439285,False,28,False,0.08157099697885196,0.04339807503890266,False,0.73372399566157,707.2867315576187,1.0670455058613857,False,True,False,0.5686652132449928,0.5539901551414818,2.3884433484636705,False,421,192,-0.16499999999999998,0.005848951691032833,4.54377738518078,False,False
433770378,7758,7758,OK,,0,0.0,3,0.03787889300432843,2.281217907550454,0.9782737652044842,False,10.436249073720782,3485.2953144119588,0.35000000000000003,0.001610885807579151,5.9372321996624046e-05,27.131932075534237,False,False,434,False,0.0,False,3,False,0.3686635944700461,0.1105955143078113,True,0.0015340607271082662,12.410542470843074,0.952308797985912,False,False,False,-9.651886459893788e-05,0.002294865823159964,11.845455797681701,True,181,313,0.455,0.0011960626797149487,2.841541636344815,False,False
435410981,1081,1078,OK,,3,0.0027752081406105457,2,0.03187677023356415,1.109609473778466,0.8903905262215338,False,13.270901983048459,1596.8199557983537,0.028,0.07837591261492162,0.0027884928460817095,28.106908262308313,False,False,2,False,0.00463821892393321,False,0,True,0.0,0.03710575139146568,False,nan,nan,nan,True,True,True,nan,nan,nan,False,0,3,0.05500000000000005,0.012632623716530844,2.5477259255139324,False,False
436415423,31445,31443,OK,,2,6.360311655271108e-05,8,0.02206948747482087,6.785398535872551,0.4771581295079426,True,38.31093182774005,1720.8502492804218,0.12,0.1750449373381679,0.001486763419968026,117.73556908060893,False,False,57,False,0.003053143783990077,False,2,True,0.0,0.054034284260407725,False,0.004851073422980412,2.7209411283864737,0.027713303205157327,True,True,False,0.003706779175466801,0.35985053660478683,27.650588087851542,True,63,7,-0.215,0.0005589473612458429,2.0307995725151646,False,False
43690105,1046,1029,OK,,17,0.016252390057361378,2,0.027607375201637457,1.246178154002641,0.7538218459973587,False,13.106339998244247,1627.2421641628332,0.244,0.029425164175205264,0.0005573265914973443,52.796985868106525,False,False,14,False,0.0,False,1,True,0.14285714285714285,0.022351797862001945,False,0.04335370211911571,52.67025093132764,1.4733546382605114,False,True,False,-0.0014313158501706447,0.04334824951574845,11.745071121737075,True,5,14,0.44500000000000006,0.006518486077132346,3.125807666923073,False,False
437150434,3368,3368,OK,,0,0.0,2,0.034746927656075795,1.0395389049376962,0.9604610950623036,False,5.285343164440589,2230.8422489918757,0.17,0.1500325939135055,0.00013878888744088856,1081.0130168195617,False,False,98,False,0.0,False,4,False,0.0,0.04275534441805225,False,0.17637987006804756,891.5965536494464,1.175610348840142,False,False,False,0.00483077321227543,0.0029707883968129734,1.0960817177325444,False,59,59,0.125,0.0013916740641805037,3.083322912938171,False,False
43796359,29709,29683,OK,,26,0.0008751556767309569,4,0.01163498105328836,1.0355946524475195,0.0,True,37.08046261660659,2039.2221477312908,0.02,0.8190006711993701,8.795528127417815e-05,9311.557638549804,False,False,8,False,0.0011117474648788869,False,1,True,0.0,0.02745679345079675,False,0.8708901287959806,8344.769840939703,1.0633570391592255,False,True,True,nan,nan,nan,False,10,0,0.0050000000000000044,0.0004312600072372552,7.968117173031213,True,False
43797047,7629,7629,OK,,0,0.0,3,0.01257531287955522,1.0248907468630217,0.949232571622568,False,3.0882217141649617,3453.661381793807,0.084,0.0009542913139641566,0.00016287872787224087,5.858906969808147,False,False,181,True,0.0,False,5,False,0.0,0.11325206449075895,False,0.0008748831228079235,4.392505980150074,0.9167883119187484,True,True,False,0.0005078922321595236,0.0006602219430851264,0.42226617289796425,False,44,174,-0.16499999999999998,0.000906709216282664,2.064169849930755,False,False
43901938,1124,1118,OK,,6,0.005338078291814947,2,0.011614212374431152,1.069368696189465,0.9306313038105348,False,12.107914387824058,1442.4796007612201,0.35000000000000003,0.04208927091532022,0.0007676616826729333,54.82789080831666,False,False,31,False,0.009838998211091235,False,2,True,0.0,0.03756708407871199,False,0.039375425268902586,45.792160899072535,0.935521676013879,False,True,False,0.001490681996705323,0.07778683806435294,2.7960811924251208,False,18,20,-0.33499999999999996,0.003979009453138005,1.3944856815919096,False,False
440115699,20370,20370,OK,,0,0.0,3,0.0,1.0085235154929042,0.989364901438925,False,0.665882515133133,2853.847966608076,0.058,0.6174757598033508,0.011583469084174954,53.30663511218161,False,False,1934,False,0.33244968090328914,True,78,False,0.05170630816959669,0.04025527736867943,False,0.7848935403527331,67.43376374583029,1.2711325552321282,False,True,False,0.7186897559944275,0.7193829682480504,0.03972569284163974,False,1120,1202,0.245,0.9870412505695682,2.1408476801391427,False,True
441849650,2211,2211,OK,,0,0.0,3,0.04200819945169591,1.175538361778132,0.9570840639437664,False,13.624319084419781,1555.973967627451,0.5,0.4532495797561597,0.0006897862705703753,657.0869834526766,False,False,22,False,0.0009045680687471732,False,2,True,0.8636363636363636,0.06558118498417007,True,0.4747086172068026,366.575763515242,1.0473448590116454,False,True,False,0.5430297370949217,0.3117680966587181,28.006719752210994,True,9,16,0.07500000000000001,0.0069269044915030165,2.987528545697044,False,False
442679755,1081,1049,OK,,32,0.02960222016651249,2,0.016268259368886814,1.1538703175858573,0.8461296824141425,False,7.282346903785063,1627.304574277455,0.02,0.18655018396697004,0.0005061734198863856,368.5499408658057,False,False,2,False,0.0009532888465204957,False,0,True,0.0,0.022878932316491896,False,nan,nan,nan,True,True,True,nan,nan,nan,False,2,2,-0.475,0.0031191058526510718,1.5214073539980226,False,False
444461874,32262,32262,OK,,0,0.0,8,0.19700057652704175,1.1294924839275076,0.0,True,4.47895984340548,1767.5353464288087,0.244,0.009862883424214592,8.588449775505216e-05,114.8389253243832,False,False,1751,False,0.0017047920153741244,False,28,False,0.09994288977727013,0.04181389870435807,False,0.011566327787560837,98.6093102183618,1.1727126125372302,False,True,False,0.009325850530335522,0.010639949623134748,1.4936223747569433,False,1222,891,0.11499999999999999,0.0008219794485757603,0.8717647650609666,False,False
44448395,1100,1100,OK,,0,0.0,2,0.07640111347931039,1.0338537290492216,0.9661462709507783,False,12.345799247010772,1544.0581066237187,0.5,0.38663018113305714,0.005335326938569178,72.46607107393932,False,False,17,False,0.0,False,1,True,0.0,0.04454545454545455,False,0.3865921498360285,98.87059545401512,0.9999016339156008,False,True,False,nan,nan,nan,False,0,20,0.06500000000000006,0.33028799060906244,6.774910685757825,True,False
44533833,7384,7384,OK,,0,0.0,3,0.02514311873161697,1.0327140185205312,0.9841327046395469,False,3.9260920928861416,3453.7201632636215,0.058,0.0007485232275220892,0.00013249751477954405,5.649337866959387,False,False,121,True,0.0,False,5,False,0.2727272727272727,0.11700975081256772,False,0.0007641162109461863,4.812208079646676,1.0208316627337217,True,True,False,0.0009721698778127896,0.0006169457717430937,1.4743901213431667,False,53,90,0.32500000000000007,0.0003945781414587124,1.9928747420168575,False,False
446487595,22238,22217,OK,,21,0.0009443295260365141,2,0.006158361551773155,1.049699140902503,0.950300859097497,False,28.7622059575725,3485.7749781300754,0.17,0.5318992633892017,0.0014340744950135558,370.9007204567667,False,False,32,False,0.002835666381599676,False,1,True,0.0,0.019444569473826348,False,0.4742256699720947,315.1741358846946,0.8915704581923701,False,True,False,nan,nan,nan,False,0,46,0.44500000000000006,0.004098058396569293,1.4909059795924695,False,False
449837951,1081,1078,OK,,3,0.0027752081406105457,2,0.02502106477750432,1.0965506217626502,0.9034493782373498,False,13.501213845395489,1600.4303214730262,0.5,0.006916763907231796,9.529394107650456e-05,72.58345944238816,False,False,26,False,0.0,False,2,True,0.0,0.03710575139146568,False,0.006782426486448889,18.879821139072614,0.9805779953480195,False,True,False,0.0068860811253725895,6.415101482160068e-05,6.281931437584881,True,25,7,-0.11499999999999999,0.0055033190903415186,3.1449708184398433,False,False
450445835,1081,1081,OK,,0,0.0,2,0.08429480212514594,1.045624745759965,0.954375254240035,False,11.896798750629866,1598.5211847224841,0.35000000000000003,0.061828649522837766,0.0008865008843502011,69.74459993704093,False,False,30,False,0.0,False,2,True,0.0,0.037927844588344126,False,0.06771642948450074,28.071294356173393,1.0952273744793373,False,True,False,nan,nan,nan,False,0,36,-0.33499999999999996,0.02831617815182197,2.811438333890421,False,False
451043397,1084,1080,OK,,4,0.0036900369003690036,2,0.062083534297822596,1.1123948521606777,0.8876051478393222,False,0.65,1569.4516152464992,8.276504034847e-312,8.27650567902e-312,8.2768558386e-312,-inf,True,True,1,True,0.002777777777777778,False,0,True,1.0,0.0712962962962963,True,nan,nan,nan,True,True,True,nan,nan,nan,False,0,1,0.41500000000000004,0.002438352734812965,2.4635990602158007,False,False
451541079,2165,2149,OK,,16,0.007390300230946882,4,0.14632112085335078,1.1408045554259034,0.7729429930613257,False,13.355941843851586,1570.5576217012838,0.12,0.980897638762682,6.0940485389977624e-05,16095.993205265839,False,False,5,False,0.0,False,1,True,1.0,0.07259190321079571,True,0.6505354876398652,483.56818061286987,0.6632042548909178,False,True,True,nan,nan,nan,False,5,0,0.395,0.016214788263739677,8.367918818849473,True,False
453810717,962,917,OK,,45,0.04677754677754678,3,0.40554142436883206,8.978426566104162,0.4764569257109085,True,12.774368928071496,1423.2426564410277,0.5,0.13160383129710124,0.000744662156010118,176.7295816430788,False,False,24,False,0.019629225736095966,False,1,True,0.0,0.09596510359869138,False,0.13707990589727315,76.35996809620751,1.041610297710934,False,True,False,nan,nan,nan,False,29,0,-0.044999999999999984,0.10358615617137612,4.031708265447486,False,False
453937711,2188,2188,OK,,0,0.0,4,0.017220564467745534,1.3287001864793067,0.7910796409613288,False,9.85743621669378,1574.4921961660702,0.084,0.024896140935160394,0.0001261069532056622,197.4208424063532,False,False,24,False,0.009597806215722121,False,6,False,0.0,0.06855575868372943,False,0.02547045410246873,79.66842796838363,1.0230683610284854,False,False,False,0.02448183691845096,0.02545750758472609,0.06200605741241968,False,14,14,0.29500000000000004,0.0013128148455689992,1.9670650110295473,False,False
457570870,2211,2211,OK,,0,0.0,4,0.11471235481996861,1.3381034549314839,0.695327961266526,False,13.766147843241948,1555.7549381990605,0.17,0.07992520753316953,0.00028541422948982493,280.0323154035979,False,False,8,False,0.0,False,1,True,1.0,0.06467661691542288,True,0.07975904451837712,131.09709760610463,0.9979210186633115,False,True,True,nan,nan,nan,False,8,2,0.09499999999999997,0.0024222485303626584,3.391564643791075,False,False
457863226,2211,2210,OK,,1,0.0004522840343735866,4,0.023990360493772976,1.100162904804169,0.9076666576366347,False,6.2918542820411325,1549.6288396348684,0.02,0.9647867043676588,0.0012995676883654497,742.3904987828171,False,False,7,False,0.0,False,0,True,0.0,0.06470588235294118,False,0.0006748964703826577,0.3104391310759577,0.000699529198865773,True,True,True,0.005396772843433428,0.0004726670943915323,0.7522691485239958,False,4,8,0.385,0.004036448069455578,3.0528161204571456,False,False
458301068,1107,1107,OK,,0,0.0,2,0.03926371879984469,1.0223098523131706,0.9776901476868296,False,0.8726687256218794,1569.8744465188306,0.17,0.010887630131876758,0.00011463672082207852,94.97506605038767,False,False,224,False,0.0,False,28,False,0.08035714285714286,0.06684733514001806,False,0.010513283980268406,51.90318103241637,0.9656172971460205,False,False,False,0.009863399451302768,0.009142393068154231,0.4307899080883536,False,143,120,0.20500000000000002,0.001666591621187763,1.9458456647881186,False,False
458340718,1107,1107,OK,,0,0.0,2,0.0037259554131867105,1.010661945054087,0.989338054945913,False,3.5064747119505983,1570.8375611396161,0.12,0.0205926840581518,0.00042209001484709986,48.787422904593946,False,False,46,False,0.0,False,8,False,0.2391304347826087,0.06684733514001806,False,0.021494189470690928,31.009827624281122,1.043777946089658,False,False,False,0.019176306801723886,0.021741600453427434,1.0135697843931566,False,27,26,0.41500000000000004,0.015081466524887732,5.7955430541943596,True,False
459536921,1107,1107,OK,,0,0.0,2,0.012311240595163593,1.0405488056387364,0.9594511943612637,False,2.7250475168582238,1569.4823775679808,0.058,0.03115634947904357,0.0009469120099627005,32.903109424360174,False,False,27,False,0.0036133694670280035,False,8,False,0.1111111111111111,0.06594399277326106,False,0.033089019471353454,19.955722316968153,1.06203133629663,False,False,False,0.033089019471353454,0.02962265903326089,0.5620270624220838,False,15,16,0.495,0.010366659889906038,3.8506161193571877,False,False
462781855,2211,2211,OK,,0,0.0,4,0.1956019714858804,1.28944622651707,0.8335004153724348,False,0.7848118467775114,1543.9116844493,0.084,0.01427250813102183,8.034761510299512e-05,177.63449621655036,False,False,235,False,0.0004522840343735866,False,58,False,0.06808510638297872,0.06467661691542288,False,0.0033628784345710594,17.618227904261218,0.23561930416853064,True,True,False,0.003498733286442457,0.0026003136358008216,0.613997471026127,False,143,140,-0.175,0.002065839663900837,2.41403256384966,False,False
463169440,1032,1003,OK,,29,0.02810077519379845,2,0.018723400273915246,1.316983228107406,0.6830167718925939,False,12.9619121307536,1627.3549217151203,0.058,0.9218703687118154,0.001185008212840159,777.944286565179,False,False,3,False,0.010967098703888335,False,1,True,0.0,0.022931206380857428,False,0.7225715776653967,61.04183897078218,0.7838103948118966,False,True,True,nan,nan,nan,False,1,3,0.07500000000000001,0.6134344706870447,5.489843346477961,False,True
46387913,903,903,OK,,0,0.0,2,0.20677402235022443,1.0871618047218825,0.9128381952781176,False,0.9012593910104824,1468.4641091990768,0.244,0.020906384911757954,0.0002623057826580411,79.7023409087892,False,False,248,False,0.008859357696566999,False,24,False,0.06854838709677419,0.042081949058693245,False,0.019468612927346918,29.0174418465506,0.9312280917777219,False,False,False,0.018411503664931272,0.019336428581676612,0.13648883157508543,False,152,146,0.485,0.022006845371070893,3.283946428964234,False,False
464070511,2211,2207,OK,,4,0.0018091361374943465,4,0.028733468456616295,1.2761085099383147,0.8499274553352103,False,24.94034657886889,1556.884650986071,0.12,0.6085694022048574,0.023391396384807188,26.0168051617528,False,False,5,False,0.007249660172179429,False,1,True,1.0,0.06524694154961486,True,0.602409843501216,56.648307829370985,0.9898786257059173,False,True,True,nan,nan,nan,False,1,6,0.07500000000000001,0.025980359159203048,0.590104406747428,False,False
464366239,2211,2211,OK,,0,0.0,4,0.025284953061900883,1.189159314331483,0.9045118960227849,False,22.038158416233546,1545.9318600249928,0.12,0.018589547629049626,0.001097762462037503,16.93403470414399,False,False,16,False,0.004975124378109453,False,3,False,0.1875,0.06467661691542288,False,0.018791669220221796,11.34618923305519,1.0108728622775263,False,False,False,0.012424753749858408,0.01646746554517331,0.23258218987005655,False,7,14,-0.435,0.004242066844045156,0.43618399255845264,False,False
464765654,1070,1049,OK,,21,0.019626168224299065,2,0.3386692522249925,1.0167853386334664,0.9832146613665336,False,1.745460232020874,1626.6703616007062,0.244,0.046196883600501046,0.00010025779695436669,460.780956732253,False,False,150,False,0.0009532888465204957,False,15,False,0.06666666666666667,0.022878932316491896,False,0.047954252887744575,57.542647822027895,1.0380408622893442,False,False,False,0.03819405776474871,0.04581152996693039,1.4581580689045364,False,73,104,-0.385,0.004640315570783038,2.206785759397733,False,False
465334376,2188,2188,OK,,0,0.0,4,0.03959909810551672,1.3265476597652959,0.7452533547649883,False,27.046119334542826,1570.027106625153,0.5,0.15970484017428244,0.00036343488017489173,439.43179063448576,False,False,11,False,0.0,False,1,True,1.0,0.0690127970749543,True,0.1670509017913291,194.30510154225007,1.0459977393861706,False,True,False,0.164746701284894,0.00010496073265764405,44.7869105049941,True,12,4,-0.175,0.017769239577125284,4.691496196420959,False,False
465390148,2188,2188,OK,,0,0.0,4,0.10131296039278219,1.257019251894965,0.9148927156643903,False,26.898368668449855,1583.0331525365543,0.5,0.027160132437659582,0.00012166572420898602,223.2356944755159,False,False,20,False,0.0,False,1,True,1.0,0.0690127970749543,True,0.02661873673990689,64.53582827900775,0.9800665295356953,False,True,False,0.0011759006283431628,0.02661948190110608,13.016599300991494,True,3,20,0.135,0.002754166847030337,2.8446959153588964,False,False
466062107,2188,2188,OK,,0,0.0,4,0.03433464702746273,1.3618882413204356,0.9155898564232454,False,25.18728081877541,1584.6151290403889,0.244,0.021787189740171766,0.0007123128684143237,30.586545191401814,False,False,10,False,0.0,False,1,True,0.0,0.0690127970749543,False,0.021626757390416973,16.809296934513196,0.9926363908485644,False,True,False,nan,nan,nan,False,2,13,0.14500000000000002,0.0035207164885262543,2.431750778918506,False,False
466508331,2188,2162,OK,,26,0.011882998171846435,4,0.09243778849422779,1.5712965789790496,0.7394580910739681,False,13.922137823599732,1583.3582849748313,0.5,0.7373691008385683,0.00339338846199375,217.2958118698072,False,False,16,False,0.00046253469010175765,False,3,False,0.625,0.05596669750231267,True,0.06476900756306692,6.48859549875952,0.08783797353239886,True,True,False,0.38082618535293067,0.056264576232717745,12.223584176425048,True,5,20,-0.195,0.0653209091299749,3.3821147151326767,False,False
46669598,1047,1029,OK,,18,0.017191977077363897,2,0.026488343237028415,1.208747630417536,0.7912523695824638,False,13.148686288878995,1627.7041117447075,0.084,0.04712683695058921,7.672321240346521e-05,614.2448350932282,False,False,4,False,0.0,False,1,True,0.0,0.022351797862001945,False,0.045171562118242914,74.33311015523965,0.9585103741548296,False,True,True,nan,nan,nan,False,1,4,-0.034999999999999976,0.025423169055683204,2.1190214713366795,False,False
467213914,140732,140731,OK,,1,7.105704459540119e-06,17,0.05309220284214536,1.6296475554397936,0.6475118026373878,False,3.07157193232895,1686.1717932040274,0.12,0.07581440211158692,8.995368249697979e-05,842.8159915980361,False,False,5496,False,2.8423019803739048e-05,False,155,False,0.030385735080058224,0.03880452778705473,False,0.10447449984517743,909.2259281058114,1.378029727008957,False,False,False,0.09228288682110386,0.09164261745337143,1.84157602587114,False,3330,3277,-0.495,0.05693461647426723,6.564184187405621,True,False
467851846,2188,2188,OK,,0,0.0,4,0.055911864881158714,1.0924961361793626,0.8824928203094189,False,2.184099430441886,1571.1533564723038,0.244,0.007088534856981949,6.925093545774449e-05,102.36013145710109,False,False,252,False,0.003656307129798903,False,23,False,0.031746031746031744,0.0690127970749543,False,0.004629239322211709,29.305118368992254,0.6530601055946106,False,False,False,0.00495447288430606,0.0027492006660819746,0.7718202466793769,False,152,149,-0.375,0.0013454686239207092,2.4762437879384,False,False
468601716,70554,70554,OK,,0,0.0,13,0.04677081880993717,1.696866843029951,0.24503017129746058,True,7.157908771130272,1790.9205016990156,0.244,0.20380090801351175,0.00023337096572771974,873.2916169670044,False,False,2280,False,2.8347081667942284e-05,False,39,False,0.04649122807017544,0.030799104232219293,False,0.31017444064163346,1031.0319180534514,1.5219482762121417,False,True,False,0.24326204192062473,0.23707105453277788,8.830478704177368,True,1541,1204,-0.495,0.030065139050664436,7.689013081190214,True,False
469212596,2211,2211,OK,,0,0.0,4,0.09635447994056746,1.1057184778956186,0.9091206390498258,False,13.590871367348434,1555.7406317424684,0.35000000000000003,0.11539038768432895,0.0009573833167420011,120.5268419309888,False,False,19,False,0.0009045680687471732,False,2,True,1.0,0.06467661691542288,True,0.12326258660533518,110.50162679912154,1.0682223110519573,False,True,False,0.04482186545354194,0.12331638558707725,8.820268028840072,True,5,17,-0.034999999999999976,0.02014652675479678,2.0213692723311993,False,False
469308938,22215,22215,OK,,0,0.0,1,nan,nan,nan,False,25.984832532332558,3036.150668698965,0.17,0.003194550456355681,8.222733275404875e-05,38.85022594507526,False,False,147,False,0.0,False,2,True,0.0,0.0,False,0.0026492340261536906,24.70604570518998,0.8292979129138304,False,True,False,0.0053490550667379955,0.001086258565230258,26.139164237279303,True,81,88,0.15500000000000003,0.00032539701564804346,2.450679648700776,False,False
469451734,1148,1120,OK,,28,0.024390243902439025,1,nan,nan,nan,False,13.414288601519807,1655.4451360624873,0.058,0.02372899561820486,0.0008792819701894355,26.986787427351214,False,False,4,False,0.0,False,1,True,0.0,0.03482142857142857,False,0.023830317235604803,14.878287554409518,1.004269949686459,False,True,True,nan,nan,nan,False,2,6,-0.044999999999999984,0.0041267067272027225,2.990420256040296,False,False
47219281,47843,47820,OK,,23,0.0004807390840875363,10,0.023879925481096367,1.751251398064538,0.9173242567485912,False,38.776163922854366,2202.0091805553443,0.02,0.6019531579243206,0.00422995586674304,142.3071958402747,False,False,3,False,0.0037641154328732747,False,1,True,0.0,0.045462149728147216,False,0.5190682355396669,121.19466058191011,0.8623066906560289,False,True,True,nan,nan,nan,False,5,0,-0.09499999999999997,0.0020662075630731858,3.823410317783166,False,False
47929727,13236,13220,OK,,16,0.0012088244182532487,5,0.02047411607275164,2.115357572013802,0.6900733544634153,False,33.23598698564747,2793.1488741006187,0.04,0.41231570619079755,0.00579987926863085,71.09039466059971,False,False,15,False,0.006883509833585476,False,1,True,0.13333333333333333,0.05226928895612708,False,0.38657197651388275,52.53570627576201,0.9375630632295099,False,True,False,nan,nan,nan,False,15,2,0.235,0.0044481727983192165,0.9232101434188853,False,False
49209767,14243,14241,OK,,2,0.00014041985536754898,3,0.07719880580106468,1.1099018536488912,0.9357764861471264,False,3.0114985881410923,2309.1269854839234,0.244,0.5637923068688301,0.0009010641126608147,625.696106355816,False,False,1033,False,0.030896706691945792,True,17,False,0.00484027105517909,0.04592374131030124,False,0.35743767341657284,317.25237436715986,0.6339882064047622,False,True,False,0.48663694102645383,0.2553325799181718,50.832344120469514,True,590,675,0.18500000000000005,0.028020514231050564,0.8493809467801283,False,False
55401584,12286,12263,OK,,23,0.0018720494872212273,22,7.393460786972308,18.0487654010249,0.5522622933720395,True,26.66488757143112,1344.8233512294494,0.028,0.8258056183296693,8.840347880214287e-05,9341.324906205524,False,False,12,False,0.001712468400880698,False,0,True,0.4166666666666667,0.08586805838701786,True,0.00015689011545261256,0.2878575842500393,0.00018998431588531595,True,True,False,0.0021762248201735446,-0.000519358259249536,0.10488748416161552,False,7,8,0.42500000000000004,0.0007927719681365408,2.4324317436514944,False,False
55462736,1148,1120,OK,,28,0.024390243902439025,1,nan,nan,nan,False,7.106105031628665,1656.7222964788057,0.5,0.007000225620174084,0.0005114028258216371,13.688281070655572,False,False,96,False,0.0026785714285714286,False,4,False,0.0,0.03482142857142857,False,0.005352200171111932,6.6097509036962006,0.764575381068765,True,True,False,0.007358291472854717,0.002515293137717256,1.345896625653693,False,56,58,-0.425,0.005981403726287748,1.9706189353367591,False,False
55587172,1072,1072,OK,,0,0.0,2,0.00691229586023482,1.183599710799566,0.816400289200434,False,0.7691852120288039,1492.1632567010229,0.5,0.009943842669166963,0.0001641922521469991,60.56219181563071,False,False,697,False,0.017723880597014924,False,30,False,0.04160688665710186,0.04664179104477612,False,0.00021421546105182543,1.3184549916502681,0.0215425231652193,True,True,False,0.00038079254415612773,0.0002230878809323933,0.021839522029222784,False,416,424,nan,nan,nan,False,False
57109349,1147,1120,OK,,27,0.023539668700959023,1,nan,nan,nan,False,13.490548615615925,1655.384259028259,0.028,0.32230322408203516,0.0043369734853294425,74.31523968783327,False,False,2,False,0.0008928571428571428,False,0,True,0.0,0.03482142857142857,False,nan,nan,nan,True,True,True,nan,nan,nan,False,1,3,0.46499999999999997,0.005922355475335372,0.812112237410602,False,False
58739772,1069,1066,OK,,3,0.002806361085126286,2,0.06607531174332469,1.1796795439508942,0.8203204560491058,False,10.094691847599538,1579.3074490872891,0.02,0.9898421970381702,4.858003887029656e-05,20375.49207568445,False,False,1,False,0.0028142589118198874,False,0,True,0.0,0.08161350844277673,False,nan,nan,nan,True,True,True,nan,nan,nan,False,2,1,0.20500000000000002,0.00455331937582748,2.3011686853164934,False,False
59633038,56714,56714,OK,,0,0.0,8,0.07193361705880975,7.805546483416342,0.65557063655104,True,1.3502664487330793,1684.67505529622,0.084,0.022536588997079058,0.0002610299960489243,86.33716177528912,False,False,3523,False,0.00044080826603660475,False,152,False,0.04314504683508374,0.0410656980639701,False,0.023397697315767352,71.20855939042228,1.038209345646757,False,True,False,0.020873194123021466,0.021472936704045598,0.7044604028311572,False,2076,2147,-0.495,0.03394829934552046,3.9224835934668594,False,False
59656329,1934,1934,OK,,0,0.0,4,0.23950441035902365,1.4262370334953904,0.7226900332134593,False,0.879620332288007,1492.2228122927404,0.084,0.008240192855167213,0.00011598994574616085,71.04230286649613,False,False,182,False,0.016546018614270942,False,46,False,0.08791208791208792,0.07652533609100311,False,0.005612285601578337,27.87213167928837,0.6810866808850253,False,False,False,0.004786832521318951,0.005047218601059389,0.02353628967977459,False,116,104,-0.495,0.002632999591286822,2.7200072007277285,False,False
60234259,903,903,OK,,0,0.0,2,0.21596898400082126,1.0299863306491102,0.9700136693508897,False,0.993544467294796,1468.3897610581998,0.12,0.008394444231809668,0.00010693114041541612,78.50327041494315,False,False,109,False,0.004429678848283499,False,20,False,0.027522935779816515,0.04097452934662237,False,0.009659271693594151,36.0354889534686,1.1506743539961326,False,False,False,0.009315762765996993,0.008680255168300732,0.14836434106000634,False,64,70,-0.445,0.002326672965147991,1.8276598763162994,False,False
60946457,30418,30327,OK,,91,0.0029916496811098693,6,0.030659957575546567,1.754845242753094,0.8837462135546675,False,25.787234377326193,2513.157931761021,0.058,0.8150001898515236,0.0009496081211361695,858.2489678757247,False,False,15,False,0.00544069640914037,False,1,True,1.0,0.06921225310779174,True,0.8021647905865166,391.1160492446913,0.984251047515283,False,True,False,nan,nan,nan,False,0,20,0.475,0.00971958154152519,2.7104596236907144,False,False
62048731,1147,1120,OK,,27,0.023539668700959023,1,nan,nan,nan,False,13.490584516251461,1655.3842772378928,0.028,0.053161692064668836,0.0014845259102627747,35.810551838235504,False,False,2,False,0.0,False,0,True,0.0,0.03482142857142857,False,nan,nan,nan,True,True,True,nan,nan,nan,False,1,3,-0.024999999999999994,0.0028512495848698194,1.0909674156924725,False,False
62280600,1147,1120,OK,,27,0.023539668700959023,1,nan,nan,nan,False,13.41436785114122,1655.4452287574368,0.058,0.13921582785490821,0.0008345149932856141,166.8224405493232,False,False,4,False,0.0035714285714285713,False,1,True,0.0,0.03482142857142857,False,0.13350349858242894,22.613737763678046,0.9589678173775419,False,True,True,nan,nan,nan,False,2,6,-0.044999999999999984,0.036523297655002174,3.273351751677145,False,False
647002004,22957,22956,OK,,1,4.355969856688592e-05,4,0.01088784689339981,1.1116268543460273,0.0,True,32.74726696880187,1794.9554575286024,0.02,0.8046217994277793,0.0008831312941604887,911.1009934175856,False,False,7,False,0.00026136957658128593,False,1,True,0.0,0.03136434918975431,False,0.7863316490979014,743.7329524634532,0.977268636839214,False,True,True,nan,nan,nan,False,0,8,-0.07500000000000001,0.0018701940421933516,5.031051536926441,True,False
66732476,3316,3316,OK,,0,0.0,2,0.014382534796355246,1.030227784246919,0.969772215753081,False,3.1087371204482817,2553.3754402366917,0.084,0.09814116420732102,0.00026549110660672716,369.65895190115674,False,False,98,False,0.0,False,8,False,0.0,0.04342581423401689,False,0.10393525614931254,247.56354007081958,1.0590383453140175,False,False,False,0.09836800379056965,0.10156863532916094,2.6023980300093927,False,58,58,-0.385,0.00190118477723078,1.6413826786325303,False,False
67408849,2165,2159,OK,,6,0.002771362586605081,4,0.07041819895618696,1.1177301081307434,0.9583949408719802,False,3.3548600700239417,1571.9915271465684,0.17,0.015837565353196643,0.0002540967183480866,62.328885851649574,False,False,121,False,0.0,False,15,False,0.06611570247933884,0.06067623899953682,False,0.01240392114306288,31.317327067802857,0.7831962089147294,False,False,False,0.011406312696424559,0.010583389858235592,0.6329157641382537,False,68,72,0.30500000000000005,0.0025245689680369887,2.5563351659783407,False,False
68304700,33756,33668,OK,,88,0.00260694395070506,8,0.019940323286916882,1.2152213688801659,0.6419931699134421,False,37.88244538795657,2516.147947502214,0.244,0.6418374262358801,0.004147351904858087,154.758371355961,False,False,69,False,0.005910657003683022,False,2,True,0.6376811594202898,0.09771890222169419,True,0.6548119344566391,145.74382280257188,1.0202146333174262,False,True,False,0.5421972197122666,0.6084168663509977,3.4381447392877877,True,55,28,-0.024999999999999994,0.038658173433593235,5.399600812431907,True,False
70382217,30254,30208,OK,,46,0.0015204601044489984,7,0.022141600757793926,1.7356895728924153,0.9789593921528069,False,25.76602060509538,2513.2847761391645,0.04,0.46290198362474366,0.001083920923133778,427.06250404911884,False,False,6,False,0.003972457627118644,False,1,True,1.0,0.07011387711864407,True,0.43564762136149016,98.52768139531439,0.9411228224821185,False,True,True,nan,nan,nan,False,0,7,0.0050000000000000044,0.006320057153865299,6.023093430801385,True,False
72005925,1086,1086,OK,,0,0.0,2,0.01715813917347841,1.0602860814286617,0.9397139185713386,False,3.4777928789113637,1571.7884259262585,0.5,0.00286864548298994,0.0001297910352801266,22.1020309823292,False,False,135,False,0.014732965009208104,False,6,False,0.0,0.07734806629834254,False,0.0019048327154953526,8.620455449727789,0.6640181670374891,False,False,False,0.00135516108916367,0.002248325713833821,0.09248494169605508,False,53,107,-0.15499999999999997,0.0020844882740931325,2.6168410407882092,False,False
73180604,1080,1080,OK,,0,0.0,2,0.024993391168920125,1.3617047695009392,0.6382952304990608,False,7.594628168110433,1573.2116627474618,0.02,0.09108286316277527,0.00022625762028098315,402.5626321432266,False,False,2,False,0.0,False,0,True,0.0,0.05092592592592592,False,nan,nan,nan,True,True,True,nan,nan,nan,False,1,4,0.29500000000000004,0.002325744335648805,2.925439109662842,False,False
73561499,23163,23162,OK,,1,4.317230065190174e-05,5,0.08002384785221865,1.330085067594526,0.8845702171078643,False,1.9571084460973946,2011.0736501802935,0.244,0.02132167887637155,5.4610449422620315e-05,390.4322176762722,False,False,2962,False,0.0,False,67,False,0.04962862930452397,0.04986616008980226,False,0.018126915690921064,205.36602487381828,0.8501636196673571,False,False,False,0.01672036271542965,0.015024924570306353,3.346457933857713,True,1781,1757,-0.16499999999999998,0.0025992525952740486,2.303838822918365,False,False
75629800,1966,1959,OK,,7,0.003560528992878942,4,0.04055461139128225,1.192591502994808,0.8273572914213142,False,12.601637390676515,1518.2313114412482,0.35000000000000003,0.06907041139532157,0.0020395108929033715,33.86616449838888,False,False,9,False,0.0071465033180193975,False,1,True,0.2222222222222222,0.06329760081674324,False,0.07265849876519148,27.819272008873025,1.05194825537282,False,True,True,nan,nan,nan,False,0,13,0.05500000000000005,0.006773915032699751,0.543835105174457,False,False
76139867,44770,44555,OK,,215,0.004802322984141166,5,0.0067851373806707355,1.0952303524676215,0.5974653439197104,False,34.338882036076434,2412.1072463790165,0.02,0.08494412278838033,0.0013065354234187306,65.0147874032472,False,False,23,False,0.0021321961620469083,False,3,False,0.391304347826087,0.032431825833239815,True,0.0005077551946516268,0.2841975063063991,0.005977520021209561,True,True,False,0.0007622349322040645,-0.0020464911723028223,0.15575497247983183,False,24,8,0.255,0.001719201434135953,3.0959802811325887,False,False
76879277,28021,28021,OK,,0,0.0,7,0.06505136694300422,1.1576526575441186,0.8432453024496205,False,0.655911057081352,1816.312436381368,0.058,0.07493847544005543,0.0001971586212338463,380.0923082697573,False,False,2450,False,3.568752007423004e-05,False,172,False,0.06857142857142857,0.07276685343135506,False,0.09380439163876042,394.5132203162726,1.2517520684524222,False,False,False,0.08354151890309414,0.08622105935914581,5.448425706070758,True,1456,1482,-0.495,0.025268335052561652,2.807523375593227,False,False
78008286,1100,1100,OK,,0,0.0,2,0.0004782320436576899,1.1041919297910612,0.8958080702089389,False,12.365215302897239,1543.8238074555125,0.244,0.40589911932300843,0.0006059172528070763,669.8919983588031,False,False,4,False,0.0,False,1,True,0.0,0.04454545454545455,False,0.27071880484710165,179.21641248973623,0.6669608086330133,False,True,True,nan,nan,nan,False,0,7,0.06500000000000006,0.1723162326041291,8.06225344469765,True,False
79419093,20048,20045,OK,,3,0.00014964086193136473,7,0.06484143958692155,1.4811253329062926,0.8889359807210282,False,38.52170494773372,2482.211616930342,0.02,0.2509890655119719,0.001749814713801389,143.43751000167907,False,False,5,False,0.005537540533798953,False,1,True,0.0,0.06689947617859815,False,0.015112280502264652,5.249418248896546,0.060210911863584,True,True,True,-0.000465676327240816,0.015111695870124398,0.5609252824222362,False,4,3,0.06500000000000006,0.005140428735368352,0.16121360411100996,False,False
806803694,3038,3037,OK,,1,0.0003291639236339697,6,0.1657228557790631,1.8910717394013383,0.5999260571343846,False,21.862646357974295,1513.2679071911664,0.5,0.05106374643633927,0.0001499745252500287,340.48280100376246,False,False,64,False,0.009878169245966415,False,3,False,0.625,0.07276918011195259,True,0.04174574993582336,23.735572508899754,0.8175222706752907,False,False,False,0.041735544652548695,0.00788777864563095,2.380430236066925,False,24,53,-0.145,0.0068266610525548055,2.7941598137222496,False,False
8084396,2292,134,UNRELIABLE_DATA,,2156,0.9406631762652705,,,,,,,,,,,,,,,,,,,,,,,,,,,,,,,,,,,,,,,
810818754,2211,2211,OK,,0,0.0,3,0.0424930803782657,1.4330906289940448,0.9040930871414383,False,20.695925693417095,1550.7859122220277,0.02,0.14583144919783195,0.0037698983232374956,38.683125297818506,False,False,1,False,0.004975124378109453,False,0,True,0.0,0.06558118498417007,False,nan,nan,nan,True,True,True,nan,nan,nan,False,2,1,0.235,0.012323834735926908,1.2127085491790037,False,False
81551538,1086,1086,OK,,0,0.0,2,0.022600950531756748,1.0596570221654673,0.9403429778345328,False,2.978437376482449,1570.166115880319,0.5,0.002209263951612841,5.625214269655213e-05,39.27430753225786,False,False,165,False,0.0055248618784530384,False,7,False,0.0,0.07734806629834254,False,0.0016098573400270544,9.992986897304625,0.7286849264216716,False,False,False,0.001588023754591772,0.0015443968572783628,0.011473164657776471,False,112,86,0.245,0.0013232396151577897,2.043934759238868,False,False
82132592,1966,1966,OK,,0,0.0,4,0.11899202490546484,1.0545209042019847,0.84125613119604,False,13.342269225799532,1530.1621932606279,0.5,0.09343198285481308,0.0006328243337859089,147.64284157003055,False,False,19,False,0.0,False,2,True,1.0,0.06408952187182096,True,0.09148527999445144,167.76105941062218,0.9791644916346613,False,True,False,0.12956071984932938,0.08704218717927803,10.597429882014035,True,4,17,0.04500000000000004,0.010571587141616323,8.25464068555441,True,False
8346376,22079,22023,OK,,56,0.002536346754834911,6,0.006267944653182516,1.660907321180519,0.5871239013954785,False,0.6760055638230119,2693.203206692447,0.5,0.16486994121259865,0.00015595504154092708,1057.1632669491614,False,False,16292,False,0.023430050401852608,True,137,False,0.05131352811195679,0.053716569041456656,False,0.0,0.0,0.0,True,True,False,0.0,0.0,0.0,False,9728,9835,nan,nan,nan,False,False
84713868,2292,185,UNRELIABLE_DATA,,2107,0.9192844677137871,,,,,,,,,,,,,,,,,,,,,,,,,,,,,,,,,,,,,,,
86968460,1177,1177,OK,,0,0.0,1,nan,nan,nan,False,13.846005486857711,1654.5827276221596,0.058,0.01758368858354362,0.0006960361534003163,25.26260812407913,False,False,5,False,0.0,False,1,True,0.0,0.03313508920985556,False,0.019071125365354158,20.797236209703563,1.0845918519736875,False,True,True,nan,nan,nan,False,0,7,0.03500000000000003,0.010531090095975859,6.584099682109596,True,False
87175731,1177,1177,OK,,0,0.0,1,nan,nan,nan,False,0.8567099095358135,1654.0207431462184,0.058,0.02316365078159425,0.00043546578135862364,53.1928150802693,False,False,79,False,0.0,False,19,False,0.0,0.03313508920985556,False,0.021755001740854207,29.001828292442724,0.9391870886838206,False,False,False,0.010690382344715421,0.027804914228394928,6.326539363914184,True,48,49,-0.455,0.003858473206685198,2.036966403234264,False,False
89383957,1237,1237,OK,,0,0.0,2,0.004652744319519335,1.1641032277642842,0.8358967722357159,False,7.077390982704545,1685.550721644269,0.12,0.129499478848328,0.0017212694124261704,75.2348690527158,False,False,23,False,0.04527081649151172,True,4,False,0.0,0.038803556992724336,False,0.06006054288042273,16.121949552085812,0.4637898423573323,True,True,False,0.18231594176503785,0.012339594998161396,4.155536807418281,True,14,14,0.18500000000000005,0.060304390413316034,1.6923247823859076,False,False
90158182,1177,1177,OK,,0,0.0,1,nan,nan,nan,False,13.575450087622167,1656.1587475983376,0.058,0.18716713774745175,0.000927933825532383,201.70310920616396,False,False,2,False,0.0,False,0,True,0.0,0.03313508920985556,False,nan,nan,nan,True,True,True,nan,nan,nan,False,2,2,-0.05499999999999999,0.01898409947597579,7.31211775631341,True,False
90463574,46615,46614,OK,,1,2.1452322213879653e-05,10,0.026658522276274278,1.21279117653296,0.0,True,0.8700783990666389,1683.9518134051973,0.17,0.07107060299663973,0.0009196372522634084,77.28112668524571,False,False,9170,False,0.023705324580598104,True,240,False,0.0569247546346783,0.0519586390354829,False,0.07313141742753071,61.728421578930075,1.028996720781846,False,True,False,0.06850655353495183,0.06935699610183721,0.4225449146810774,False,5408,5610,-0.485,0.10199683429685202,1.6671413430719155,False,False
91599324,904,904,OK,,0,0.0,2,4.903948297332669e-05,1.0235402579619284,0.9764597420380717,False,7.011139459958951,1474.014436325651,0.17,0.06240097377284718,0.0004237041552281482,147.27486856777858,False,False,25,False,0.008849557522123894,False,3,False,0.0,0.0420353982300885,False,0.05839357521781574,97.88337085998188,0.9357798714869543,False,False,False,0.043811870872458414,0.05992725160945489,1.0963063334094096,False,10,19,-0.22499999999999998,0.0018804906630320861,1.6983522840575005,False,False
93197394,1966,1966,OK,,0,0.0,4,0.03469870102302566,1.035404407684925,0.9148912379368651,False,13.244785757789584,1530.419948783374,0.5,0.061234275313943765,0.0002278846483634968,268.7073295796104,False,False,22,False,0.0,False,2,True,0.9090909090909091,0.06358087487283826,True,0.060556499003170394,253.47395639513576,0.9889314226828282,False,True,False,0.034716033791837186,0.06580432842451611,22.458157312371164,True,7,20,0.06500000000000006,0.0007767289039752878,2.3851976770626555,False,False
93198521,1966,1943,OK,,23,0.011698880976602238,4,0.06343300972559553,1.2747722812191717,0.7619383357922924,False,13.34563061986659,1530.570925002837,0.17,0.8859864701638411,0.00035295872626544893,2510.170182044229,False,False,11,False,0.0,False,2,True,1.0,0.07359752959341224,True,0.7584719686284953,211.59981718003422,0.8560762428891661,False,True,False,0.6218729889900992,0.7391960726336648,7.215468757509002,True,4,8,0.015000000000000013,0.12526692248689175,8.296796685708346,True,False
93608201,1072,1049,OK,,23,0.021455223880597014,2,0.005683911911557071,1.0090609458148414,0.9909390541851584,False,13.439859448616508,1628.5374709488835,0.17,0.03186895695425378,0.0003872453544275913,82.29655072650526,False,False,8,False,0.002859866539561487,False,1,True,0.0,0.022878932316491896,False,0.026176175790516343,30.073645860011965,0.821369078005624,False,True,True,nan,nan,nan,False,10,0,-0.125,0.015692229797513058,0.7354002860314127,False,False
96965237,13326,13326,OK,,0,0.0,3,0.017183019701966062,1.0196481582249264,0.9366083368167586,False,4.61824623983242,2800.305470516084,0.02,0.0005159050521849504,9.932861173609954e-05,5.1939219039487705,False,False,72,True,0.0,False,5,False,0.4027777777777778,0.1584121266696683,False,0.0005737372315256506,4.6808640293466866,1.1120984938910186,True,True,False,0.00015839345292967266,0.0004476015609174988,1.5855367843776453,False,35,52,0.235,0.000245537381374783,2.8242405030239373,False,False
97011250,1056,1039,OK,,17,0.016098484848484848,2,3.215620242668588e-05,1.1172743452652665,0.8827256547347336,False,8.377088973769489,1633.3154302982975,0.02,0.16526337168616717,0.0014398905014688273,114.77495789963375,False,False,3,False,0.004812319538017324,False,0,True,0.0,0.06544754571703561,False,0.1832854558433259,7.062575644056557,1.1090506866299594,False,True,True,nan,nan,nan,False,1,3,0.125,0.1049282849285672,4.436831000277198,False,False
97032752,1109,1109,OK,,0,0.0,2,0.03088519514186007,1.0683678403713674,0.9316321596286326,False,0.7927609814185551,1816.6974483940885,0.35000000000000003,0.00869522268740714,8.296950208765457e-05,104.80022741634536,False,False,478,False,0.0,False,31,False,0.03556485355648536,0.04418394950405771,False,0.008774469637317206,39.7371966342248,1.00911384938132,False,False,False,0.008179131819420538,0.008722871395385745,2.0160042847512383,False,285,289,0.455,0.0007140140491519453,0.8882954524075778,False,False
9964969,963,959,OK,,4,0.004153686396677051,3,0.2462103907019991,4.828652847166012,0.8400006120629222,True,1.0304544663593938,1411.356425911596,0.12,0.04026793980248783,0.0002974263982160896,135.38791460343714,False,False,114,False,0.027111574556830033,True,21,False,0.09649122807017543,0.08446298227320125,False,0.03956689092908905,12.359843900420923,0.9825903963093868,False,True,False,0.03896978654777872,0.03240691515781846,0.3254971854594071,False,66,71,-0.495,0.048043387023489204,2.266021718576877,False,False
100424264,1029,1029,OK,,0,0.0,2,0.16793181438743565,1.1041138526246672,0.8958861473753327,False,1.3228437147457428,1627.2569995668557,0.17,0.01405138691817934,4.427470267303225e-05,317.36829543381776,False,False,135,False,0.003887269193391642,False,17,False,0.007407407407407408,0.022351797862001945,False,0.015370921774082946,44.125270262355976,1.0939078016701984,False,False,False,0.015878383799984408,0.012813068221276369,0.7201826707353964,False,71,80,-0.305,0.002177817268490978,2.119328549395182,False,False
102573447,904,904,OK,,0,0.0,2,0.02227993710637597,1.06013122138867,0.9398687786113302,False,6.252160364012833,1471.901252321602,0.028,0.10715684574715635,0.0009156689660262188,117.02574808469383,False,False,2,False,0.0,False,0,True,1.0,0.0420353982300885,True,nan,nan,nan,True,True,True,nan,nan,nan,False,2,1,0.015000000000000013,0.026933083865536833,9.438277098498686,True,False
111122174,9467,9467,OK,,0,0.0,2,0.007252965123443222,1.0755784653524418,0.9244215346475579,False,1.3747277442257522,3506.7653525189544,0.17,0.0003540693232247999,1.064201836225992e-05,33.27088068936675,False,False,1289,False,0.0,False,18,False,0.10628394103956555,0.08376465617407838,False,0.00033133622721437384,16.92893303845617,0.9357947878585552,False,False,False,0.00029318356193375195,0.0002965395257662484,0.11729974525681114,False,743,792,-0.305,0.0003870473555874776,2.1783730663934286,False,False
111123764,1807,1807,OK,,0,0.0,3,0.02588383518188663,1.2925396747029427,0.8268715042898606,False,12.417674745732743,2770.033502872112,0.244,0.0035088738154542714,0.00013581706094065995,25.83529485288552,False,False,71,False,0.0,False,2,True,0.49295774647887325,0.16104039845047038,True,0.002709854031323511,11.404004249098234,0.7722859737470165,False,True,False,nan,nan,nan,False,0,78,0.11499999999999999,0.0015127570178905536,2.807559166519943,False,False
111381330,37182,37182,OK,,0,0.0,4,0.013476775103540731,1.2612237286363208,0.6790168960585747,False,2.239914316732505,2228.8612017649984,0.12,0.01616972651281796,0.00020253345900344668,79.8373098073775,False,False,2061,False,0.0,False,48,False,0.028141678796700632,0.02334462912161799,False,0.016876099449774418,66.68844718492382,1.0436849031674411,False,False,False,0.015502148218137779,0.015283838239891212,0.5374312236741308,False,1226,1239,-0.485,0.0018543711965329779,1.0990719630371109,False,False
111381389,37184,37184,OK,,0,0.0,4,0.020681905618195242,1.127012384788514,0.6384667123122019,False,37.15173656428042,2248.0311999409105,0.02,0.22775667142417066,0.0009891508497705279,230.25473968607287,False,False,2,False,0.0,False,0,True,0.0,0.023343373493975902,False,nan,nan,nan,True,True,True,nan,nan,nan,False,0,4,-0.0050000000000000044,0.0007993528117681281,3.191715428438193,False,False
118335393,46782,46782,OK,,0,0.0,6,1.5396986964120438,5.4061849371953175,0.5719044788674493,True,33.9175821264941,1794.1102014787198,0.5,0.00456926507829138,4.426468816032886e-06,1032.2596336251772,False,False,360,False,0.0,False,1,True,0.0,0.08223248257876961,False,0.00472518347106643,336.30319826313104,1.0341232977521526,False,True,False,nan,nan,nan,False,0,432,0.015000000000000013,0.004030098064539578,4.9982874385634375,False,False
118338397,30263,30255,OK,,8,0.0002643492053002016,7,0.018444442818028553,19.860174749600557,0.0,True,33.630364026282095,1801.3281167494106,0.17,0.5066451632600373,0.0006178298505800376,820.0399556356548,False,False,77,False,0.00036357626838539085,False,2,True,0.0,0.0421417947446703,False,-0.001189122092845274,-1.3244628062350805,-0.002347051110078304,True,True,False,nan,nan,nan,False,0,92,0.42500000000000004,0.0009489209252702135,3.460011026234799,False,False
119461205,903,903,OK,,0,0.0,2,0.06380156581627382,1.0527824830325043,0.9472175169674957,False,7.6282234067901,1474.6893412941095,0.058,0.023674795228122627,0.000483097114516106,49.00628572753219,False,False,5,False,0.0022148394241417496,False,1,True,0.0,0.04097452934662237,False,0.023977477193758534,16.73204028158076,1.0127849876934252,False,True,True,0.0018265991119401637,0.029669299068764365,2.6943107881847874,False,4,4,-0.495,0.004471718768774169,2.8272068741586245,False,False
120017739,1086,1074,OK,,12,0.011049723756906077,2,0.07083289593478581,1.0352221556834196,0.9647778443165804,False,10.49014469075967,1572.1618675239417,0.5,0.024696118811802757,0.0009666588051038852,25.547916887953768,False,False,52,False,0.01675977653631285,False,3,False,0.11538461538461539,0.08100558659217877,False,0.02113322146662666,13.648757515187187,0.8557304743985392,False,False,False,0.01394068387124392,0.020093724674441926,0.19750424824488658,False,9,56,0.455,0.008359172141799154,2.074142426773056,False,False
121490919,1062,1062,OK,,0,0.0,2,0.006243187190165777,1.0411230961864524,0.9588769038135477,False,2.4632491906791794,1326.4898845503426,0.12,0.01370393528179236,0.0006865189827006028,19.961480493786684,False,False,51,False,0.0,False,9,False,0.0,0.07344632768361582,False,0.013957112915076952,17.802236348786547,1.0184748123862621,False,False,False,0.012705727822279522,0.013285507299287569,0.3963072918868884,False,19,41,0.32500000000000007,0.0039670554447117645,2.2086212942514774,False,False
125941416,1072,1072,OK,,0,0.0,2,0.03338995372152525,1.0461209345052005,0.9538790654947993,False,2.159830069365802,1493.573306880208,0.17,0.010295403031712388,0.00019414621869082586,53.02911950145998,False,False,78,False,0.0,False,10,False,0.0,0.04477611940298507,False,0.010683368218919576,30.551733523050796,1.0376833413915083,False,False,False,0.009934352585367456,0.009391814025629053,0.767423492646139,False,40,58,-0.08499999999999999,0.0029230920173839436,2.923743825427921,False,False
127263318,1072,1072,OK,,0,0.0,2,0.0028191164124233468,1.0069466961367872,0.9930533038632126,False,3.3850934888121875,1492.3006034051205,0.12,0.03094893281004807,0.00035989345567778025,85.99470849438636,False,False,47,False,0.0,False,8,False,0.0,0.04477611940298507,False,0.03109182147592593,55.655295212979915,1.0046169173830597,False,False,False,0.029484950710705782,0.030837890385063016,0.40144648959279644,False,28,27,-0.495,0.0024032106946775267,1.9105152616171523,False,False
132196354,2211,2211,OK,,0,0.0,3,0.044381256525531355,1.0171033001392529,0.9330724132403838,False,13.782992266906719,1555.7311714869684,0.17,0.3926200815208692,0.0012941629523197478,303.37762398244337,False,False,8,False,0.004975124378109453,False,1,True,1.0,0.06558118498417007,True,0.40247391720646064,53.2325711833962,1.0250976354735122,False,True,True,nan,nan,nan,False,8,2,-0.245,0.019500678970295504,2.609234553403814,False,False
133774355,13350,13305,OK,,45,0.0033707865168539327,3,0.0,1.613421188429741,0.8887739886529833,False,27.830786581545667,2792.4733363906817,0.058,0.4971004189677436,0.000988050924408285,503.1121440076002,False,False,22,False,0.006689214580984593,False,2,True,0.7272727272727273,0.08974069898534386,True,0.5699362491547079,111.40128748569803,1.146521361495152,False,True,False,nan,nan,nan,False,0,25,-0.024999999999999994,0.0525322075700434,7.397356496148359,True,False
135330868,1077,1056,OK,,21,0.019498607242339833,2,0.03508805669925757,1.0983436116317904,0.9016563883682096,False,2.3080699852011786,1625.4579701541022,0.12,0.06678110984022707,0.0004130027186889741,161.69653810564594,False,False,60,False,0.000946969696969697,False,11,False,0.0,0.022727272727272728,False,0.0641983426584436,22.158151382895678,0.9613248838187518,False,False,False,0.05954585756194519,0.06559158899996365,0.6354022277308383,False,41,30,0.485,0.02211867407993584,3.240850140774039,False,False
136187489,13356,13313,OK,,43,0.003219526804432465,3,0.025165297074748107,1.6589238456364048,0.7383758265667826,False,20.463050399537668,2778.9122503214526,0.04,0.7520749938028062,0.0004859548358131205,1547.6232324026614,False,False,10,False,0.0027041237887778864,False,2,True,0.0,0.06159393074438519,False,0.7182972759873817,137.34481683601024,0.9550873010088659,False,True,False,nan,nan,nan,False,0,12,-0.015000000000000013,0.03162366888967805,6.5087444147004465,True,False
138361036,1616,248,UNRELIABLE_DATA,,1366,0.8452970297029703,,,,,,,,,,,,,,,,,,,,,,,,,,,,,,,,,,,,,,,
138403932,3201,3201,OK,,0,0.0,2,0.01867267131176966,1.0263770638743959,0.9736229361256042,False,6.974201594971531,2526.548045115825,0.35000000000000003,0.0006326279525006432,0.00012926126178875352,4.894180543700104,False,False,202,True,0.0,False,4,False,0.24752475247524752,0.04498594189315839,False,0.0006394212600508986,4.497513748147071,1.0107382348873504,True,True,False,0.00048061585709913146,0.00057473463262947,0.4417229613672387,False,121,121,-0.455,0.0010333957211514644,2.593384291701268,False,False
138404120,49655,49655,OK,,0,0.0,12,0.10777977804659526,14.88900186891206,0.0,True,39.344064491868465,1870.6413003887728,0.12,0.776446170737596,0.00038757861920214076,2003.32560226353,False,False,10,False,0.0007854193938173396,False,1,True,1.0,0.08861141878964858,True,0.9463656536571626,1105.8081644782146,1.2188425795933144,False,True,False,0.9542745877990472,-0.009683518293164273,93.97317954021739,True,9,4,-0.024999999999999994,0.0007377211307210141,1.2165726259839074,False,False
139739694,1966,1965,OK,,1,0.000508646998982706,4,0.05550577621925642,1.146160700305183,0.79726877891372,False,13.541677668632573,1529.8069323070183,0.5,0.46798636020108214,0.00202122752254907,231.5357152919041,False,False,19,False,0.008142493638676845,False,1,True,1.0,0.06361323155216285,True,0.42313512359727334,237.1369772099573,0.9041612311424262,False,True,False,nan,nan,nan,False,2,19,0.04500000000000004,0.01522581579782556,5.484163270201047,True,False
142828344,32242,32235,OK,,7,0.00021710811984368216,10,0.20353009037915168,1.5091833185579333,0.0,True,0.9968996838596822,1684.0441216457875,0.058,0.1067475377384935,0.00017199303733140452,620.6503437276195,False,False,1903,False,0.002636885373041725,False,165,False,0.06778770362585392,0.055312548472157594,False,0.12537420755064954,463.3951484322043,1.174492734977991,False,True,False,0.11635000674019658,0.11329122517079204,1.5753406270308699,False,1109,1170,-0.495,0.04057624220597722,4.326913976316264,False,False
142828597,86405,86405,OK,,0,0.0,9,0.016607479625426774,1.0420808843113487,0.9605331427547958,False,8.307661170924543,1688.0168593744584,0.02,0.00045395506883152465,8.779649440197647e-05,5.170537524574617,False,False,211,True,0.0,False,15,False,0.13744075829383887,0.07419709507551646,False,0.0005149681781292381,4.750375472684676,1.1344034101321097,True,True,False,0.0002697821058563754,0.0005659772925858952,1.8261938158022804,False,102,151,0.44500000000000006,0.0001374633752242449,2.974263304740928,False,False
145593952,1966,1941,OK,,25,0.01271617497456765,4,0.055186120779330224,1.210929491545771,0.9667575551585867,False,0.9480269045384152,1518.6456155423912,0.5,0.0034205456451280713,0.00020279519823650916,16.86699524876754,False,False,1009,False,0.005667181865018032,False,44,False,0.03270564915758176,0.06388459556929418,False,0.0008395059405885696,4.135436092845796,0.2454304159876624,True,True,False,0.000373842125799162,0.0007995135756116989,0.09316073920086387,False,601,608,nan,nan,nan,False,False
146183625,1934,1934,OK,,0,0.0,4,0.052736111258939004,1.0394791864403354,0.9875030371891543,False,13.031182515962161,1504.497089827379,0.35000000000000003,0.2290310812820502,0.001465476919574405,156.28433189419593,False,False,14,False,0.0,False,1,True,1.0,0.07549120992761117,True,0.2353753561329307,156.59622464746678,1.0277004973096537,False,True,False,nan,nan,nan,False,16,0,0.365,0.004462005186042339,2.0422440754830253,False,False
146612334,2189,2187,OK,,2,0.0009136592051164915,4,0.1362847052405615,1.2223049382390307,0.8987814917139482,False,13.39487529945845,1555.521830179963,0.028,0.6194267139346582,0.0006489566673233507,954.4962631935196,False,False,2,False,0.0,False,0,True,1.0,0.07041609510745313,True,nan,nan,nan,True,True,True,nan,nan,nan,False,0,2,0.10499999999999998,0.10256271402096107,6.123825066431845,True,False
147441723,862,860,OK,,2,0.002320185614849188,2,0.03426842358146806,1.090383384289904,0.909616615710096,False,12.25074776971476,1517.5947561594157,0.244,0.7024566843750515,0.026748007502966065,26.26201911664473,False,False,12,False,0.0,False,1,True,0.0,0.05813953488372093,False,0.7798602417670206,137.09868071467832,1.1101897940665653,False,True,False,nan,nan,nan,False,0,16,0.025000000000000022,0.08599588064275965,7.097819624759554,True,False
147634864,1072,1072,OK,,0,0.0,2,0.0357374017649158,1.0353375268453016,0.9646624731546984,False,11.85527955751953,1492.8822285074443,0.058,0.4691859411033859,0.001295523629152957,362.15930805534623,False,False,3,False,0.007462686567164179,False,1,True,1.0,0.04664179104477612,True,0.4647396937457312,190.5849332532513,0.9905234855349705,False,True,True,nan,nan,nan,False,3,2,0.0050000000000000044,0.09609015606361815,6.35991231231974,True,False
150246803,12295,12270,OK,,25,0.0020333468889792597,22,3.9786869153392925,10.402514480710163,0.691437551849304,True,36.64562690978308,1349.8351209552789,0.02,0.8764178356115976,0.0001957999856564892,4476.087333066417,False,False,3,False,0.0030154849225753873,False,0,True,0.6666666666666666,0.08312958435207823,True,0.0004742170426133008,0.3475403154659094,0.0005410855682579464,True,True,True,0.0007227569011154511,-0.0010074966498134774,0.06858098708566626,False,8,5,0.015000000000000013,0.0005835407085341693,2.086625451992715,False,False
150250304,12295,12290,OK,,5,0.00040666937779585197,22,41.276113480858164,84.08757883236676,0.8239798603195903,True,37.52045806847673,1348.9611352339239,0.02,0.9542718850941023,8.115456060470074e-05,11758.696960264582,False,False,2,False,0.005126118795768918,False,0,True,0.0,0.0838893409275834,False,nan,nan,nan,True,True,True,0.0017867604494687939,0.0006587197891794183,0.0372293618795898,False,5,4,-0.044999999999999984,0.0007149208040476696,2.554346901676696,False,False
153022654,30760,30603,OK,,157,0.0051040312093628085,6,2.3403861003662647,60.3996579009687,0.5362512945590036,True,33.936196336168244,2382.7837311652197,0.02,0.5164870827420799,0.0027459971075891273,188.08726393580739,False,False,17,False,0.05414501846224226,True,2,True,0.35294117647058826,0.06058229585334771,True,0.42764370506701144,126.84238558118668,0.8279852862855923,False,True,False,0.5139951470263039,0.0040950756828033175,4.361528275232699,True,18,4,-0.015000000000000013,0.00362234692584662,1.8693357702956468,False,False
153030770,1934,1923,OK,,11,0.005687693898655636,4,0.16568145786249658,2.87659958421351,0.6497341135208234,False,19.57376041279285,1495.8586003514563,0.02,0.30420331021691127,0.0009097245419838301,334.39057228635073,False,False,2,False,0.0078003120124804995,False,0,True,0.5,0.07436297451898076,True,nan,nan,nan,True,True,True,nan,nan,nan,False,1,3,0.385,0.006804014179619622,3.2392343264466885,False,False
154831865,1934,1904,OK,,30,0.015511892450879007,4,0.4314527859892916,1.047242509610877,0.8308719406078373,False,4.149911125016282,1491.922312782567,0.12,0.08615950013008668,0.00033789429522956897,254.98950809912017,False,False,51,False,0.0031512605042016808,False,9,False,0.0,0.06985294117647059,False,0.08880571644684365,118.71015955215991,1.0307129952328138,False,False,False,0.07797304802987948,0.0818691110565698,0.3374256501618089,False,27,35,0.495,0.038516597948882625,6.213992926984882,True,False
158333642,2189,2185,OK,,4,0.001827318410232983,4,0.05537355121161239,1.1930647264601435,0.8344770494482506,False,13.159806787583408,1556.7802346632457,0.084,0.9270767190856818,0.0008709840593928986,1064.4014767984174,False,False,3,False,0.008695652173913044,False,1,True,1.0,0.07048054919908467,True,0.5670740107955068,180.60474799836368,0.611679701497387,False,True,True,nan,nan,nan,False,0,5,0.09499999999999997,0.012441912854806891,0.226688534610245,False,False
158465358,1032,1024,OK,,8,0.007751937984496124,2,0.03197946237400926,1.0068185279425008,0.9931814720574994,False,13.064222189747749,1626.7730399471668,0.058,0.6031664799640852,0.011465629508711231,52.60648615113701,False,False,3,False,0.00390625,False,1,True,1.0,0.046875,True,0.6888858204692003,87.56135633853037,1.1421155574000383,False,True,True,nan,nan,nan,False,0,4,0.03500000000000003,0.018490606238601104,3.140972673639534,False,False
158491393,38374,38374,OK,,0,0.0,7,0.037770730254682194,1.2502165064217177,0.9623192478550235,False,11.747667799050205,3313.071593688802,0.17,0.00025547158794587055,3.60381053825472e-05,7.088929488218662,False,False,550,True,0.0,False,8,False,0.08545454545454545,0.06501798092458436,False,0.00025602700169824466,5.75813014233429,1.002174072494088,True,True,False,0.00014387991694519986,0.0002070783375940355,0.9357229966573118,False,264,386,-0.065,0.00014276192896989226,2.0740073203524676,False,False
159799291,1029,1028,OK,,1,0.0009718172983479105,2,0.0636053892613917,1.3690791444329498,0.6309208555670504,False,13.135508467466956,1626.7280040370304,0.244,0.45497003948368847,0.00046731779898368734,973.5773824004724,False,False,9,False,0.0009727626459143969,False,1,True,0.0,0.02237354085603113,False,0.3909509538760917,487.46266131256647,0.8592894475419804,False,True,True,nan,nan,nan,False,0,11,0.04500000000000004,0.02314680361224808,6.774376088383489,True,False
159800860,1029,1024,OK,,5,0.004859086491739553,2,0.3289149187093523,1.065863988456524,0.9341360115434759,False,13.167310299434606,1626.8120092009235,0.12,0.9006035241869189,0.0009062149994393849,993.8077881563013,False,False,3,False,0.00390625,False,1,True,0.0,0.0224609375,False,0.8332954601839595,197.6998485728691,0.9252633792836572,False,True,True,nan,nan,nan,False,0,4,0.015000000000000013,0.09541591440518782,6.48094692894471,True,False
161101296,964,958,OK,,6,0.006224066390041493,3,0.05804561440781857,1.9804691296115124,0.8632748154355663,False,12.796325371762153,1599.169362968641,0.028,0.59753990442619,0.004407354525519607,135.57790755572194,False,False,2,False,0.003131524008350731,False,0,True,1.0,0.10855949895615867,True,nan,nan,nan,True,True,True,nan,nan,nan,False,0,2,0.0050000000000000044,0.05437897567862515,3.92845026976525,False,False
166383528,955,944,OK,,11,0.011518324607329843,3,0.05195961587397223,4.4756717082899184,0.936442104741014,True,11.627774619769667,1599.2137213692208,0.028,0.05966955157048089,0.0008747357798886109,68.21437163354543,False,False,3,False,0.005296610169491525,False,0,True,0.6666666666666666,0.11016949152542373,True,0.06106231820894481,22.386233715056445,1.0233413290666145,False,True,True,nan,nan,nan,False,2,2,0.335,0.010438464493054522,2.8574668078259284,False,False
174043944,23866,23866,OK,,0,0.0,7,0.1263983259454562,2.9766845283338155,0.0,True,1.166910081073127,1739.7194130827081,0.244,0.05398473376123374,0.000479532929452589,112.57774064204524,False,False,4987,False,0.0013827201877147407,False,85,False,0.03729697212753158,0.05250146652141121,False,0.04918217019542548,141.3172391407925,0.9110384875278024,False,True,False,0.04294090413813001,0.04601373025239752,3.690471251552024,True,3033,2970,-0.405,0.005360841345666945,0.4423068324781913,False,False
174049941,10383,10383,OK,,0,0.0,2,0.01319729876405607,1.0346821926640475,0.9653178073359523,False,6.707322899429492,3484.626284443813,0.084,0.18688037359501716,0.0006363115015532972,293.6932196555057,False,False,141,False,0.00019262255610131947,False,4,False,0.0,0.030626986420109796,False,0.017181644172477584,19.6025631788618,0.0919392648995416,True,True,False,0.3417497883349784,0.001235465313259132,81.5982050988013,True,79,88,0.21499999999999997,0.003386796596664965,2.6193608841482785,False,False
180179270,1081,1081,OK,,0,0.0,2,0.019977443512331758,1.1212638526400729,0.8787361473599269,False,13.512032660541216,1597.0211853866813,0.35000000000000003,0.03246280534622549,0.0004658603082560834,69.6835612970502,False,False,10,False,0.0,False,1,True,0.0,0.037927844588344126,False,0.0321249639812885,37.97672855790696,0.989592970745017,False,True,False,nan,nan,nan,False,0,13,0.275,0.00932117259445997,4.352489694008181,False,False
180182305,1081,1081,OK,,0,0.0,2,0.08806159960422098,1.088776770947906,0.911223229052094,False,13.522970892604102,1597.7512053393536,0.35000000000000003,0.11347816105639599,0.0009630935988553319,117.82672129818792,False,False,12,False,0.0,False,1,True,0.08333333333333333,0.037927844588344126,False,0.14487784202590315,78.24544039606914,1.2767024128449018,False,True,False,0.0017637785415263174,0.1466943840901137,20.689612062537186,True,4,13,0.05500000000000005,0.05497997233088747,7.80172240284263,True,False
181639959,10331,10235,OK,,96,0.009292420869228536,2,0.0006852693925674119,1.0450802759109814,0.9549197240890187,False,9.465656935704928,3485.986350214923,0.028,0.2924161506312612,0.0032061093828849156,91.20591836082019,False,False,22,False,0.006448461162677089,False,2,True,0.0,0.031069858329262335,False,0.017765384661859507,2.9303556918890723,0.06075377376902065,True,True,False,0.007857944506319603,0.40298813217795604,13.163003758592001,True,15,13,-0.034999999999999976,0.03919665163537844,6.618466936245544,True,False
181640057,10247,10247,OK,,0,0.0,2,0.014117670809446826,1.066057082602971,0.9339429173970293,False,9.471361785422992,3485.8113526941243,0.35000000000000003,0.15548914706141792,0.0008899820941239857,174.71042180288666,False,False,331,False,0.0009758953840148336,False,3,False,0.0,0.03103347321167171,False,0.01576924333963403,13.717302521513151,0.1014170032935174,True,True,False,0.0001698763056647845,0.24259441888187327,44.19179761207287,True,181,231,0.30500000000000005,0.010670162792163818,3.10058629947349,False,False
183502362,13632,13608,OK,,24,0.0017605633802816902,3,0.017262214843600403,1.3622610890429578,0.7853883600903107,False,30.135324024266463,2792.706447858681,0.35000000000000003,0.8914951572513686,0.0003613329383498356,2467.2402170771384,False,False,37,False,0.0019106407995296885,False,2,True,0.0,0.06011169900058789,False,0.964113052493257,1933.7682533403447,1.0814562980530165,False,True,False,nan,nan,nan,False,0,48,0.015000000000000013,0.0023093276009933383,1.1335924810977076,False,False
183504393,13659,13632,OK,,27,0.001976718647045904,3,0.0007488600708916037,1.064745802007318,0.5708951344646901,False,21.611210127393036,2780.1614116139285,0.04,0.6377857169163367,0.0011842367742260866,538.5626682072404,False,False,20,False,0.005501760563380281,False,2,True,0.0,0.06000586854460094,False,0.6827397986649484,450.6773074378111,1.0704846166294888,False,True,False,nan,nan,nan,False,0,26,0.025000000000000022,0.004924563383369218,4.832973686544797,False,False
183647770,1100,1100,OK,,0,0.0,2,0.0038736493258504814,1.1746646922001658,0.8253353077998342,False,2.392728810211267,1544.2735812833562,0.5,0.0021482360929559728,7.01528067770327e-05,30.62224010200662,False,False,236,False,0.0009090909090909091,False,10,False,0.0,0.042727272727272725,False,0.00038612372667268247,4.392565844751137,0.17973989355209846,True,True,False,0.00013157299900856678,0.0006824796955784418,0.2650989288283532,False,114,167,-0.28500000000000003,0.000900219327855778,2.430756185341096,False,False
183652582,13461,13378,OK,,83,0.006165960924151252,4,0.019414381611569245,1.3386449073693767,0.628900697536147,False,1.6023684041162738,2552.9395502045127,0.5,0.07899207030323444,0.00012974974718214205,608.8032695150131,False,False,4350,False,0.01024069367618478,False,33,False,0.11816091954022989,0.05568844371355958,False,0.0001225997116395261,0.6905263130923072,0.0015520508725608891,True,True,False,0.00017706100979653083,6.38961349861411e-05,0.037713284035343374,False,2719,2481,0.495,0.0023205929883592935,2.1643994884102336,False,False
186142270,66215,66215,OK,,0,0.0,10,0.007632636473402752,1.2762750812930426,0.0,True,36.205956760411524,1702.1610898091913,0.02,0.12024634528846742,0.0033119377690904936,36.30694586435083,False,False,11,False,6.040927282337839e-05,False,1,True,0.0,0.04062523597372197,False,0.0016765496549377978,0.33877542780825726,0.013942624625437097,True,True,False,nan,nan,nan,False,0,15,0.135,0.0008484193900788473,2.795360167966873,False,False
193593800,45686,45503,OK,,183,0.004005603467145296,5,0.005059398711039535,1.1083921273978772,0.7722205556656314,False,33.92688795473016,2362.437837857552,0.12,0.10447765682579395,0.0011216399528875902,93.14723192306312,False,False,224,False,0.004021712854097532,False,5,False,0.4642857142857143,0.0491176405951256,True,0.03854710908488124,22.54453931740127,0.36895074273301026,True,True,False,0.0008173864126524988,0.07383317149302426,10.901265423429706,True,63,205,-0.395,0.005817494762042741,3.5011202223014353,False,False
193601147,51679,51679,OK,,0,0.0,19,0.05936734355439403,1.2785865884461072,0.0,True,32.23919007144426,2009.8019235689712,0.12,0.0006988017356178324,0.00010435538139907859,6.69636511552247,False,False,164,True,0.0,False,6,False,0.2621951219512195,0.09996323458271252,False,0.00042091738640226417,3.2033331448782145,0.60234164420058,True,True,False,0.00013363809813560223,0.0005304740096935268,1.8418451777100016,False,83,114,-0.09499999999999997,0.0001496121082568136,3.940377472295148,False,False
199612647,2292,308,UNRELIABLE_DATA,,1982,0.8647469458987783,,,,,,,,,,,,,,,,,,,,,,,,,,,,,,,,,,,,,,,
203230329,12252,12220,OK,,32,0.002611818478615736,3,0.01342644095708546,1.0181181206055856,0.8146123523358106,False,14.052370503455258,2705.0476967920968,0.12,0.7637435927511748,0.00027234872861464356,2804.2855079078568,False,False,99,False,0.019967266775777415,False,2,True,0.0,0.05695581014729951,False,0.7412055061776539,6589.696069200333,0.9704899827803024,False,True,False,0.7471899053949798,0.6970815987275627,3.1050647621434164,True,54,62,-0.024999999999999994,0.0045637422234128255,0.05375987557991139,False,False
203230336,1604,1604,OK,,0,0.0,3,0.015877771607649076,1.1297743259255257,0.9714350225105352,False,1.607079045917573,2694.2486190714617,0.084,0.0015898464538177802,0.0003685356762406529,4.313955354432537,False,False,74,True,0.0,False,6,False,0.0,0.27057356608478805,False,0.0015391460644647026,3.6680229699276725,0.9681098830447883,True,True,False,0.0017877032799881176,0.0014719415911434997,0.5002753868805105,False,43,44,0.09499999999999997,0.002813793079542215,2.8189469703936387,False,False
20814790,45663,45663,OK,,0,0.0,7,0.005669479172282859,3.01545862374761,0.6770481602338593,True,34.197870465806254,1702.8018942920096,0.02,0.12199937874069938,0.0009457577614708914,128.99643408789967,False,False,20,False,0.0004817905087269781,False,3,False,0.0,0.04419332939141099,False,0.010363033403328226,7.900624517025887,0.08494332930460313,True,True,False,0.16417424054735763,-0.0018341908855152855,30.668943058462155,True,13,11,0.015000000000000013,0.0005013382027312385,2.117578175876212,False,False
20815767,45663,45663,OK,,0,0.0,7,0.009351193863946264,3.2644042502203208,0.601397257516575,True,37.530752403044055,1712.0799035304224,0.02,0.20684518305097663,0.0010085803223946286,205.08548348422372,False,False,2,False,0.0,False,0,True,0.0,0.04419332939141099,False,nan,nan,nan,True,True,True,nan,nan,nan,False,0,4,0.04500000000000004,0.0003137938341177815,2.7262771949710967,False,False
208339043,1086,1086,OK,,0,0.0,2,0.00791976611068903,1.0819242930707114,0.9180757069292889,False,13.375490554902129,1625.002914434073,0.058,0.008843921215172012,0.0004438077636148474,19.927369325713485,False,False,5,False,0.0,False,1,True,0.0,0.022099447513812154,False,0.010854467002188173,13.590193941253084,1.227336465137999,False,True,True,nan,nan,nan,False,1,8,0.10499999999999998,0.002544153719752029,3.926787635289139,False,False
208339985,1086,1086,OK,,0,0.0,2,0.08196010164507508,1.321467313577336,0.6785326864226641,False,13.648937340207004,1626.5269091788728,0.058,0.017517994572283712,0.00011036295463251724,158.73075010192076,False,False,3,False,0.0,False,1,True,1.0,0.022099447513812154,True,0.01687571617981165,17.154352821593797,0.9633360776644919,False,True,True,nan,nan,nan,False,3,2,0.20500000000000002,0.002236353699621385,2.0468850705248514,False,False
218195662,1056,1042,OK,,14,0.013257575757575758,2,0.09741634594303035,1.0279298981753833,0.9720701018246167,False,11.94855812144595,1629.6178829885669,0.028,0.0409841214601889,0.0009741413443847503,42.07204806205378,False,False,2,False,0.0,False,0,True,0.0,0.06525911708253358,False,nan,nan,nan,True,True,True,nan,nan,nan,False,2,0,-0.495,0.003855447598029582,2.8478774600791166,False,False
219569680,1988,362,UNRELIABLE_DATA,,1626,0.817907444668008,,,,,,,,,,,,,,,,,,,,,,,,,,,,,,,,,,,,,,,
220418521,126431,126431,OK,,0,0.0,63,0.049211003903729074,1.9029468754022156,0.0,True,1.2046407372516552,1326.4503362252412,0.028,0.00013826946279247326,3.123752361179265e-05,4.426390020887392,False,False,2958,True,0.0,False,380,False,0.09398242055442867,0.07948208904461722,False,0.0,0.0,0.0,True,True,False,0.0,0.0,0.0,False,1739,1814,-0.08499999999999999,7.149455920396619e-06,9.849392180017482,True,False
220421821,125781,125781,OK,,0,0.0,63,0.031084249652783155,1.8522464730617456,0.0,True,1.5239119996923889,1327.2013551835673,0.028,7.115940274018062e-05,1.5402100701781518e-05,4.620110212105665,False,False,2350,True,0.0,False,305,False,0.11404255319148936,0.07998823351698588,False,0.0,0.0,0.0,True,True,False,0.0,7.50987369579903e-06,0.21262803779722478,False,1390,1447,-0.495,0.0,0.0,False,False
222703556,10383,10383,OK,,0,0.0,2,0.02629444090173385,1.0453076949231859,0.9546923050768144,False,7.017426534181505,3483.96118275289,0.058,0.02781738883593427,0.00020245169976641718,137.40259463382702,False,False,101,False,0.0,False,4,False,0.0,0.030626986420109796,False,0.003586085830630692,12.340153140803446,0.12891525699199402,True,True,False,0.04692016060321724,-0.0003431378151470543,28.033521147631753,True,59,62,0.20500000000000002,0.0008323011206265996,2.448895201111666,False,False
222705458,10384,10384,OK,,0,0.0,2,0.00781457022761379,1.0117394278833,0.9882605721167,False,8.930101999659563,3486.828185034427,0.04,0.10227855163096675,0.0008426342955581308,121.3795262904901,False,False,37,False,0.0016371340523882896,False,3,False,0.08108108108108109,0.030624036979969183,False,0.10370358226341414,84.37938945180714,1.0139328393854175,False,False,False,-0.0006044024933933301,0.17389233620941258,26.012481546009706,True,21,25,-0.15499999999999997,0.002899043451467853,1.7098067860968664,False,False
224289866,21006,21006,OK,,0,0.0,12,0.052133532886064565,2.3917663001788974,0.5591874639980698,False,39.35485916186895,1742.9597836154671,0.02,0.7769115052948233,0.00118035369308689,658.2022912666332,False,False,2,False,0.002903932209844806,False,0,True,0.0,0.08668951728077692,False,nan,nan,nan,True,True,True,nan,nan,nan,False,0,5,0.395,0.0008679986007198437,2.2541409543786117,False,False
224290741,20993,20993,OK,,0,0.0,12,0.19016606509965325,2.5911485852032623,0.5501376207341917,False,39.40887695346817,1740.401860257235,0.12,0.5799720049815915,0.0008977043664547564,646.0612498433487,False,False,48,False,0.0004763492592769018,False,1,True,1.0,0.08631448578097461,True,0.5776164564034361,833.114746804852,0.9959385133111206,False,True,False,nan,nan,nan,False,53,0,0.03500000000000003,0.011231060734357978,7.407949155169997,True,False
224631871,20382,20382,OK,,0,0.0,8,0.01975376392679941,4.136373617580815,0.0983497174386619,True,21.37536383840298,1691.9978132391284,0.02,0.07586123221173535,0.00031634846405753197,239.80275180959634,False,False,16,False,0.0005887547836326171,False,3,False,0.0,0.0621136296732411,False,0.0004490836005643928,1.1999562534402772,0.005919803666132934,True,True,False,0.0,0.0002320744197825686,0.051123897714751634,False,17,8,0.16500000000000004,0.0004548889218376484,5.478794862430465,True,False
224640575,14297,14297,OK,,0,0.0,2,0.009831315788712854,1.028932013547452,0.9710679864525482,False,20.620836229451964,2817.567366701016,0.02,0.3900907058535878,0.005350490126258959,72.90747139951038,False,False,2,False,0.0,False,0,True,0.0,0.05175911030286074,False,nan,nan,nan,True,True,True,nan,nan,nan,False,0,4,-0.015000000000000013,0.0076914174289531845,5.033626812121422,True,False
229494598,111924,111924,OK,,0,0.0,14,0.046624453461849354,1.3634617666058266,0.5708338291700463,False,0.9741902095880742,2391.316033963843,0.12,0.0020298333573652593,1.323869688347113e-05,153.3257672739347,False,False,13794,False,0.0,False,161,False,0.10323328983616065,0.09194632071762981,False,0.0020366884504470217,58.56434907610212,1.003377170375533,False,False,False,0.001835792447170137,0.0018914581877125247,1.1105702138381082,False,8204,8348,0.32500000000000007,0.0028790775950973124,1.7338124408998659,False,False
229494833,125728,125728,OK,,0,0.0,23,0.029101676358607723,1.0936234779813012,0.9522939675993294,False,15.383868064542838,2829.9133551972777,0.12,0.00037165245027710785,2.493896478943258e-05,14.902481053848259,False,False,985,False,0.0,False,19,False,0.10456852791878173,0.08263871214049376,False,0.00037016908175413477,11.245139293971398,0.9960087212613099,False,False,False,0.0004033103178781028,0.00019504960605232213,4.315876167521892,True,623,560,-0.08499999999999999,0.0001739493118985136,2.7294611024255273,False,False
229676619,208388,208388,OK,,0,0.0,72,0.10357585844648044,1.0851487430512965,0.0,True,1.0101134236832279,1683.9823084770528,0.12,0.016327504069428067,1.0486042969558154e-05,1557.070108984691,False,False,24806,False,0.0,False,903,False,0.091066677416754,0.08595984413689847,False,0.0222712933959327,184.6687738055932,1.3640353909103535,False,True,False,0.020579629873445526,0.02039453706810379,1.1712540331081653,False,14682,15116,-0.475,0.02877210738729652,2.319382289985185,False,False
229679695,1073,1073,OK,,0,0.0,2,0.33838851195157227,1.7538413502025223,0.24615864979747765,True,9.864823206292671,1574.5893836103455,0.02,0.7819021862475394,0.00011875057487307727,6584.407587780104,False,False,2,False,0.0,False,0,True,0.5,0.08294501397949673,True,nan,nan,nan,True,True,True,nan,nan,nan,False,1,4,-0.11499999999999999,0.07976528903139746,7.108877307540219,True,False
229712390,6798,619,UNRELIABLE_DATA,,6177,0.9086496028243601,,,,,,,,,,,,,,,,,,,,,,,,,,,,,,,,,,,,,,,
230232290,15131,15114,OK,,17,0.0011235212477694798,5,0.002888793882102471,1.9095992837882423,0.0,True,0.6503567246109433,1983.958555095372,0.5,0.596755680088102,0.00010330836168436573,5776.450912186061,False,False,11645,False,0.007145692735212386,False,118,False,0.03323314727350794,0.034405187243615194,False,0.0,0.0,0.0,True,True,False,0.0,0.0,0.0,False,7060,6908,nan,nan,nan,False,False
230232470,15177,15154,OK,,23,0.001515451011398827,5,0.006926367353112986,1.741558740728994,0.0,True,25.45688276018847,1996.7845376881696,0.02,0.7066390390544828,0.0020789625015263445,339.8998483790249,False,False,1,False,0.006202982710835423,False,0,True,0.0,0.034314372442919364,False,nan,nan,nan,True,True,True,nan,nan,nan,False,1,0,0.09499999999999997,0.0016887594177992238,4.793345267091803,False,False
230269652,19347,19341,OK,,6,0.0003101256008683517,4,0.0341027771696317,1.475899521960674,0.0,True,39.214759168161486,2035.251714974805,0.028,0.6687019818876833,0.005923405566478819,112.89147339022989,False,False,8,False,0.0006204436171862882,False,1,True,1.0,0.06659428157799493,True,0.7295008372031531,122.26773424256476,1.090920704532444,False,True,True,nan,nan,nan,False,9,0,-0.0050000000000000044,0.014452979522373566,4.834991248218985,False,False
230269712,19536,19518,OK,,18,0.0009213759213759214,4,0.00849969288066898,1.4909060992893541,0.0,True,39.20400292627966,2035.801712299572,0.244,0.9235258054793776,0.0009551761643902175,966.8643752945349,False,False,67,False,0.00302285070191618,False,1,True,0.0,0.04467670867916795,False,0.9342638406607701,1387.2134300878256,1.011627217255525,False,True,False,nan,nan,nan,False,78,0,0.0050000000000000044,0.02877315771969924,9.823546918654065,True,False
230274667,8088,8088,OK,,0,0.0,5,0.041296434279527144,1.0370913341406671,0.6742867447102256,False,25.787234377326193,2022.5002133123967,0.028,0.003514784808516059,0.0006071226335367374,5.789250168521971,False,False,8,True,0.0,False,2,True,0.0,0.10781404549950543,False,0.0031010729958603767,4.472597603488239,0.8822938429535458,True,True,True,0.0032123996616307826,0.002914999303264776,0.2910795085213319,False,5,5,0.15500000000000003,0.00047299375206677485,1.9586398595583645,False,False
230275195,19667,19667,OK,,0,0.0,4,0.004124887216086686,1.723929574842169,0.0,True,38.205978133162944,2023.0154399064197,0.244,0.1610770041485332,0.0007234823013371006,222.64125031232894,False,False,35,False,0.002542329791020491,False,1,True,0.0,0.044338231555397366,False,0.16408108170427105,139.5851089398233,1.0186499467854995,False,True,False,nan,nan,nan,False,42,2,0.42500000000000004,0.002084855787247264,4.25387109529616,False,False
231203994,904,904,OK,,0,0.0,2,0.011851355273230758,1.0489422176288106,0.9510577823711893,False,0.7747909787347244,1468.5930273286833,0.5,0.004381595856847301,0.00010861370388325394,40.341096014522854,False,False,570,False,0.0055309734513274336,False,27,False,0.02280701754385965,0.04092920353982301,False,0.0006408351826967529,6.541452022004749,0.14625611389861373,True,True,False,0.0004299802992289159,0.0004057131437333883,0.010064076256285765,False,351,341,nan,nan,nan,False,False
233459038,14763,14763,OK,,0,0.0,13,0.09629401660975799,1.8105713096930551,0.5276001641478131,False,25.33843893363065,1728.585170384016,0.17,0.08314630732046328,0.00035139624640362203,236.61694787985718,False,False,143,False,0.0,False,6,False,0.32167832167832167,0.1377091377091377,False,0.11376319499362841,274.32106901089116,1.3682290730622737,False,False,False,0.15184460269708988,0.06267998681505993,89.17146976802051,True,97,73,0.255,0.015895677705579092,8.284746520239624,True,False
233666475,1054,1042,OK,,12,0.011385199240986717,2,0.12897304489406416,1.0323234857521282,0.9676765142478716,False,1.1859403791758476,1626.1349452275151,0.17,0.016124912406078294,0.0002574476645861868,62.63374900680092,False,False,140,False,0.0,False,19,False,0.014285714285714285,0.06525911708253358,False,0.01655391704109377,15.25078176497034,1.026605083129243,False,False,False,0.015519102620834002,0.013493862950475943,0.5821770352166669,False,79,90,-0.22499999999999998,0.0052681707552769685,1.7308871836688455,False,False
234073517,904,904,OK,,0,0.0,2,0.020813812158213322,1.037809100898673,0.962190899101327,False,0.6680717169585915,1468.5369345265224,0.5,0.0042166224566950955,4.109406203241996e-05,102.60904491185403,False,False,677,False,0.00331858407079646,False,32,False,0.029542097488921712,0.04092920353982301,False,3.182750174568483e-05,0.8487772451759505,0.0075481032680906855,True,True,False,0.00011808284732683916,-3.892774349800732e-05,0.07675854518251386,False,381,434,nan,nan,nan,False,False
235552009,904,904,OK,,0,0.0,2,0.022262277560789228,1.0456885257791153,0.9543114742208845,False,0.7162867764987142,1468.576992161905,0.5,0.003697652558458266,9.183570124026685e-05,40.26378095359901,False,False,626,False,0.0022123893805309734,False,30,False,0.027156549520766772,0.04092920353982301,False,0.0003744246675108087,5.605284355595149,0.10126009991239547,True,True,False,0.00019721202036215857,0.00036199914218204565,0.10421972981901535,False,374,383,nan,nan,nan,False,False
235552030,19333,19333,OK,,0,0.0,6,0.04029009635586454,1.0547416301397428,0.8710731933428099,False,38.74426485615308,3249.240295446997,0.35000000000000003,0.0056009074651979605,0.00012711885425731954,44.060399206087546,False,False,99,False,0.0,False,2,True,0.7373737373737373,0.10453628510836394,True,0.005596064953414248,35.510053447689195,0.9991354058581039,False,True,False,0.0020355984683915196,0.005715447684452424,14.099689377954714,True,41,88,0.0050000000000000044,0.0023170540559223074,5.485197947290287,True,False
236345038,11010,11010,OK,,0,0.0,4,0.012644428655327816,1.0253359529379518,0.9768584772247454,False,7.917092376552969,2722.17836365405,0.17,0.0006343071367843857,3.5765989734209595e-05,17.734924756679696,False,False,245,False,0.0,False,2,True,0.49795918367346936,0.19645776566757492,False,0.0006367932767704643,12.812696975852315,1.0039194576915562,False,True,False,0.0005436997621044437,0.0005371787653534188,0.09011577295041351,False,146,147,-0.125,0.0004977418518795629,2.722539519521827,False,False
236345107,10398,10398,OK,,0,0.0,13,0.051147843509594226,1.6648896407199643,0.628901472921233,False,35.60512655283441,1956.503747592544,0.058,0.0023259032492577458,0.0004284500052760653,5.428645631032459,False,False,20,True,0.0,False,2,True,0.4,0.17157145604924023,False,0.002448293677291491,4.153032266165283,1.0526206015116075,True,True,False,0.0011017285939589616,0.0014432574866274361,0.3803098671283868,False,14,14,-0.255,0.0006256012394985078,2.7151523798696138,False,False
237093434,5640,5640,OK,,0,0.0,5,0.02446057119296602,1.497502828905804,0.8504825894619066,False,4.818015702740054,2693.0680074552783,0.17,0.0003482203646709819,5.664832644274457e-05,6.147054759383477,False,False,291,True,0.0,False,6,False,0.6666666666666666,0.17446808510638298,True,0.00026627158415293284,3.8175033020114584,0.7646640207402032,True,True,False,0.00011486507764635334,0.0003972088755956893,2.5309154213514122,False,207,146,-0.145,0.0004854308680386499,3.099754487463538,False,False
237093537,4035,4035,OK,,0,0.0,2,0.011114557645172841,1.080421980823934,0.9195780191760661,False,3.938841721883246,3437.652041966901,0.084,0.0011867034781409054,0.00018151601290312876,6.537734380350366,False,False,96,True,0.0,False,3,False,0.3854166666666667,0.09467162329615861,True,0.001140944564792301,5.365039345289896,0.9614403141210217,True,True,False,0.0010894474619981276,0.0008000747232189687,0.7789969110719395,False,87,27,0.05500000000000005,0.0009484409077609168,2.4001798885985206,False,False
237115895,253891,253877,OK,,14,5.514177343820773e-05,38,0.26418554740141775,19.686794979074005,0.0,True,3.3997126833759816,1685.1790873611242,0.5,0.0040135142822779095,3.898908570467163e-05,102.93943060575576,False,False,37297,False,0.0022806319595709734,False,316,False,0.027964715660777007,0.03259058520464635,False,0.0,0.0,0.0,True,True,False,0.0,0.0,0.0,False,22106,22675,-0.495,0.0,0.0,False,False
237507898,904,904,OK,,0,0.0,2,0.03989395532847977,1.0506667433546537,0.9493332566453463,False,3.6958440963602714,1469.069890789197,0.17,0.046814339254951355,0.00044967091037944565,104.10800026056394,False,False,48,False,0.007743362831858407,False,6,False,0.020833333333333332,0.04092920353982301,False,0.04715372906985227,78.56260424799837,1.0072496978554497,False,False,False,0.03798284245650407,0.04221614213240232,0.39900402506149657,False,28,30,-0.495,0.04180434076477124,5.693030931669228,True,False
239725587,52451,52451,OK,,0,0.0,11,0.05737751335840049,1.8230213967015916,0.0,True,26.25117935698412,1830.3534050810604,0.04,0.12746147296856505,0.00040632529943445837,313.69317427679647,False,False,51,False,0.0022497187851518562,False,3,False,0.6274509803921569,0.06909305828296887,True,0.04567161312915924,79.8607219265546,0.35831700407559947,True,True,False,0.1514722355906004,0.001987274117882354,20.937324304552988,True,22,38,0.46499999999999997,0.0008283649418694417,3.083747951129042,False,False
24143229,1054,1028,OK,,26,0.024667931688804556,2,0.04389059217224087,1.192005764136273,0.8079942358637272,False,12.711491620943782,1627.6197563925543,0.084,0.47502683310911265,0.00428121416923774,110.9561013140555,False,False,2,False,0.0029182879377431907,False,0,True,1.0,0.0632295719844358,True,nan,nan,nan,True,True,True,nan,nan,nan,False,1,2,0.18500000000000005,0.0051339747261021085,1.5170241303538725,False,False
247637164,904,904,OK,,0,0.0,2,0.030511296103798494,1.0209904486326442,0.9790095513673559,False,4.102612525828581,1469.853432734572,0.12,0.02630114063182843,0.0003629743045005403,72.46006206422604,False,False,22,False,0.008849557522123894,False,4,False,0.0,0.0420353982300885,False,0.019175009704772372,42.35495880231175,0.7290562022837769,False,False,False,0.012128440092067816,0.03129914939566192,1.6623589565011878,False,14,14,0.16500000000000004,0.0014245700126380711,2.116355551309199,False,False
250619194,6978,6978,OK,,0,0.0,3,0.020092616900081708,1.008236236482474,0.9652056287676439,False,8.583492967735653,3484.6400977555463,0.04,0.0007377781648013254,0.00010661881069867653,6.919774849922271,False,False,54,True,0.0,False,3,False,0.3333333333333333,0.11994840928632847,False,0.0007211851039440331,5.344465226551315,0.9775094172626259,True,True,False,0.000985994398670198,0.00034047803601078286,2.964786432045362,False,20,41,0.16500000000000004,0.00042191824622295204,2.8463448830438325,False,False
250624888,11615,11615,OK,,0,0.0,3,0.005626377781917536,1.006638578521275,0.9937902363318971,False,1.168760593253548,3480.9801738045458,0.028,0.0004970442838910752,0.00010567282715195054,4.7036148959690305,False,False,283,True,0.0,False,14,False,0.21554770318021202,0.11846749892380543,False,0.0005475524795097719,4.315966075507379,1.1016170937995644,True,True,False,0.00043441761731843886,0.00042771518518358587,0.03580483443059228,False,168,173,0.22499999999999998,0.0009150510444639881,4.105390608842906,False,False
251898081,45998,45998,OK,,0,0.0,6,0.03470037630928849,1.1352013716957912,0.7393257207383503,False,27.308941821683568,2876.1223685402865,0.5,0.1863041391168927,3.3662182258986336e-05,5534.523510196895,False,False,972,False,0.0,False,5,False,0.1111111111111111,0.04667594243227966,False,0.19948566168397752,1819.741416817388,1.0707527091430553,False,False,False,-7.479308159996645e-05,0.2537584896307975,198.85422415951297,True,389,777,-0.09499999999999997,0.08011793357024088,9.92880505617635,True,False
251902931,2537,2514,OK,,23,0.009065825778478517,2,0.00998195846060034,1.0388659937698923,0.9611340062301076,False,0.6569363489714164,2770.2495543978557,0.5,0.5054278601043157,0.0005306514893136161,952.4666759308892,False,False,1953,False,0.024661893396976928,True,38,False,0.12237583205325141,0.1105807478122514,False,-0.0002184461898382395,-0.4249377703291433,-0.0004322005316310703,True,True,False,-3.339707371019518e-05,-0.001869858166726801,0.5668190267973932,False,1174,1128,nan,nan,nan,False,False
253169711,1081,1081,OK,,0,0.0,2,0.015332054295084649,1.2224251668830237,0.7775748331169763,False,12.582890446553664,1600.1824233052835,0.5,0.06499075326835442,0.001581476522868733,41.09498454676007,False,False,27,False,0.013876040703052728,False,2,True,0.0,0.037927844588344126,False,0.11563690665644699,70.24756421243673,1.7792824492888808,False,True,False,0.1157117636251156,0.0012314384595797367,5.149329296272688,True,27,8,0.385,0.007398868272178616,0.3874946822551765,False,False
255964195,1081,1081,OK,,0,0.0,2,0.022125693846905423,1.1313410467066223,0.8686589532933775,False,10.386058028625234,1600.151631115444,0.35000000000000003,0.1316889060587009,0.0003734615403855111,352.6170483920864,False,False,19,False,0.0,False,1,True,0.0,0.037927844588344126,False,0.1476662863916416,229.8679220578108,1.121326699500554,False,True,False,nan,nan,nan,False,0,23,0.30500000000000005,0.003748637045739245,3.5999047093848344,False,False
256515888,4442,551,UNRELIABLE_DATA,,3891,0.8759567762269248,,,,,,,,,,,,,,,,,,,,,,,,,,,,,,,,,,,,,,,
257301155,1072,1072,OK,,0,0.0,2,0.021528532129900465,1.0859159405085688,0.9140840594914312,False,4.359765420294886,1492.9877630174713,0.12,0.022423222397970115,0.00026055511909292095,86.05941988794083,False,False,34,False,0.0,False,6,False,0.0,0.04477611940298507,False,0.017978017376859445,46.05364475252086,0.8017588666688211,False,False,False,0.011708982717999028,0.028076049590376573,4.683515193296643,True,21,21,0.41500000000000004,0.0015372783174394389,2.3398387828361296,False,False
258268207,50434,50434,OK,,0,0.0,10,0.08978483850002231,1.2682156968606935,0.0,True,0.7104188492901212,1683.4401627048744,0.12,0.012449994690927849,0.00013220067492921675,94.17497072230425,False,False,8395,False,0.0,False,323,False,0.052888624181060155,0.04774556846571757,False,0.014115484968571401,109.46796604477908,1.1337743765350499,False,True,False,0.013563080349247691,0.01381513283536917,1.2376846666722494,False,5234,4837,0.485,0.016377114951967364,2.22849961640851,False,False
258269775,586220,586220,OK,,0,0.0,10,0.0,1.0913954034863238,0.0,True,38.34247412114267,1702.0387183100909,0.5,0.002592790483558345,8.219237723004597e-06,315.4538864719116,False,False,5268,False,0.0,False,5,False,0.0,0.061086281600764215,False,0.0,0.0,0.0,True,True,False,0.0,0.0,0.0,False,2396,3878,-0.495,0.0,0.0,False,False
260354948,13367,13338,OK,,29,0.0021695219570584275,24,22.003576773675952,54.43159459983895,0.711231290380984,True,35.091194606800904,1358.7535266009854,0.17,0.07064300568825288,0.0005022597944670375,140.65032970280694,False,False,41,False,0.007347428400059979,False,5,False,0.0,0.08419553156395261,False,-0.0002735360159573652,-0.4101768565193839,-0.0038720891515357917,True,True,False,0.0036334720958437483,-0.0013019812942343112,0.2946418273525274,False,27,23,-0.33499999999999996,0.0013879185331576727,2.8384373619785155,False,False
261590581,26367,26367,OK,,0,0.0,12,0.0518017981227593,1.2325692053436323,0.6683242924927302,False,8.914511806693824,1327.413334133581,0.04,0.13907228209645225,0.000950189044748597,146.36275051271326,False,False,114,False,7.585239124663405e-05,False,10,False,0.06140350877192982,0.08567527591307315,False,0.15244939987995565,111.51690849303917,1.0961882381007153,False,False,False,0.1327544881307624,0.1439366927874819,3.163776432711375,True,50,90,-0.255,0.006393074003083199,5.477820927153543,True,False
262762948,1029,1029,OK,,0,0.0,2,0.07126412793229683,1.0557082845426553,0.9442917154573447,False,13.346354457500286,1626.429854502463,0.5,0.17147141813959,0.002036163967957321,84.21297146889896,False,False,5,False,0.0009718172983479105,False,1,True,0.0,0.022351797862001945,False,0.1744673522594521,44.18944813861766,1.0174719154502074,False,True,True,nan,nan,nan,False,1,11,0.07500000000000001,0.01875490647548428,1.4479125021105146,False,False
264252827,3929,3929,OK,,0,0.0,5,0.12094542863323415,1.121860412661788,0.645904541900601,False,1.4778021431137094,1985.0182764740255,0.35000000000000003,0.0003514172214905794,7.60075795426774e-05,4.6234497086341575,False,False,899,True,0.0,False,31,False,0.07230255839822025,0.08424535505217613,False,0.0002466629714473756,3.2994097071424093,0.7019091733783684,True,True,False,0.00028468503706757797,0.00015994672077934702,1.067976035387933,False,545,545,-0.495,0.0010428385950798091,2.6679541943438063,False,False
264252839,249505,249505,OK,,0,0.0,28,0.048043438760753114,1.4190068076363933,0.8874611800438861,False,2.2460674711487534,1684.3797913821857,0.028,0.00026260161402938447,5.313378106302399e-05,4.942272294115541,False,False,3024,True,0.0,False,152,False,0.06316137566137567,0.09158934690687562,False,0.0002719194998440644,4.532404187146691,1.035482972369078,True,True,False,9.094554616839723e-05,0.0002958022713381858,2.3198551728614647,False,1850,1777,-0.265,0.00019387523279734697,2.9276489813161906,False,False
269666311,177752,176778,OK,,974,0.005479544533957424,18,0.015337758769109127,1.932726284644452,0.6119085453773838,False,25.42896390969736,2440.523065552493,0.17,0.021288772592839105,0.0009526016035948624,22.348033545714177,False,False,1006,False,0.0002658701874667662,False,19,False,0.15109343936381708,0.03618662955797667,False,0.004732803092675764,3.6289397570001785,0.22231451212305844,True,True,False,0.009362235839938338,2.330725793064925e-05,3.1191194893657097,True,472,735,-0.375,0.002663092885778817,3.0795143028804524,False,False
273148514,11275,11275,OK,,0,0.0,1,nan,nan,nan,False,0.9613139022087518,3041.485204292612,0.17,0.0033705797919588534,1.5142167388223301e-05,222.5955971521154,False,False,1971,False,0.0,False,27,False,0.0,0.0,False,0.0036791833360823034,47.688749880426165,1.0915579998609384,False,False,False,0.0036837309269250884,0.003459970250305755,2.2634415365369205,False,1137,1234,-0.485,0.0052399857017422224,2.0911014705326916,False,False
273150032,1081,1081,OK,,0,0.0,2,0.027280027363991696,1.0044561612905025,0.9955438387094976,False,3.5470907738817847,1599.5793021487639,0.17,0.02600297196321638,0.0002740547869600095,94.88238556844028,False,False,43,False,0.0,False,6,False,0.0,0.037927844588344126,False,0.02731481946366021,42.655053460274395,1.0504499063529953,False,False,False,0.021560212034632764,0.025621694878968815,1.60947681480393,False,16,36,0.41500000000000004,0.024887260830132374,4.863857556221561,False,False
273850494,1072,1072,OK,,0,0.0,2,0.07337286335949644,1.0601955857644867,0.9398044142355132,False,3.7048627473717333,1817.0579723526494,0.5,0.00031172364273228175,5.3595931276983424e-05,5.816181103772523,False,False,136,True,0.0,False,6,False,0.0,0.04477611940298507,False,0.0003263044888226485,5.366557580233944,1.0467749124274455,True,True,False,0.0002443464835397702,0.0003387385361521833,0.9969556240213555,False,55,109,-0.135,0.0004994973221761345,2.4510277553380693,False,False
273851609,1070,1070,OK,,0,0.0,2,0.038160904083916196,1.0347683879636083,0.965231612036392,False,1.6087043747372287,1817.4519866982769,0.12,0.0006314306149002465,0.00014597712951815162,4.325544809549984,False,False,78,True,0.0,False,14,False,0.07692307692307693,0.044859813084112146,False,0.0008829963045662304,5.820306657426696,1.3984059114804344,True,True,False,0.0005427667304530592,0.0004744464458579234,0.30184140464455755,False,42,54,-0.15499999999999997,0.0012553178390066755,2.9100979992603953,False,False
276077884,1120,1100,OK,,20,0.017857142857142856,1,nan,nan,nan,False,0.9582371349169735,1656.4664624522231,0.02,0.9558561821165079,9.288781470840387e-05,10290.43675015027,False,False,13,False,0.01090909090909091,False,0,True,0.07692307692307693,0.034545454545454546,False,0.0006102642619092435,0.7337509172273463,0.0006384477846426266,True,True,False,0.000289032098929054,5.609927604521836e-05,0.010891033200156434,False,24,19,0.22499999999999998,0.0018150498111899616,3.238087638773323,False,False
277909276,1113,1112,OK,,1,0.0008984725965858042,1,nan,nan,nan,False,12.899831218509021,1656.6249083548266,0.058,0.24766958354318017,0.0007177561232518272,345.06091347727096,False,False,3,False,0.0,False,1,True,0.0,0.0341726618705036,False,0.2598393269798943,186.15869388235993,1.04913701255767,False,True,True,nan,nan,nan,False,2,3,0.0050000000000000044,0.008981459179559392,5.183476237096004,True,False
278214660,65252,65252,OK,,0,0.0,9,0.04865147747430185,15.118913315800636,0.9167287087174539,True,9.394056385326058,1715.301107616682,0.35000000000000003,0.12499384887386676,0.00014293004697824545,874.5106541026419,False,False,2479,False,0.0013639428676515662,False,21,False,0.0,0.03891068472996996,False,0.14932956341115855,892.6750546704482,1.1946952970609725,False,True,False,0.1313206327503762,0.14004007373557004,12.59324470807404,True,1454,1511,0.365,0.06813730805715579,8.974281920990697,True,False
278221174,1113,1112,OK,,1,0.0008984725965858042,1,nan,nan,nan,False,12.920705072987827,1656.6049522762676,0.058,0.5223865306623827,0.0002454283470988523,2128.468601273588,False,False,3,False,0.0,False,1,True,0.0,0.0341726618705036,False,0.5533907681305722,49.70290250502741,1.0593511425895232,False,True,True,nan,nan,nan,False,2,3,-0.07500000000000001,0.03455954985649412,5.163271330073684,True,False
280490452,2211,2211,OK,,0,0.0,3,0.02009724674103246,1.0453686965474838,0.980959660408387,False,0.8408607961028061,1543.9342178503932,0.5,0.002890841310773625,7.02389685850342e-05,41.15722894298843,False,False,1295,False,0.009045680687471733,False,59,False,0.05328185328185328,0.06558118498417007,False,-7.68395275539957e-05,-1.1812125976846033,-0.02658033399053388,True,True,False,-0.00018530883257772413,-0.00018787204411319092,0.0005067197069959175,False,790,774,nan,nan,nan,False,False
281172097,2211,2211,OK,,0,0.0,3,0.032817442064997454,1.0210704606889625,0.7713220501992439,False,13.081542774086298,1543.4972105664363,0.17,0.4326663837201886,0.0032299516538176636,133.95444579140855,False,False,6,False,0.002261420171867933,False,2,True,1.0,0.06558118498417007,True,0.3648474406264939,83.70099618696563,0.8432534958908335,False,True,True,0.35764727395043083,0.37204760730255704,0.505863568095294,False,3,3,-0.065,0.014589832351880383,1.1752471954662396,False,False
281310348,904,904,OK,,0,0.0,2,0.0011338357312042407,1.0345234306029194,0.9654765693970807,False,1.7702142184960212,1469.350889057617,0.12,0.0727297763991251,0.00040469018847499617,179.71717247011716,False,False,61,False,0.0,False,11,False,0.08196721311475409,0.04092920353982301,False,0.07096033942080338,114.91423049139443,0.9756710790830506,False,False,False,0.06619127891464605,0.0664721259473029,0.15838919881275618,False,37,42,0.44500000000000006,0.004169483116680084,2.7259799278707617,False,False
282344827,32898,32882,OK,,16,0.00048635175390601253,4,0.0021511493197663802,1.4528087700166585,0.9281130973350629,False,34.22602637881895,2424.3556292640183,0.058,0.20097521339583332,0.0008176001310566616,245.8111315810262,False,False,34,False,0.0002128824280761511,False,2,True,0.0,0.04391460373456602,False,0.35001133151621033,345.3268308594367,1.74156467159381,False,True,False,0.3723192743827063,-0.001322024914749198,69.6763708443673,True,30,10,-0.135,0.0018727003344982673,3.4475467534530773,False,False
282344989,33002,32976,OK,,26,0.0007878310405429974,4,0.0038529158252727604,1.5891332715125297,0.9197592841328288,False,26.613732175284113,2397.1106289513114,0.084,0.3542417296442593,0.0007518709558744243,471.1469792476249,False,False,68,False,0.002062105773896167,False,3,False,0.0,0.04378942261038331,False,0.3763723073716029,253.07934518449392,1.0624730964067044,False,False,False,0.36868895075116137,0.34323039989456006,2.344857414234211,False,22,57,0.015000000000000013,0.00439954633058437,4.1300557632067205,False,False
28515500,1134,1104,OK,,30,0.026455026455026454,1,nan,nan,nan,False,13.314090588296581,1656.2113941686498,0.058,0.914015454686808,0.009170888425306266,99.66487566947845,False,False,3,False,0.0009057971014492754,False,1,True,0.0,0.035326086956521736,False,0.9215267136259618,72.09591128957904,1.0082178686373828,False,True,True,nan,nan,nan,False,2,4,-0.024999999999999994,0.4194449081285775,9.349002374932068,True,False
291001220,1086,1086,OK,,0,0.0,2,0.1429205433947615,1.0160838616888612,0.9839161383111387,False,13.80341770743966,1625.7454492309416,0.5,0.26956357872812114,0.00038262052324750497,704.5193928443538,False,False,20,False,0.0,False,1,True,0.0,0.02117863720073665,False,0.2778230866088036,669.3142772188631,1.030640296139609,False,True,False,nan,nan,nan,False,0,23,0.04500000000000004,0.08277877008540957,7.058891364387268,True,False
29454613,30312,30239,OK,,73,0.0024082871470044865,7,0.028868103780330993,1.5946688045347175,0.8507973973761651,False,4.422794521149218,2474.67897795696,0.17,0.06543370863141208,0.0001199224866276082,545.6333542732605,False,False,1254,False,0.0029762888984424087,False,30,False,0.030303030303030304,0.07331591653163133,False,0.06349670757779047,354.4101067923381,0.9703975046786246,False,False,False,0.06877242319833221,0.03743330698626546,15.634399351479802,True,743,757,-0.405,0.0011921752688414111,1.336658045299419,False,False
29455183,48492,48492,OK,,0,0.0,6,0.03089528340804264,1.0885926658518086,0.9133643429114899,False,13.23744765600736,2486.499903333256,0.058,0.013473251195242559,4.773233549611325e-05,282.2667496825011,False,False,37,False,0.0,False,1,True,1.0,0.07419780582364101,True,0.013267282700133998,115.2070482796782,0.9847127844553741,False,True,False,nan,nan,nan,False,41,0,0.015000000000000013,0.0014323638027005092,5.15039895424073,True,False
294658624,2188,2169,OK,,19,0.008683729433272395,4,0.06643102749169448,1.1421035051274695,0.9515948773683994,False,12.634188400660546,1572.3723605165671,0.244,0.021817827040643913,0.0005640774522803118,38.67877886705848,False,False,42,False,0.007376671277086215,False,4,False,0.0,0.060396496081143385,False,0.01786289444394784,21.71097314300128,0.8187293084078208,False,False,False,0.031053595219085794,0.010884819624943365,0.7308413187247101,False,14,38,-0.455,0.015066100186575726,6.615298812572636,True,False
295348592,2167,2164,OK,,3,0.0013844023996308261,4,0.2094222641719205,1.0426331446693793,0.9768022728233544,False,0.7118155612785168,1597.36830870411,0.12,0.006987335502365304,0.00011445678095253451,61.04780725279149,False,False,371,False,0.0004621072088724584,False,67,False,0.07008086253369272,0.0466728280961183,False,0.00638913174707223,31.697373365441297,0.9143874292152461,False,False,False,0.008830605140777159,0.003660236451420773,4.114648395500365,True,221,215,0.18500000000000005,0.0020939238412414074,2.512274928779259,False,False
296467859,67002,67002,OK,,0,0.0,11,0.03753565934478068,29.204404305744863,0.0,True,3.8086044269028645,1684.4390574202562,0.5,0.0068245681679066405,0.00011107192211799556,61.442784438867136,False,False,8607,False,0.0013283185576549953,False,68,False,0.03078889276170559,0.02871556072953046,False,0.0,0.0,0.0,True,True,False,0.0,0.0,0.0,False,4969,5394,0.335,0.00023435040730301893,2.246875160630997,False,False
297350195,1081,1081,OK,,0,0.0,2,0.021685358214377067,1.005659349029652,0.9943406509703481,False,1.3767316372249678,1597.9886748555205,0.17,0.008702383892312515,0.00041462383324190227,20.988624373735213,False,False,123,False,0.0,False,17,False,0.0,0.037927844588344126,False,0.008903639086238258,16.277039447159662,1.0231264440199572,False,False,False,0.008771933242192276,0.006040581173508697,2.9927108230352144,False,78,70,0.475,0.00433843904699005,2.204809450862274,False,False
298231916,1086,1086,OK,,0,0.0,2,0.33885144459524436,1.0645443532611278,0.9354556467388724,False,0.7804951527384956,1625.6645445872018,0.17,0.04225422258175441,0.00019063209901922122,221.65324097645257,False,False,241,False,0.0,False,33,False,0.03734439834024896,0.022099447513812154,False,0.04487067660153343,60.72398648368102,1.061921717166057,False,False,False,0.03597162265486753,0.047217318890460214,11.12691018706959,True,149,140,-0.28500000000000003,0.006328762130853871,2.3246456653584833,False,False
299139880,2211,2211,OK,,0,0.0,3,0.03760209139080275,1.2214863931127713,0.9005070946382031,False,10.08738470409955,1544.347043307764,0.17,0.04558315829948977,0.00041319932857242355,110.3176001204469,False,False,49,False,0.0,False,6,False,0.0,0.06558118498417007,False,0.05047402360137332,77.31945109831561,1.1072954460449989,False,False,False,0.047443145603699444,0.046203343255528995,0.37689880364323886,False,29,28,0.41500000000000004,0.006844600260924594,4.977812896353753,False,False
304804018,2188,2188,OK,,0,0.0,4,0.04939339289961979,1.1627667330619647,0.8572606329921361,False,15.918673063977902,1582.09531775546,0.5,0.015245699898106278,0.0003502696494475741,43.52560926175291,False,False,33,False,0.0,False,2,True,0.0,0.06855575868372943,False,0.015130353160877963,20.043932143184342,0.9924341461527363,False,True,False,0.0002804847544279898,0.015326740179325227,4.660567265308222,True,17,25,-0.125,0.004025386623286442,2.564536839669111,False,False
305122323,1107,1107,OK,,0,0.0,2,0.0249269421235792,1.1115146418655037,0.8884853581344963,False,13.096339150260173,1569.552556530743,0.17,0.3774394754939485,0.0015964766387513106,236.42029349653623,False,False,7,False,0.0,False,1,True,1.0,0.06594399277326106,True,0.36458881519202735,90.06902978164167,0.9659530570163501,False,True,True,nan,nan,nan,False,0,9,0.03500000000000003,0.07066887531942934,6.998716077624774,True,False
307379353,904,904,OK,,0,0.0,2,0.01207610582540547,1.0100472229611133,0.9899527770388867,False,0.6569964721379516,1468.7132254505354,0.5,0.0068135148028455545,0.0002375765973913978,28.679233887757746,False,False,680,False,0.00995575221238938,False,31,False,0.030882352941176472,0.04092920353982301,False,0.0006894097761930285,5.107198720373315,0.10118269294800791,True,True,False,-2.4758225176668702e-05,0.0004071475970888194,0.0937990526200653,False,383,441,nan,nan,nan,False,False
308628103,1081,1081,OK,,0,0.0,2,0.023270767413495482,1.0162855824165455,0.9837144175834546,False,2.6209643374095326,1597.617998280043,0.12,0.06855107583891762,0.0008575663945958236,79.93675623358139,False,False,48,False,0.0018501387604070306,False,8,False,0.0,0.037927844588344126,False,0.07427477621615375,51.80349122918779,1.0834954128318244,False,False,False,0.06414420774729779,0.05955504288305624,1.0080487091182733,False,21,37,0.495,0.02783478142712803,4.733591357467608,False,False
309223749,1107,1107,OK,,0,0.0,2,0.018814971700900796,1.0619728717512014,0.9380271282487985,False,4.47332957643921,1570.4136373329438,0.5,0.0033844474747381126,9.462687457152288e-05,35.76623966566716,False,False,115,False,0.0,False,6,False,0.034782608695652174,0.06594399277326106,False,0.003271017629425277,12.712174241804568,0.9664849739405063,False,False,False,0.0029134480317001277,0.0035054485327021823,0.7162227412323852,False,75,62,-0.135,0.004715586934812999,3.899226010442864,False,False
309234923,991,991,OK,,0,0.0,2,0.004123124752928979,1.077672778073761,0.922327221926239,False,9.626679900554379,1791.244830180769,0.244,0.009393114480455747,0.00017935491139814348,52.37166023072718,False,False,23,False,0.0,False,2,True,0.4782608695652174,0.04843592330978809,True,0.008434356575876212,54.10806178716449,0.897929711537699,False,True,False,0.00042947384490299445,0.014279343558664892,61.14335956063998,True,14,16,0.275,0.0005940055107294118,2.079699158926689,False,False
309653965,11391,11328,OK,,63,0.005530682117461154,22,3.389367806638371,13.135211096084452,0.7365643963769232,True,38.60633852689799,1350.3636914566355,0.028,0.9081377242479257,0.0007200882878131008,1261.1477503764554,False,False,3,False,0.006267655367231639,False,0,True,0.6666666666666666,0.08412782485875706,True,0.7869228460598898,208.95326786837148,0.8665236836313347,False,True,True,nan,nan,nan,False,2,2,0.365,0.00476629831356834,3.770822137197886,False,False
309656210,12259,12212,OK,,47,0.0038339179378415857,23,0.31771755370057586,1.587671834589587,0.8859958583873009,False,26.40284606232641,1333.3916340578385,0.04,0.9203949515628089,6.363369718136616e-05,14463.955299336714,False,False,19,False,8.188666885031116e-05,False,0,True,0.3684210526315789,0.08295119554536522,True,-0.005869011122785928,-0.9204224919115879,-0.006376622462803044,True,True,False,0.003941946425462639,-0.009820027692700961,1.5320708679159278,False,11,12,0.42500000000000004,0.007041758745748639,3.4699642662648666,False,False
309656476,62989,62989,OK,,0,0.0,13,0.02210401279743947,1.1685360883909837,0.9666036443564877,False,28.920445384241564,2997.6132345361957,0.17,0.0004954977074599328,2.013720330511736e-05,24.60608357338353,False,False,441,False,0.0,False,6,False,0.0,0.0768864404896093,False,0.0004855416032730764,14.07324280765636,0.9799068612488758,False,False,False,0.0003543489762848351,0.0004548457555114682,1.970090273600698,False,264,264,0.32500000000000007,0.00016253200373750332,1.9035682620284602,False,False
310811375,2211,2211,OK,,0,0.0,4,0.06978496061757171,1.2683046755179912,0.7089841415394588,False,15.421784899271481,1553.920310486937,0.02,0.23688747737283036,0.004305521006870729,55.01946849052797,False,False,1,False,0.004070556309362279,False,0,True,0.0,0.06512890094979647,False,nan,nan,nan,True,True,True,nan,nan,nan,False,0,3,0.20500000000000002,0.004858936117974388,3.049970902337115,False,False
311051394,11270,11270,OK,,0,0.0,1,nan,nan,nan,False,7.080831199658748,3041.4741342853267,0.244,0.0007609383960212929,5.911149440098902e-05,12.87293450677101,False,False,422,False,0.0,False,4,False,0.0,0.0,False,0.0007639931607108519,9.524265898027933,1.0040144704295793,False,False,False,0.0009647986317088408,0.0003317544846742626,5.36319243992959,True,253,253,-0.065,0.0013296971038928573,4.394925050518063,False,False
311051534,1081,1081,OK,,0,0.0,2,0.00286235854543326,1.0217151361899508,0.9782848638100491,False,13.511992218026592,1596.931188527614,0.17,0.03400855796985827,0.0011256204225495452,30.2131671463711,False,False,9,False,0.0,False,1,True,0.0,0.037927844588344126,False,0.033926729739051975,21.734047967793927,0.9975938929583894,False,True,True,nan,nan,nan,False,0,10,0.29500000000000004,0.00963761576754596,0.5142297683957087,False,False
31165161,1123,1112,OK,,11,0.009795191451469279,1,nan,nan,nan,False,1.1114841591078801,1656.2678290360427,0.244,0.09106921668841982,0.00022056117927385355,412.89775919880395,False,False,238,False,0.0,False,23,False,0.05042016806722689,0.0341726618705036,False,0.09442653913103571,28.812748960230113,1.036865612384726,False,False,False,0.08509241400021306,0.08831491951751325,0.6881863091330341,False,135,151,-0.495,0.07280139995909507,1.9436551911331117,False,False
313365243,1081,1078,OK,,3,0.0027752081406105457,2,0.10885070525110384,1.0895788812639378,0.9104211187360622,False,2.1012404531797464,1597.1040537822296,0.244,0.020314916395404493,0.0003535274553910953,57.46347585064022,False,False,115,False,0.0,False,13,False,0.043478260869565216,0.03710575139146568,False,0.019558828406905815,31.174777942335897,0.9627816342542411,False,False,False,0.018021803102216905,0.01822488532340727,0.17929432071342036,False,65,75,-0.11499999999999999,0.006181932423753533,3.716711285276187,False,False
313371518,1081,1078,OK,,3,0.0027752081406105457,2,0.0,1.0778399686038667,0.9221600313961332,False,1.5338735100528418,1597.7301050194194,0.084,0.007083921866479943,0.0001992808020353877,35.54743755608732,False,False,62,False,0.0,False,15,False,0.0,0.03710575139146568,False,0.0059994926661937065,14.570341141943246,0.8469168321269052,False,False,False,0.006569284509981066,0.004766350543602305,1.1393096583371054,False,39,34,-0.28500000000000003,0.002171977026238059,2.5437599129522557,False,False
313697172,32771,32771,OK,,0,0.0,10,0.04161052005992087,12.560773061538374,0.0,True,38.63812403560062,1762.3682149549518,0.5,0.276219654538154,0.0005189011074749688,532.3165639061168,False,False,24,False,0.0,False,1,True,0.0,0.06719355527753196,False,0.2769922065043644,200.89723909537628,1.0027968754341616,False,True,False,0.0001022304643916172,0.26598545229581483,86.61740057106107,True,19,29,-0.015000000000000013,0.005615940879464154,9.73825089401069,True,False
313697192,32752,32752,OK,,0,0.0,10,0.016174657997264315,18.902692716357638,0.0,True,38.63812403560062,1762.3562145072635,0.5,0.7559570081560858,0.0009490666731923504,796.5267662526735,False,False,24,False,0.0,False,1,True,0.0,0.06723253541768441,False,0.7887595226286773,367.897456637798,1.0433920370056529,False,True,False,0.0006191899472578477,0.7887595226286773,88.91076798173397,True,24,28,0.015000000000000013,0.026807113685923367,9.766671442544569,True,False
313945902,1134,1120,OK,,14,0.012345679012345678,1,nan,nan,nan,False,8.60358823580829,1659.458108226941,0.244,0.11588253122421335,0.0002214203737739795,523.3598392463351,False,False,24,False,0.0026785714285714286,False,2,True,0.0,0.03482142857142857,False,0.12512688222145352,195.21828788711034,1.079773464555705,False,True,False,nan,nan,nan,False,0,28,-0.385,0.15461546335337562,8.75061956917429,True,False
313949626,1134,1120,OK,,14,0.012345679012345678,1,nan,nan,nan,False,6.7365075739084626,1656.9921272336717,0.12,0.1836146622236749,0.0007062178807877556,259.9971867306173,False,False,23,False,0.020535714285714286,True,4,False,0.0,0.03482142857142857,False,0.18643073708981173,135.68052642217737,1.0153368736027537,False,True,False,0.16910393723877326,0.18647618898162444,0.5536692120485406,False,14,13,-0.495,0.07397203781602224,7.1262674149219984,True,False
315681366,1086,1086,OK,,0,0.0,2,0.04010428108997162,1.1652204073794452,0.8347795926205548,False,1.1625208308040977,1625.8840933313136,0.12,0.019440715060613307,0.00023679780754712202,82.098374397933,False,False,102,False,0.0,False,20,False,0.029411764705882353,0.022099447513812154,False,0.013201691004999128,17.57902975110074,0.6790743531726167,False,False,False,0.013544873626639586,0.009834372304123873,1.5783953998231235,False,63,58,0.15500000000000003,0.006486343931220051,2.6405524214865133,False,False
316210401,19007,18859,OK,,148,0.007786604935023938,2,0.025775900682251628,1.033171118046341,0.9668288819536588,False,1.119269533849102,3234.8649196328865,0.084,0.58070651175275,0.00531484339345367,109.26126486963102,False,False,912,False,0.029747070364282306,True,42,False,0.039473684210526314,0.07513653958322286,False,0.6574023952051884,108.74254095140384,1.1320734000742418,False,True,False,0.5814929999698671,0.5266917718389248,3.7204530845788866,True,559,653,0.485,0.9512429384527087,3.615493955809678,False,True
31701995,2888,2888,OK,,0,0.0,5,0.0229222311984453,1.0379009751452546,0.9164617512433412,False,27.572411170320535,1338.7838153896457,0.35000000000000003,0.0031984370420322385,0.00028050449444285276,11.402444899804829,False,False,19,False,0.0,False,2,True,0.0,0.08691135734072022,False,0.00351471244408752,10.193774291691422,1.0988843606733383,False,True,False,0.001145043459622963,0.003410407095111867,1.9374509895919807,False,9,18,-0.405,0.001007578893743033,2.3674200224788855,False,False
31702462,22421,22421,OK,,0,0.0,10,0.0636791087812738,1.2356069761031925,0.0,True,38.038649942131116,1338.8486352589248,0.058,0.01179520258778396,0.0005075601987591634,23.23902192610805,False,False,22,False,0.0,False,1,True,1.0,0.09607064805316444,True,0.011760966449939403,22.956364051385545,0.9970974523252348,False,True,False,nan,nan,nan,False,24,0,-0.445,0.000657857481868307,4.25997974242118,False,False
318887646,4138,4138,OK,,0,0.0,4,0.01504819864079422,1.2448566981439533,0.6012246569498272,False,14.281663889625127,1418.6278810954389,0.12,0.036049485119252614,0.0002405266155724018,149.87732244709204,False,False,40,False,0.0,False,3,False,0.0,0.06887385210246495,False,0.04318913534316393,143.36532918471892,1.1980513785507108,False,False,False,0.03614812473501061,0.0352651171206908,1.5204450654119233,False,27,20,-0.16499999999999998,0.0012840898762853659,3.5826208638129433,False,False
318894871,1072,1072,OK,,0,0.0,2,0.03628339978823636,1.031075102750339,0.9689248972496609,False,11.981177243352542,1492.8247018117454,0.17,0.02362554191177351,0.00041570880964340623,56.83194910408425,False,False,13,False,0.0,False,2,True,0.6923076923076923,0.04664179104477612,True,0.02712668245876637,29.524536639113148,1.148193026008352,False,True,False,0.038706025696071844,0.0008028470453386172,14.312395476153235,True,9,6,-0.195,0.01761898112813587,7.576027476139426,True,False
322085933,2188,2188,OK,,0,0.0,4,0.18787052104566018,1.4534232879077966,0.5957124402978518,False,2.4375693046037377,1569.5992768086126,0.244,0.1838124378327632,0.000817622689028591,224.8132791558767,False,False,221,False,0.0,False,22,False,0.09049773755656108,0.06855575868372943,False,0.08944100135842281,44.41398010403166,0.486588407253476,True,True,False,0.018921052168066832,0.0782357515676666,14.67086758770716,True,124,149,-0.485,0.02701781095441369,3.9870541204271293,False,False
323764927,1147,1120,OK,,27,0.023539668700959023,1,nan,nan,nan,False,1.452583852349482,1655.7740660809955,0.12,0.007729718665259576,0.0001009565625786925,76.56479646119588,False,False,101,False,0.0,False,19,False,0.0891089108910891,0.03482142857142857,False,0.00797539166151462,23.13354541878552,1.0317829156395038,False,False,False,0.006756135847722278,0.007298784075623566,0.9433217956618268,False,59,62,0.485,0.0022769845108630005,2.2844219038709483,False,False
323968835,3344,3344,OK,,0,0.0,5,0.1888346468695045,2.5335870100662383,0.811087711739215,False,31.93988793106573,1596.909126298521,0.17,0.40357577195697203,0.0006998698897778532,576.6439989082423,False,False,14,False,0.0005980861244019139,False,2,True,0.0,0.05592105263157895,False,0.3886815166829287,210.97716824663323,0.9630942779299663,False,True,False,0.021222409760741523,0.4016161106118262,37.7834828667334,True,4,13,-0.235,0.010572987086905017,3.707652184186319,False,False
326257590,252853,252853,OK,,0,0.0,26,0.5943590277256627,5.356896443404197,0.9141889953469682,True,6.0516378937856485,1958.6073397717191,0.058,0.0087986066772806,2.6770275863880905e-05,328.67075117264255,False,False,2421,False,0.0,False,59,False,0.08550185873605948,0.09102522018722341,False,0.00961365590463048,208.58284790305004,1.0926338973026795,False,True,False,0.008877896899563531,0.008805032035415827,0.3096495638277014,False,1551,1358,-0.435,0.006118276861254435,3.444230574711715,False,False
326257760,92059,92059,OK,,0,0.0,16,0.15455393547819332,1.627917965947745,0.8826050145141459,False,36.11667616097966,2894.6853908327053,0.5,0.0007597326650630017,4.1632128966232906e-05,18.24871040535082,False,False,1611,False,0.0,False,8,False,0.0,0.06972702288749606,False,0.0005809693794717186,11.45319173181969,0.7647023830725259,False,False,False,0.0005018695309353394,0.0005461048496019361,0.5630680656767026,False,1028,908,-0.33499999999999996,0.00016731520829693647,2.036062352581489,False,False
329697675,1081,1081,OK,,0,0.0,2,0.04574461347221217,1.0752463254579157,0.9247536745420843,False,13.523134355660014,1596.9469318697004,0.244,0.39840477965585747,0.0010730221517636503,371.29222262655793,False,False,10,False,0.0009250693802035153,False,1,True,0.0,0.03700277520814061,False,0.4172067138424117,557.2600045961469,1.0471930437250159,False,True,False,nan,nan,nan,False,0,13,0.04500000000000004,0.11711848422168114,7.682653030495764,True,False
329814247,1081,1080,OK,,1,0.0009250693802035153,2,0.058658948386986313,1.016335900272459,0.9836640997275411,False,1.7888355121697397,1597.891992151746,0.12,0.08000710025255406,0.0008005734545604387,99.93723848423453,False,False,65,False,0.010185185185185186,False,12,False,0.0,0.037037037037037035,False,0.08057198054317338,51.48513999763964,1.0070603770019935,False,False,False,0.06901733209740657,0.07537717373152186,0.3234264466996186,False,32,46,0.495,0.031188726955729273,4.0551336364885975,False,False
33085006,1049,1029,OK,,20,0.019065776930409915,2,0.023930355879524502,1.053903430039627,0.946096569960373,False,12.560655574505512,1627.9252293408658,0.35000000000000003,0.011412040977314837,0.0003323414515047103,34.33830154392611,False,False,24,False,0.0,False,2,True,0.08333333333333333,0.022351797862001945,False,0.014440757097801349,26.322211452716918,1.2653965339335072,False,True,False,1.535516199258069e-05,0.015294410796683922,6.786016868033471,True,10,21,-0.08499999999999999,0.0033456457213018043,2.8000549295925428,False,False
330871525,25360,25360,OK,,0,0.0,2,0.47507939718930775,1.0241797814755924,0.9758202185244077,False,1.2694428203354196,2797.987315159183,0.12,0.10271296967247624,0.00031154126899026456,329.69298098251613,False,False,2345,False,0.0007097791798107256,False,59,False,0.03283582089552239,0.046214511041009466,False,0.11426158846104095,289.50073978719973,1.1124358377076442,False,False,False,0.10988991983859009,0.09988736898860295,6.807043073671182,True,1420,1386,0.485,0.060580463236233895,3.247196650475368,False,False
330872401,30240,30227,OK,,13,0.0004298941798941799,6,0.016854550559830605,29.172596566564216,0.7194010413174886,True,37.38688838861397,1707.4588694729155,0.058,0.5713167440021284,0.0007351754034514317,777.116238274519,False,False,2,False,0.0041684586627849275,False,0,True,0.0,0.05303205743209713,False,nan,nan,nan,True,True,True,nan,nan,nan,False,0,3,-0.265,0.0007318221350623988,2.240196147854216,False,False
333569564,2160,2159,OK,,1,0.000462962962962963,4,0.03842177771203363,1.1187793319428465,0.9266118520349174,False,11.623143022197619,1581.768012519854,0.17,0.017353071456726904,0.00011860287793599764,146.31239779941296,False,False,29,False,0.0041685965724872626,False,4,False,0.13793103448275862,0.06113941639647985,False,0.0179921721859293,63.53370166948613,1.0368292570451354,False,False,False,0.01685405613059121,0.019435320675925793,0.31282475614706245,False,17,14,0.405,0.0011018653324579297,2.421818625872986,False,False
333569585,2160,2159,OK,,1,0.000462962962962963,4,0.10750507612858254,1.440095953155749,0.8688696574582304,False,11.605889954030934,1581.8020126973097,0.17,0.039861618718479215,0.0001739274175430837,229.18536526079944,False,False,28,False,0.0,False,4,False,0.10714285714285714,0.06113941639647985,False,0.041398943162969104,97.54751186716582,1.0385665332696892,False,False,False,0.03357843386240422,0.05117831611313439,14.729416363030424,True,18,13,0.405,0.003157785364449217,4.6621782277198776,False,False
333732585,118182,118182,OK,,0,0.0,19,0.03361730173045237,1.3843312766131959,0.8992764335547229,False,1.2330604906162845,2825.9525738232774,0.244,0.0004061754793286494,1.4918135861992834e-05,27.226959392659037,False,False,23687,False,0.0,False,232,False,0.06417021995187233,0.06317374896346313,False,0.00041144686167216005,24.879663118519833,1.012978091026626,False,False,False,0.000364201656455454,0.0004113075193314941,1.9391298604961484,False,14183,14207,0.485,0.0005337338777273715,2.217540056380533,False,False
333732697,118283,118283,OK,,0,0.0,19,0.7783497441199301,2.050994870861853,0.9400560101867109,False,36.196025804905545,2854.46358969738,0.058,0.0006996536320484749,0.0001265225000923256,5.529875172699922,False,False,175,True,0.0,False,7,False,0.14285714285714285,0.06355942950381711,False,0.0007639536684628245,4.932801450837176,1.0919026693623948,True,True,False,0.0005630213818287322,0.000749673938678086,0.8101320306929631,False,90,120,0.485,0.00018082693802856653,2.8702498522576887,False,False
334477407,1072,1072,OK,,0,0.0,2,0.009854863145793787,1.0205632535445082,0.9794367464554916,False,1.0187419169046161,1492.1941978094096,0.5,0.002046032333747474,0.00019806203288288846,10.330260191549515,False,False,525,False,0.0,False,22,False,0.011428571428571429,0.04477611940298507,False,0.0006822199917638772,4.445319174066126,0.33343558677508095,True,True,False,0.0005324789754099779,0.0008241283449221815,0.2464233366088536,False,316,313,nan,nan,nan,False,False
335020489,964,960,OK,,4,0.004149377593360996,2,0.03904174410584233,1.050826231821087,0.9491737681789129,False,7.604839019306198,1599.0874092012268,0.02,0.8259777205166325,0.007835019127172995,105.4212768481982,False,False,1,False,0.009375,False,0,True,1.0,0.10625,True,nan,nan,nan,True,True,True,nan,nan,nan,False,2,4,-0.425,0.03397295861111349,6.873152697812621,True,False
335219408,25702,25695,OK,,7,0.00027235234612092447,2,0.0024832416490580362,1.2402567863410732,0.7597432136589267,False,33.12675602256819,2756.6780698412203,0.17,0.32535565652711906,0.002538338782845284,128.17660854648418,False,False,35,False,0.001673477330219887,False,1,True,0.0,0.03269118505545826,False,0.3888617907909001,136.20257119143375,1.1951898883260623,False,True,False,nan,nan,nan,False,0,49,0.015000000000000013,0.002719488689516991,1.3974817821906587,False,False
335494207,14787,14787,OK,,0,0.0,5,0.7957984193170455,2.0785878629892705,0.8803261407782539,False,27.557287535436327,2954.8747197151424,0.35000000000000003,0.0006636516126948413,1.2001321655206152e-05,55.29821062723958,False,False,151,False,0.0,False,1,True,1.0,0.10786501656860756,True,0.000639782850918591,24.087458436612014,0.964034199089296,False,True,False,0.00048563323610550935,-0.00010544983690108367,8.133148826709604,True,180,16,0.03500000000000003,0.0001539930515239707,2.890976106821021,False,False
335497763,25762,25762,OK,,0,0.0,3,0.023112770296479918,1.0310230928049047,0.7120944571430865,False,38.331957138895596,2311.7407343831237,0.058,0.30771503770184755,0.003186256929612004,96.57571391749583,False,False,13,False,0.0007763372408974459,False,1,True,1.0,0.044290039593199285,True,0.294588377072169,78.461618669747,0.9573415042445951,False,True,False,nan,nan,nan,False,15,0,-0.034999999999999976,0.004556400834923591,0.8136411085410955,False,False
338685040,1081,1081,OK,,0,0.0,2,0.03555963253176138,1.1031118930077541,0.8968881069922456,False,10.925101565720022,1598.2461605035044,0.244,0.14926837618434657,0.00048280153638568363,309.1712949005702,False,False,26,False,0.0,False,3,False,0.23076923076923078,0.037927844588344126,False,0.0034292448564882116,2.862221285160921,0.022973686350369962,True,True,False,0.2600229181721254,-0.0036468792009753948,13.492667550832405,True,14,20,0.495,0.00934105141658681,3.3579380780832744,False,False
339901386,2167,2164,OK,,3,0.0013844023996308261,4,0.04091248234814297,1.4420426205019705,0.6724782619457872,False,1.0413454798428319,1597.545761985118,0.084,0.011487411740756319,0.00041674474170887794,27.56462311594321,False,False,178,False,0.003234750462107209,False,42,False,0.05056179775280899,0.0466728280961183,False,0.012559318819076015,18.527698048908267,1.093311452789375,False,False,False,0.01084796981610403,0.011574448203193644,0.1996475099142094,False,117,99,0.30500000000000005,0.0063594176062002905,2.8510841994233806,False,False
34002384,31223,31162,OK,,61,0.001953687986420267,7,0.35576088936472594,26.148804255682638,0.5426837130360395,True,39.647437437096194,2375.107407519398,0.04,0.6204659818601097,0.005857872793459201,105.92001631597586,False,False,15,False,0.0228483409280534,True,2,True,0.5333333333333333,0.06462999807457802,True,0.6349372073268222,78.94762995933108,1.0233231569333243,False,True,False,0.5695373762716154,0.6795222043731793,1.910445301612242,False,10,9,0.495,0.035535225862053044,7.0816936783188265,True,False
341191487,3038,3031,OK,,7,0.002304147465437788,6,0.06544780831398242,1.4678862836718105,0.751085020168805,False,13.396919344893574,1503.2999928905617,0.5,0.354334478387769,0.0003868066684042965,916.0505940849317,False,False,20,False,0.007258330583965688,False,2,True,1.0,0.0722533817222039,True,0.3734700762893224,1216.593965576098,1.054004335080856,False,True,False,0.36561785903673705,0.32006040276361614,1.4094765482936642,False,4,20,0.04500000000000004,0.015129425046081946,6.436862841204923,True,False
341191997,3038,3038,OK,,0,0.0,6,0.08996048303804426,1.288738167715281,0.8245624683690944,False,14.58316664974588,1504.544025554901,0.02,0.5839607645310734,0.0006396679873611039,912.9122858565332,False,False,1,False,0.003620803159973667,False,0,True,0.0,0.07274522712310731,False,nan,nan,nan,True,True,True,nan,nan,nan,False,4,2,-0.10499999999999998,0.004639630215776069,1.6675284307333607,False,False
341793116,4036,3952,OK,,84,0.02081268582755203,8,14.804735263607462,25.20904923212911,0.7819993837829105,True,13.305796581964435,1422.7984003608058,0.02,0.9378471659353869,0.000559315920014319,1676.7753828844657,False,False,1,False,0.010121457489878543,False,0,True,1.0,0.08729757085020243,True,nan,nan,nan,True,True,True,nan,nan,nan,False,2,1,0.0050000000000000044,0.05274550983429638,1.2975553610602324,False,False
342313510,3073,3073,OK,,0,0.0,5,0.06333331114113859,1.0686696607773707,0.8683734645968003,False,24.95635306520292,1532.1010031199683,0.5,0.09631266443265954,0.00024533325876070566,392.57891457187816,False,False,23,False,0.0,False,1,True,0.9130434782608695,0.07256752359258054,True,0.097271505100885,480.98934064981455,1.00995549935072,False,True,False,0.09727210175342438,-0.0013626261827457409,23.90864112597164,True,27,3,0.025000000000000022,0.004366211957141708,8.567599540261929,True,False
342314040,3073,3073,OK,,0,0.0,5,0.06680843261717691,1.2276627098427675,0.8424071687609789,False,16.49409460749451,1529.8830386609898,0.02,0.1317791865422247,0.0011277228409591607,116.8542320470717,False,False,1,False,0.0003254149040026033,False,0,True,0.0,0.07256752359258054,False,nan,nan,nan,True,True,True,nan,nan,nan,False,1,1,0.22499999999999998,0.002263244905531092,3.1544431380161986,False,False
342324942,19453,19447,OK,,6,0.0003084357168560119,4,0.012526835487329286,1.2422673930615264,0.0,True,39.10732941742731,2038.441653560867,0.02,0.6467254245980808,0.0010623606691802473,608.7625825767021,False,False,9,False,0.0038052141718516994,False,1,True,0.0,0.04468555561269091,False,0.6094567415920935,527.163223427135,0.9423732520966706,False,True,True,nan,nan,nan,False,10,0,-0.405,0.0010907378802076373,1.2636544533371112,False,False
342327688,19382,19378,OK,,4,0.00020637705087194304,4,0.016584933240620277,1.1570340381003428,0.0,True,35.34237851186445,2036.2076844911512,0.04,0.5579207292319075,0.0023372540098390315,238.70778566781962,False,False,16,False,0.00118691299411704,False,1,True,0.0,0.04484466921250903,False,0.5640167671014966,236.20688131849855,1.0109263512721272,False,True,False,nan,nan,nan,False,20,0,0.025000000000000022,0.034795755241804005,7.503297897792639,True,False
344493385,3274,3266,OK,,8,0.002443494196701283,6,0.0847097076268871,1.443048248715803,0.5542983613130057,False,14.506737269634511,1582.0418673258275,0.5,0.06706024864421509,0.0002344877104362773,285.9861973979182,False,False,40,False,0.0,False,3,False,0.65,0.06215554194733619,True,0.06170220066602039,133.65557192229136,0.9201009825265999,False,False,False,0.07559621932149119,0.004318069640870004,4.059192773205671,True,22,25,0.03500000000000003,0.00854716929996957,5.932200273222606,True,False
345085224,1177,1177,OK,,0,0.0,1,nan,nan,nan,False,0.9204438435389454,1654.1109790000337,0.04,0.026016226707595305,0.0006038587284692171,43.083299919414074,False,False,52,False,0.0016992353440951572,False,0,True,0.019230769230769232,0.03313508920985556,False,0.0275877533452471,10.465140475055827,1.0604056328119633,False,True,False,0.026740644703785232,0.022380931497120393,0.32524351614384467,False,33,34,-0.33499999999999996,0.03365759999765594,2.5328409201678785,False,False
346535587,1048,1042,OK,,6,0.0057251908396946565,2,0.0004977302153168459,1.097442233883556,0.9025577661164438,False,6.093094634117019,1626.4858086733664,0.5,0.015162285476316779,0.00010105006909680456,150.04725490876726,False,False,101,False,0.0,False,5,False,0.18811881188118812,0.06525911708253358,False,0.015244644391287032,29.791867787866586,1.0054318272201705,False,False,False,0.015452331510412476,0.008754426612514798,3.063582772171284,True,57,64,-0.495,0.010099279796673688,4.395700836374888,False,False
348345578,1048,1042,OK,,6,0.0057251908396946565,2,0.053213566130103876,1.1344844782552734,0.8655155217447263,False,2.318967492949814,1626.9957569924807,0.12,0.052413050913712574,0.000690021793704794,75.95854419655619,False,False,49,False,0.0019193857965451055,False,10,False,0.08163265306122448,0.06525911708253358,False,0.05113646389918125,13.579591830003945,0.9756437186487587,False,False,False,0.046762410276525834,0.04397212743948242,0.3618962751016179,False,30,29,0.15500000000000003,0.012602848187413973,1.7498707526290322,False,False
348897865,11253,11253,OK,,0,0.0,21,79.60470849991496,11.459754857850069,0.8196508214302575,True,31.782560425502886,1326.8449058339174,0.5,0.0071599999725527755,1.4731366176191775e-05,486.0377433373743,False,False,227,False,0.0001777303830089754,False,10,False,0.1013215859030837,0.08673242690837998,False,0.00015879545914010418,3.489249452260556,0.022178136836429118,True,True,False,0.00023462096256887666,1.3142694361478746e-05,0.2679494601053243,False,143,128,0.11499999999999999,0.00029968615033770796,2.7360051355511836,False,False
349452512,22061,22029,OK,,32,0.0014505235483432302,7,0.009887906365911863,1.1226715241013547,0.5552805381724084,False,1.0142785274772488,2474.543960956907,0.5,0.29355605286885267,0.000796949407198696,368.34967215887906,False,False,7849,False,0.16246765627127877,True,99,False,0.05949802522614346,0.07067955876344818,False,0.24485363452936026,102.82812647292535,0.8340949952707996,False,True,False,0.26249948644594845,0.22053224739462718,11.112126155541903,True,5232,5349,nan,nan,nan,False,False
349452665,9649,9649,OK,,0,0.0,2,0.008388429574609408,1.0255243210756764,0.9744756789243236,False,3.622703317964278,2912.298017155397,0.12,0.0006208963035718941,0.0001041770107188291,5.9600126677437135,False,False,309,True,0.0,False,6,False,0.1650485436893204,0.04497875427505441,False,0.0006238820104053078,5.008098694882136,1.0048087044748657,True,True,False,0.0006420000979345808,0.0004230807813445647,1.140689851405412,False,126,250,-0.125,0.0006558018152834633,2.7626367574611828,False,False
349701853,22012,22011,OK,,1,4.5429765582409596e-05,4,0.012080828077269252,1.75108629212921,0.928285949768151,False,30.342708642712942,2395.428632605044,0.12,0.28445208271133005,0.000828194622201311,343.46043198791466,False,False,103,False,4.543182953977557e-05,False,4,False,0.0,0.04588614783517332,False,0.29241576462423113,252.45014539955946,1.0279965674253222,False,False,False,0.26767785256721255,0.2722178880228012,0.8715658463286295,False,20,103,0.32500000000000007,0.14775782979351115,10.02040798833655,True,False
3516799,1962,1962,OK,,0,0.0,4,0.1016534986033247,1.2476476015298719,0.6613324599366561,False,13.157620817919566,1517.4905827390298,0.12,0.036742843582125206,0.00046889593517569436,78.36033717877665,False,False,12,False,0.003567787971457696,False,2,True,0.5,0.06829765545361875,True,0.035410326112059964,36.57738505849323,0.9637339590473751,False,True,False,0.03534340092805355,0.025301223197130573,1.0072128494984032,False,7,8,-0.11499999999999999,0.005756671070701547,3.2604162138398958,False,False
355237275,4154,4149,OK,,5,0.001203659123736158,8,0.05465096950726121,1.5911187116077234,0.6349915134188714,False,26.951701492402254,1542.506602301555,0.028,0.5654714358755139,0.004917163337118616,114.99952251064974,False,False,2,False,0.001928175463967221,False,0,True,1.0,0.0735116895637503,True,nan,nan,nan,True,True,True,nan,nan,nan,False,3,0,-0.46499999999999997,0.02367205224699853,5.984458965328949,True,False
355979380,23113,23113,OK,,0,0.0,7,0.013157480269962017,1.0432455193157766,0.9742680167022562,False,25.54082336152587,2955.934848871674,0.04,0.0009153589270153104,0.00015095562287673433,6.0637617173277745,False,False,70,True,0.0,False,4,False,0.2571428571428571,0.10613074892917405,False,0.0008330545775628861,4.414050459803998,0.9100851621988413,True,True,False,0.0005960828962044973,0.0008163107464802533,0.687162817714365,False,21,61,-0.235,0.00039715583682098377,3.7329512767371393,False,False
355979420,23113,23113,OK,,0,0.0,7,0.03059412952054572,1.2253357037973045,0.9114795810195704,False,14.506737269634511,2950.2497964217364,0.12,0.003142583773464569,0.0002573562825498124,12.211024119282218,False,False,53,False,0.0,False,2,True,1.0,0.10613074892917405,True,0.0028226868547976958,7.704817765038454,0.8982057626059082,False,True,False,0.002657130608910263,0.00012248998149966273,3.5220100783968062,True,52,11,0.04500000000000004,0.0027129209307976687,6.688915316190756,True,False
356056914,23120,23080,OK,,40,0.0017301038062283738,9,0.021478753139400578,2.1366102364508244,0.0,True,14.630631186322493,1991.108810403924,0.02,0.7763529201901973,0.00022460400948849508,3456.5407890902525,False,False,36,False,0.00779896013864818,False,5,False,0.05555555555555555,0.06009532062391681,False,0.0003317574233225873,0.16626755988641992,0.00042732810645100766,True,True,False,0.0,0.007127501259964419,0.3633214342438855,False,29,17,0.495,0.0051980528065351805,3.9157947580306596,False,False
356501128,28823,28815,OK,,8,0.0002775561183776845,6,0.019887929424167606,1.1910180430539532,0.0,True,39.20400292627966,1903.1043311831609,0.084,0.24252342575787428,0.0015552056794116797,155.94299131521865,False,False,28,False,0.0019087280930071143,False,2,True,0.6071428571428571,0.0958875585632483,True,0.23821090456885008,117.8051014849927,0.9822181252159549,False,True,False,nan,nan,nan,False,0,34,-0.29500000000000004,0.001937677418848649,3.5283820666712127,False,False
358416013,8613,8613,OK,,0,0.0,6,0.059515103157983806,1.0643956904849414,0.913081948648301,False,17.958087676445004,2398.3491288593873,0.5,0.0003901248350904007,4.648349046092048e-05,8.39276119805129,False,False,288,True,0.0,False,4,False,0.0798611111111111,0.13456403111575527,False,0.0004059127510454008,6.8820403072381575,1.0404688820985768,True,True,False,0.0002477332483372674,0.00037152737157564175,1.4080615113934902,False,173,173,-0.32499999999999996,0.00032613300983430626,2.1613829614265065,False,False
358416094,33143,33143,OK,,0,0.0,4,0.0019869214034906805,1.6329577755712534,0.72527596968567,False,33.78756822557152,2404.484208212497,0.04,0.3589809742358375,0.00048149395712070874,745.5565514934226,False,False,24,False,0.0012672359170865643,False,2,True,0.0,0.043568777720785684,False,0.4727220500756941,627.1361584171879,1.3168443009604538,False,True,False,-0.00022022136630273081,0.49618139599534805,55.18381624198094,True,7,19,-0.345,0.0016367475920827657,2.638757514558773,False,False
35852001,20531,20531,OK,,0,0.0,2,0.0016258186302060098,1.0900848192762407,0.9099151807237592,False,13.317700999918618,3000.9360026399595,0.058,0.0024626888737402748,0.00015726426886669107,15.659557580926624,False,False,27,False,0.0,False,2,True,0.3333333333333333,0.02104135210169987,True,0.002332920825141027,10.570128482568006,0.9473063568918639,False,True,False,0.002629858701437726,0.0015428219821388423,2.9648304477345606,False,20,11,-0.11499999999999999,0.00020587443238484493,1.862230723418844,False,False
35852034,1101,1101,OK,,0,0.0,2,0.009194884070206017,1.0009989735256355,0.9990010264743645,False,12.365329294658105,1543.8237519514616,0.244,0.26513390958644273,0.00033765242829967516,785.2273147318508,False,False,4,False,0.0,False,1,True,0.0,0.04178019981834696,False,0.20888418153852528,209.40810367837528,0.787844081748517,False,True,True,nan,nan,nan,False,0,7,0.06500000000000006,0.11833143237469168,8.222025137714647,True,False
358867136,3292,3292,OK,,0,0.0,6,0.10769252233594298,1.4706897230783322,0.8273347986898131,False,27.564848315668275,1569.6239637956235,0.35000000000000003,0.043247231662154474,0.0006363529391963718,67.96107788355611,False,False,10,False,0.0006075334143377885,False,1,True,1.0,0.06713244228432563,True,0.04142018221025712,76.15649073452134,0.9577533779232348,False,True,False,-0.013095508430104985,0.04163906256412442,6.969755670005467,True,3,9,0.03500000000000003,0.004130950853790782,4.15909957448167,False,False
358870305,2185,2180,OK,,5,0.002288329519450801,4,0.04926223870667617,1.2729251149197125,0.6354261035528898,False,13.338688575941436,1543.338887691331,0.028,0.7493187014943783,0.00039755800821856353,1884.8034400112724,False,False,2,False,0.0022935779816513763,False,0,True,0.0,0.05596330275229358,False,nan,nan,nan,True,True,True,nan,nan,nan,False,0,3,0.15500000000000003,0.016269052065894685,6.693398307285872,True,False
359138815,2167,2165,OK,,2,0.0009229349330872173,4,0.23091204282325303,1.9380109389673676,0.5588287505300055,False,12.372194120501169,1603.3988788959405,0.02,0.592343869466479,0.0017789235692596637,332.9788191591589,False,False,1,False,0.013394919168591224,False,0,True,0.0,0.046651270207852195,False,nan,nan,nan,True,True,True,nan,nan,nan,False,1,2,0.245,0.01381379817859385,2.131700794657944,False,False
359416109,2292,292,UNRELIABLE_DATA,,2000,0.8726003490401396,,,,,,,,,,,,,,,,,,,,,,,,,,,,,,,,,,,,,,,
360088761,2167,2148,OK,,19,0.008767881864328565,4,0.08153339256776843,1.064999718453588,0.9827889106369507,False,1.6810190119851482,1597.4918534302733,0.12,0.012596716648749883,0.00034506613524231224,36.50522425187919,False,False,163,False,0.005121042830540037,False,29,False,0.06748466257668712,0.043761638733705775,False,0.012139230865122586,25.537815033473695,0.9636821406415695,False,False,False,0.01234828458837911,0.009979115251093518,0.2782227142415655,False,100,96,-0.09499999999999997,0.004389131535087909,2.7183448721343653,False,False
363753824,3453,3453,OK,,0,0.0,4,0.08162296112296212,1.2735344368651567,0.9572105002641169,False,35.54656979923336,1774.5038893624446,0.028,0.36031637677098277,0.0032163529427166613,112.02637993660144,False,False,3,False,0.004344048653344918,False,0,True,0.0,0.06979438169707501,False,0.3242859275841038,46.05250217029844,0.9000032984629507,False,True,True,nan,nan,nan,False,2,2,0.475,0.028072892880480316,4.116962699695325,False,False
365994829,3507,3507,OK,,0,0.0,4,0.021459535984951286,1.2243577898660363,0.7795878522586978,False,7.657630666280648,1937.2133260879368,0.02,0.0033936453291739596,0.000647170656130139,5.2438182989735775,False,False,9,True,0.0,False,2,True,0.0,0.09238665526090675,False,0.003350835232292959,4.9556210898635005,0.9873852177441829,True,True,True,0.002310836797374982,0.002526853146953223,0.21093576310353185,False,4,9,0.495,0.000574266967813708,1.8057150641079218,False,False
365996460,1177,1177,OK,,0,0.0,1,nan,nan,nan,False,5.895115943088325,1655.6668277329106,0.12,0.0073657834365039535,0.00016462043208491085,44.74404144866233,False,False,27,False,0.0,False,5,False,0.2222222222222222,0.03313508920985556,False,0.007946398502403862,26.732617208106344,1.0788259756623373,False,False,False,0.006843295386100179,0.007313281603009147,0.7335359304742397,False,11,21,-0.235,0.0010380559100219289,1.9661350261244095,False,False
366745206,49528,49464,OK,,64,0.0012921983524471006,11,0.022937046460055475,1.2176264640668446,0.0,True,36.52519007359922,1842.557636115337,0.12,0.23234658259256516,0.00042556994465191376,545.9656761771753,False,False,52,False,0.001556687692058871,False,1,True,1.0,0.07383147339479217,True,0.1965014122364095,302.51722253660733,0.8457254246815736,False,True,False,nan,nan,nan,False,0,62,0.05500000000000005,0.0016188485890835658,3.1399009064036876,False,False
366745208,49588,49569,OK,,19,0.0003831572154553521,11,0.011682922997270324,1.2225962186157158,0.0,True,38.66993571406194,1834.0676363355685,0.04,0.3625639041869571,0.0004953797152923546,731.8908970121746,False,False,31,False,0.00246121567915431,False,3,False,0.5483870967741935,0.06907543020839638,True,0.4043098231383083,382.4452090335625,1.1151408578439865,False,True,False,0.22701243844147312,0.35495884939128863,9.970675730641382,True,15,23,-0.46499999999999997,0.0017735436367996016,3.5779622561060203,False,False
367167769,31444,31444,OK,,0,0.0,8,0.030158419249989372,8.509374283716546,0.0,True,37.29469571909508,1687.5301464494723,0.244,0.09170368755695386,0.00030983169681582606,295.9790379725593,False,False,162,False,0.007060170461773312,False,4,False,0.0,0.05403256583131917,False,0.18644487720028335,465.701063058191,2.0331230091973036,False,True,False,0.19600526924508244,0.0,33.6376879390163,True,127,89,0.46499999999999997,0.0010704155271972216,2.3398332864091365,False,False
367167773,31445,31445,OK,,0,0.0,8,0.019069028110565014,3.678772650732181,0.21770774761451692,True,38.174548127676005,1721.152149004267,0.5,0.055432100133620224,0.00012371709988270865,448.0552824643742,False,False,508,False,0.00022261090793448878,False,4,False,0.10236220472440945,0.05403084751152806,False,0.0019171182395301134,12.462220100631004,0.03458498297753215,True,True,False,0.03318279779574618,0.0005026887454111506,42.34006866782975,True,318,288,-0.034999999999999976,0.0009458619523243783,5.4150076476987605,True,False
370587413,2167,2167,OK,,0,0.0,4,0.021119986888360944,1.0675548582839773,0.8231164257846099,False,19.436916630453688,1598.2768509788361,0.02,0.1373613486102008,0.0011739448826626666,117.00834565473515,False,False,1,False,0.0,False,0,True,0.0,0.046608214120904476,False,nan,nan,nan,True,True,True,nan,nan,nan,False,2,4,-0.305,0.004227244202753333,5.12222947195582,True,False
370591535,2167,2167,OK,,0,0.0,4,0.03893457897171201,1.4622914057369496,0.8511144027296462,False,12.04137342614511,1598.276815378777,0.02,0.2802339104225891,0.0020264490698452455,138.28815862813164,False,False,1,False,0.0,False,0,True,0.0,0.046608214120904476,False,nan,nan,nan,True,True,True,nan,nan,nan,False,1,6,0.135,0.002632333174512058,2.633425536167994,False,False
371603115,2188,2188,OK,,0,0.0,4,0.05754678460632509,1.119831430361778,0.9278521401101776,False,7.719363292396075,1571.0343958884255,0.5,0.06256240062508607,0.0002486798513178828,251.57808440666037,False,False,152,False,0.004113345521023766,False,7,False,0.16447368421052633,0.0690127970749543,False,0.06867658543999688,150.60000043891097,1.0977293830451125,False,False,False,0.06662131204825172,0.050101838976391755,2.3926933467511198,False,72,110,0.235,0.003368890422879911,2.461717632985607,False,False
373101514,2211,2211,OK,,0,0.0,3,0.023369422722890738,1.0967518301099641,0.9331298333921147,False,13.136434422992876,1556.3769596805557,0.17,0.047236215058099155,0.0005979503829332658,78.99688068829441,False,False,8,False,0.0,False,1,True,1.0,0.06558118498417007,True,0.0467624569076831,74.46436591136755,0.9899704464078389,False,True,True,nan,nan,nan,False,9,0,0.05500000000000005,0.0076110432467505484,5.250989562261938,True,False
373698711,46833,46828,OK,,5,0.00010676232571050328,10,0.3243035201967157,1.107573405454267,0.0,True,1.0282866424528603,1790.7451504908104,0.12,0.12698508818882923,0.0007673865221492889,165.4773501014464,False,False,5499,False,0.0018151533270692748,False,187,False,0.0425531914893617,0.035000427094900484,False,0.16803048635010387,156.72340500005967,1.3232300638342618,False,True,False,0.15799364454706333,0.15397187985927663,1.8574421630477886,False,3268,3320,-0.475,0.23589822519438042,3.0813675450446913,False,False
373700841,46837,46834,OK,,3,6.405192476033905e-05,10,0.02571316513816234,11.346505591998634,0.0,True,25.110089438265355,1806.1421002214456,0.17,0.045314367266462444,0.00014634807317430928,309.634191168956,False,False,352,False,0.0002775761199128838,False,9,False,0.022727272727272728,0.03499594311824743,False,0.06503591873398529,320.04873701737637,1.4352163046116047,False,True,False,0.06518977464564601,0.046494367951591564,11.632171669430782,True,303,118,0.475,0.0008141083244497249,0.3109500580681602,False,False
374153172,2185,2185,OK,,0,0.0,4,0.05238734295227341,1.0267025616001362,0.9237976527351031,False,13.9333733666775,1554.023277976635,0.02,0.09578466654773851,0.0023522029784046176,40.72125893348902,False,False,1,False,0.005491990846681922,False,0,True,0.0,0.055835240274599546,False,nan,nan,nan,True,True,True,nan,nan,nan,False,3,2,0.15500000000000003,0.005660687192116098,2.8976816367513125,False,False
374156377,3292,3292,OK,,0,0.0,6,0.05308180621591209,1.3316159069947098,0.7233547347018608,False,9.087351197649113,1546.345203963118,0.02,0.8620708216656846,0.00012285332290789178,7017.07370432312,False,False,4,False,0.0015188335358444715,False,0,True,0.25,0.06682867557715674,False,0.4318047733812854,242.44303561083905,0.5008924586346126,False,True,True,0.00295939535086176,-0.0008276563635603029,0.1852613444382664,False,4,4,0.025000000000000022,0.0021365707867179173,2.680385356421491,False,False
374759769,1850,229,UNRELIABLE_DATA,,1619,0.8751351351351352,,,,,,,,,,,,,,,,,,,,,,,,,,,,,,,,,,,,,,,
375578782,13709,13633,OK,,76,0.005543803340870961,3,0.0,1.0036154254545266,0.6407733664006363,False,1.1103839771070738,2770.3772134517967,0.5,0.34779290484562386,5.2904335725673485e-05,6573.996253332531,False,False,6214,False,0.019731533778331988,False,48,False,0.07821049243643385,0.05978141274847796,False,0.0,0.0,0.0,True,True,False,0.00011075999007981174,0.00011075999007981174,0.0,False,3643,3741,0.46499999999999997,0.0008066867231272257,1.3767597910645133,False,False
376802340,1107,1107,OK,,0,0.0,2,0.050812863335752655,1.0604906168477908,0.9395093831522092,False,2.996395910235059,1570.118757851247,0.5,0.0013258075430079817,3.993647785147146e-05,33.197908637281905,False,False,165,False,0.0,False,7,False,0.0,0.06594399277326106,False,0.0011008701214239025,13.271137965536116,0.8303393107315237,False,False,False,0.0010739457780849504,0.0007981547389709354,0.49089792313910807,False,111,86,0.43500000000000005,0.0007637385260131913,2.3406374768908615,False,False
377799312,1237,1236,OK,,1,0.0008084074373484236,2,0.039205855898878976,1.2449260919840501,0.7550739080159498,False,8.334025671157953,1689.5189481409589,0.02,0.9365667604249647,0.01480261892307474,63.27034190990474,False,False,1,False,0.0040453074433656954,False,0,True,0.0,0.038834951456310676,False,nan,nan,nan,True,True,True,nan,nan,nan,False,2,4,0.16500000000000004,0.05326283182826441,2.3603113752299048,False,False
378068052,23441,23441,OK,,0,0.0,8,0.050819993742574274,1.5397623781788723,0.8196998109709065,False,34.254205473258644,1700.1219468251554,0.058,0.5134105443582463,0.0012628537451560722,406.5479049553719,False,False,22,False,0.00021330148031227338,False,1,True,0.0,0.06782987073930292,False,0.665353360716589,444.34408405244506,1.2959479855410225,False,True,False,0.5951327985757964,-0.0020843592895265495,59.15919282193287,True,25,4,-0.07500000000000001,0.0033315105438431747,1.0237197528234117,False,False
380943251,798,798,OK,,0,0.0,2,0.011966211948724225,1.0212799991714738,0.9787200008285262,False,0.7209347459493273,1386.4489844896543,0.058,0.07667018808133651,0.0007594794679567705,100.95096880973294,False,False,63,False,0.0,False,14,False,0.031746031746031744,0.046365914786967416,False,0.07878312077677396,27.768270594980258,1.0275587258661205,False,False,False,0.06129932157117435,0.0697060273389637,1.8873665432619753,False,39,39,-0.08499999999999999,0.019500988921401397,1.3174088942096627,False,False
382047393,1081,1081,OK,,0,0.0,2,0.08804837431304989,1.0052120650615866,0.9947879349384137,False,13.419345241225697,1597.9299773741825,0.5,0.113367917270396,0.0011809988356704386,95.99325066737971,False,False,20,False,0.0,False,2,True,0.05,0.037927844588344126,False,0.1740047948067418,164.40492467825126,1.5348680561160846,False,True,False,8.035843567633094e-05,0.18489440873368768,36.976578776679304,True,9,16,0.05500000000000005,0.046096640137306855,7.030052956409708,True,False
383101733,2164,2164,OK,,0,0.0,4,0.03635870479281464,1.2750794056605321,0.6427669083858563,False,16.445230198545072,1598.4762488348238,0.12,0.15684983078173118,0.0002976350107601862,526.9871658617137,False,False,19,False,0.0036968576709796672,False,4,False,0.0,0.0466728280961183,False,0.17063958685579883,204.98695271955611,1.0879169330648317,False,False,False,0.15445746698839224,0.17640331966037848,1.9346264128799353,False,13,9,0.29500000000000004,0.05878136914556764,7.52006411404164,True,False
383287339,3073,3057,OK,,16,0.005206638464041653,5,0.059943508109640824,1.319440894976018,0.4253747469351217,False,13.137175611632031,1530.2006378949957,0.028,0.7914958994354375,0.0009472591472009717,835.5642716929212,False,False,2,False,0.007523716061498201,False,0,True,1.0,0.0722930978083088,True,nan,nan,nan,True,True,True,nan,nan,nan,False,3,0,0.025000000000000022,0.014858807672457286,1.4777832073064259,False,False
383290587,3073,3066,OK,,7,0.002277904328018223,5,0.051467723826432776,1.181857809390409,0.9034716703287278,False,16.433986214853146,1533.9888045511118,0.02,0.19159330986739959,0.0012761173708669923,150.1376865806876,False,False,1,False,0.008806262230919765,False,0,True,0.0,0.0720808871493803,False,nan,nan,nan,True,True,True,nan,nan,nan,False,1,2,0.08499999999999996,0.0011723535434655652,1.9134350616487519,False,False
383799332,3073,3055,OK,,18,0.00585746827204686,5,0.01777094472757801,1.1251097236742047,0.6492581135809165,False,9.074205231603349,1522.575037681387,0.02,0.6167844441567538,0.0006743121296157581,914.6868594937108,False,False,6,False,0.006219312602291326,False,0,True,0.16666666666666666,0.07234042553191489,False,0.03880591820241042,6.27792477596469,0.06291649954866244,True,True,True,nan,nan,nan,False,2,6,0.29500000000000004,0.011678238387638484,3.43255323877445,False,False
385172724,2211,2211,OK,,0,0.0,3,0.019239108157650685,1.1074269022786913,0.9951626161230156,False,4.447591343689008,1544.755413314757,0.02,0.3217838933604838,0.0007288703858553973,441.483012076064,False,False,9,False,0.02125734961555857,True,0,True,0.0,0.06558118498417007,False,0.0006608632021265493,0.442936528388762,0.002053748542927244,True,True,True,0.0006652623257101808,0.0003263732257843266,0.005978592935823479,False,5,10,0.125,0.0025875455604481568,2.5472073056960305,False,False
385457541,2211,2211,OK,,0,0.0,3,0.12170909670274861,1.1314824807449144,0.7830657938788327,False,7.604234031717276,1548.2734166235177,0.02,0.28718673600951916,0.00047967793204485744,598.7074176734541,False,False,1,False,0.0009045680687471732,False,0,True,0.0,0.06512890094979647,False,nan,nan,nan,True,True,True,0.010208090007125192,1.1204767118355718e-05,1.1384463163591116,False,3,7,-0.195,0.0010588016426561486,2.814973563126769,False,False
386160810,2211,2211,OK,,0,0.0,3,0.11203932724982886,1.5608376458488042,0.9640743520863271,False,13.136442681719444,1556.3768668792022,0.17,0.11150712372692112,0.000674951599409399,165.20758499497282,False,False,8,False,0.0009045680687471732,False,1,True,1.0,0.06558118498417007,True,0.11149005988728178,158.90162227925094,0.9998469708564887,False,True,True,nan,nan,nan,False,9,0,0.015000000000000013,0.0040917780098549406,0.5302106194328927,False,False
386205624,1072,1072,OK,,0,0.0,2,0.009021531578230184,1.040812633219359,0.9591873667806408,False,0.7257870310453721,1492.1333803597229,0.5,0.0032398704336510094,0.00012104053582626385,26.7668216398296,False,False,729,False,0.0,False,32,False,0.038408779149519894,0.04664179104477612,False,0.0003269060128562318,3.5985918995083774,0.10090095253835242,True,True,False,-0.00011129002169374402,0.0006738595006816617,0.7321157331303046,False,430,450,nan,nan,nan,False,False
386512940,1104,1104,OK,,0,0.0,2,0.03396797486506366,1.0100703954624066,0.9899296045375935,False,0.9126782720350549,1543.7077102518892,0.5,0.0016140174426626163,9.595186384575543e-05,16.82111610939817,False,False,597,False,0.0009057971014492754,False,27,False,0.02680067001675042,0.041666666666666664,False,0.0006038519148152677,5.702200748159154,0.37412973295945534,True,True,False,0.0003212760935651371,0.00016214660168745176,0.12360961211867953,False,372,347,nan,nan,nan,False,False
387142211,19778,19778,OK,,0,0.0,6,0.17611697850184882,2.070708086182626,0.39047190861172626,False,0.901420334866036,3235.404630375041,0.12,0.0383160080731358,7.774803561924742e-06,4928.228445639369,False,False,2554,False,0.0,False,50,False,0.04150352388410337,0.10213368389119223,False,0.04446299629571082,809.6122618841445,1.1604287223982712,False,False,False,0.03946435000070536,0.04543647559249708,25.626468434322597,True,1536,1532,-0.135,0.007439452971799487,4.538417902430758,False,False
387142213,904,904,OK,,0,0.0,2,0.2488985875350492,1.0814501245431982,0.9185498754568019,False,0.9038053548483823,1468.4091582229814,0.12,0.024982710384567886,6.852956528117932e-05,364.55375547857204,False,False,120,False,0.0011061946902654867,False,21,False,0.058333333333333334,0.04092920353982301,False,0.02273688565148646,49.34711859080763,0.910104840567311,False,False,False,0.017737448450357407,0.023329425001577087,1.6054207175081003,False,75,70,0.15500000000000003,0.002674356358313368,1.9316975590727983,False,False
393920221,862,843,OK,,19,0.022041763341067284,2,0.024885434572160237,1.0517879856184467,0.9482120143815533,False,1.2595380867572021,1518.8348990029535,0.5,0.007756448011663801,0.0005446199240912835,14.241946848723343,False,False,341,False,0.01542111506524318,False,15,False,0.12023460410557185,0.05931198102016608,False,0.001809479806683223,2.9086920743072175,0.2332871701018569,True,True,False,-9.398135549831821e-05,0.0018844487172501312,0.20830678097411148,False,200,212,-0.475,0.006881771852722429,2.0247064879711543,False,False
393923433,862,862,OK,,0,0.0,2,0.020824394761178543,1.2132027201954847,0.7867972798045152,False,1.7833386228697299,1518.3111307506258,0.5,0.007209487201928948,7.250971624920957e-05,99.42787773642046,False,False,240,False,0.013921113689095127,False,11,False,0.0625,0.058004640371229696,False,0.0017373839480139264,7.476178658822848,0.24098578710966811,True,True,False,0.0013050203491468126,0.0013057190234500027,5.567206862467351e-05,False,143,143,0.29500000000000004,0.0020419251729804078,1.8902866629550192,False,False
394111941,29392,29366,OK,,26,0.000884594447468699,4,0.06141300885804787,1.3046062422878,0.749558087917832,False,27.211724282125395,2399.69770223152,0.058,0.33507429669873723,0.001084359287284301,309.00671080883757,False,False,42,False,0.0028945038479874685,False,3,False,0.0,0.03939930531907648,False,0.2208948807491714,55.66838133298312,0.659241496365137,False,False,False,0.26031991623684436,0.017046473604831025,22.08230491864119,True,28,22,-0.034999999999999976,0.011430978686642224,3.2647793061225077,False,False
394115969,29434,29386,OK,,48,0.001630767140042128,4,0.014614160055046704,1.713942473900037,0.8159677364636042,False,25.185976362601274,2405.31673861964,0.02,0.934247131443179,0.0031424520637864132,297.29876939394995,False,False,2,False,0.0027904444293200843,False,0,True,0.0,0.039372490301504116,False,nan,nan,nan,True,True,True,nan,nan,nan,False,4,0,0.0050000000000000044,0.012268214717323422,4.681676604575537,False,False
394427501,25498,25455,OK,,43,0.001686406777002118,3,0.005484539568243255,1.543337380621146,0.9565264686765722,False,37.29469571909508,2806.9820541563754,0.12,0.2434120892225935,0.0004862592637599678,500.58087806991176,False,False,52,False,0.0018856806128461992,False,1,True,0.0,0.034060106069534475,False,0.2599199862207735,142.15011624546452,1.0678187227713412,False,True,False,nan,nan,nan,False,62,0,-0.024999999999999994,0.058537981924751126,2.39902276983005,False,False
394602680,2167,2165,OK,,2,0.0009229349330872173,4,0.008229493783395332,1.2255086653668723,0.7213370514266704,False,22.291377626180715,1615.755118386692,0.02,0.9758676040978709,0.0001844671091377655,5290.198391785194,False,False,1,False,0.009237875288683603,False,0,True,0.0,0.046651270207852195,False,nan,nan,nan,True,True,True,nan,nan,nan,False,0,1,-0.255,0.06034496509671716,4.809901733243658,False,False
394867664,1616,325,UNRELIABLE_DATA,,1291,0.7988861386138614,,,,,,,,,,,,,,,,,,,,,,,,,,,,,,,,,,,,,,,
397004906,9010,9010,OK,,0,0.0,9,0.025363612597942186,1.5697993279798237,0.747035838901087,False,1.004862170132626,1684.1125918969567,0.35000000000000003,0.0005268330102768638,3.435795738684117e-05,15.333653405095518,False,False,3131,False,0.0,False,92,False,0.1184924944107314,0.11276359600443951,False,0.000508147554117877,14.129079291162897,0.9645324879145917,False,False,False,0.00046650776997347876,0.0005327141157670523,1.1184672556491,False,1805,1947,0.355,0.0005801831581790928,1.9917244896130517,False,False
399552998,7010,7010,OK,,0,0.0,3,0.035104925976401316,1.033530065979254,0.9453966473789704,False,0.9267535093385034,3479.980708970747,0.17,0.0004230240234117805,3.241332914044131e-05,13.050927955560846,False,False,1389,False,0.0,False,19,False,0.15766738660907129,0.12282453637660486,False,0.00038825222715954677,10.177703475484357,0.9178018402553318,False,False,False,0.0004327927181789759,0.00031280911933073696,2.137571384123541,False,793,860,-0.435,0.0007355306082906798,2.4751532943260814,False,False
399573126,37738,37738,OK,,0,0.0,4,0.05342624636792483,1.3299130943595023,0.6787074546811404,False,3.384823186989982,1714.1065770634443,0.17,0.05148034145747968,0.00020368139573970136,252.7493552885409,False,False,1839,False,0.0,False,36,False,0.015225666122892877,0.03609094281625947,False,0.04514670665182163,187.31355794406173,0.8769698369058153,False,False,False,0.03582455866614598,0.04084678304737355,11.943604525023805,True,1019,1192,0.495,0.006005429964723197,2.5278213715748317,False,False
399770041,2188,2188,OK,,0,0.0,4,0.03894227188834919,1.0737051528377743,0.8819224325986812,False,1.5801885652386523,1569.9906521212163,0.084,0.04290562191289497,8.780466614765989e-05,488.64853993910964,False,False,124,False,0.0,False,30,False,0.12903225806451613,0.06855575868372943,False,0.04457201415749623,283.5720978551387,1.0388385523926047,False,False,False,0.04312652888123181,0.04167394431242433,0.8604602059789997,False,73,74,0.29500000000000004,0.0005614859899431002,1.805355454664364,False,False
399770903,2188,2188,OK,,0,0.0,4,0.08452596659707624,1.3025036732304065,0.8694171058559531,False,13.376009195701812,1569.748668236254,0.02,0.11806937545610534,0.0013540026991373582,87.20025117477824,False,False,1,False,0.004113345521023766,False,0,True,1.0,0.06855575868372943,True,nan,nan,nan,True,True,True,nan,nan,nan,False,0,3,0.025000000000000022,0.0026302998492993,0.15592325156740083,False,False
400871834,1084,1081,OK,,3,0.0027675276752767526,2,0.05107965197403504,1.0148738148862098,0.9851261851137902,False,0.65,1569.9339607515456,0.028,4.765077221691172e-12,5.376461244540562e-14,88.62850497675939,True,False,47,False,0.0074005550416281225,False,0,True,0.1276595744680851,0.07123034227567067,False,0.003998215305307529,1.698117054330066,839066214.3117428,True,True,False,0.002771296527116829,0.00560709107373647,0.1424219185357135,False,29,29,0.125,0.018234730791528708,3.3387174814242333,False,False
402630334,9434,9434,OK,,0,0.0,2,0.007075547418098565,1.0091208263815157,0.9908791736184844,False,1.3114770562776166,3507.56554945389,0.084,0.0012548653533650282,3.513612934028508e-05,35.714387922811724,False,False,616,False,0.0,False,17,False,0.11688311688311688,0.10281958872164511,False,0.0012127547589242393,27.316031878540254,0.9664421411206663,False,False,False,0.0010342419989486373,0.0010890829435319382,0.8259248187159711,False,342,392,-0.455,0.0004016757118827652,2.3608383003531754,False,False
402641241,1086,1086,OK,,0,0.0,2,0.02255163438159584,1.183785347332132,0.8162146526678679,False,0.776041355847002,1625.5024860879112,0.17,0.008289612735963512,3.226139332613914e-05,256.9514791925314,False,False,240,False,0.0,False,35,False,0.0375,0.02117863720073665,False,0.0068884353437349555,74.08331146795265,0.8309719118542519,False,False,False,0.01071547884790891,0.005189500675639058,32.727352198874804,True,153,146,-0.32499999999999996,0.001163166286952566,1.8005836388226297,False,False
403648124,12974,12957,OK,,17,0.0013103129335594265,4,0.031847382779612965,1.5115756880114004,0.47775038197523045,False,12.800951273903255,2779.2667538907276,0.02,0.799290012115834,0.0013174004268373886,606.7175900607881,False,False,19,False,0.00779501427799645,False,2,True,0.0,0.05417920815003473,False,0.0025423294661639506,0.444101462361047,0.0031807346865677004,True,True,False,0.02619304700567371,-0.005363325255219875,1.3152752585363632,False,12,12,-0.315,0.06126380086321581,6.636769698900307,True,False
403648240,13018,13001,OK,,17,0.0013058841603933015,4,0.029820185091042898,1.5235776527356255,0.5237788009224482,False,36.57532391088221,2792.5227543114565,0.5,0.588373312435012,0.0006688561257139485,879.6709633285817,False,False,38,False,0.0034612722098300132,False,1,True,0.0,0.05422659795400354,False,0.0,0.0,0.0,True,True,False,nan,nan,nan,False,0,44,-0.365,0.05257304959740883,9.197763045700801,True,False
40684627,34713,34566,OK,,147,0.004234724742891712,9,0.033796250583216274,1.4274968355440838,0.0,True,1.513911704501063,1684.4992460115143,0.5,0.020155210312433787,0.0001314772571725424,153.29807409948756,False,False,11536,False,0.006075334143377886,False,108,False,0.07004160887656033,0.05846785858936527,False,1.5709509622263695e-05,0.09595800917522519,0.0007794267278160064,True,True,False,0.0,0.0,0.0,False,7102,6703,0.375,0.0013520357288239193,1.5834004163344155,False,False
40688128,23647,23647,OK,,0,0.0,8,0.01972297580291273,1.5006735816115744,0.7362068400048544,False,36.16624927920874,1716.8032588942012,0.02,0.3443484925270893,0.003929774407847765,87.62551148977532,False,False,4,False,0.0,False,0,True,0.5,0.04888569374550683,True,0.00765349876500665,1.1107089079927126,0.0222260266302881,True,True,True,-9.392175243316814e-06,-0.007397387575355463,0.7796695034952088,False,4,4,0.18500000000000005,0.004056555344966295,2.6535421787925597,False,False
410907337,1107,1107,OK,,0,0.0,2,0.010181158407800787,1.0175245479165058,0.9824754520834943,False,6.231133174816255,1573.6997268307325,0.244,0.017198884016077123,0.00032996799985643497,52.122884714760666,False,False,41,False,0.011743450767841012,False,4,False,0.0,0.06684733514001806,False,0.014036102990019339,21.5304419437092,0.8161054506152091,False,False,False,0.012979506750378067,0.011259807284412893,0.13256879667976829,False,27,25,-0.345,0.004268228758324777,2.80772666386708,False,False
411437824,1081,1080,OK,,1,0.0009250693802035153,2,0.008176065542349767,1.0404161909580596,0.9595838090419404,False,13.450041546934564,1596.998441583721,0.058,0.1188269734759162,0.0013473292613478563,88.19445764656128,False,False,3,False,0.008333333333333333,False,1,True,0.0,0.037037037037037035,False,0.12902541358985087,31.764388446731953,1.0858259687645893,False,True,True,nan,nan,nan,False,0,4,0.235,0.010863796544891002,1.0769906537127447,False,False
411437999,52856,52856,OK,,0,0.0,3,0.027969152631079776,1.8872423997613785,0.9449926151309241,False,38.532273990310756,3098.749035468364,0.17,0.12820946859649127,0.0004891873112663385,262.0866601478293,False,False,74,False,1.8919327985469956e-05,False,1,True,0.0,0.015494929620099894,False,0.13350948932042728,247.50348081194468,1.0413387621207335,False,True,False,0.11771484159018186,-0.006817512607577347,39.337633704520506,True,88,4,0.18500000000000005,0.0013116755620730114,1.8520293562850358,False,False
411536289,2165,2159,OK,,6,0.002771362586605081,4,0.0802352249227637,1.1473726875366952,0.7649360259114337,False,2.827333748610149,1571.2785509933783,0.244,0.015076960054613134,0.0001209532445820388,124.65114190787088,False,False,198,False,0.0,False,17,False,0.05555555555555555,0.06067623899953682,False,0.011818402678882456,35.217735323799076,0.78387172454346,False,False,False,0.010283418432907032,0.009920569882758357,0.26663735982918585,False,115,122,-0.135,0.002595883439500235,2.5014853148839036,False,False
411537393,2165,2138,OK,,27,0.012471131639722863,4,0.20475487137444306,1.2086880119751462,0.8886344453108073,False,14.66674681772043,1582.8355012739753,0.028,0.603652433321826,0.000652356373177852,925.3415129237225,False,False,2,False,0.0018709073900841909,False,0,True,1.0,0.06782039289055192,True,nan,nan,nan,True,True,True,nan,nan,nan,False,0,2,0.04500000000000004,0.020355144544828674,4.574705459937523,False,False
412628074,1081,1081,OK,,0,0.0,2,0.03892291024761898,1.1362759577745318,0.8637240422254683,False,7.116258574494781,1602.636346139663,0.5,0.004564732682304951,0.0002557179013009397,17.850657537396962,False,False,64,False,0.0,False,4,False,0.140625,0.037927844588344126,False,0.0036055472951992407,5.574828747464586,0.7898704143565812,True,True,False,0.0016903023605805423,0.0037788427328160346,0.3854488492614051,False,20,57,0.46499999999999997,0.005210542215733582,0.8849565646190487,False,False
414257425,1086,1086,OK,,0,0.0,2,0.5256248493353816,1.0729941840886206,0.9270058159113793,False,0.9046249679321475,1625.7977123319586,0.084,0.07800410804012296,0.00018061933364163643,431.8702016412568,False,False,93,False,0.001841620626151013,False,22,False,0.010752688172043012,0.022099447513812154,False,0.08866050155473881,48.32010877532165,1.1366132346405977,False,False,False,0.07683373797328852,0.08220792518685527,0.9622919980942931,False,55,59,-0.495,0.10377849531422623,3.834364610496211,False,False
417900012,19518,19503,OK,,15,0.000768521364893944,7,0.009266821343720663,1.8708448206504948,0.7859697880347315,False,39.54967045903385,1696.5466667324333,0.04,0.6883813838751671,0.011562738420477258,59.53445964461711,False,False,12,False,0.005127416294928985,False,1,True,0.0,0.06655386350817823,False,0.687158756157344,53.39457291395128,0.9982239093815402,False,True,False,nan,nan,nan,False,0,14,0.015000000000000013,0.013231548356698042,2.7463133691113693,False,False
42207915,49288,49288,OK,,0,0.0,9,0.14023645064671983,14.487394173813819,0.6427178152632157,True,37.40740657817523,1715.539843484529,0.02,0.07302763347078205,0.0004754116105940568,153.60927634798279,False,False,23,False,0.0002231780555104691,False,3,False,0.0,0.04688768057133582,False,2.7885479816025516e-05,0.044325489135466425,0.0003818483290600173,True,True,False,5.33434753560158e-05,-0.0014134527471862945,0.4338725283111799,False,15,15,-0.135,0.0003936705274265595,1.4067223145966363,False,False
42208515,1054,1042,OK,,12,0.011385199240986717,2,0.09268928473258473,1.1774826144412807,0.8225173855587193,False,13.526110277396352,1628.554853121694,0.17,0.42051998110721,0.0013223342710431338,318.0133725003433,False,False,8,False,0.0,False,1,True,0.0,0.06525911708253358,False,0.4959633328126374,75.26161486459051,1.1794049155685502,False,True,True,nan,nan,nan,False,10,1,-0.07500000000000001,0.2750025726213756,8.756177141385477,True,False
427332291,3044,3011,OK,,33,0.010840998685939553,1,nan,nan,nan,False,9.967898308426488,2457.065793441631,0.02,0.5159265971684437,0.000588677635651825,876.4161672239743,False,False,3,False,0.018598472268349386,False,1,True,0.0,0.057123879109930255,False,0.6259859287021527,440.4582045484446,1.2133236242088448,False,True,True,nan,nan,nan,False,2,3,-0.20500000000000002,0.030571476580611323,6.4718790475465555,True,False
427333609,13510,13510,OK,,0,0.0,6,0.024973975818889986,1.7389965414627504,0.9533578040935138,False,28.77009732634207,2474.2665003864267,0.244,0.0026862427184043964,0.0003210101256781266,8.368093413657185,False,False,126,True,0.0,False,2,True,1.0,0.08549222797927461,True,0.0028044217352164447,7.929117184748254,1.0439941692544616,False,True,False,nan,nan,nan,False,0,152,-0.495,0.001092839488359587,0.9608437641004387,False,False
430253781,1086,1086,OK,,0,0.0,2,0.0027937408596143505,1.0210757670234227,0.9789242329765772,False,3.0131554936601335,1627.1729447471237,0.17,0.00252484036547425,0.00013812464804996124,18.279433838347135,False,False,64,False,0.0,False,8,False,0.0,0.022099447513812154,False,0.002427009190431262,11.113185888091811,0.961252530504196,False,False,False,0.00198611218186584,0.002293921187800363,0.8819846051666983,False,38,40,0.355,0.001131088216007159,2.1293724035714625,False,False
430263373,1086,1086,OK,,0,0.0,2,0.01813109549793718,1.0169220511923827,0.9830779488076172,False,13.760960829573955,1625.5619886596394,0.244,0.06489708491565181,8.663072881327313e-05,749.1231553128594,False,False,10,False,0.0,False,1,True,0.0,0.022099447513812154,False,0.07185717616587373,210.59949630751996,1.1072481338609907,False,True,False,nan,nan,nan,False,0,12,0.31500000000000006,0.00132714756862784,2.303900643166353,False,False
43332384,7313,7313,OK,,0,0.0,3,0.02284596974119718,1.0334389331491547,0.9894841348911838,False,3.3441110935379528,3455.067122951324,0.12,0.0006950086106541638,9.81376255303696e-05,7.081979076812766,False,False,258,True,0.0,False,5,False,0.0,0.117735539450294,False,0.0007902194009660191,6.794486449717949,1.136992245638856,True,True,False,0.00035206075719973473,0.000829486548412528,2.71948046200457,False,187,125,-0.475,0.0005978384391491787,2.130201852477456,False,False
43332820,6124,6124,OK,,0,0.0,6,0.01842170787903169,1.2317143232089127,0.7402294267906621,False,0.7441303369072165,1984.4080465185698,0.084,0.00014473839811586994,2.943564612712437e-05,4.917112995950048,False,False,695,True,0.0,False,101,False,0.13093525179856116,0.13455258001306336,False,0.00015448559690478536,4.974116177433309,1.067343558556675,True,True,False,0.00010520553811832478,0.0001276670831545923,0.4627700524623158,False,416,419,-0.175,0.0002681969960970365,2.656082163072495,False,False
433784316,61565,61565,OK,,0,0.0,10,0.0566755444346616,4.292840360752908,0.0,True,38.39510233073565,1791.6190502348675,0.5,0.04502696519313483,0.0002752304447177611,163.59732746611067,False,False,1319,False,0.0,False,7,False,0.15845337376800606,0.04278404937870543,False,0.0038354045202402265,11.613897240648733,0.08518016934494628,True,True,False,0.0008145438826205886,0.0068434285222112035,8.379814871626666,True,777,788,0.015000000000000013,0.0011253952719587623,5.011267502333861,True,False
433790982,49888,49888,OK,,0,0.0,11,0.09598134029873358,4.407571845171988,0.8216404947189858,True,8.934097311585838,1743.2839623378613,0.244,0.15994700435614287,0.0001896521510737744,843.3703675415932,False,False,1296,False,0.000440987812700449,False,21,False,0.008487654320987654,0.052778223220012827,False,0.20363568973626944,828.555431726598,1.273144755389404,False,True,False,0.1504336484216554,0.16374881665678365,6.3170186364140815,True,729,833,0.365,0.3263450255674041,9.478669096474217,True,False
43676310,2292,487,UNRELIABLE_DATA,,1805,0.787521815008726,,,,,,,,,,,,,,,,,,,,,,,,,,,,,,,,,,,,,,,
43676321,2292,424,UNRELIABLE_DATA,,1868,0.8150087260034904,,,,,,,,,,,,,,,,,,,,,,,,,,,,,,,,,,,,,,,
437162445,2211,2211,OK,,0,0.0,3,0.023181041931484472,1.14777561716451,0.9158940277396584,False,13.292726872662701,1543.4108935926147,0.17,0.039318406559872114,0.0008647817276879985,45.466278138172754,False,False,3,False,0.0,False,0,True,0.6666666666666666,0.06558118498417007,True,0.02528227527280902,20.235012993877366,0.6430137303329021,False,True,True,nan,nan,nan,False,4,2,0.025000000000000022,0.00787663131387073,0.49083058106510635,False,False
437162640,2211,2211,OK,,0,0.0,3,0.04469994901403477,1.3458571473690335,0.8998941401895214,False,1.4735136925026235,1543.8657637172198,0.084,0.01790118435068329,5.4042578734874824e-05,331.24223102868467,False,False,120,False,0.0,False,29,False,0.03333333333333333,0.06558118498417007,False,0.01732052597731859,105.02715851258759,0.9675631309085684,False,False,False,0.015671767671620818,0.016339265528052982,0.6455661412643583,False,76,68,0.495,0.004003135977811212,4.816605377014729,False,False
43795716,29363,29333,OK,,30,0.0010216939685999387,4,0.0,1.1086925497272242,0.0,True,35.66377976844042,2023.084115091944,0.028,0.5433614108322424,0.0016232468006710235,334.73739828572326,False,False,9,False,0.003579586131660587,False,1,True,0.0,0.040500460232502644,False,0.6076723897795913,172.18745699880782,1.118357648639138,False,True,True,nan,nan,nan,False,10,0,-0.15499999999999997,0.00521489614573567,5.153759087223755,True,False
43796218,4958,4958,OK,,0,0.0,4,0.0388574089655108,1.1333775390374188,0.6149524817849273,False,12.626566827155715,2012.0129505214547,0.12,0.0011977906542012574,0.00016294407137589856,7.350931175876003,False,False,44,True,0.0,False,4,False,0.7727272727272727,0.14703509479628882,True,0.0012116634939481896,6.455929320679007,1.0115820237019493,True,True,False,0.0012374174454103937,0.0009008664315547366,1.1729183620193988,False,26,28,-0.125,0.0003936017835900474,2.060363559218755,False,False
442683122,1081,1049,OK,,32,0.02960222016651249,2,0.00936444953934763,1.2124526317858506,0.7875473682141496,False,12.477197749166494,1629.536539661414,0.12,0.3614881547422543,0.0007632176102660177,473.6370726774222,False,False,6,False,0.0009532888465204957,False,1,True,0.0,0.022878932316491896,False,0.40864159437665737,428.5917199643913,1.1304425581192945,False,True,True,nan,nan,nan,False,7,2,-0.16499999999999998,0.010933089044558919,6.693638240080652,True,False
444461903,32262,32262,OK,,0,0.0,8,0.18661128651256323,1.332395274887113,0.0,True,39.38726094525767,1776.5973454384027,0.5,0.06275162377948974,0.0001805499578759757,347.55822996422637,False,False,240,False,0.0,False,2,True,0.0,0.04181389870435807,False,0.0934078382862722,375.2676441648677,1.4885326093633673,False,True,False,nan,nan,nan,False,289,0,-0.07500000000000001,0.03590690717615619,8.434482120156565,True,False
444465823,22700,22700,OK,,0,0.0,9,0.01074031896979577,1.942952968851501,0.549620433705181,False,18.513330110923107,1768.551227984811,0.12,0.03475509829132452,0.00023706369540171644,146.60658281070934,False,False,138,False,0.0,False,8,False,0.2898550724637681,0.04458149779735683,False,0.03501829230896547,95.69327353282593,1.0075728175312526,False,False,False,0.036450581092056566,0.024348063443437984,14.96330230279938,True,83,82,-0.495,0.0,0.0,False,False
44446770,1100,1100,OK,,0,0.0,2,0.09186461423511322,1.132783472970132,0.867216527029868,False,12.355489248544302,1544.0781915110265,0.5,0.17802932247494122,0.0010870151119690445,163.77814854151822,False,False,18,False,0.0018181818181818182,False,1,True,0.0,0.04454545454545455,False,0.2210623433329295,276.107976723295,1.2417187250939825,False,True,False,nan,nan,nan,False,0,20,0.04500000000000004,0.1544374599773215,6.6912147417584,True,False
44533527,13990,13990,OK,,0,0.0,5,0.008113669651446128,1.1307240595558512,0.9833040727553394,False,14.595188648380901,3463.8871491633977,0.12,0.0010129590172977454,8.447372990684225e-05,11.991408671250081,False,False,150,False,0.0,False,3,False,0.0,0.12330235882773409,False,0.0009537839470414866,8.583758948872541,0.9415819700049474,False,False,False,0.0009399235974181241,0.000738288310644708,1.179434981525676,False,62,118,-0.32499999999999996,0.0011487593409831298,4.2035377576915645,False,False
44533622,26873,26863,OK,,10,0.00037212071596025753,3,0.0,1.2652917595091333,0.0,True,37.182324464893135,2035.3880360556213,0.028,0.6658311163424312,0.0020675044310857833,322.0457989503603,False,False,3,False,0.00033503331720209954,False,1,True,0.0,0.03659308342329598,False,0.6738380616230073,260.8064031473201,1.0120254897736833,False,True,True,nan,nan,nan,False,3,0,0.03500000000000003,0.2547332861618893,9.986573326300737,True,False
446489907,7266,7266,OK,,0,0.0,3,0.11569457169636983,1.9009335964199807,0.8818495912821904,False,13.166722431271344,3492.5870570265774,0.17,0.004568511503553871,6.476872138167216e-05,70.53576797714335,False,False,145,False,0.0,False,2,True,0.5862068965517241,0.11767134599504542,True,0.004321047235381847,20.260048310180444,0.9458326266707395,False,True,False,0.006184391073857376,0.0021338095580805128,11.118501407217982,True,81,85,-0.044999999999999984,0.002216335048162099,2.6075061610308894,False,False
446493783,22312,22306,OK,,6,0.00026891358910003586,2,0.003706115000788524,1.0158818291763116,0.9841181708236885,False,20.20644755865078,3486.2440077405627,0.02,0.1882328164169972,0.0005742707589859856,327.7771216305144,False,False,9,False,0.0003138169102483637,False,1,True,0.0,0.01936698646104187,False,0.028485322611550568,34.102917504644424,0.15133026830160298,True,True,True,nan,nan,nan,False,0,10,0.265,0.0032835672426061446,3.635837121543831,False,False
449836177,1081,1078,OK,,3,0.0027752081406105457,2,0.029386492745863135,1.1023592365318344,0.8976407634681657,False,5.958885017137033,1602.1083326708397,0.02,0.021660120027427905,0.0004042267481640681,53.58408399692656,False,False,1,False,0.0,False,0,True,0.0,0.03710575139146568,False,nan,nan,nan,True,True,True,-0.00011616273654380116,-0.00011482177715782527,0.0005673211936667317,False,3,3,-0.195,0.0019471902791978746,2.171850426409473,False,False
451041955,1107,1107,OK,,0,0.0,2,0.05468541559213072,1.0342090123883136,0.9657909876116862,False,8.043791805313102,1576.7015833675623,0.084,0.008208116914724792,0.0005229439065019203,15.695979650342577,False,False,12,False,0.0,False,3,False,0.0,0.06594399277326106,False,0.00995685722724593,10.606527471490644,1.2130501222983336,False,False,False,0.005541121945721539,0.009955331607762519,2.429024400639445,False,4,10,-0.425,0.0032787703737259255,2.8733440822810064,False,False
451541693,2165,2153,OK,,12,0.005542725173210162,4,0.10142933549050541,1.3385354930670452,0.8838543550110632,False,0.6667180882142126,1569.9756162679373,0.244,2.059352688377203e-11,1.1177195943736866e-13,184.24591451589964,True,False,788,False,0.008824895494658615,False,71,False,0.06091370558375635,0.06827682303762192,False,-0.0003757327130518018,-1.3792157732852037,-18245185.255172785,True,True,False,0.00011174631040800076,-0.0009657388611599149,0.16287977699370645,False,467,457,0.405,0.002894581706140542,2.332917174828135,False,False
451940416,1237,1235,OK,,2,0.0016168148746968471,1,nan,nan,nan,False,4.714735073165041,1687.484327299,0.058,0.27476537058782635,0.03351494641903414,8.198293595712833,False,False,9,True,0.012145748987854251,False,2,True,0.0,0.04048582995951417,False,0.29966000895369005,40.228274169064534,1.090603260201985,False,True,True,0.1583713485742454,0.018141347451367418,2.6135901811585063,False,6,7,0.03500000000000003,0.0208000262492255,0.6536933843781162,False,False
452557937,3274,3274,OK,,0,0.0,6,0.024266729609927838,1.6910287182530066,0.7853378353055507,False,15.92054584764415,1583.565727541549,0.084,0.1377191983537152,0.0007155578710351626,192.4640953980194,False,False,17,False,0.0036652412950519244,False,4,False,0.0,0.06414172266340867,False,0.14299811022224607,160.33980344553694,1.0383309802237783,False,False,False,0.11829605044856861,0.13525231498340873,1.0358867373910219,False,9,12,0.46499999999999997,0.008096609401710642,5.9661458980827735,True,False
453801383,2193,2185,OK,,8,0.00364797081623347,4,0.21675612342133405,1.5511326471103928,0.6233468253836885,False,27.724104769271573,1569.6032191324198,0.058,0.30329004194464926,0.0019483912109193554,155.66177893070088,False,False,6,False,0.005491990846681922,False,2,True,0.5,0.058123569794050346,True,0.31561593715768965,31.582982760164985,1.0406406195666982,False,True,True,0.2793661938536196,0.31360950465862536,0.5494362143466205,False,4,3,0.46499999999999997,0.09905771345198822,1.5022260616383587,False,False
453941747,2188,2183,OK,,5,0.0022851919561243145,4,0.2135798461522129,1.2329459590385434,0.7712062930658781,False,26.12632321993696,1583.6423716250324,0.12,0.9945259861795406,0.00010121580297891966,9825.797522810462,False,False,3,False,0.0036646816307833257,False,1,True,0.0,0.06871278057718735,False,0.6846017500450265,73.22829674175836,0.6883698963713516,False,True,True,nan,nan,nan,False,0,3,0.0050000000000000044,0.2454372334486451,9.791668784336105,True,False
453947125,1081,1081,OK,,0,0.0,2,0.01728585009503215,1.0001231060880822,0.999876893911918,False,3.988905643806901,1598.1569283032336,0.12,0.007685391478265726,0.000237231567911821,32.39615851260734,False,False,31,False,0.0,False,5,False,0.0,0.037927844588344126,False,0.007755557311289962,22.157662144693017,1.0091297669380492,False,False,False,0.00633041469687412,0.006896323872285781,0.9360101370627361,False,14,22,-0.345,0.0016153237474213489,2.688584668874152,False,False
453950058,1107,1107,OK,,0,0.0,2,0.021659383447294633,1.0537250876089184,0.9462749123910816,False,12.898580820100461,1570.1126078315096,0.5,0.1996286655268431,0.0003244905937626358,615.2063245101984,False,False,20,False,0.0,False,1,True,1.0,0.06594399277326106,True,0.21436126757477225,406.60140367307986,1.0738000327209927,False,True,False,0.214361231876266,-0.00038319402697650773,24.725712220120155,True,20,3,-0.044999999999999984,0.08372892348961403,9.275160778862942,True,False
457566715,2211,2211,OK,,0,0.0,4,0.14310390996085867,1.115002107595968,0.7498178360746152,False,20.427744261778383,1543.9019983646062,0.028,0.0591513611846383,0.0002391941610265332,247.29433582652038,False,False,4,False,0.008141112618724558,False,0,True,0.0,0.06467661691542288,False,0.06608174772938402,48.421945618892984,1.1171636020870734,False,True,True,nan,nan,nan,False,1,4,-0.125,0.003087524057048263,2.220749310662232,False,False
457850280,1081,1081,OK,,0,0.0,2,0.015021472445844397,1.0187480970396787,0.9812519029603213,False,2.0969951337378463,1598.3700810592336,0.17,0.07112773750521716,0.0002627802024828777,270.67388194836224,False,False,93,False,0.0,False,12,False,0.0967741935483871,0.03700277520814061,False,0.06647055127867285,68.01681556317178,0.9345236276325716,False,False,False,0.06020683728299625,0.06400370517300868,0.7368034033954478,False,50,60,0.495,0.01615024527395692,3.242772366259258,False,False
458299617,1107,1107,OK,,0,0.0,2,0.0213983591311627,1.0278661676552614,0.9721338323447385,False,13.096284580813299,1569.5524337248562,0.17,0.20981882623221967,0.01152308734366786,18.208559908861478,False,False,7,False,0.005420054200542005,False,1,True,1.0,0.06684733514001806,True,0.2169385744568414,52.67942871907381,1.0339328379272403,False,True,True,nan,nan,nan,False,0,9,0.03500000000000003,0.030098343132127225,1.0329748356567057,False,False
463169336,1032,1029,OK,,3,0.0029069767441860465,2,0.22544424488835368,1.2198064349640332,0.7801935650359667,False,13.082627895438849,1626.995921569444,0.5,0.24371288529476604,0.0007608789431294523,320.30441569639004,False,False,31,False,0.0,False,2,True,0.22580645161290322,0.022351797862001945,False,0.36238806118460376,302.0694628872188,1.4869466616272766,False,True,False,0.0005998150054276064,0.3708326492941456,28.889986975144247,True,7,29,0.09499999999999997,0.16077676059164325,5.232780220003151,True,False
464064971,2211,2209,OK,,2,0.0009045680687471732,4,0.2334903536698682,1.5703650033385668,0.7297911519036514,False,25.007879193992085,1556.8787145523463,0.244,0.41636032060279915,0.0006387882874407981,651.7970488639975,False,False,10,False,0.007695789950203712,False,1,True,1.0,0.0647351742870077,True,0.36747735706024165,67.87773605993635,0.8825945674367202,False,True,False,nan,nan,nan,False,2,11,0.19500000000000006,0.0328006319992199,3.1812811482641132,False,False
465334170,2188,2188,OK,,0,0.0,4,0.07182199943428096,1.3885322651230063,0.6985818838139635,False,0.7855927844280166,1569.857106833522,0.084,0.006527798127685971,8.660772509004797e-05,75.37200776141937,False,False,230,False,0.005484460694698354,False,55,False,0.0391304347826087,0.0690127970749543,False,0.005558741277763901,12.883815755261168,0.8515492006696614,False,False,False,0.005016015650655126,0.005300376618188274,0.08355659770292558,False,132,145,0.355,0.008194078487174683,2.4937794584425887,False,False
465390277,2188,2188,OK,,0,0.0,4,0.12342033152189354,1.2981055170211362,0.6641825912132238,False,6.383815212004594,1575.257152218896,0.244,0.020792491371820522,0.00017120617177743922,121.44709011337441,False,False,84,False,0.0,False,8,False,0.13095238095238096,0.0690127970749543,False,0.024633408295044235,57.59677759233605,1.1847261520776293,False,False,False,0.02599812127692336,0.020499210694384762,3.32349222595659,True,53,45,0.385,0.03489445861191176,6.9614630237869,True,False
466068018,2188,2188,OK,,0,0.0,4,0.11672243987678002,1.3507200835403923,0.779006047769989,False,14.398897428199877,1582.5331745640021,0.5,0.06334267681976863,0.00028182561447765103,224.75840933469073,False,False,17,False,0.0,False,2,True,0.8235294117647058,0.0690127970749543,True,0.0675008653430843,159.34882411150107,1.065645923602931,False,True,False,0.07488260355888399,0.033975818505949995,37.35116221672304,True,12,12,0.05500000000000005,0.007689848348656825,6.5676087234299825,True,False
466068020,2188,2188,OK,,0,0.0,4,0.06478298115019349,1.311507670561902,0.933601964916724,False,14.373825004584525,1582.517174546039,0.5,0.05320737032120415,0.00023615662742318695,225.30542928976467,False,False,19,False,0.0,False,2,True,0.8421052631578947,0.0690127970749543,True,0.0548685174922936,152.14651427830876,1.0312202456362978,False,True,False,0.054774229819787745,0.04990240739676033,4.577160800350706,True,12,13,0.05500000000000005,0.008358270934730627,6.514622105866832,True,False
466507480,2188,2188,OK,,0,0.0,4,0.03677818036881697,1.121345691596968,0.9505687774893775,False,27.106782362701615,1569.9052687978701,0.5,0.2893413025344561,0.0006734628043420535,429.6321944864217,False,False,13,False,0.0,False,1,True,1.0,0.0690127970749543,True,0.31864430448885195,271.64871178284136,1.10127486707815,False,True,False,0.32117088210204625,-0.0010777818791780636,87.12718854284344,True,12,4,-0.475,0.011808117042661714,4.840011007189401,False,False
467213980,39364,39364,OK,,0,0.0,10,0.017425664962631975,1.078792676232999,0.9599019722125446,False,32.31002073817632,2962.30364963113,0.12,0.0010670683400617472,0.00011347297796086195,9.403722007100145,False,False,208,True,0.0,False,4,False,0.25,0.10728076414998476,False,0.0009402728723101328,6.61596428564066,0.881173995149854,True,True,False,0.0008179770597130931,0.0009237449430814504,0.5120330216760687,False,124,124,0.135,0.0003217626795675166,2.608517042647517,False,False
467214801,104789,104789,OK,,0,0.0,15,0.044486657601043325,1.3321558310122856,0.7076084098485516,False,0.7608504295646796,2825.301535470711,0.084,0.009504972458957057,4.454616518205664e-06,2133.735287899865,False,False,11758,False,0.0,False,329,False,0.08028576288484436,0.06685816259340198,False,0.01055431722621325,104.63647003640314,1.1103995589453117,False,False,False,0.010505937342701999,0.009802428971806831,5.400321394895222,True,6971,7125,0.335,0.013850745061183778,1.961069417658092,False,False
468888637,1119,1111,OK,,8,0.0071492403932082215,2,0.011913799427938555,1.040886547589087,0.959113452410913,False,12.436494175471278,1450.1417839173303,0.084,0.0705674450991884,0.0012933970948761388,54.55976774553235,False,False,9,False,0.008100810081008101,False,2,True,0.5555555555555556,0.039603960396039604,True,0.06819456663405643,52.51633153927444,0.9663743180471294,False,True,True,0.0014213847975885763,0.16034023202710457,4.114345841274143,True,5,5,0.04500000000000004,0.008991948234697622,0.35061535704681773,False,False
46892841,1032,1029,OK,,3,0.0029069767441860465,2,0.06676695494038279,1.1009733795388195,0.8990266204611803,False,13.346237335040248,1626.2221531572848,0.084,0.423108561875914,0.0018065500005581795,234.20805499166028,False,False,4,False,0.0,False,1,True,0.0,0.022351797862001945,False,0.41975566177698,282.64031752735735,0.9920755560131697,False,True,True,nan,nan,nan,False,0,5,0.05500000000000005,0.03148463682167235,5.8726646310439525,True,False
469311289,2211,2211,OK,,0,0.0,4,0.15199794443113335,1.0728848080604478,0.8582834257473695,False,13.1365484952189,1543.3397691722669,0.028,0.16709118518696214,0.0008214853267428807,203.4013021869355,False,False,2,False,0.0,False,0,True,0.0,0.06467661691542288,False,nan,nan,nan,True,True,True,nan,nan,nan,False,0,3,0.03500000000000003,0.02193301602637776,1.7926394413351305,False,False
469314911,36352,36330,OK,,22,0.0006051936619718309,5,0.010369324153454094,1.0872118513789237,0.5250725683015453,False,37.417669895267665,2382.783620370221,0.02,0.3617724469982644,0.002767846033294736,130.70540869920592,False,False,12,False,0.0008257638315441783,False,1,True,0.8333333333333334,0.04500412881915772,True,0.020373134738341125,8.143458236573911,0.05631477716830897,True,True,False,nan,nan,nan,False,1,14,0.365,0.006772927791413252,4.389928299373696,False,False
47215035,20299,20269,OK,,30,0.0014779053155327849,7,0.02554877265615594,1.8396074322534686,0.9772368820922737,False,35.293934674215166,2492.960547813619,0.02,0.29681035168030295,0.0031508350169425995,94.2005373446407,False,False,13,False,0.0015787656026444324,False,1,True,0.6923076923076923,0.0704524150180078,True,0.37177205785154055,93.58764127972576,1.2525575868458236,False,True,False,0.36365789148937133,0.007816130685503353,14.8818237636754,True,14,4,-0.46499999999999997,0.0034801047491156423,3.1074260043275617,False,False
47925310,13256,13251,OK,,5,0.0003771876885938443,5,0.00014636554853223165,2.698387082905456,0.853622864233289,False,15.43459427279063,2777.7228760955345,0.02,0.6347987466308466,0.0016531775421641229,383.9870373510225,False,False,20,False,0.0022639800769753225,False,2,True,0.15,0.053052599803788396,False,0.003602005291245325,0.7590033197188211,0.005674247642048344,True,True,False,0.002950702700790675,0.012880387863883791,0.6304758694783424,False,14,11,0.21499999999999997,0.028454902617368383,7.223570298007196,True,False
516299460,1107,1107,OK,,0,0.0,2,0.03087528673822604,1.0730865832096326,0.9269134167903675,False,10.325584429684824,1575.3934901606408,0.12,0.01425336730518681,0.0003702758306249693,38.493917577956125,False,False,12,False,0.0,False,2,True,0.0,0.06594399277326106,False,0.014604837475872268,23.163138779192305,1.024658746467409,False,True,False,0.01487221562174057,0.013834340462526185,0.8444716032158283,False,7,7,-0.235,0.001349209557162112,1.9187180327699547,False,False
54282826,1072,1072,OK,,0,0.0,2,0.032007613031602086,1.0079405361076492,0.9920594638923507,False,0.8382950463606561,1492.1413895550347,0.084,0.015941399899168558,0.0003155466124156264,50.51995258998735,False,False,109,False,0.0046641791044776115,False,26,False,0.027522935779816515,0.04477611940298507,False,0.01704154512862599,27.61221258268065,1.0690118331147827,False,False,False,0.012830472077983934,0.015105897569812399,0.5023810299307309,False,62,68,-0.495,0.024572288589925106,3.877097330351731,False,False
55476985,13367,13314,OK,,53,0.003964988404279195,24,2.0167575066812193,10.731981464766058,0.5543662015037831,True,39.171751899417096,1360.963640300391,0.028,0.375863039665095,0.0016307336201537037,230.487085701752,False,False,6,False,0.006008712633318311,False,0,True,0.3333333333333333,0.08442241249812228,True,0.007336644456980013,2.0077694249672797,0.019519462364581467,True,True,True,0.25719161736609486,0.0012644606648155587,5.602518645825151,True,4,4,-0.29500000000000004,0.007246122037991576,4.397410676680762,False,False
55586854,1072,1072,OK,,0,0.0,2,0.07672882790674039,1.0246128528503635,0.9753871471496364,False,12.124990704635545,1491.7382637280796,0.058,0.04855191351066102,0.0008261172887478328,58.77121102773724,False,False,6,False,0.0018656716417910447,False,2,True,0.0,0.04664179104477612,False,0.05295617729663071,36.97226000141264,1.090712465637479,False,True,True,nan,nan,nan,False,0,6,-0.195,0.009315707632541415,2.562636446127195,False,False
57131520,1147,1120,OK,,27,0.023539668700959023,1,nan,nan,nan,False,1.0327102948724103,1655.5541184627702,0.12,0.19407758522477164,0.010727880090473095,18.090953999115115,False,False,122,False,0.0008928571428571428,False,22,False,0.00819672131147541,0.03482142857142857,False,0.21324307658135622,24.76906013269922,1.0987516994009792,False,False,False,0.20439005334628702,0.19950109599154042,0.30367445351364275,False,75,70,0.46499999999999997,0.28785581615397426,3.086482895250301,False,False
58593381,1075,1062,OK,,13,0.012093023255813953,2,0.010469991917138932,1.1137091079970085,0.8862908920029917,False,5.819238870021948,1627.4783524246411,0.02,0.19873057634172292,0.007592084302110315,26.17602339932965,False,False,2,False,0.0,False,0,True,0.0,0.022598870056497175,False,nan,nan,nan,True,True,True,0.0014935899427436228,0.0037825185508055803,0.10113015913116184,False,3,3,-0.215,0.02145566020421663,2.5451116086865704,False,False
59631698,56713,56700,OK,,13,0.00022922434009839014,8,0.030207164862299414,6.604511685158497,0.6345912556223109,True,1.1804327241357895,1684.001054580626,0.5,0.013805074639642876,9.645096297307335e-05,143.13050086909863,False,False,23948,False,0.005326278659611993,False,182,False,0.03950225488558543,0.04107583774250441,False,0.0,0.0,0.0,True,True,False,0.0,0.0,0.0,False,14169,14574,-0.425,0.0013386427667732015,2.538877292971461,False,False
59632062,48848,48823,OK,,25,0.0005117916803144448,23,0.2712582941442336,2.131213739484494,0.0,True,13.375330607248136,1688.4160509676249,0.35000000000000003,0.2969806984540141,0.002576910784408303,115.246790944765,False,False,776,False,0.035659422813018454,True,14,False,0.5438144329896907,0.17260307641890094,True,0.13934153899054857,40.83209445773523,0.46919392309303526,True,True,False,0.10110242321102592,0.1398408801721105,4.198192792304511,True,402,532,-0.33499999999999996,0.3308191856544822,5.884773594315762,True,False
60917822,4543,4543,OK,,0,0.0,3,0.010927995195207374,1.1908157566492323,0.7915817316139077,False,27.71650030648304,1618.5848934374699,0.12,0.2713136259695964,0.00026711378626829686,1015.7230360887517,False,False,22,False,0.0,False,2,True,0.0,0.06317411402157165,False,0.288811489591988,670.3251354479983,1.0644931251051593,False,True,False,nan,nan,nan,False,0,25,-0.235,0.0014403751216230942,3.545457269807623,False,False
60922988,29139,29120,OK,,19,0.0006520470846631662,6,0.009500285626080967,1.6702499331715355,0.0,True,28.746429713025773,1767.8598378907952,0.02,0.8192265947437688,0.0007487183419374094,1094.1719320297534,False,False,1,False,0.0005494505494505495,False,0,True,0.0,0.027815934065934064,False,nan,nan,nan,True,True,True,nan,nan,nan,False,0,4,0.015000000000000013,0.0009742466053279664,6.571835769740644,True,False
62281583,1147,1120,OK,,27,0.023539668700959023,1,nan,nan,nan,False,13.414367660234129,1655.4452267834556,0.058,0.034278030968338515,0.0007997150216448296,42.862807425870905,False,False,4,False,0.0,False,1,True,0.0,0.03482142857142857,False,0.03439042117749391,21.705276982825893,1.003278782531564,False,True,True,nan,nan,nan,False,2,6,-0.245,0.0024666225391272167,2.102679267809739,False,False
64690585,1072,1072,OK,,0,0.0,2,0.03486471972028692,1.043689865966776,0.9563101340332242,False,10.38743495105835,1492.2503529380278,0.02,0.2966257055425279,0.0028702026377982843,103.34660753084239,False,False,2,False,0.0037313432835820895,False,0,True,0.5,0.04664179104477612,True,nan,nan,nan,True,True,True,nan,nan,nan,False,1,3,-0.135,0.012186021323044804,3.128436336619136,False,False
66716482,3315,3315,OK,,0,0.0,2,0.031585394701888855,1.0228976584781573,0.9771023415218427,False,8.028258931278463,2561.296403209244,0.12,0.033287306970754854,0.0005130187574309894,64.88516548097682,False,False,54,False,0.0,False,3,False,0.0,0.04343891402714932,False,0.03413893644201904,55.95246589506513,1.0255842105825022,False,False,False,0.03336403327511972,0.03401362222697535,0.6351933485040671,False,20,40,-0.495,0.00271232275723432,3.344087706219277,False,False
66719638,42040,42040,OK,,0,0.0,9,0.28950769791799746,1.822124356664347,0.0,True,37.39714607621469,1763.926620980341,0.084,0.03150972594803307,0.0005312121267444246,59.316654047683194,False,False,37,False,0.0,False,1,True,0.0,0.05014272121788772,False,0.03267217481013995,44.37803541958905,1.0368917477741328,False,True,False,nan,nan,nan,False,43,0,-0.015000000000000013,0.001956214860239003,3.2733606679338436,False,False
67410006,2165,2159,OK,,6,0.002771362586605081,4,0.2014432694958492,1.8598622362656043,0.9316330511928883,False,25.732581538408724,1583.9934770120603,0.084,0.8156287250625999,4.4040478561565815e-05,18519.978703737343,False,False,5,False,0.0009263547938860583,False,1,True,1.0,0.07132931912922649,True,0.7052025905773265,573.2855893796783,0.8646122542130942,False,True,True,nan,nan,nan,False,1,5,0.015000000000000013,0.04935191975978248,9.425384210178047,True,False
70377183,30409,30398,OK,,11,0.00036173501266072546,7,0.005086905652928058,1.8379778623182224,0.9109374426935376,False,26.28000093045783,2512.2587349814426,0.12,0.5406531563670459,0.0010888915784219991,496.5169784401769,False,False,61,False,0.0026317520889532204,False,2,True,1.0,0.07122179090729654,True,0.5783768716803857,450.33653010763436,1.0697743365946972,False,True,False,0.5907770521857065,0.26215607507981686,31.041566321757582,True,49,22,0.03500000000000003,0.006714294394818854,2.651988289746878,False,False
70378879,30422,30411,OK,,11,0.0003615804352113602,7,0.009109463105083948,1.854017140347675,0.9461310093786397,False,39.344064491868465,2525.573751184395,0.17,0.6507225367017786,0.002073230331123169,313.8689063791821,False,False,6,False,0.0047680115747591335,False,1,True,1.0,0.0704021571142021,True,0.7677804659662346,193.39212601195425,1.1798891580699975,False,True,True,nan,nan,nan,False,0,6,-0.345,0.02240228043723813,6.467375430735121,True,False
70598890,1124,1112,OK,,12,0.010676156583629894,2,0.1353681972373637,1.0737692771211538,0.9262307228788463,False,8.70755483741973,1439.8188686599844,0.02,0.3844936106957299,0.0032532451602183994,118.18771465410181,False,False,1,False,0.007194244604316547,False,0,True,0.0,0.039568345323741004,False,nan,nan,nan,True,True,True,nan,nan,nan,False,2,4,-0.135,0.018185380624655245,4.614532676975986,False,False
70789982,29815,29771,OK,,44,0.0014757672312594333,4,0.029017107768660018,1.3338628203996181,0.9628140409975436,False,1.8394560643403497,2911.1551034706754,0.5,0.027454781516219322,0.0003214436984526186,85.41085623511206,False,False,8264,False,0.016022303584024723,False,41,False,0.07187802516940948,0.03809075946390783,False,0.0017564040938127246,4.5172372104308876,0.0639744334798331,True,True,False,0.0009768833704759672,0.0014411999807020237,0.1814896696111716,False,4742,5171,0.43500000000000005,0.005529321957123412,2.240613976268219,False,False
71277966,1616,220,UNRELIABLE_DATA,,1394,0.8626237623762376,,,,,,,,,,,,,,,,,,,,,,,,,,,,,,,,,,,,,,,
73190461,1072,1072,OK,,0,0.0,2,0.0443841917077763,1.042730316313388,0.9572696836866119,False,0.7697876035682693,1491.9168738384587,0.058,0.04693363221909942,0.0003128640634740569,150.01285765436344,False,False,88,False,0.0018656716417910447,False,28,False,0.056818181818181816,0.04477611940298507,False,0.04559889156712238,63.00116832061672,0.9715611047159934,False,False,False,0.04389996723772838,0.0473947958219596,1.0844395955804866,False,47,47,-0.485,0.011870563272933898,3.175591750495386,False,False
73553445,23168,23167,OK,,1,4.316298342541436e-05,5,0.039443346558169036,1.843821589332299,0.978759714556788,False,39.20400292627966,2037.6275637913097,0.04,0.46608071444814647,0.0009679748620407981,481.50084545119324,False,False,3,False,0.0002158242327448526,False,1,True,0.0,0.04985539776406095,False,0.36885254519906596,362.9679802558984,0.7913919923414948,False,True,True,nan,nan,nan,False,6,0,0.0050000000000000044,0.001533116023026193,4.793805205012449,False,False
73559223,3916,3916,OK,,0,0.0,1,nan,nan,nan,False,1.2138417461247843,2391.808730841572,0.17,0.00038547358495914736,7.113867329304891e-05,5.418622067510678,False,False,542,True,0.0,False,22,False,0.03505535055350553,0.037027579162410625,False,0.0005199050289640406,6.485633112138444,1.3487435955414178,True,True,False,0.0004452402398109623,0.00039482537482715685,0.434309025338727,False,299,352,-0.33499999999999996,0.000684277126962618,2.3154111277152554,False,False
73928182,1086,1086,OK,,0,0.0,2,8.456968133910507e-05,1.1451111410122279,0.8548888589877722,False,13.939619881690938,1625.0587153687432,0.17,0.026509886044824287,0.00039458135449108955,67.18484222097963,False,False,12,False,0.0,False,2,True,0.25,0.02117863720073665,False,0.03581597593253982,57.64227106962191,1.3510422440888776,False,True,False,0.002087732484946203,0.03903277339703648,17.097622466113354,True,4,11,0.31500000000000006,0.010107088305668421,5.812717049947396,True,False
75629878,1966,1958,OK,,8,0.004069175991861648,4,0.08755717050191618,1.1608793801447206,0.9060952625616463,False,12.643742423947108,1518.2361480636225,0.35000000000000003,0.08156649021048064,0.0018190960572596465,44.8390231428215,False,False,7,False,0.006639427987742594,False,1,True,0.0,0.06332992849846783,False,0.07772523618888783,32.149246895302916,0.9529064691679079,False,True,True,nan,nan,nan,False,0,12,0.04500000000000004,0.0064194790550548,0.17428357947526252,False,False
76132511,955,955,OK,,0,0.0,3,0.06424292249694441,1.4949015097446767,0.6233169574580965,False,13.512286345562586,1597.0227530942634,0.35000000000000003,0.44632085048446074,8.991396453641595e-05,4963.865766409364,False,False,10,False,0.0,False,1,True,1.0,0.10890052356020942,True,0.4333435728953807,924.1485618044417,0.9709238822811128,False,True,False,nan,nan,nan,False,0,13,0.16500000000000004,0.05637200911243756,8.803827417096526,True,False
76878237,9624,9624,OK,,0,0.0,6,0.05414434268795487,1.201598697830211,0.8406451982063967,False,32.32667430437505,2499.7737790487927,0.17,0.01928843327874537,0.00034225445589058706,56.35699680974075,False,False,24,False,0.0,False,1,True,0.0,0.07481296758104738,False,0.0199715266300875,42.704819746581855,1.035414662324848,False,True,False,nan,nan,nan,False,29,0,0.19500000000000006,0.002162447645078558,4.16092092823367,False,False
76878389,30273,30273,OK,,0,0.0,7,0.07799492186516062,1.1585355736456426,0.9005205031155177,False,39.647437437096194,2500.123853192063,0.02,0.638020119534627,0.005242084288643647,121.71115235915259,False,False,2,False,0.0011561457404287649,False,0,True,0.0,0.07207742873187328,False,nan,nan,nan,True,True,True,nan,nan,nan,False,2,0,0.16500000000000004,0.003039380396441027,2.7171229437268467,False,False
79413227,20046,20046,OK,,0,0.0,7,0.031082740238173825,1.66130662909645,0.9264877133083772,False,38.52170494773372,2482.2116152062526,0.02,0.3050195532243356,0.0014530882919324278,209.91123176603213,False,False,5,False,0.00039908211114436795,False,1,True,0.0,0.06689613888057468,False,0.003696218602866952,1.4875185090894516,0.012117972647309136,True,True,True,0.0008647253501330443,0.0015150831357737538,0.043548736831045876,False,4,3,0.10499999999999998,0.015165259425139355,3.9660901085611324,False,False
79414156,20047,20023,OK,,24,0.0011971866114630619,7,0.05701911824950803,2.166774154982849,0.9839654256670962,False,2.2996872335593306,2475.749613619309,0.244,0.030545318907429866,7.486846415364917e-05,407.98645000574726,False,False,2159,False,0.004744543774659142,False,42,False,0.05974988420565076,0.06697298107176747,False,0.022133867246752925,234.44896327559505,0.7246238716260077,False,False,False,0.01877249492074462,0.01950948822588039,0.29098447965099844,False,1160,1429,0.19500000000000006,0.0010566482964194934,1.1192463302761029,False,False
80644534,1072,1069,OK,,3,0.002798507462686567,2,0.04252141303154687,1.059578723953382,0.940421276046618,False,0.9726428014091497,1492.4883747649496,0.058,0.049788335105878705,0.00031084826378873317,160.16925589044678,False,False,61,False,0.01028999064546305,False,15,False,0.04918032786885246,0.04677268475210477,False,0.05837015169482296,13.512190041901757,1.1723660084374052,False,False,False,0.05324714107993167,0.05203485413787323,0.06075935215477682,False,37,40,-0.33499999999999996,0.0719452328785456,2.571592968793024,False,False
806642213,3073,3066,OK,,7,0.002277904328018223,5,0.05158448217915467,1.1393130770338273,0.802311126525895,False,5.942723858475815,1521.260858479113,0.028,0.6057255235189049,0.0003825981857995173,1583.1897431847913,False,False,13,False,0.0006523157208088715,False,0,True,0.15384615384615385,0.07632093933463796,False,0.0012211792715833836,0.9398293785275681,0.0020160604501013243,True,True,False,0.000509826110838274,0.0012221474012614753,0.03369140888887751,False,9,7,0.125,0.003059679182304542,3.2588424569073684,False,False
80886802,30280,30222,OK,,58,0.001915455746367239,7,0.16970762077044127,2.70143043396056,0.8791930070477313,False,0.9677973275382269,2474.710515055891,0.17,0.15684084681933283,0.0004097554743868838,382.76693448455677,False,False,5281,False,0.00784196942624578,False,124,False,0.07839424351448589,0.07385348421679572,False,0.16417890283616643,251.56077146507099,1.0467866385934934,False,False,False,0.15285501235494114,0.15058569593378146,1.3927437904738802,False,3289,3062,-0.485,0.029998914271298305,1.0924511975545967,False,False
80990897,1934,1932,OK,,2,0.001034126163391934,4,0.23623807400443822,1.0245879977878416,0.8915293731590226,False,24.257341237746516,1510.9181037904514,0.35000000000000003,0.37763219891519195,0.0005218109835468147,723.6953817038855,False,False,31,False,0.008799171842650104,False,2,True,0.5483870967741935,0.07556935817805382,True,0.23118020168714482,68.08389410058851,0.6121835011718979,False,True,False,0.37882194230056654,-0.005248757787193359,16.669343792380136,True,18,18,0.015000000000000013,0.04386318498470354,2.614577892635342,False,False
810800604,3073,3073,OK,,0,0.0,5,0.10630620639152684,1.1821802535838466,0.7989123905288897,False,3.112962565979254,1520.2655173954033,0.12,0.007881400291350349,7.339077184623348e-05,107.38952722643744,False,False,113,False,0.005206638464041653,False,20,False,0.0,0.07191669378457534,False,0.00765450166993753,61.42585264677968,0.9712108745876245,False,False,False,0.007145726332252522,0.006347112604218941,0.12828642739422114,False,68,68,0.485,0.0010422617393127664,3.6409263500537477,False,False
83760154,971,970,OK,,1,0.0010298661174047373,3,23.43580981505546,32.17726569063858,0.7835664923265927,True,13.522977361746639,1596.9481713991993,0.244,0.5216247594023664,0.0038773432652541573,134.53148811372373,False,False,10,False,0.0,False,1,True,1.0,0.10927835051546392,True,0.5233652295543267,174.89788967514576,1.0033366325516342,False,True,False,nan,nan,nan,False,0,13,0.04500000000000004,0.251186848033335,7.844202688786939,True,False
84708426,2292,236,UNRELIABLE_DATA,,2054,0.8961605584642234,,,,,,,,,,,,,,,,,,,,,,,,,,,,,,,,,,,,,,,
86966148,1177,1177,OK,,0,0.0,1,nan,nan,nan,False,0.8181485501593181,1654.6797036383002,0.084,0.08690725180047867,0.00015100172251174024,575.5381485381514,False,False,117,False,0.0,False,27,False,0.0,0.03313508920985556,False,0.08741208956042645,108.29657413778439,1.0058089256015916,False,False,False,0.07867828757338213,0.08257075798685598,1.9450981890927554,False,76,65,-0.495,0.01835954374825588,3.023654165845781,False,False
86966508,1177,1177,OK,,0,0.0,1,nan,nan,nan,False,13.843158660345534,1654.7277080003262,0.12,0.07220616624921229,0.000710334116975381,101.65099003926183,False,False,6,False,0.0,False,1,True,0.0,0.03313508920985556,False,0.06956546604678604,82.16229743423914,0.9634283283603212,False,True,True,nan,nan,nan,False,1,8,0.05500000000000005,0.0042698596917996046,2.94820951480469,False,False
87175640,1177,1177,OK,,0,0.0,1,nan,nan,nan,False,1.7126228801185852,1654.0287441195762,0.058,0.05331721773376268,0.0005870630375056974,90.82026005298492,False,False,40,False,0.0008496176720475786,False,11,False,0.0,0.03313508920985556,False,0.05369975950530104,44.693646288435225,1.0071748262155868,False,False,False,0.047185430756285895,0.04993132120835475,0.5647210298328204,False,25,24,-0.495,0.016832080922518422,4.045547248240336,False,False
87926466,46184,46154,OK,,30,0.0006495756106010739,8,0.2705028511628027,1.1805323391254885,0.8054151402689967,False,0.978475574230071,1684.0888404952248,0.244,0.11947795298160398,0.000706605475778609,169.08721638471758,False,False,11358,False,0.005503314988950037,False,189,False,0.0549392498679345,0.043766520778264074,False,0.12458969510463025,201.84846906935093,1.0427839780935426,False,False,False,0.10307572772507645,0.11049465496826116,5.9771618797918835,True,6973,6714,0.42500000000000004,0.015313177825643454,0.8181187814883055,False,False
90130748,1966,1966,OK,,0,0.0,4,0.14214189221081824,1.2531330413559747,0.6014567195986177,False,1.6198618108684262,1517.8909834011333,0.17,0.014432500516500095,5.5841425768616364e-05,258.45508630639864,False,False,203,False,0.0,False,26,False,0.059113300492610835,0.06358087487283826,False,0.02223724401888505,195.4268332232405,1.5407755567693975,False,False,False,0.021204705767523313,0.003415793005751011,18.013784929205023,True,123,122,0.41500000000000004,0.0007819579068484295,2.2231825208661298,False,False
90461786,46626,46624,OK,,2,4.289452236949342e-05,10,0.03073999463132058,1.698525287872596,0.0,True,4.71472330076475,1686.658814560621,0.244,0.017886943786444513,0.00010174099003282604,175.80862718824943,False,False,2333,False,0.0007721345229924502,False,45,False,0.02657522503214745,0.051947494852436514,False,0.01668714354970602,127.71426078335756,0.9329231281171827,False,True,False,0.012770602118496899,0.01403089515995759,1.5898651634790713,False,1378,1423,0.455,0.004720183470341199,4.778923447990553,False,False
90461835,46608,46595,OK,,13,0.00027892207346378304,10,0.0983957496155993,5.390760973484774,0.8627907153939441,True,4.71472330076475,1686.6528162165948,0.244,0.42890390131208816,0.0003950266475359817,1085.7594139216158,False,False,2311,False,0.001201845691597811,False,45,False,0.025962786672436174,0.05197982616160532,False,0.5020976255160234,992.9012526115303,1.1706529690684173,False,True,False,0.43383475609294386,0.397130066909932,22.827434068750172,True,1362,1414,0.46499999999999997,0.06483369763444102,5.583840170121849,True,False
93196458,1966,1966,OK,,0,0.0,4,0.04184403277105329,1.2129028976649314,0.9346451373563568,False,20.66964748951484,1517.471967721936,0.084,0.015763289018162555,0.00020151754052506155,78.22291288932324,False,False,13,False,0.0,False,3,False,0.0,0.06358087487283826,False,0.015436749835850971,23.86700432156691,0.9792848318688224,False,False,False,0.015436749835850971,0.007452774324552491,2.24657197237562,False,5,10,-0.22499999999999998,0.004064420857932238,1.404520960103985,False,False
93196990,1966,1966,OK,,0,0.0,4,0.10074409719751588,1.2410359750611601,0.8738908764605361,False,22.282050937751972,1534.7119570864859,0.5,0.02658765007759275,0.00016363991199774803,162.4765605957955,False,False,22,False,0.0,False,1,True,1.0,0.06358087487283826,True,0.027569066120332275,131.65822907488345,1.0369124777810519,False,True,False,nan,nan,nan,False,24,0,0.025000000000000022,0.001754299617759525,4.7636016799102805,False,False
93198134,1966,1959,OK,,7,0.003560528992878942,4,0.019966600534511162,1.0453830454196087,0.7646430145987456,False,13.241548534391068,1530.4929361640766,0.35000000000000003,0.735483828639083,0.0005641947577716136,1303.5991889467489,False,False,16,False,0.0,False,1,True,1.0,0.07299642674834099,True,0.6214254857095923,378.08656213869256,0.8449206651619509,False,True,False,0.35489019949162115,0.4838995730853004,10.034355848336062,True,4,16,0.025000000000000022,0.0881332775860606,8.425543437869493,True,False
93622174,1084,1080,OK,,4,0.0036900369003690036,2,0.020924435492000973,1.1026765649816583,0.8973234350183416,False,1.0549032747619749,1569.721038245723,0.17,0.015490545444394358,0.0003058038797781935,50.65516322301078,False,False,177,False,0.0,False,22,False,0.07909604519774012,0.0712962962962963,False,0.016543949351289222,14.364393834314559,1.0680030222742134,False,False,False,0.012047359135342495,0.014923922035828263,1.4467908883937115,False,106,107,0.235,0.011308816983462755,2.6345334789445896,False,False
96963521,12587,12587,OK,,0,0.0,5,0.022478023779344356,1.2973850835322638,0.7635577587622394,False,27.107415478167773,2820.560538841924,0.084,0.010279360488614019,0.00037614982779318214,27.327835157925165,False,False,37,False,0.0,False,1,True,0.0,0.07841423691109875,False,0.0098906327485061,24.20986481569641,0.9621836649723011,False,True,False,nan,nan,nan,False,43,0,-0.485,0.0008042412790232323,3.5596155246543653,False,False
96964370,14187,14187,OK,,0,0.0,2,0.029890043153655867,1.1043803053710004,0.8956196946289995,False,27.9302158043092,2817.5675557592854,0.02,0.2848046669484257,0.0009013980257991391,315.95883150058006,False,False,10,False,0.000775357721858039,False,1,True,0.0,0.054063579333192356,False,0.27162568980268553,208.08750330431045,0.9537262598715536,False,True,False,nan,nan,nan,False,0,14,-0.485,0.006798576605872575,5.974482124734081,True,False
132195655,2211,2211,OK,,0,0.0,3,0.014358812590345533,1.2910729475362968,0.9212534165266605,False,13.13648671951204,1556.4021822581626,0.12,0.131922547239413,0.0007850988448322848,168.03304209114546,False,False,6,False,0.0,False,1,True,1.0,0.06558118498417007,True,0.1287150464574609,126.71945844407722,0.9756864853728824,False,True,True,nan,nan,nan,False,8,0,-0.024999999999999994,0.01698640820280084,2.0675090389892357,False,False
139850283,24457,24457,OK,,0,0.0,4,0.028818106426380465,1.1193577211721073,0.9451310125051859,False,1.2958316643057688,2229.627940835488,0.12,0.6186081745466384,0.00093771504076054,659.6974002303643,False,False,1893,False,0.00032710471439669625,False,59,False,0.01901743264659271,0.0337326736721593,False,0.7322545076344765,410.68446786335846,1.1837129507238189,False,False,False,0.6525808788512162,0.6574450492134916,0.6230268095423109,False,1128,1250,0.495,0.7661246484308671,3.5104245987224627,False,True
231200465,981,981,OK,,0,0.0,2,0.02505153263201992,1.043025197089755,0.9569748029102451,False,3.8859016000555666,1468.5811818146892,0.244,0.09019822408467618,0.003461423250130545,26.058132036084988,False,False,71,False,0.0,False,6,False,0.0,0.047910295616717634,False,0.0922580805311537,62.2514550876157,1.0228369955992014,False,False,False,0.0918962215865623,0.08288349023685804,3.020108220466846,True,42,42,0.495,0.030979494483944214,3.9294738415567103,False,False
269668501,19145,19145,OK,,0,0.0,6,0.0609785603167685,8.188052055942189,0.7544747322968146,True,34.10418459911437,1738.0455082225205,0.244,0.1261159052738937,0.0010821380489287825,116.54326857718098,False,False,48,False,0.0008879603029511622,False,2,True,0.75,0.06106032906764168,True,0.1322258291277909,98.5294605642977,1.0484468936779059,False,True,False,-0.0009807057656785467,0.14087282943633805,34.23346339915271,True,32,41,0.18500000000000005,0.0014029903535823784,3.0797907244973124,False,False
299146010,2211,2211,OK,,0,0.0,3,0.0441602189160243,1.0023486119356704,0.9771938930076611,False,13.136446546887933,1543.3401211240873,0.028,0.08422954657616015,0.001163808580524354,72.37405530917337,False,False,2,False,0.0,False,0,True,0.0,0.06558118498417007,False,nan,nan,nan,True,True,True,nan,nan,nan,False,0,3,0.03500000000000003,0.002504115569133214,0.17451953338116696,False,False
349702481,22010,22005,OK,,5,0.00022716946842344388,4,0.03883599656759036,1.640156166787852,0.8765818911779655,False,27.09998016748735,2404.375643609598,0.058,0.25093197102388426,0.008850770101632892,28.35142797095017,False,False,37,False,0.00758918427630084,False,3,False,0.43243243243243246,0.04589865939559191,True,0.25574681875865823,23.736623649512605,1.0191878608179255,False,False,False,nan,nan,nan,False,0,43,-0.0050000000000000044,0.037491547723073726,3.1909307687663704,False,False
393923434,862,862,OK,,0,0.0,2,0.15105549499913243,1.2150283739235757,0.7849716260764242,False,3.2710380703099737,1518.191130736956,0.02,0.05792653981210712,0.0007124088820917393,81.31080516855168,False,False,2,False,0.013921113689095127,False,0,True,0.0,0.058004640371229696,False,nan,nan,nan,True,True,True,0.0005852620436213041,0.007481864940982796,0.12548380908125592,False,6,5,0.245,0.004193002107131805,2.97311751328953,False,False
414262531,1086,1086,OK,,0,0.0,2,0.021650801331848803,1.0241825787111123,0.9758174212888879,False,13.565366450985822,1625.9897453009553,0.5,0.00890601140620449,0.0006255050364956195,14.238113023198432,False,False,20,False,0.0,False,1,True,0.0,0.022099447513812154,False,0.00834595246603409,10.05108361485625,0.9371145045042018,False,True,False,nan,nan,nan,False,0,28,0.42500000000000004,0.004017178541187549,2.7787156273416342,False,False
47917292,13473,13464,OK,,9,0.0006680026720106881,4,0.00586485496792655,1.815581138487308,0.682210660058656,False,14.60656941914596,2777.686836595897,0.084,0.49249842762827994,0.0021004689513791767,234.47070108077693,False,False,4,False,0.008912655971479501,False,0,True,0.5,0.043003565062388595,True,0.5873145423626782,36.94595715326162,1.1925206445653103,False,True,True,nan,nan,nan,False,3,2,0.0050000000000000044,0.021056329011626573,4.408545049005161,False,False
230913119,1054,1042,OK,,12,0.011385199240986717,2,0.049017306338761425,1.1377774140719148,0.8622225859280849,False,11.105594904129344,1630.9520770845522,0.12,0.17501332007798603,0.003703160273615177,47.260530775550485,False,False,10,False,0.0028790786948176585,False,2,True,0.0,0.06525911708253358,False,0.10485744579577272,7.79341557668462,0.5991398011822653,False,True,False,0.052296548804775966,0.14060162351038175,2.928533616145927,False,7,7,0.05500000000000005,0.05063135464527502,2.9615172101658302,False,False
330564044,1081,1078,OK,,3,0.0027752081406105457,2,0.012010169277579868,1.0350541906990824,0.9649458093009174,False,13.271033064046874,1596.8203152103538,0.028,0.1840668566036394,0.0020093673608606215,91.60438264748298,False,False,2,False,0.0,False,0,True,0.0,0.03710575139146568,False,nan,nan,nan,True,True,True,nan,nan,nan,False,0,3,0.06500000000000006,0.008496494151245315,0.9321488376727934,False,False
379654616,2188,2188,OK,,0,0.0,4,0.08323751597491942,1.6086782856746469,0.4477207145084079,False,26.95903875225392,1582.898146779655,0.35000000000000003,0.0851070347698447,0.0008134073045196566,104.63028091455752,False,False,14,False,0.0,False,1,True,1.0,0.06855575868372943,True,0.08724711203470026,198.70418602135825,1.0251457152824437,False,True,False,nan,nan,nan,False,2,16,-0.475,0.011789611629274166,2.634703073542649,False,False
42256323,12793,12793,OK,,0,0.0,10,0.022195951657060904,1.7909543214488504,0.7193264417650367,False,1.153858841587889,1684.3920098746864,0.17,0.00046219484059408265,1.6748378177071035e-05,27.59639385423237,False,False,1858,False,0.0,False,98,False,0.053283100107642624,0.08270147737043695,False,0.00039744048952039535,17.527727944558492,0.8598981524967799,False,False,False,0.000368873866133379,0.0003503908761448571,0.5076842965012299,False,1136,1085,0.495,0.0005999394515967538,3.063364158147808,False,False
230907580,1054,1042,OK,,12,0.011385199240986717,2,0.0054485026274518865,1.1170330708934586,0.8829669291065415,False,9.400124276763387,1633.5940195260278,0.12,0.046928491831363876,0.00033087860786515545,141.82993616344297,False,False,17,False,0.003838771593090211,False,3,False,0.0,0.06525911708253358,False,0.04994312422946945,51.86710239130929,1.0642388510787555,False,False,False,0.0015611879941596074,0.0579220032460952,5.099695197877722,True,7,13,-0.385,0.009136917118329424,4.174603743660117,False,False
330563946,1081,1078,OK,,3,0.0027752081406105457,2,0.02385962097851344,1.0332474857060348,0.9667525142939652,False,13.271033027193061,1596.820315767045,0.028,0.17497280552495328,0.0016990290540899356,102.98399848063538,False,False,2,False,0.0009276437847866419,False,0,True,0.0,0.03710575139146568,False,nan,nan,nan,True,True,True,nan,nan,nan,False,0,3,0.08499999999999996,0.028225774859293784,2.7567274842010794,False,False
379653933,2188,2188,OK,,0,0.0,4,0.07241048584809362,1.1229713933125078,0.8723399478285766,False,14.192600763486334,1582.9631538141437,0.5,0.1001386488483784,0.0008583524159635749,116.66379331613356,False,False,31,False,0.0,False,3,False,0.9032258064516129,0.06855575868372943,True,0.1015294758443619,81.2250326298838,1.0138890130032547,False,False,False,0.0719116796936955,0.09503266787048847,3.186676279694228,True,11,29,0.05500000000000005,0.007210561409855432,3.3701011571787975,False,False
42256493,104286,104286,OK,,0,0.0,10,0.5211998207542186,1.5270377652434235,0.6631998110242198,False,1.1570285483814957,2420.738955237008,0.12,0.016628800308146844,1.5725161291222057e-05,1057.4645308998647,False,False,10838,False,0.0,False,127,False,0.08848496032478317,0.07818882687992636,False,0.015149344561710798,122.82288283108605,0.9110305181961187,False,False,False,0.012078784439309875,0.015040616035084775,11.89356012592193,True,6306,6713,-0.495,0.020914472995620104,3.157193735470378,False,False
230376393,220633,220633,OK,,0,0.0,16,0.06092134622246755,1.6629960112820874,0.9063985266181309,False,38.416173835260345,2404.9958059982087,0.35000000000000003,0.02862122093060096,0.0013005703440463032,22.00666889078472,False,False,2124,False,0.00416075564398798,False,19,False,0.07721280602636535,0.028155353007029774,False,0.014405393035860747,8.694896710627575,0.5033116187038313,False,False,False,0.010563926217113218,0.014807941564866645,1.5439354129851692,False,1457,1081,0.025000000000000022,0.00720619279162682,3.883645355837561,False,False
230913196,1054,1042,OK,,12,0.011385199240986717,2,0.08592818650264668,1.1300691601031663,0.8699308398968337,False,13.573141401725564,1630.4940647620756,0.244,0.019804501392928078,0.0001008610827746414,196.35424137948425,False,False,23,False,0.0,False,2,True,0.0,0.06525911708253358,False,0.019923521686112222,57.78190461563423,1.0060097596411413,False,True,False,0.021927879251466442,0.01628407692977163,2.4899534258962666,False,13,14,0.46499999999999997,0.007199721171156526,3.2186170485961765,False,False
330569407,1078,1078,OK,,0,0.0,2,0.02542029075174249,1.011118079059626,0.9888819209403739,False,3.602843082491972,1600.1332833116353,0.35000000000000003,0.030479586192383612,0.00031323143306434596,97.30692061841158,False,False,94,False,0.0,False,6,False,0.1595744680851064,0.03710575139146568,False,0.03162748835571194,42.80936885335739,1.0376613434343531,False,False,False,0.03543367671211428,0.02449685573186222,1.1837472019528301,False,51,60,0.495,0.009495947266986104,3.5235147836898197,False,False
379655189,2188,2188,OK,,0,0.0,4,0.038309763242701744,1.123408807282221,0.8866972079137536,False,13.774848247134006,1582.989141173353,0.5,0.067238728645971,0.0004180978068572441,160.8205724669804,False,False,31,False,0.0,False,2,True,1.0,0.06855575868372943,True,0.06785981684797315,141.1376040743197,1.0092370604636554,False,True,False,0.06432225500762212,0.06551821396113955,1.1680230342509603,False,15,22,-0.345,0.0021150781243400862,2.1473107655259924,False,False
42257620,46637,46637,OK,,0,0.0,10,0.025609823366296317,2.133563424718707,0.0,True,37.8097696080326,1700.300784106511,0.12,0.12674068527558782,0.00038036982412686975,333.2038380450347,False,False,159,False,0.0017153762034436176,False,4,False,0.0,0.05193301455925552,False,0.0035694544447042453,8.566041532100447,0.02816344599165408,True,True,False,-0.0016079416178103045,0.00545980438240401,1.7146117832187937,False,63,132,0.395,0.0004684699825121541,3.807557412052262,False,False
100424241,1029,1029,OK,,0,0.0,2,0.21082025467705162,1.006456568969513,0.9935434310304867,False,12.813943899730154,1627.5869994941659,0.35000000000000003,0.06505062211060385,0.00011731409762453001,554.4996162251686,False,False,20,False,0.0,False,2,True,0.15,0.022351797862001945,False,0.08176737707911974,96.22070606217098,1.256980708656296,False,True,False,0.0035440688834088574,0.08236733729069923,10.87017637337344,True,8,19,-0.05499999999999999,0.041806571472865595,6.264497279086435,True,False
102373706,52561,52561,OK,,0,0.0,6,0.008778310701079005,1.2852163373245649,0.7736281861949263,False,18.620291239970093,2432.593259391642,0.02,0.06911788060424026,0.012121142503234369,5.702257900672074,False,False,58,True,0.02176518711592245,True,4,False,0.25862068965517243,0.09596468864747626,False,0.06440806467239102,4.3314582814803595,0.9318582125106379,True,True,False,0.06609658796870332,0.039927389313433426,1.1104325968143405,False,34,33,-0.405,0.010329287461079195,2.4696082431668906,False,False
102509246,52015,51998,OK,,17,0.0003268287993847928,4,0.01918025022705375,1.5963290218734252,0.7000050388556065,False,2.562883002632999,2771.083306301453,0.17,0.2455373910465728,0.0007427387098238182,330.58380800539624,False,False,3452,False,0.002750105773298973,False,61,False,0.03360370799536501,0.030520404630947344,False,0.2431081784589032,273.08155907056573,0.9901065472052327,False,False,False,0.20503694880067758,0.2059731298719052,0.5006917790695016,False,2085,2041,-0.20500000000000002,0.006191754125483007,1.0304689186220655,False,False
102566477,1101,1101,OK,,0,0.0,2,0.03243161307565039,1.1739721535566694,0.8260278464433305,False,6.69398051721121,1545.675982251676,0.5,0.0022891902844508617,2.747552711524323e-05,83.3174291743009,False,False,96,False,0.0,False,4,False,0.0,0.04178019981834696,False,0.002083106631041165,10.730848830818855,0.9099753066359302,False,False,False,0.0009601347787966397,0.0024982164003126694,2.312026783966522,False,57,58,0.14500000000000002,0.0016022705363063494,1.894283949009129,False,False
10507887,46834,46818,OK,,16,0.00034163214758508773,10,0.05203836996718904,1.6026178405423628,0.0,True,38.797444556684,1827.7232141295372,0.12,0.11672738053168497,0.0009329160428529909,125.12099178262163,False,False,120,False,0.010209748387372378,False,3,False,0.0,0.0350079029433124,False,0.027248210614057022,19.34462336476245,0.23343461054247383,True,True,False,0.23456276267955223,0.0012301938960189718,24.323525341620485,True,83,63,0.06500000000000006,0.0028751033155863803,2.377848212363836,False,False
111405721,7740,7740,OK,,0,0.0,3,0.037609986965431774,1.3502915406959297,0.7226364119340746,False,13.22207924205054,3493.021402463386,0.17,0.0015945959308944567,3.4077273519407216e-05,46.79353029773126,False,False,139,False,0.0,False,2,True,0.0,0.11136950904392764,False,0.001804918630496366,15.212531292687078,1.131897175658747,False,True,False,0.0017268613382275255,0.001181362466498026,2.8994245672127397,False,90,79,-0.455,0.0019318699193452415,5.514175383683978,True,False
120017701,1086,1075,OK,,11,0.010128913443830571,2,0.028760320958397687,1.0310844704495592,0.9689155295504409,False,12.564445839532041,1570.9738686103578,0.5,0.07342602919230398,0.0018822446430905634,39.00982237449307,False,False,21,False,0.018604651162790697,False,1,True,0.6190476190476191,0.08186046511627906,True,0.060143397503617635,26.999552511871794,0.8191018657171435,False,True,False,nan,nan,nan,False,0,26,-0.065,0.015353749456267995,1.0760552860306751,False,False
12079324,44923,44778,OK,,145,0.0032277452529884468,6,0.0023237922166822653,1.5320775659472914,0.7318424821526465,False,28.944256268762615,2445.251566566632,0.12,0.07138483574997208,0.001200519578213672,59.461617324217265,False,False,207,False,0.0028138818169636875,False,6,False,0.0,0.041917906114609854,False,0.05250831557413105,28.34698104228134,0.7355668052251781,False,False,False,0.027277302334522524,0.12220056136731972,14.162558086809863,True,145,104,0.025000000000000022,0.005955856094566392,2.7957427991975954,False,False
121468940,1062,1062,OK,,0,0.0,2,0.04020268510105572,1.0902768045955262,0.9097231954044739,False,12.316540091734378,1330.0119794855555,0.084,0.10177114504658694,0.001963062989276796,51.84303590995825,False,False,5,False,0.0,False,1,True,0.0,0.07344632768361582,False,0.09753597025434202,42.467297583408524,0.9583853086225352,False,True,True,nan,nan,nan,False,5,1,-0.265,0.0160864357156304,5.5680721749448905,True,False
123508954,1048,1040,OK,,8,0.007633587786259542,2,0.08935622563730024,1.2615988041971709,0.738401195802829,False,2.202588410447408,1625.7609675012254,0.17,0.03697110001679471,0.00031851304637356127,116.0740523433189,False,False,94,False,0.016346153846153847,False,13,False,0.11702127659574468,0.06442307692307692,False,0.03482920781975607,30.745924425763246,0.9420657703972656,False,False,False,0.03170540537689481,0.03255290028244162,0.05867878274536635,False,58,55,-0.245,0.012725308777330913,3.679270267505602,False,False
125936286,13610,13608,OK,,2,0.00014695077149155033,2,0.11818953073193045,1.5433922145106331,0.45660778548936676,False,1.311567707553455,2797.964586625485,0.17,0.35493169005560826,0.0017928238584627146,197.97354234227456,False,False,1316,False,0.06672545561434451,True,40,False,0.11094224924012158,0.051587301587301584,False,0.3225921846208508,114.87249302120006,0.9088852690789861,False,True,False,0.24584160377231046,0.35845726453833515,16.594183488991476,True,1143,527,0.255,0.05222524170729048,1.7567417213597478,False,False
126939649,7429,7428,OK,,1,0.00013460761879122358,3,0.004373145486487584,1.3591034113702551,0.9819038117366325,False,22.63672633283727,2432.7356069165403,0.02,0.2200421769149563,0.010647002210048847,20.667054685804068,False,False,2,False,0.00026925148088314486,False,0,True,0.0,0.05815831987075929,False,nan,nan,nan,True,True,True,nan,nan,nan,False,4,0,-0.365,0.016148244207639495,3.4027657071859907,False,False
1270818280,2292,327,UNRELIABLE_DATA,,1965,0.8573298429319371,,,,,,,,,,,,,,,,,,,,,,,,,,,,,,,,,,,,,,,
127259977,1072,1072,OK,,0,0.0,2,0.006969361815330787,1.0107048581314455,0.9892951418685544,False,0.7006859866459646,1492.0865469508415,0.5,0.003729627996712753,0.00029515577615592026,12.63613419763306,False,False,762,False,0.0018656716417910447,False,33,False,0.03805774278215223,0.04477611940298507,False,0.0018023469627163058,7.358317536184236,0.4832511350474824,True,True,False,0.0009690948900826779,0.0007435169017265819,0.13630247170860066,False,453,464,nan,nan,nan,False,False
130139819,24472,24453,OK,,19,0.0007763975155279503,6,0.014712482860390603,2.1568776665462757,0.7652437894675362,False,28.707026949752578,2796.773032827503,0.084,0.7081066324005374,0.0009646607084083338,734.0473455883734,False,False,17,False,0.001717580664949086,False,1,True,0.0,0.044125465178096755,False,0.8056869337827418,530.0248357272964,1.1378045295966224,False,True,False,nan,nan,nan,False,0,25,0.0050000000000000044,0.13729490543938805,10.01205434865509,True,False
1325721550,1048,1042,OK,,6,0.0057251908396946565,2,0.08135719506374561,1.2260439516563943,0.7739560483436057,False,5.694648008572147,1627.6856547747864,0.02,0.3230287061764846,0.0027841048938336524,116.02605451107162,False,False,2,False,0.019193857965451054,False,0,True,0.5,0.06525911708253358,True,nan,nan,nan,True,True,True,0.02167437984634346,0.001205422399396916,0.24291508633090675,False,3,3,-0.245,0.032807078309998516,2.876132090884092,False,False
135324633,2211,2209,OK,,2,0.0009045680687471732,3,0.04516687832213085,1.039359041669563,0.9204307864040712,False,13.056635067421462,1543.8234204691187,0.244,0.21574178972591923,0.0008545878853325862,252.4512615129776,False,False,24,False,0.004074241738343142,False,3,False,0.875,0.06564056133997284,True,0.13631647316335538,109.86386597218255,0.6318501081155086,False,False,False,0.02431441818652813,0.2789682065299388,17.341178944243026,True,25,4,-0.044999999999999984,0.0044974756575303365,1.6801876205768056,False,False
136186341,13278,13196,OK,,82,0.006175628859768037,3,0.007724570327371668,1.0944571898401716,0.7111167871100401,False,0.7333894018460311,2770.1812408974533,0.35000000000000003,0.48111765540186974,3.387904271506146e-05,14201.040432231024,False,False,6339,False,0.009093664746892998,False,70,False,0.0593153494241994,0.06812670506214004,False,0.0,0.0,0.0,True,True,False,0.0,0.0,0.0,False,3813,3823,nan,nan,nan,False,False
138407532,49647,49646,OK,,1,2.01422039599573e-05,12,0.02758152045473393,1.7320875972996523,0.0,True,39.43050482469728,1880.872263041723,0.058,0.3629891946737365,0.0005014616782613327,723.8622818243904,False,False,49,False,0.00024171131611811625,False,2,True,0.4897959183673469,0.08880876606373121,True,0.00830680113059723,14.751524955083424,0.022884430865947908,True,True,False,nan,nan,nan,False,56,0,0.0050000000000000044,0.0015062043379068246,7.2142225879418325,True,False
139739718,1966,1966,OK,,0,0.0,4,0.02994224333836969,1.0770855590254766,0.902388589151858,False,13.391370915101264,1530.1021004072995,0.5,0.30137564910741077,0.0014464880790712796,208.34990171568478,False,False,20,False,0.0,False,2,True,1.0,0.06358087487283826,True,0.2957505897041156,246.7946462579672,0.9813353885094732,False,True,False,0.2581166227030375,0.2943527512991243,5.618137802585816,True,4,19,0.04500000000000004,0.03302681709943944,7.881881038788084,True,False
1421984476,45347,45301,OK,,46,0.0010144000705669615,5,0.006974472347419966,1.2758286848908789,0.6352070651022779,False,39.3116982438811,2388.3218447151357,0.028,0.33557808574204506,0.002075924978417042,161.65231847536893,False,False,22,False,0.003311185183550032,False,3,False,0.0,0.05319970861570385,False,0.008052604716711764,1.4911238313423958,0.023996217449376914,True,True,False,0.3039055452394823,0.0008773586044695802,12.430609731336128,True,8,18,-0.0050000000000000044,0.0036266819995068866,2.54163867055047,False,False
142261967,1073,1070,OK,,3,0.0027958993476234857,2,0.022119328452552038,1.0232465194453895,0.9767534805546104,False,11.115154544150638,1570.6754615036136,0.028,0.5167594286788898,0.008307877202074201,62.2011394860136,False,False,2,False,0.0009345794392523365,False,0,True,1.0,0.08785046728971962,True,nan,nan,nan,True,True,True,nan,nan,nan,False,0,3,0.04500000000000004,0.017079582955526584,4.922130771795311,False,False
142831984,862,861,OK,,1,0.001160092807424594,2,0.08659688800566001,1.313328979482929,0.686671020517071,False,0.9757703104728023,1518.1778353724264,0.5,0.00948141065932894,7.169628733394449e-05,132.24409536252207,False,False,432,False,0.017421602787456445,False,19,False,0.05092592592592592,0.05807200929152149,False,0.00022580897586044202,2.134801025138009,0.02381596831672556,True,True,False,-9.777555212964195e-05,0.00024080118068370293,0.039329353037663176,False,254,269,nan,nan,nan,False,False
142837844,1072,1072,OK,,0,0.0,2,0.006513384407599211,1.028059458192933,0.9719405418070669,False,6.736161129412147,1494.770687156925,0.12,0.055656936197492096,0.0007264056335502278,76.61963733055721,False,False,22,False,0.0037313432835820895,False,4,False,0.0,0.04477611940298507,False,0.05767861562817678,47.39900852145678,1.0363239439467344,False,False,False,0.05058298749502532,0.05052227081976035,0.007857757025067257,False,14,13,-0.495,0.01081322414755892,4.9316245620225985,False,False
144065546,1184,1184,OK,,0,0.0,2,0.03429213437780011,1.0329317477234725,0.9670682522765275,False,11.13560414926705,1329.202863141143,0.5,0.0013626312684591063,0.00021846875387321901,6.23719064763771,False,False,71,True,0.0,False,3,False,0.07042253521126761,0.041385135135135136,False,0.0015957184356071297,6.271638388241365,1.1710566699468181,True,True,False,0.0006274298784876287,0.0013167966244366225,1.6908745670650298,False,28,57,-0.08499999999999999,0.0012703825549186254,1.9053896918743964,False,False
145593909,1966,1953,OK,,13,0.006612410986775178,4,0.097499525018956,1.1190450510942522,0.8057125728184095,False,20.561238047396234,1535.149777399001,0.35000000000000003,0.09518705786085305,0.00022667293340521236,419.93129232898616,False,False,15,False,0.009216589861751152,False,1,True,1.0,0.06349206349206349,True,0.09172086096028043,145.35222748108234,0.9635854182441524,False,True,False,nan,nan,nan,False,2,17,0.025000000000000022,0.006506183738971272,4.800758055603622,False,False
145599024,1966,1966,OK,,0,0.0,4,0.02088948863560727,1.5547641589295558,0.9301358977525237,False,17.57453692042574,1517.5518293280202,0.244,0.02165945262613771,0.0002627195900332487,82.44323395676957,False,False,33,False,0.001017293997965412,False,3,False,0.36363636363636365,0.06307222787385554,True,0.021152964256782036,51.507419722424046,0.9766158278282404,False,False,False,0.027216339489648855,0.0012281472662448722,6.2373017474851515,True,13,27,0.015000000000000013,0.0019430459693013935,2.5315204329065124,False,False
145904137,1934,1914,OK,,20,0.010341261633919338,4,0.19313809668631474,1.1952854731462268,0.8543126467590195,False,15.961223939817117,1503.2509058937858,0.35000000000000003,0.0543217245490311,0.0004374290812093153,124.18407207598864,False,False,32,False,0.008359456635318705,False,2,True,0.53125,0.07105538140020899,True,0.0597811949999596,84.1635226869294,1.1005025244734405,False,True,False,-0.0007542086885128363,0.07207338547867992,3.1199596933799865,True,19,18,-0.175,0.004737142906891423,3.744058684073612,False,False
146181323,1934,1934,OK,,0,0.0,4,0.0926009515296205,1.5210305330329466,0.7796293285927609,False,23.69037769939273,1491.7361180101038,0.028,0.3185663173301418,0.0007194718251910122,442.7780299048761,False,False,4,False,0.0077559462254395035,False,0,True,0.0,0.07549120992761117,False,0.27161783006033324,95.88916164541166,0.8526257023552364,False,True,True,nan,nan,nan,False,2,3,-0.16499999999999998,0.010856191353205702,3.9502707558947705,False,False
146612348,2189,2187,OK,,2,0.0009136592051164915,4,0.12300815016447239,1.136922826727182,0.9011899469341574,False,1.547228084204541,1544.6438296877268,0.12,0.018410434386085438,0.00014101034591204224,130.56087670027617,False,False,175,False,0.0,False,31,False,0.10857142857142857,0.07041609510745313,False,0.01859135429649439,74.84787215845294,1.0098270310528734,False,False,False,0.01587457159081407,0.018736580855507334,1.5444845995227312,False,101,106,0.46499999999999997,0.001337147532544991,2.2106160503098757,False,False
147440772,862,862,OK,,0,0.0,2,0.025538717369573465,1.1316651341164634,0.8683348658835367,False,11.198526672287862,1517.4610705537013,0.02,0.2036033839718653,0.0013518409353136687,150.61193861881617,False,False,2,False,0.0,False,0,True,0.5,0.058004640371229696,True,nan,nan,nan,True,True,True,nan,nan,nan,False,1,4,0.41500000000000004,0.038203534825003826,6.43581664349179,True,False
150246762,12295,12295,OK,,0,0.0,22,26.42394575190935,42.2176546952354,0.7095221232784751,True,26.475375974580807,1331.337125836242,0.02,0.33072850805358645,0.0020988962456482472,157.5725854669107,False,False,3,False,0.0065067100447336315,False,0,True,0.3333333333333333,0.08385522570150468,True,0.3941183050877727,113.16717984218896,1.191667169568326,False,True,True,0.00292467072730207,0.00743345181179178,0.11012639386443265,False,4,3,0.125,0.0017315120851748578,2.574122632627182,False,False
150250303,12295,12294,OK,,1,8.133387555917039e-05,22,48.59468670868313,89.23831240014502,0.8072562801471163,True,39.8,1344.562133582053,0.35000000000000003,0.02915078481331794,0.00020461240160512864,142.4683185605465,False,False,61,False,0.004229705547421507,False,5,False,0.2786885245901639,0.08386204652676102,False,0.000799772965066059,2.9246745847021627,0.027435726694420647,True,True,False,0.0011965853897346612,0.0003727884353118549,0.1254163322689202,False,38,37,-0.485,0.000796470502048785,2.9218877262299046,False,False
151642565,2189,2188,OK,,1,0.00045682960255824577,4,0.02101024839860819,1.4383869263593232,0.5108099607494425,False,18.13879976436768,1561.6503891136676,0.02,0.8297082876880837,0.0006059631590717737,1369.238831217144,False,False,1,False,0.004113345521023766,False,0,True,0.0,0.07038391224862889,False,nan,nan,nan,True,True,True,nan,nan,nan,False,1,2,-0.46499999999999997,0.019967155158266525,3.1040740353353864,False,False
153034525,1934,1919,OK,,15,0.0077559462254395035,4,0.15528605565218165,1.1680607103170157,0.9332066766061564,False,13.917634390072196,1504.5475834475483,0.35000000000000003,0.051590341470665935,0.0003935964447140929,131.07420598816887,False,False,7,False,0.007816571130797291,False,1,True,0.0,0.07347576862949452,False,0.051807723629668234,77.4181284368157,1.0042136212478048,False,True,True,nan,nan,nan,False,8,2,0.07500000000000001,0.0019950647691364676,0.02242135270555061,False,False
153333352,1934,1917,OK,,17,0.008790072388831437,4,0.12058899280664863,1.1328789339885947,0.8846292103641055,False,0.9415263654349476,1492.1142637035261,0.5,0.002708201010284197,7.423835557266643e-05,36.479808710651454,False,False,1011,False,0.007303077725612937,False,44,False,0.07319485657764589,0.07303077725612937,False,0.00023963579844688,2.627271607437592,0.08848523338440552,True,True,False,0.00014508672165791658,0.00016687174281126982,0.004839838954424424,False,608,608,nan,nan,nan,False,False
154829665,1934,1912,OK,,22,0.011375387797311272,4,0.28691488212814903,1.2392960891918885,0.951031094287271,False,0.9454363941596732,1492.10836167095,0.5,0.0032423787576721435,4.484573226295235e-05,72.30072058274128,False,False,1000,False,0.006276150627615063,False,43,False,0.063,0.07112970711297072,False,0.00016145420805391275,3.144520140563371,0.04979498698968418,True,True,False,0.0001321678326646758,0.00011119335000786545,0.005044824834373516,False,591,611,nan,nan,nan,False,False
158332477,2189,2187,OK,,2,0.0009136592051164915,4,0.228319886364577,1.8479054193407694,0.8518116846619431,False,13.18894837544279,1556.722331977536,0.084,0.20666263465122306,0.0007390478796712296,279.6336209545156,False,False,3,False,0.002286236854138089,False,1,True,1.0,0.07041609510745313,True,0.15243112770539213,72.25322885467808,0.7375843628561329,False,True,True,nan,nan,nan,False,0,4,0.135,0.01164386826760544,0.6125397985847819,False,False
158493845,72411,72411,OK,,0,0.0,6,0.0612881596229612,1.0426285841522842,0.955721812672471,False,0.7989251224357521,2390.9416890255698,0.084,0.0006119808539859173,1.1687959374133782e-05,52.35994020823438,False,False,7619,False,0.0,False,127,False,0.07756923480771755,0.07955973539931778,False,0.000630416940511136,29.74346972828927,1.030125266836604,False,False,False,0.0005816334489203712,0.0006037855395609748,0.7077800758062038,False,4500,4642,0.335,0.0007732414573499158,1.8023378265343244,False,False
159801146,1029,1023,OK,,6,0.0058309037900874635,2,0.23113383596648757,1.0858539980222295,0.9141460019777704,False,13.085308088263481,1626.8740097292462,0.12,0.31850121969754147,0.003009381747211957,105.83609739529292,False,False,5,False,0.002932551319648094,False,1,True,0.0,0.022482893450635387,False,0.4108342291701236,141.7383071212363,1.2898984486158778,False,True,True,nan,nan,nan,False,0,5,-0.125,0.029357057406356524,2.9539384533676776,False,False
160147252,74943,74943,OK,,0,0.0,10,0.06288789043713848,1.228499506688126,0.5366536303246812,False,9.737790015907317,2392.0962807505,0.12,0.05213862830489087,0.0009699075232590516,53.75628815590207,False,False,1037,False,0.008126175893679196,False,26,False,0.017357762777242044,0.04113793149460256,False,0.03524836279710286,27.1503433871987,0.6760508272481036,False,False,False,0.000596517670221397,0.07567720124079813,24.665820077825845,True,559,686,-0.455,0.01051068477914785,3.913199878190839,False,False
161099836,964,961,OK,,3,0.0031120331950207467,3,0.4732183047454594,3.388003926231859,0.8156271246213692,True,3.072956328957569,1598.8583639065357,0.17,0.03733659116460449,0.00020661684100147084,180.70449138431414,False,False,61,False,0.001040582726326743,False,8,False,0.04918032786885246,0.10822060353798127,False,0.040166915482629406,81.15714205831986,1.0758056434650654,False,True,False,0.04075924842179601,0.03470247893541556,1.9434120769186045,False,35,33,-0.485,0.005384995687313765,2.8908416450299312,False,False
165499386,211264,211264,OK,,0,0.0,31,0.15237958740973212,2.135938335717059,0.0,True,0.7880415472632801,1683.8873424114456,0.12,0.013138687912086031,9.515124101344736e-05,138.082149766488,False,False,32149,False,0.0022483717055437748,False,1074,False,0.03626862421848269,0.0360307482581036,False,0.012997562142131436,117.02115373653906,0.9892587622981153,False,True,False,0.01127088197088777,0.011607535455452567,1.348747169049296,False,19034,19543,-0.475,0.01796276934995067,2.0667871969337477,False,False
165904501,2165,2159,OK,,6,0.002771362586605081,4,0.0970212676340004,1.3795487367229238,0.5431368625890353,False,22.40050719651914,1582.7972805015227,0.028,0.6789930365945303,0.0012020131004581182,564.879897178948,False,False,3,False,0.0041685965724872626,False,0,True,0.6666666666666666,0.06067623899953682,True,0.6141257211719776,56.19895349997595,0.9044654187502529,False,True,True,nan,nan,nan,False,2,2,0.21499999999999997,0.02754266455770349,2.9980517988432576,False,False
166275268,14849,14829,OK,,20,0.0013468920466024649,2,0.0031118647618733316,1.2376429575960564,0.7623570424039438,False,23.349433943840843,2412.109067944483,0.02,0.44218530294716113,0.004162709902980151,106.2253467700436,False,False,9,False,0.004450738417964798,False,1,True,0.0,0.02933441230022254,False,0.27965166991670554,45.74328796494226,0.6324309470550686,False,True,True,nan,nan,nan,False,0,12,-0.015000000000000013,0.012952456476588159,5.525147113278414,True,False
174052338,10388,10388,OK,,0,0.0,2,0.0011820191693650683,1.0194739661059373,0.9805260338940625,False,9.401261733640675,3485.9372891158796,0.058,0.024105662184549202,0.000325805259522183,73.98794672591198,False,False,74,False,0.0,False,3,False,0.0,0.030612244897959183,False,0.010525846426512442,22.36689524934429,0.43665452315427794,True,True,False,-0.0008558471230539766,0.02064359514368197,9.393074794202246,True,31,59,-0.044999999999999984,0.0021954594053437138,3.5442812297840613,False,False
176253573,1934,1914,OK,,20,0.010341261633919338,4,0.14096782751228876,1.4070219116632858,0.7348507329291535,False,0.9449752961582559,1492.0786369945117,0.5,0.003430598796068045,6.102014404806171e-05,56.22075872790433,False,False,1002,False,0.006792058516196447,False,44,False,0.06487025948103792,0.07210031347962383,False,0.00024728956376152134,4.156944297403808,0.0720834986722873,True,True,False,0.0001243654203897382,0.00015609635384916665,0.0066129610343010235,False,594,610,nan,nan,nan,False,False
180187028,1081,1081,OK,,0,0.0,2,0.06758772624502928,1.0263324955953266,0.9736675044046734,False,0.8900678291550078,1596.9912399380755,0.35000000000000003,0.002080653488229677,3.140046324641038e-05,66.26187237755265,False,False,433,False,0.0,False,30,False,0.046189376443418015,0.037927844588344126,False,0.001829837940577339,19.872100854848316,0.8794534750398326,False,False,False,0.0015737419222365823,0.0018518385307275675,1.8596412822022863,False,250,277,-0.405,0.0011748886022278082,2.4763055533517124,False,False
181645213,10363,10354,OK,,9,0.0008684743800057898,2,0.00503730969220274,1.0316198852448661,0.9683801147551336,False,1.2395860375663346,3480.5383517063424,0.5,0.06709017521510006,0.0002829190612295617,237.13557836480595,False,False,4120,False,0.030616186980876956,True,21,False,0.014320388349514563,0.03051960594939154,False,0.0019651152360360413,5.524328480621011,0.029290655893141126,True,True,False,0.0011027503849092568,0.001352731406297103,0.05368417277474302,False,2438,2536,-0.485,0.004095943394183177,2.139046078763179,False,False
183513269,862,855,OK,,7,0.008120649651972157,2,0.39223903939566884,1.5131048961444673,0.48689510385553264,False,11.335452735560922,1523.907574186456,0.17,0.7920235901575527,4.9197193326219576e-06,160989.58835024535,False,False,16,False,0.0011695906432748538,False,2,True,0.5625,0.056140350877192984,True,0.5390374218667198,1094.972913649752,0.6805825338605029,False,True,False,0.7285434533298798,0.0022520659596483306,35.362390490111274,True,9,9,0.025000000000000022,0.10310638111338977,9.067622570537598,True,False
183661635,862,862,OK,,0,0.0,2,0.12270283576976088,1.0209019808727238,0.9790980191272763,False,11.646133184295836,1523.7446615136441,0.5,0.00947265584587911,0.0002690880025584602,35.202817501390264,False,False,46,False,0.0,False,2,True,0.391304347826087,0.058004640371229696,True,0.010453482803938763,29.749960349831838,1.1035429740104348,False,True,False,0.017639439198887774,0.0008124061801447757,16.890765768604393,True,28,27,-0.235,0.005601963124209908,4.060917199283453,False,False
186141255,66216,66216,OK,,0,0.0,10,0.09342164730392125,1.2326648049002253,0.0,True,39.128791797229525,1721.9591052608118,0.02,0.11307083849911392,0.0014216456131403194,79.53517912902926,False,False,32,False,0.0,False,4,False,0.0,0.04062462244774677,False,0.0035321271731310055,1.757278246093879,0.03123817971119658,True,True,False,0.0035321271731310055,0.0007445657482771928,0.7195035468156193,False,10,31,-0.034999999999999976,0.0003781731892922302,0.5958444113157756,False,False
188855091,1086,1086,OK,,0,0.0,2,0.010502515202346765,1.0104993627239423,0.9895006372760579,False,6.385454838025522,1626.2032456416573,0.17,0.008134906052710916,0.0002281026178247703,35.663361211225535,False,False,38,False,0.0,False,5,False,0.13157894736842105,0.022099447513812154,False,0.008479126737526377,20.391763607973797,1.0423140332027252,False,False,False,0.005236252627460414,0.008651641649003006,2.7843302446774922,False,19,23,0.41500000000000004,0.008892487786853809,6.128764339102859,True,False
192855779,2167,2167,OK,,0,0.0,4,0.09940480733909475,1.6431387468437233,0.5897034400265759,False,10.290781728205788,1597.0795942364107,0.17,0.11883594142388204,0.0005051746660390341,235.23733356553507,False,False,40,False,0.003230272265805261,False,5,False,0.0,0.046608214120904476,False,0.10123718911387225,93.04155845832152,0.8519071578922752,False,False,False,0.10059525522402091,0.09850149361583105,0.24781342233821352,False,28,15,0.375,0.06142819526021803,7.160989593063387,True,False
193604853,12702,12702,OK,,0,0.0,7,0.023257472112240104,1.0876281371591443,0.5335105165474134,False,7.077851547269806,1987.1701885913617,0.12,0.0008099823960594834,0.000130941622903718,6.185828295828189,False,False,175,True,0.0,False,14,False,0.08571428571428572,0.0851047079200126,False,0.0008556587866053178,5.71666411988954,1.0563918311904645,True,True,False,0.0008602133094357534,0.0007072388559814513,0.6161449205009578,False,64,151,-0.28500000000000003,0.0004517482380250737,2.355788697572212,False,False
1956026105,43046,43031,OK,,15,0.00034846443339683127,9,0.04917531870007571,1.3185796437432618,0.0,True,32.22150668000666,1710.434387900453,0.04,0.3036251775871981,0.0006861242934079981,442.52212099805354,False,False,38,False,0.00039506402361088515,False,3,False,0.0,0.049568915433059885,False,0.004107472709129478,4.614658642101624,0.013528103109795147,True,True,False,0.0017017606173396205,0.5978594941436997,82.63789761693472,True,21,25,-0.065,0.0023186890642497016,5.2295312579056485,True,False
1966164973,2427,2427,OK,,0,0.0,4,0.07447944685780093,1.1526731455196846,0.9700122959997645,False,0.7752202551795369,1683.707116892,0.35000000000000003,0.009504267123407368,0.00044392934118543784,21.409414160433364,False,False,1104,False,0.0,False,66,False,0.06702898550724638,0.06056860321384425,False,0.009207723032495951,47.12322228225454,0.9687988471850628,False,False,False,0.009221728319358635,0.00881971615618471,0.8467391269348596,False,643,682,0.455,0.0013356491979243934,1.8659229832183544,False,False
199612036,2292,219,UNRELIABLE_DATA,,2071,0.9035776614310645,,,,,,,,,,,,,,,,,,,,,,,,,,,,,,,,,,,,,,,
2011318169,35980,35977,OK,,3,8.337965536409116e-05,7,0.028867121869614387,4.578607284123474,0.22329627363107044,True,36.57532391088221,1721.186017807031,0.12,0.3134552928899714,0.0016124427221980604,194.397784538153,False,False,10,False,0.00225143841898991,False,2,True,0.0,0.03474442004614059,False,0.20344345361157146,41.70617186284292,0.6490349923138284,False,True,False,0.0,0.9563090564175571,37.962768655193415,True,7,5,-0.485,0.0015587057211159383,2.643314420115422,False,False
203249293,7200,7200,OK,,0,0.0,6,0.04112906603350599,1.0233112415118175,0.5305594713563453,False,16.698912323261784,1581.1070863666157,0.12,0.001176624252799106,0.00020226098614249381,5.817356452371732,False,False,36,True,0.0,False,3,False,0.3333333333333333,0.08069444444444444,True,0.0012864316019882693,4.858845319976405,1.0933240573003145,True,True,False,0.002084139315903122,0.0010690737816662077,2.3307205364777603,False,14,27,0.22499999999999998,0.0006180066289743769,3.0334407799498417,False,False
207753394,1086,1086,OK,,0,0.0,2,0.0235396401883112,1.0951466502422431,0.904853349757757,False,13.521175612687205,1625.9310090714876,0.17,0.00415561894003797,0.0001636172118315597,25.398421678986242,False,False,7,False,0.0,False,1,True,0.0,0.022099447513812154,False,0.0047992259212589206,12.491044160724421,1.1548763229996901,False,True,True,nan,nan,nan,False,0,7,0.10499999999999998,0.001369066438553057,3.549125030522948,False,False
208343672,37078,35920,OK,,1158,0.031231458007443768,8,0.13204717296815197,1.1133596318295838,0.019550360491609017,True,39.15026595573807,3094.1640840096024,0.12,0.13814722777161653,0.0018226648194717547,75.79409351394318,False,False,97,False,0.24729955456570155,True,2,True,0.0,0.05275612472160356,False,0.16033092818130945,4.013809793398851,1.160580134451679,True,True,False,0.2480542744688199,0.12735229694178007,1.3408513986998851,False,55,62,0.125,0.21424773419267196,5.6357699633178635,True,False
208490570,1086,1086,OK,,0,0.0,2,0.0359097674670755,1.0094478282693424,0.9905521717306576,False,13.648953523634573,1626.5267325030907,0.058,0.03589857101623838,0.0007556829066204605,47.50480750819515,False,False,3,False,0.0,False,1,True,1.0,0.022099447513812154,True,0.03565739889637454,25.3664452602777,0.9932818462396524,False,True,True,nan,nan,nan,False,3,2,0.03500000000000003,0.00742427906020271,4.899786514131283,False,False
216733045,1073,1062,OK,,11,0.010251630941286114,2,0.02653296981207624,1.0343239266601436,0.9656760733398564,False,12.750470225862186,1636.6488158645827,0.35000000000000003,0.04333912090776524,0.0006577791142355085,65.88704318794817,False,False,32,False,0.0018832391713747645,False,2,True,0.0,0.022598870056497175,False,0.038603479688351316,11.768566201171831,0.8907305658208351,False,True,False,0.006928010310796262,0.06954530871358289,7.260970917630906,True,19,20,0.46499999999999997,0.01725677692422345,2.1077258663057754,False,False
217028234,1049,1042,OK,,7,0.00667302192564347,2,0.42154369707746886,1.1513986854936737,0.8486013145063263,False,1.1356687957644538,1625.3858770650236,0.244,0.054847703025815826,0.00021233253265402454,258.3104074550125,False,False,236,False,0.0,False,25,False,0.11016949152542373,0.06525911708253358,False,0.05646803043538995,57.67801925798593,1.0295423020506704,False,False,False,0.045164114704568825,0.05432689176805361,1.9997082787515237,False,136,152,-0.28500000000000003,0.010820130142161766,2.695245927069014,False,False
218193457,1056,1042,OK,,14,0.013257575757575758,2,0.031717967298480886,1.1692714012422951,0.8307285987577047,False,7.596041180805007,1628.6998915689999,0.5,0.15147962872024923,0.00017515781444953847,864.8179882598915,False,False,76,False,0.0009596928982725527,False,4,False,0.0,0.06525911708253358,False,0.16445891446979388,117.06708660600987,1.0856833744523804,False,False,False,0.15896149953033623,0.14076625177630375,2.9204127080973916,False,56,37,0.495,0.022630525639724897,2.957942761046732,False,False
219568206,1988,130,UNRELIABLE_DATA,,1856,0.9336016096579477,,,,,,,,,,,,,,,,,,,,,,,,,,,,,,,,,,,,,,,
219585594,1988,252,UNRELIABLE_DATA,,1734,0.8722334004024145,,,,,,,,,,,,,,,,,,,,,,,,,,,,,,,,,,,,,,,
220140862,904,904,OK,,0,0.0,2,0.08298839638902418,1.0545127886634786,0.9454872113365214,False,7.6053069541481655,1471.5490876101583,0.028,0.07384850901777738,0.001928996689451689,38.28337778991657,False,False,2,False,0.0,False,0,True,0.0,0.04092920353982301,False,nan,nan,nan,True,True,True,nan,nan,nan,False,1,2,-0.445,0.007849793208937417,3.388306988802984,False,False
220423668,20358,20358,OK,,0,0.0,18,0.18896024142638948,2.0197709813773943,0.5834849378418756,False,3.6510553953536773,1413.9498213105887,0.12,0.04524652752303499,5.989935082493286e-05,755.375924778826,False,False,639,False,0.0,False,55,False,0.10954616588419405,0.08522448177620591,False,0.05757918607574153,215.45631133931042,1.2725658570467753,False,False,False,0.05054355652274678,0.05501905046544309,8.941895001984829,True,408,365,0.44500000000000006,0.003959388319613177,4.727468045470822,False,False
22204538,2292,328,UNRELIABLE_DATA,,1962,0.856020942408377,,,,,,,,,,,,,,,,,,,,,,,,,,,,,,,,,,,,,,,
22229107,32016,31979,OK,,37,0.001155672163918041,6,0.030008409429822355,1.7815542838917606,0.8133953323680089,False,0.7474036913337281,2390.911828063204,0.5,0.6450968628037503,5.2661643348649435e-05,12249.842993558888,False,False,21265,False,0.012945995809750149,False,171,False,0.036491888079003054,0.034522655492667066,False,0.0005592419689324224,1.756677363354972,0.000866911623940967,True,True,False,0.00041517196335116857,0.0015734709410801795,0.8730248503374652,False,12864,12760,nan,nan,nan,False,False
222706196,13024,12970,OK,,54,0.004146191646191646,4,0.008526189393408051,1.3483417853502073,0.7482052598782154,False,13.537755084659334,2777.7863811234297,0.028,0.8886521229574302,0.00011828502438986606,7512.803311672348,False,False,29,False,0.0029298380878951427,False,3,False,0.0,0.0543562066306862,False,0.00029683151159520804,0.3883644625547557,0.000334024421848399,True,True,False,7.04170887722011e-06,0.0007750504874856068,0.04149744524876893,False,19,15,0.28500000000000003,0.0013047926688017908,3.294354785754166,False,False
224290807,16170,16170,OK,,0,0.0,13,0.01943470355667868,1.693069013158475,0.5650050484325932,False,8.926747709737004,1717.7530180451854,0.02,0.0017163443711810575,0.0003476726386817312,4.936667946286809,False,False,31,True,0.0,False,5,False,0.0967741935483871,0.11360544217687076,False,0.0019280129045977645,4.453774321090354,1.123325211985898,True,True,False,0.0019242259028100506,0.0017566354714355636,0.22716811778728102,False,23,15,-0.275,0.0005193981569100448,2.9724473393274122,False,False
224647483,20379,20377,OK,,2,9.814024240639874e-05,8,0.0026292765135206508,15.194975461583509,0.0,True,31.504778104705192,1693.4737405473743,0.02,0.5793213788784327,0.001372088080090626,422.21879723652194,False,False,1,False,0.00014722481228836434,False,0,True,0.0,0.0621779457231192,False,nan,nan,nan,True,True,True,nan,nan,nan,False,2,1,-0.175,0.00040943462455123036,3.3519936633196963,False,False
229495312,168931,168931,OK,,0,0.0,28,0.15617942315229968,1.5069140308428355,0.0,True,29.71664412737091,1704.6779141945271,0.02,0.022870593110094994,0.0004454725547415101,51.34007216980154,False,False,92,False,0.0007695449621443074,False,13,False,0.0,0.0374413221966365,False,0.0,0.0,0.0,True,True,False,-0.00022417058523016564,0.00014254014652159697,0.13906511339295693,False,39,69,-0.495,0.0,0.0,False,False
229612169,16942,1549,UNRELIABLE_DATA,,15393,0.9085704167158541,,,,,,,,,,,,,,,,,,,,,,,,,,,,,,,,,,,,,,,
229684540,255031,255031,OK,,0,0.0,37,0.3610103235900352,3.9766947668724666,0.0,True,35.59536039943811,1692.4054035365368,0.02,0.041510296871041116,0.00024361605535223432,170.39228720382613,False,False,162,False,0.001948782697005462,False,23,False,0.030864197530864196,0.03288619814846038,False,0.0,0.0,0.0,True,True,False,0.0,-0.0006391589305070333,0.2832611879344158,False,105,93,-0.495,0.0,0.0,False,False
230231754,15184,15153,OK,,31,0.0020416227608008428,5,0.012427894647818473,1.3271107842835779,0.0,True,2.605416362180378,1983.6806119349508,0.02,0.24446453755037542,0.0002957846011231341,826.4951475570754,False,False,122,False,0.005081502012802746,False,15,False,0.0,0.03431663696957698,False,0.0033185701497173703,2.329224000279786,0.01357485295401396,True,True,False,0.0004514461819276061,0.005053658139711592,0.41868016148990184,False,65,81,-0.435,0.002100437682826639,3.7512736298526153,False,False
230270456,8517,8517,OK,,0,0.0,3,0.005868281265536909,1.1146834327095279,0.7789788290472485,False,25.99320344630177,2022.215671112145,0.02,0.1372736472921267,0.0006470627249747739,212.14890302555816,False,False,5,False,0.0,False,1,True,0.0,0.06845133262885993,False,0.004687121207430978,5.185061348237479,0.03414436273741964,True,True,True,1.9059530456888574e-05,0.0019031070453016108,0.4571880785854576,False,4,4,-0.265,0.0014686122093744425,2.913309149830939,False,False
231195265,904,904,OK,,0,0.0,2,0.0274135082465023,1.0576406758841999,0.9423593241158,False,0.6569964821068436,1468.705127327333,0.5,0.00706989087250718,0.00026618824077849864,26.559741526637154,False,False,681,False,0.011061946902654867,False,31,False,0.030837004405286344,0.04092920353982301,False,0.0005991871219761524,3.70081218636612,0.08475196191587947,True,True,False,0.0002638184000420818,0.00014255912416527572,0.017699612138393016,False,381,444,nan,nan,nan,False,False
233409941,109375,109375,OK,,0,0.0,10,0.01962425112808756,1.133109984817775,0.9004999493953887,False,4.425221782156663,2856.6302768487976,0.084,0.006588703661465,0.00020285216548973037,32.48032203924666,False,False,2054,False,0.0,False,34,False,0.04771178188899708,0.069568,False,0.0068509207430202945,29.034673978671673,1.039797977724952,False,False,False,0.005903671622113027,0.006372644975213837,1.3420295457976792,False,1234,1231,0.07500000000000001,0.0012525905896908496,1.6588509168451802,False,False
233452636,1054,1039,OK,,15,0.014231499051233396,2,0.3918162232344623,1.2229506333445523,0.7770493666554475,False,1.9063211046429025,1625.24906885686,0.35000000000000003,0.05467292549872705,0.0002700537112685112,202.45204275073417,False,False,201,False,0.0019249278152069298,False,14,False,0.04477611940298507,0.06256015399422522,False,0.059059250474198466,56.5200127773231,1.080228466566574,False,False,False,0.05198770452921386,0.05184492738294233,0.019524300433743775,False,107,133,-0.195,0.006607175920932962,2.136904486575532,False,False
234065903,904,904,OK,,0,0.0,2,0.03649482375775123,1.2141288496208005,0.7858711503791994,False,4.040734211513496,1471.063828592432,0.17,0.03274425387618465,0.0002850939923530873,114.8542401960932,False,False,36,False,0.0011061946902654867,False,5,False,0.0,0.04092920353982301,False,0.03257695987079634,62.29031696655067,0.9948908896803423,False,False,False,0.029383921365424004,0.03055943978111919,0.2956640563731509,False,17,29,0.32500000000000007,0.0017640890798691355,1.785696004587537,False,False
237114537,15942,15942,OK,,0,0.0,3,0.008029095165742876,1.0138946305535717,0.9834653651269495,False,12.77206074199631,1959.461907285426,0.04,0.007527937202097493,0.00167704604014623,4.488807714212244,False,False,57,True,0.0,False,2,True,0.5087719298245614,0.13448751725003136,True,0.007163009753658023,5.0318889734959145,0.9515235796151711,True,True,False,0.0033990343480254648,0.005396809004263758,0.9399986535047468,False,35,34,-0.145,0.0022740327177117603,2.908123130589104,False,False
237514076,904,904,OK,,0,0.0,2,0.00436482155523104,1.0263628762702242,0.9736371237297758,False,5.1331730614326725,1472.472798874432,0.244,0.04049481008353567,0.000344764741288872,117.45635569388408,False,False,31,False,0.011061946902654867,False,3,False,0.0,0.04092920353982301,False,0.04323217329353801,67.2686307583405,1.0675978774651742,False,False,False,0.03254217978398821,0.04096446360197492,0.41634201857026476,False,14,24,-0.315,0.03192039536069069,5.447993286722488,True,False
239727281,37450,37450,OK,,0,0.0,10,0.041426597621941404,1.205302464307726,0.9313878857709744,False,7.791125307702467,2914.7037297972424,0.17,0.005772091646900839,4.926172240638523e-05,117.17194131548818,False,False,755,False,0.0,False,11,False,0.09006622516556291,0.09783711615487316,False,0.005374881980020674,86.98730711516356,0.9311844490387751,False,False,False,0.004436548998811407,0.004821182783593669,3.9424041503336853,True,596,307,0.495,0.002006166402207965,5.755025631627855,True,False
239754164,11196,11194,OK,,2,0.0001786352268667381,8,0.038814561660186375,1.0656745358040935,0.7420121625820844,False,27.81552122618016,1821.5894021527647,0.02,0.18782832879012387,0.0024254642541817737,77.4401554120151,False,False,9,False,0.00035733428622476324,False,3,False,0.0,0.07664820439521172,False,0.0018354611493036632,0.6033457782508179,0.009772014483260275,True,True,True,0.0048288522081932905,-0.0023782026437901838,0.7805725219635469,False,4,9,-0.145,0.0033902190292443013,2.7521187464877976,False,False
240178635,4414,277,UNRELIABLE_DATA,,4135,0.9367920253738106,,,,,,,,,,,,,,,,,,,,,,,,,,,,,,,,,,,,,,,
241200742,1003,1003,OK,,0,0.0,3,9.952111425334381,18.67599125853382,0.971945470152275,True,12.47145646999953,2458901.69587579,0.35000000000000003,0.5302366295544951,0.034303126059660426,15.457385097565188,False,False,13,False,0.0,False,1,True,1.0,0.09571286141575275,True,0.509715753248146,299.0513945913942,0.9612986444871023,False,True,False,nan,nan,nan,False,13,2,-0.20500000000000002,0.11001291636307942,9.089258348072782,True,False
24145461,1054,1027,OK,,27,0.025616698292220113,2,0.08346333977756833,1.047006434960592,0.952993565039408,False,13.459919889434248,1628.38975980988,0.5,0.6126647290126215,0.00039829381029238807,1538.2230734714742,False,False,5,False,0.0,False,1,True,0.0,0.06523855890944498,False,0.004217938518678799,2.4489704071889173,0.006884578659320709,True,True,True,0.23862028830378346,0.0002758603312367214,8.519852417923701,True,5,7,-0.065,0.010909102702660989,3.805566856369913,False,False
244978644,49202,49202,OK,,0,0.0,6,0.0682132069487161,1.4657788571459303,0.8983141176531996,False,4.128504947931621,2308.144485144421,0.17,0.14406401011302858,0.00026377853127889956,546.1551757626027,False,False,2093,False,0.0,False,37,False,0.0740563784042045,0.03146213568554124,False,0.1342622547918142,411.0266587911091,0.9319624983816277,False,False,False,0.10455566692844742,0.1057547199519181,1.5453704258366936,False,1204,1304,-0.495,0.04750292968988368,6.655263035692596,True,False
247637169,904,904,OK,,0,0.0,2,0.030511296103798494,1.0209904486326442,0.9790095513673559,False,4.102612531348586,1469.8534327416955,0.12,0.026301118141063715,0.0003629742992645464,72.4600011470638,False,False,22,False,0.008849557522123894,False,4,False,0.0,0.0420353982300885,False,0.019175009685085564,42.354963807797,0.7290568249700298,False,False,False,0.012128459347919174,0.03129914939566336,1.6623649406594414,False,14,14,0.16500000000000004,0.0014244508041871828,2.116174451842165,False,False
255964183,1081,1081,OK,,0,0.0,2,0.007806367462350037,1.228339951677032,0.7716600483229681,False,10.365057706906367,1600.182630479673,0.5,0.05779019803977169,0.0003985192970186409,145.0122954449268,False,False,28,False,0.0009250693802035153,False,2,True,0.0,0.037927844588344126,False,0.06720945331968275,85.13286604961287,1.1629905347171272,False,True,False,nan,nan,nan,False,2,37,0.365,0.0055075483494639865,3.1816719964407763,False,False
256515594,227283,227283,OK,,0,0.0,31,0.024469187628077087,8.06182981334671,0.0,True,2.775103373177495,1685.101952064943,0.5,0.003048599317687375,3.30681989062927e-05,92.19127193248022,False,False,41026,False,0.004487797151568749,False,314,False,0.028031004728708623,0.03288851343919255,False,0.0,0.0,0.0,True,True,False,0.0,0.0,0.0,False,24691,24582,-0.495,0.0,0.0,False,False
256948962,23931,23873,OK,,58,0.0024236346161882077,4,0.004197383602532092,1.1458664836545052,0.7727205858640587,False,27.71650030648304,2387.768786171654,0.058,0.5759305230296334,0.006805568307722483,84.62636726107176,False,False,32,False,0.007875005236040716,False,2,True,0.78125,0.0832739915385582,True,0.5918169950291725,60.35629718018784,1.027584007730602,False,True,False,0.551372450235628,0.5920977785497844,1.3071777692205466,False,30,9,-0.475,0.030618734588492957,2.8055101876726205,False,False
257287204,2167,2164,OK,,3,0.0013844023996308261,4,0.11755615282064152,1.179207384893329,0.890457276781708,False,16.005569213855257,1607.9488856946398,0.17,0.05309533161494503,0.0005227758529649651,101.56423888710736,False,False,8,False,0.0013863216266173752,False,1,True,0.0,0.0466728280961183,False,0.05603344237836971,64.39135257386457,1.0553365178078609,False,True,True,nan,nan,nan,False,1,11,0.355,0.0025745423365690634,3.2991975912962235,False,False
260354037,13367,13364,OK,,3,0.00022443330590259594,24,1.8807822485413674,5.368394707021367,0.7254043969853987,True,39.62569057701242,1358.821365633863,0.17,0.04216856476127688,0.0004069242033006911,103.62756606570535,False,False,43,False,0.005537264292128106,False,5,False,0.4186046511627907,0.0847051780903921,True,0.0010844883456083698,2.518480332527095,0.02571793353053003,True,True,False,0.00016244477433158266,0.001985156978543512,0.14792200234957673,False,26,21,-0.28500000000000003,0.0009991767248245242,2.3129313146684414,False,False
260354071,13367,13347,OK,,20,0.0014962220393506397,24,0.06506890487566144,9.275664871029534,0.7374131319842913,True,31.12678728661072,1348.1343710163144,0.02,0.23364796413588573,0.0019725850483359197,118.44759967789072,False,False,3,False,0.004720161834120027,False,0,True,0.0,0.08466322019929572,False,0.012280258681180323,3.9954720495697296,0.05255880883275461,True,True,True,nan,nan,nan,False,3,2,0.455,0.001444707783813337,2.279618553789415,False,False
261610152,1148,1120,OK,,28,0.024390243902439025,1,nan,nan,nan,False,0.7525527972277612,1655.5823126388627,0.5,0.011450327978362507,0.0011508602470297307,9.949364406247238,False,False,749,True,0.0008928571428571428,False,35,False,0.025367156208277702,0.03482142857142857,False,0.006222128878679456,8.970621429962588,0.5434018038991817,False,True,False,0.007490201734143609,0.008683726507667022,0.8438598595656697,False,445,453,nan,nan,nan,False,False
262774849,1029,1029,OK,,0,0.0,2,0.04680215329301484,1.1214986799944249,0.8785013200055751,False,13.170017363371764,1627.2398446184814,0.244,0.19446780487805396,0.0003792961602706497,512.7070222363704,False,False,14,False,0.0,False,1,True,0.14285714285714285,0.022351797862001945,False,0.25517306349814406,245.79050442204107,1.312160970080147,False,True,False,0.005636882279212552,0.25517539431742897,21.969271908489002,True,3,14,0.03500000000000003,0.09001155141748352,6.5355666083832675,True,False
265523007,1148,1120,OK,,28,0.024390243902439025,1,nan,nan,nan,False,13.449630970958838,1655.537212269202,0.17,0.03900376961332836,0.0029768897126321316,13.102188316826046,False,False,10,False,0.0,False,1,True,0.1,0.03482142857142857,False,0.03839863559876244,10.68109244911266,0.9844852428222955,False,True,False,0.005543301951549839,0.03839863559876244,5.852187132271011,True,3,10,0.495,0.012140946284324383,2.693033746278135,False,False
269666263,1968,153,UNRELIABLE_DATA,,1813,0.921239837398374,,,,,,,,,,,,,,,,,,,,,,,,,,,,,,,,,,,,,,,
271434158,8635,8635,OK,,0,0.0,6,0.057942542077193286,1.1787896620278813,0.9792283329157971,False,37.83051987780687,1295.4541319527254,0.5,0.00015237050766520293,2.2294964039701902e-05,6.834301566661788,False,False,95,True,0.0,False,4,False,0.24210526315789474,0.039953676896352056,False,0.0001469212946626497,4.987071723023882,0.9642370883575019,True,True,False,0.00010683639489816876,0.00012677285582174402,0.36741367428573907,False,58,53,0.245,7.548760557685164e-05,2.1137162239930993,False,False
273154304,1081,1081,OK,,0,0.0,2,0.13606146529282204,1.2226324918204137,0.777367508179586,False,13.520200255952837,1597.007348630685,0.35000000000000003,0.12257701614146857,0.0005731250484348045,213.8748192496986,False,False,10,False,0.0,False,1,True,0.0,0.037927844588344126,False,0.1330060962123365,72.57897327296246,1.0850818562823517,False,True,False,nan,nan,nan,False,0,14,0.04500000000000004,0.029430151858920173,7.035665242171398,True,False
276084608,1120,1096,OK,,24,0.02142857142857143,1,nan,nan,nan,False,9.022635448775265,1656.2941354273873,0.02,0.8756804679134245,0.001321161510689019,662.8110649823086,False,False,1,False,0.012773722627737226,False,0,True,0.0,0.03467153284671533,False,nan,nan,nan,True,True,True,nan,nan,nan,False,0,3,-0.08499999999999999,0.024628995799174103,2.928017595393634,False,False
277917453,1086,1086,OK,,0,0.0,2,0.005934181785206495,1.015480848255639,0.9845191517443612,False,1.9423316431065507,1626.8759700303585,0.12,0.09479244753932686,0.0010929075999139095,86.73418278616953,False,False,68,False,0.0,False,12,False,0.014705882352941176,0.022099447513812154,False,0.10006933275830998,63.643221416289634,1.0556677810939936,False,False,False,0.09678598029190655,0.09594571595725798,0.27116338646356053,False,41,40,0.06500000000000006,0.015988914907801077,4.4370594068416525,False,False
280490446,2211,2206,OK,,5,0.002261420171867933,3,0.018596159597062237,1.1143951053563117,0.9502937662385742,False,25.795238358536608,1556.8352166659754,0.35000000000000003,0.04827914630217697,0.0019161488565014476,25.195926787403273,False,False,12,False,0.008159564823209429,False,1,True,1.0,0.06346328195829556,True,0.04263538372525688,24.756327510464867,0.8831014421506951,False,True,False,0.06141739102990018,0.03439009956458283,0.5507601383776458,False,3,12,0.05500000000000005,0.004577086166149602,2.2726881060548556,False,False
281172204,2211,2193,OK,,18,0.008141112618724558,4,0.12869409254927425,1.0507090087473492,0.832937770415433,False,25.941839111044388,1544.647211614864,0.058,0.17375585811049174,0.0032943883797499924,52.74297929732192,False,False,3,False,0.008207934336525308,False,1,True,1.0,0.05791153670770634,True,0.16868149129093557,26.915046443500344,0.9707959957451946,False,True,True,nan,nan,nan,False,3,2,-0.485,0.019739738282118946,2.0600570584815228,False,False
281298791,1100,1099,OK,,1,0.0009090909090909091,2,0.008389876918894002,1.1861600505828855,0.8138399494171144,False,12.232188075042686,1544.6524777562818,0.058,0.11166026452161622,0.001063828546228993,104.96077109175536,False,False,3,False,0.0,False,1,True,1.0,0.04549590536851683,True,0.1124945478591628,50.74587505370625,1.0074716224354374,False,True,True,nan,nan,nan,False,3,2,0.14500000000000002,0.02229747295868545,2.0751309646435523,False,False
282345416,16288,16288,OK,,0,0.0,4,0.018619006597247575,1.0497397894668852,0.9492848063211482,False,13.469749820458194,3486.6547286880354,0.12,0.00121915070866781,9.936624098339723e-05,12.26926465771724,False,False,73,False,0.0,False,2,True,0.2876712328767123,0.09958251473477407,False,0.0011623353255333368,9.574596640563655,0.9533975719896383,False,True,False,0.0011519717034474963,0.0006024571023095504,2.838315467652448,False,62,26,0.235,0.00026509619034220666,2.0978259204450906,False,False
28517182,1134,1120,OK,,14,0.012345679012345678,1,nan,nan,nan,False,13.428014940063344,1655.5662190581127,0.12,0.10851766252194009,0.0012208666596865297,88.88576132450298,False,False,6,False,0.0,False,1,True,0.0,0.03482142857142857,False,0.10936740760259334,114.2923081679253,1.0078304771859736,False,True,True,nan,nan,nan,False,1,7,0.04500000000000004,0.015897936862925288,8.55169917055289,True,False
291156298,12540,12440,OK,,100,0.007974481658692184,3,0.008640430840455517,1.05199705524241,0.5947662982721434,False,0.6771191646980695,2665.6180854505656,0.5,0.35652002927294313,0.00031258348852855253,1140.5593780759705,False,False,9233,False,0.01422829581993569,False,76,False,0.056103108415466264,0.05795819935691318,False,0.0,0.0,0.0,True,True,False,0.0,0.0,0.0,False,5658,5390,nan,nan,nan,False,False
294657487,2188,2188,OK,,0,0.0,4,0.1808768125009695,1.103442087975401,0.8818804237359718,False,26.89865739363406,1583.032709017711,0.5,0.447202811475096,0.0009012293483771312,496.21421259792146,False,False,20,False,0.0,False,1,True,1.0,0.06855575868372943,True,0.48573229107564897,427.4979447003646,1.0861566130889555,False,True,False,0.005303639929402748,0.4857356167183906,21.037060705224985,True,3,20,-0.034999999999999976,0.007493288259231123,2.7846802436493348,False,False
295347171,2167,2160,OK,,7,0.003230272265805261,4,0.1744827371983867,1.4789387861932919,0.6277300670044117,False,21.35431348594499,1609.7408207571,0.244,0.041690187114004615,0.0003943937567747512,105.7070158892373,False,False,27,False,0.011574074074074073,False,3,False,0.14814814814814814,0.04675925925925926,False,0.04247762223120455,55.370465826073136,1.018887780835491,False,False,False,0.04004602103204691,0.025038792352398476,0.614658189965344,False,14,19,0.43500000000000005,0.0037428955178486767,2.8644510677144788,False,False
297357238,1081,1081,OK,,0,0.0,2,0.023551875916968168,1.0053819842188143,0.9946180157811859,False,3.8345574579503774,1597.3216063350485,0.12,0.011993987040001408,0.00036015870478201597,33.30194961485299,False,False,29,False,0.0,False,6,False,0.0,0.037927844588344126,False,0.011998441862965614,23.536966095866486,1.0003714213588317,False,False,False,0.010872356890349266,0.00967443863981099,1.3149560483838398,False,18,21,0.495,0.0068491995951653895,5.5038243166458924,True,False
299138242,2211,2211,OK,,0,0.0,3,0.027059540917788845,1.1744734858530812,0.9175079961083641,False,1.742253292931907,1543.786025307142,0.084,0.005316450509631432,0.00017342992923455162,30.65474646213637,False,False,99,False,0.0009045680687471732,False,25,False,0.030303030303030304,0.06558118498417007,False,0.004503184760390244,17.204997614717293,0.8470284360274111,False,False,False,0.002475663496911973,0.00567068937253723,1.100209804549665,False,61,63,0.10499999999999998,0.001071173997416519,1.9583106284196166,False,False
304803946,2188,2188,OK,,0,0.0,4,0.10522766439855893,1.5350539033164257,0.6123610227903534,False,4.926321401946884,1569.9893170813673,0.5,0.003723508224101978,5.902857019738193e-05,63.07976309863465,False,False,233,False,0.0,False,10,False,0.10300429184549356,0.06855575868372943,False,0.0026773411480864873,18.713868605723036,0.7190372592052482,False,False,False,0.0029199642849904173,0.002132423372551484,2.7477268960263235,False,141,138,-0.485,0.002310581525706623,3.0822991314260775,False,False
305117967,2188,2188,OK,,0,0.0,4,0.07314455333414564,1.0650639776450916,0.9305962186970335,False,27.20172053621202,1569.5361095598269,0.17,0.3160454748703963,0.0013801098669249123,229.00022849238235,False,False,9,False,0.0,False,1,True,0.8888888888888888,0.06855575868372943,True,0.3284504704882417,35.459879952420245,1.039250666768548,False,True,True,nan,nan,nan,False,2,10,0.495,0.07625700344788666,6.188153481593726,True,False
307380812,904,903,OK,,1,0.0011061946902654867,2,0.00389640007660853,1.0192493739267316,0.9807506260732684,False,2.8718289510107353,1470.5532143904938,0.12,0.02229374953683333,0.0007398764007865623,30.131721343095755,False,False,40,False,0.01107419712070875,False,7,False,0.0,0.03986710963455149,False,0.019741163956541463,19.880800759099657,0.8855021863381694,False,False,False,0.01875964844873379,0.01926277878694438,0.01998625802752207,False,20,27,0.10499999999999998,0.0057811546887100995,2.825106215291711,False,False
308473058,1081,1081,OK,,0,0.0,2,0.14851066685983508,1.1540561417806203,0.8459438582193797,False,0.8013137507567636,1597.4551018070067,0.058,0.027838151479503612,0.0003077796282552418,90.44832381309337,False,False,84,False,0.0018501387604070306,False,23,False,0.07142857142857142,0.037927844588344126,False,0.028724853400301953,15.338912466083377,1.0318520402280011,False,False,False,0.02540235975199756,0.03021784581021425,1.1665925056387347,False,52,47,-0.33499999999999996,0.03695320611026198,2.705023517678315,False,False
308626244,1081,1081,OK,,0,0.0,2,0.03224325296173274,1.1817551806695954,0.8182448193304047,False,3.9961894283054518,1597.700011228758,0.5,0.033531791410783066,0.00018794902120604283,178.40897066456748,False,False,147,False,0.0,False,7,False,0.08163265306122448,0.037927844588344126,False,0.03153262614793406,13.752906914957508,0.9403800042068102,False,False,False,0.036882467479673275,0.030801185240151296,1.8897558910400338,False,73,101,0.135,0.03262449277147672,1.9667493059593566,False,False
309235372,19613,19613,OK,,0,0.0,6,0.10300504831344094,1.8218487853827536,0.3148178397298489,True,1.783309335459674,1792.0328137908887,0.12,0.03366792697930795,1.2987593545251713e-05,2592.3144932124087,False,False,1380,False,0.0,False,38,False,0.03840579710144928,0.06985162902156733,False,0.04385546870475199,1094.2101892639719,1.3025889218455662,False,True,False,0.04299741535220747,0.042823434972112495,1.2074257412596565,False,750,898,0.495,0.0038240310549142453,3.381025825518776,False,False
309657355,359147,359147,OK,,0,0.0,43,0.20554276855096568,1.8378591122687806,0.6860805755500866,False,0.9229396991809732,2036.5955930087152,0.35000000000000003,0.004238075752584313,1.7798379747823164e-05,238.1158179919524,False,False,136930,False,4.176562800190451e-05,False,564,False,0.08827868253852333,0.08362870913581347,False,0.0032926085083002654,104.87195647387777,0.7769111975623569,False,False,False,0.0014251335747031968,0.001467189354148024,0.8464225803135395,False,81679,82378,-0.41500000000000004,0.002631693168841709,1.076263825124114,False,False
310813547,2211,2211,OK,,0,0.0,3,0.03583915978061699,1.1381002435354448,0.8758847071061586,False,24.482689913123373,1543.896351211173,0.028,0.16462076151378927,0.0012340127058165097,133.40280917518155,False,False,5,False,0.004070556309362279,False,0,True,0.4,0.06512890094979647,True,0.1748981688677943,55.265525115324614,1.0624308092095915,False,True,True,nan,nan,nan,False,2,4,-0.215,0.009677386430553714,3.0454163196058084,False,False
311054491,1081,1081,OK,,0,0.0,2,0.11449476635159461,1.0695402787066326,0.9304597212933674,False,1.9260875877476322,1597.6411666238066,0.17,0.022117268486673253,0.00015313128925052903,144.4333721404807,False,False,103,False,0.0,False,14,False,0.07766990291262135,0.037927844588344126,False,0.020191997663496886,24.997575103536334,0.9129516909225731,False,False,False,0.016647539804749534,0.02000033294943504,1.268284747710653,False,57,65,0.495,0.013089982053119065,3.956186784282315,False,False
31170242,1123,1092,OK,,31,0.027604630454140695,1,nan,nan,nan,False,7.125277347855403,1656.4638727587114,0.02,0.9860346215471525,0.00027598106078565246,3572.834377620502,False,False,1,False,0.00641025641025641,False,0,True,0.0,0.0347985347985348,False,nan,nan,nan,True,True,True,-0.001883629362618322,0.09494353337655759,1.5180521670672615,False,4,4,-0.255,0.0519001070927364,6.989305487973735,True,False
313362847,1081,1078,OK,,3,0.0027752081406105457,2,0.01671594098474993,1.32256328967349,0.6774367103265101,False,7.968785608027374,1598.0980328928342,0.02,0.18575371217700803,0.00535459912907019,34.690498336009625,False,False,2,False,0.0055658627087198514,False,0,True,0.0,0.03710575139146568,False,nan,nan,nan,True,True,True,nan,nan,nan,False,4,2,-0.15499999999999997,0.01973475724028617,3.2219502308654415,False,False
313697299,32771,32771,OK,,0,0.0,10,0.018567904707705987,8.007054465025083,0.0,True,37.06012375779272,1762.8892118294093,0.17,0.3002165193698668,0.0007117252429604861,421.8151910997126,False,False,10,False,6.1029568826096246e-05,False,1,True,0.8,0.06719355527753196,True,0.3081122157098948,171.00980646016237,1.0263000062641472,False,True,False,nan,nan,nan,False,0,17,0.0050000000000000044,0.0068074497353101115,8.6186061308042,True,False
313944190,1134,1118,OK,,16,0.014109347442680775,1,nan,nan,nan,False,12.939876885397936,1656.5850970728955,0.058,0.2665787358762562,0.0011651764237189056,228.7883023116912,False,False,3,False,0.0008944543828264759,False,1,True,0.0,0.03488372093023256,False,0.275009679444324,133.9327783017961,1.0316264669061277,False,True,True,nan,nan,nan,False,2,3,0.22499999999999998,0.05595141870399134,7.992919319594745,True,False
315681379,1086,1086,OK,,0,0.0,2,0.09571309708053598,1.0916223325281427,0.9083776674718573,False,13.942207597430853,1624.9798858771162,0.02,0.20541297625428054,0.001082643930076811,189.73271871547553,False,False,2,False,0.0,False,0,True,0.0,0.022099447513812154,False,nan,nan,nan,True,True,True,nan,nan,nan,False,2,2,0.31500000000000006,0.03613986301976191,2.781103128580127,False,False
316215136,1120,1114,OK,,6,0.005357142857142857,1,nan,nan,nan,False,1.8026363076423648,1656.2060478749227,0.12,0.03401593723166846,0.0004300951669575134,79.08932683967755,False,False,74,False,0.018850987432675045,False,14,False,0.05405405405405406,0.03500897666068223,False,0.029497082538134767,35.466494620731375,0.8671547791625542,False,False,False,0.024163786908749207,0.02828191118273804,0.2535898725904829,False,38,50,-0.28500000000000003,0.004489721419866699,2.3134484584506922,False,False
31694643,1123,1112,OK,,11,0.009795191451469279,1,nan,nan,nan,False,11.616074613667598,1656.8348227208967,0.35000000000000003,0.01067719053700465,0.00011844380875948037,90.1456196725862,False,False,33,False,0.0,False,2,True,0.0,0.0341726618705036,False,0.012202813890861086,31.70544563681624,1.1428862160480306,False,True,False,nan,nan,nan,False,1,40,0.355,0.005244193962709365,4.394983305471739,False,False
318885450,963,961,OK,,2,0.0020768431983385254,3,0.6261429690341757,3.727735261371881,0.9675976652649215,True,9.502655922344898,1413.944069159638,0.058,0.07870465986982071,0.0024130350655841904,32.61645924352388,False,False,6,False,0.001040582726326743,False,2,True,0.5,0.08428720083246619,True,0.08539587239500523,37.28936813878066,1.085016726280908,False,True,True,0.10136252717823035,0.06710106122235127,2.3844906193170727,False,4,5,0.42500000000000004,0.004795213490079386,2.793282085622553,False,False
318898673,1072,1072,OK,,0,0.0,2,0.019674284515613073,1.1506418720682812,0.849358127931719,False,0.7687339313230915,1492.163753694897,0.5,0.0024192093860039257,6.376649955148008e-05,37.93856339959269,False,False,698,False,0.0,False,30,False,0.04154727793696275,0.04664179104477612,False,0.00012737545711116738,2.5503024574287196,0.052651687715864655,True,True,False,0.00020398235993435154,5.6603247720055094e-05,0.19449612894016258,False,418,423,nan,nan,nan,False,False
319433145,6075,6052,OK,,23,0.0037860082304526747,12,0.06311250626227027,3.089040182462551,0.8820372293528417,True,35.177940210834656,1371.874806989459,0.02,0.11147928895702941,0.003134409510937545,35.5662808474839,False,False,1,False,0.004626569729015202,False,0,True,0.0,0.07732980832782552,False,nan,nan,nan,True,True,True,nan,nan,nan,False,0,6,-0.15499999999999997,0.005872985015997867,4.522632977568245,False,False
322086056,2188,2188,OK,,0,0.0,4,0.05956177501324801,1.3413139944799488,0.9500222426762804,False,26.952186905541463,1582.979278340845,0.5,0.036530412474861766,0.00032461900561361174,112.53319073481258,False,False,20,False,0.0,False,1,True,1.0,0.06855575868372943,True,0.037671659660400536,84.4256055980867,1.0312410155873306,False,True,False,0.0007729251545649518,0.03767273391229842,24.503921005925037,True,3,20,-0.235,0.0031730563647724974,2.813180691411286,False,False
323774715,2188,2188,OK,,0,0.0,4,0.15875841486321446,1.475270573144281,0.8167281448272102,False,27.201673076605044,1569.525156803682,0.12,0.2281436116454364,0.0014921422173398817,152.89669375628262,False,False,6,False,0.0,False,1,True,1.0,0.06855575868372943,True,0.2293478562563218,116.08639791786445,1.0052784498421852,False,True,True,nan,nan,nan,False,0,8,0.495,0.022726054157414133,7.418446188527531,True,False
323965420,2188,2188,OK,,0,0.0,4,0.023827990881025975,1.1602384732990576,0.7453835931133717,False,16.25910716085501,1572.677437351156,0.244,0.03241757335697049,0.00058804514324964,55.12769509127365,False,False,45,False,0.0,False,4,False,0.0,0.06855575868372943,False,0.031197480275083622,29.943947235450008,0.9623632198359929,False,False,False,0.0316804255378107,0.028127735337829196,1.3666922144502491,False,26,27,0.20500000000000002,0.024548224537844776,6.9683290536363085,True,False
326258589,240615,240615,OK,,0,0.0,34,0.03568909574551277,2.0882919352532174,0.0,True,32.389891266856836,1702.576126940144,0.5,0.013873924416849884,6.983485898025111e-05,198.6676084041832,False,False,3710,False,0.004430313987074787,False,31,False,0.0,0.028946657523429543,False,0.004478606108156202,46.1718568281602,0.3228074460833111,True,True,False,0.022463815140991605,0.0,22.749065712195495,True,2210,2242,-0.495,0.0,0.0,False,False
329180790,1854,307,UNRELIABLE_DATA,,1545,0.8333333333333334,,,,,,,,,,,,,,,,,,,,,,,,,,,,,,,,,,,,,,,
329691283,1081,1081,OK,,0,0.0,2,0.06769485462711099,1.0771222921780057,0.9228777078219942,False,7.300126441361957,1598.2930566414745,0.02,0.10310218995958143,0.001008999946516376,102.18255245260124,False,False,2,False,0.0,False,0,True,0.0,0.03700277520814061,False,nan,nan,nan,True,True,True,nan,nan,nan,False,2,1,-0.375,0.007652461189849524,3.098468710867438,False,False
33084982,1049,1029,OK,,20,0.019065776930409915,2,0.014869565062686213,1.0190284688038589,0.9809715311961409,False,12.982714050996135,1627.9252297976611,0.35000000000000003,0.07283843339342838,0.00036707015771015916,198.43191243822673,False,False,22,False,0.0,False,2,True,0.0,0.022351797862001945,False,0.07934392506831434,75.48402106184886,1.0893139977317647,False,True,False,-0.0034732534884033273,0.08730920734604475,22.116793891294957,True,8,19,-0.044999999999999984,0.021191416150101006,3.0442462631837004,False,False
330872568,30233,30208,OK,,25,0.0008269109913008963,6,0.008418564044850106,12.651017936581217,0.0,True,26.959096120469297,1685.2818670868658,0.02,0.16305725012178743,0.0013162964901371802,123.87577672929457,False,False,21,False,0.0006951800847457627,False,3,False,0.0,0.05306541313559322,False,0.004919900791395593,2.636435099970406,0.030172842898558143,True,True,False,0.006078948900726466,0.005160101304383824,0.11585562312068588,False,8,18,-0.175,0.0009616121935663857,2.885678671283404,False,False
331030092,2164,2164,OK,,0,0.0,4,0.1039974994930334,1.6069933099756097,0.7758728914565629,False,14.919397894294411,1610.5542417417735,0.5,0.18902834804618013,0.0010108432323331692,187.0006564814961,False,False,27,False,0.013863216266173753,False,2,True,0.4444444444444444,0.0466728280961183,True,0.14083314497838706,87.38832487470967,0.745037167356407,False,True,False,0.09018212672377846,0.23629158029075725,6.159649627505025,True,17,18,0.03500000000000003,0.1343377341400056,7.510252438788508,True,False
333569592,2160,2159,OK,,1,0.000462962962962963,4,0.04206392452083466,1.2047726227703517,0.7375160352753656,False,11.657725627421407,1581.681012727554,0.12,0.013694063952461357,0.0002838176297148671,48.24951841863693,False,False,22,False,0.0009263547938860583,False,4,False,0.22727272727272727,0.06113941639647985,False,0.01155670185837332,21.234037711646575,0.8439205409359966,False,False,False,0.011484676874403577,0.010822488361447391,0.1822779088138041,False,13,14,0.10499999999999998,0.0023109028861860725,2.6518088785971834,False,False
333733223,34182,34182,OK,,0,0.0,2,0.006985139622153806,1.000110524146569,0.9998894758534308,False,23.224380132106177,1995.5346802157956,0.058,0.0006344318195195571,7.875313216236162e-05,8.055956659750104,False,False,82,True,0.0,False,2,True,0.4878048780487805,0.06187467087941022,True,0.0006205530101605072,6.332780518700907,0.9781240332971318,True,True,False,0.000518372169562964,0.0005702836069534367,0.3530213482949141,False,50,49,0.41500000000000004,0.0001641342602172191,3.2496058242139076,False,False
334477692,1072,1072,OK,,0,0.0,2,0.034092854842401224,1.0333898095740004,0.9666101904259997,False,0.7197103288330826,1492.1301862504124,0.5,0.0020352135944584526,0.0001784774235328364,11.403199094724789,False,False,745,False,0.0,False,32,False,0.04697986577181208,0.04477611940298507,False,0.00040088743309718566,3.821032567985176,0.19697560697743732,True,True,False,0.00015541682520647804,9.802377943435303e-05,0.06702611017481162,False,442,450,nan,nan,nan,False,False
335497764,10287,10287,OK,,0,0.0,1,nan,nan,nan,False,8.688333626047767,3021.3083713944807,0.17,0.003083188655144233,5.958445148179787e-05,51.74485253231037,False,False,145,False,0.0,False,2,True,0.0,0.0,False,0.001675744148746161,21.32443045029449,0.543510091719564,False,True,False,5.0131796107577564e-05,0.005997148634816374,51.22147043976132,True,87,89,-0.255,0.00025501968319263657,1.8228756915486273,False,False
338476434,18101,18087,OK,,14,0.0007734379316059886,3,0.005441246496263529,1.9204013418134167,0.9605297080373986,False,26.606432277318987,2769.8546585825934,0.02,0.48225633474492774,0.004314818345438582,111.76747110448946,False,False,3,False,0.004588931276607508,False,1,True,0.0,0.03986288494498811,False,0.5022355887041198,47.5024022779266,1.041428701957351,False,True,True,nan,nan,nan,False,5,0,-0.0050000000000000044,0.032919441024090834,8.075352617891578,True,False
338685900,1081,1081,OK,,0,0.0,2,0.029396734762833714,1.1108737349676503,0.8891262650323498,False,3.5299092927824343,1599.8241506048448,0.5,0.0021743636813170188,7.12140796785384e-05,30.53277794408261,False,False,114,False,0.0,False,6,False,0.0,0.037927844588344126,False,0.0016104452307763584,10.651127661676718,0.7406512740319995,False,False,False,0.0017259444062758256,0.0009645602310383028,0.37527844227234786,False,42,95,-0.22499999999999998,0.0009441757019218455,1.8691915538401733,False,False
33986702,4011,4011,OK,,0,0.0,4,0.026333207234577317,1.293761594090069,0.6643266021236657,False,8.892529430616571,1356.6911386695745,0.084,0.020613890128137993,0.00041627164635932686,49.520283950216545,False,False,36,False,0.0,False,5,False,0.0,0.07080528546497133,False,0.023182364218550355,42.95980090146323,1.1245991937691757,False,False,False,0.020543912970598877,0.019813114655303332,0.7393547905767552,False,19,24,-0.455,0.010554228607595584,8.690075935019836,True,False
339902507,2167,2164,OK,,3,0.0013844023996308261,4,0.027084582195351,1.3208845885892513,0.6492433438643544,False,25.3538974033091,1612.0387805717965,0.17,0.033564281339995214,0.0003775907649282724,88.89063096225652,False,False,15,False,0.0,False,2,True,0.0,0.0466728280961183,False,0.03535018652130517,52.56726369912,1.053208503504643,False,True,False,0.03330754040845796,0.03936495813946439,1.9441966011156595,False,9,7,-0.345,0.00316691794880819,3.1336596125043514,False,False
341193568,4145,4138,OK,,7,0.0016887816646562123,7,0.13225801876850787,2.4441738099805024,0.8743887033937598,False,12.18754739132024,1496.3975715547335,0.02,0.23374013181067,0.0010043352948420285,232.73117355438046,False,False,1,False,0.011358144030932818,False,0,True,0.0,0.07660705654905751,False,nan,nan,nan,True,True,True,0.0006648129798847435,0.00016866566313367137,0.014000644372809295,False,6,10,-0.11499999999999999,0.0009983573895444575,2.4453198258722235,False,False
341795566,3073,3073,OK,,0,0.0,5,0.18415246922643316,1.719054112934495,0.8337244294623598,False,34.027700324247,1535.1300108619296,0.35000000000000003,0.06454127807530718,0.0002269299444773303,284.41058417371926,False,False,15,False,0.0032541490400260333,False,1,True,1.0,0.07256752359258054,True,0.06395397423748839,162.21723402260073,0.9909003376547095,False,True,False,nan,nan,nan,False,0,16,0.015000000000000013,0.0032558016481675223,5.107766627236726,True,False
342314354,44793,44793,OK,,0,0.0,18,0.031220271870244832,1.0961087805329466,0.0,True,0.7358076534436582,1518.220566593827,0.058,0.0008729264301757265,1.266228080938294e-05,68.93911478640364,False,False,3582,False,0.0,False,273,False,0.06504745951982133,0.06563525550867323,False,0.0010225922692389533,32.76885515841389,1.171452981476455,False,True,False,0.0008918888068639719,0.0008845518561672039,0.16533615876880842,False,2155,2149,-0.395,0.0014288495105627685,1.4661659022976459,False,False
342332703,65221,65221,OK,,0,0.0,9,0.06529378235010132,1.1113997192897367,0.0,True,0.7848054787185619,1739.0920659848166,0.04,0.03414015856981788,0.000780262286421639,43.7547208982611,False,False,3337,False,0.0,False,188,False,0.04105483967635601,0.03899050919182472,False,0.0355641225847696,36.38270950365588,1.0417093556270298,False,True,False,0.032951240958932426,0.033260364212190696,0.28781696440992116,False,1959,2034,-0.425,0.04141215357733741,1.344447384571202,False,False
344494909,2188,2149,OK,,39,0.01782449725776965,4,0.0029083780164273344,1.044710944500705,0.6207866923350017,False,14.066643393350835,1583.7919438278664,0.028,0.7436816984982461,0.0012932146606226523,575.0643888773894,False,False,2,False,0.0013959981386691485,False,0,True,1.0,0.0632852489530014,True,nan,nan,nan,True,True,True,nan,nan,nan,False,1,2,-0.15499999999999997,0.019187069998237938,3.307198040151331,False,False
345086748,1177,1177,OK,,0,0.0,1,nan,nan,nan,False,10.304179356032474,1658.268807581924,0.35000000000000003,0.03482669205069959,0.000882589450445382,39.45967406830544,False,False,31,False,0.0016992353440951572,False,3,False,0.1935483870967742,0.03313508920985556,False,0.039733985142104356,27.546776029420023,1.1409060924954022,False,False,False,0.06459907415226085,0.0082076961651113,6.318250025624409,True,7,32,0.345,0.00818626942240852,3.138892060607227,False,False
345292716,10624,10581,OK,,43,0.004047439759036145,6,0.014686089723167603,1.3451472065939127,0.5683471726822066,False,13.088579772282863,2668.084599884835,0.12,0.7050426295032352,0.0004352561487853349,1619.8338184785919,False,False,11,False,0.023910783479822322,True,1,True,0.18181818181818182,0.1356204517531424,False,0.7651909773804964,94.47726947021759,1.0853116469278474,False,True,False,0.3755380285913308,0.8478978541438507,6.5724756534593425,True,5,8,0.235,0.03281008499049243,8.761741292371532,True,False
348337167,1048,1033,OK,,15,0.01431297709923664,2,0.4417614188720086,1.1308970941648633,0.8691029058351365,False,0.8643706382027255,1625.1827992334781,0.058,0.19215266492300626,0.0003334718180400781,576.2186023765057,False,False,68,False,0.003872216844143272,False,17,False,0.07352941176470588,0.06485963213939981,False,0.1970856484768192,65.24937050336816,1.0256722099367686,False,False,False,0.17039013986327822,0.19846580404891967,1.742640099112,False,41,39,0.385,0.020620442163504227,2.0832510440749084,False,False
348898155,13367,13258,OK,,109,0.008154410114460987,24,1.6602063949833525,4.090504206962366,0.7196127891651379,True,25.36625839535858,1340.424857587483,0.12,0.11148222919114965,0.0006529083379137521,170.74713664611866,False,False,59,False,0.006260371096696334,False,11,False,0.0847457627118644,0.08560868909337759,False,0.11904366989941184,145.13377968955137,1.0678264218712132,False,True,False,0.1068621602587625,0.1147669300647316,0.5400472086805352,False,30,41,-0.275,0.005013878114206505,5.811880045101429,True,False
349453472,9465,9465,OK,,0,0.0,2,0.04232285590292631,1.0529066463959973,0.9470933536040026,False,0.9117174410313378,2912.620258103984,0.12,0.023535484508458524,6.943330155976027e-05,338.96536647046605,False,False,1243,False,0.0,False,24,False,0.0,0.04585314315900687,False,0.023605070247418203,130.51590985301402,1.0029566308241782,False,False,False,0.019240271435545964,0.02148954211066212,8.943702515698833,True,746,747,0.495,0.007455963711797131,2.4997426874741335,False,False
351942055,1073,1046,OK,,27,0.02516309412861137,2,0.028829157775665526,1.06101681819116,0.9389831818088402,False,13.814671768772188,1625.4980607260889,0.17,0.7289667009450823,0.0014048137161563185,518.9063094711183,False,False,6,False,0.006692160611854685,False,1,True,0.0,0.022944550669216062,False,0.2636237097565921,96.26155070579584,0.3616402634232981,True,True,True,nan,nan,nan,False,0,7,0.14500000000000002,0.11358906995820373,6.756032733647104,True,False
3521345,1962,1962,OK,,0,0.0,4,0.03924785670418506,1.1522416349494171,0.7934311974843987,False,13.293512541252895,1530.3217398024383,0.17,0.3740222056204807,0.0006707713048267151,557.6001879166618,False,False,8,False,0.0,False,1,True,1.0,0.06829765545361875,True,0.30734322722334817,280.29488559489084,0.8217245463099816,False,True,True,nan,nan,nan,False,1,8,0.025000000000000022,0.036601144318261225,8.49077046167176,True,False
355236158,4154,4154,OK,,0,0.0,8,0.04840213281564154,1.2971258114614497,0.814512750676442,False,27.211724282125395,1542.292636849634,0.12,0.3874609213601478,0.0013047194288713663,296.96876798662896,False,False,6,False,0.0077034183919114105,False,1,True,1.0,0.07173808377467501,True,0.3984090585969253,253.36670976992448,1.028256106960013,False,True,True,nan,nan,nan,False,8,0,-0.0050000000000000044,0.06796686075210245,2.060779306061077,False,False
356500024,25987,25942,OK,,45,0.0017316350482933774,9,0.017519380837430196,2.014277663732831,0.4800088388555183,False,34.26360365946508,1704.1029774547528,0.02,0.1960182857388698,0.0013684674407548,143.239276215993,False,False,16,False,0.005550844190887364,False,3,False,0.0,0.052116259347775806,False,0.29242566041940143,153.79316079990917,1.4918284756809008,False,False,False,0.28370404269527916,0.21655263927856339,2.1379052908413794,False,15,5,0.405,0.003234317257461816,3.472860290343915,False,False
358888850,16155,16126,OK,,29,0.001795109873104302,4,0.006471527014790777,1.2616781195890345,0.0,True,19.143420296928383,1696.721275893976,0.02,0.8233060174587263,0.0016315271287628149,504.6229406452091,False,False,8,False,0.0012402331638348009,False,1,True,0.0,0.06269378643184918,False,0.8107413290178394,167.22384898595237,0.9847387384830855,False,True,True,nan,nan,nan,False,10,0,-0.0050000000000000044,0.03284126949150856,8.903294109960248,True,False
359140116,2167,2166,OK,,1,0.00046146746654360867,4,0.04922429521929043,1.152886747720992,0.9026299330334215,False,10.528492831556758,1603.5969638027545,0.02,0.7721510086417519,0.0007587908901093408,1017.6071150913342,False,False,1,False,0.0,False,0,True,0.0,0.04662973222530009,False,nan,nan,nan,True,True,True,nan,nan,nan,False,1,2,-0.275,0.006053245776795002,3.655470667776659,False,False
359416156,28618,28597,OK,,21,0.000733803899643581,3,0.001425373710273019,1.5985806253279646,0.864710672308044,False,35.820661144700864,2734.7968170910503,0.244,0.17079235599131132,0.0023579745098100562,72.4318075877204,False,False,116,False,0.011959296429695423,False,2,True,0.0,0.023673811938315206,False,0.12935069154877632,39.345313963556684,0.7573564448947396,False,True,False,0.09988923602235822,0.0,4.8225061131129365,True,126,15,-0.024999999999999994,0.009059616810218052,3.900848281550338,False,False
361562001,1988,170,UNRELIABLE_DATA,,1816,0.9134808853118712,,,,,,,,,,,,,,,,,,,,,,,,,,,,,,,,,,,,,,,
363738917,1086,1086,OK,,0,0.0,2,0.09970134462455563,1.0570689095907815,0.9429310904092184,False,13.91669187411641,1625.537135592252,0.5,0.031187382932230015,0.000660825499358546,47.194581568815316,False,False,18,False,0.0,False,1,True,0.0,0.02117863720073665,False,0.03175211951454071,43.56613687988854,1.0181078541773725,False,True,False,nan,nan,nan,False,0,18,0.05500000000000005,0.011672392746852056,4.801936189581845,False,False
365998904,1177,1177,OK,,0,0.0,1,nan,nan,nan,False,1.2493575875979595,1654.4709446938416,0.12,0.023984161764587075,6.395656411234194e-05,375.00703950353017,False,False,120,False,0.0,False,22,False,0.0,0.03313508920985556,False,0.026966497398839717,87.40534876547163,1.1243460440070956,False,False,False,0.025543295077093298,0.025803743958218384,0.2719847542760842,False,61,76,0.16500000000000004,0.0030731586503820463,1.830806458550909,False,False
369395377,798,798,OK,,0,0.0,2,0.008157136341053842,1.066620910608899,0.933379089391101,False,2.4308642419111037,1388.3397560499595,0.12,0.01661195558510387,0.00010526283223415751,157.81406629977923,False,False,38,False,0.0,False,7,False,0.0,0.047619047619047616,False,0.017244909469694036,55.36257207394597,1.0381023101914468,False,False,False,0.01347673918432879,0.018220584177939925,6.14821347343469,True,23,24,-0.245,0.002592826568567519,4.171048557065155,False,False
371605670,2188,2181,OK,,7,0.0031992687385740404,4,0.18354648884644853,1.1837148967225246,0.8959774124525547,False,2.6285424807291244,1571.7951530287767,0.35000000000000003,0.02670003025298508,0.00016338418152417176,163.4186982112155,False,False,272,False,0.010087116001834021,False,19,False,0.07720588235294118,0.06602475928473177,False,0.02670742206393273,58.37332162748014,1.0002768465382852,False,False,False,0.024469944755367234,0.02405074209371083,0.05366892040019421,False,171,157,0.495,0.012694285482122702,3.06189154612136,False,False
373101598,2211,2211,OK,,0,0.0,3,0.03861562854667599,1.5801761598195139,0.6947032846183149,False,14.005429807748614,1556.747961328862,0.02,0.17598690482815202,0.004254857648587995,41.36140838614296,False,False,1,False,0.004070556309362279,False,0,True,0.0,0.06558118498417007,False,nan,nan,nan,True,True,True,nan,nan,nan,False,2,1,0.06500000000000006,0.006351543975697038,0.7418264943627351,False,False
373702848,25520,25520,OK,,0,0.0,5,4.887228947594496,1.6078935268013201,0.6346759536097096,True,36.76646087001971,2912.341602309071,0.5,0.01006506965541396,0.00012680859959364991,79.37213791230907,False,False,162,False,0.0,False,1,True,1.0,0.058816614420062696,True,0.010239535322000504,55.062275833649124,1.0173337763730923,False,True,False,nan,nan,nan,False,184,0,-0.475,0.0009670182840028074,4.615185135501015,False,False
374148644,3292,3292,OK,,0,0.0,6,0.07871632531433208,1.1478245298006227,0.7588769644305638,False,4.43737808329209,1544.8153684598485,0.02,0.36095989731046246,0.0005582919173366984,646.5432976934401,False,False,11,False,0.0015188335358444715,False,0,True,0.0,0.06713244228432563,False,0.0021535843563195156,1.6116551569377815,0.005966270414985221,True,True,False,0.0018482742682979225,-0.000478917287191738,0.2964955607708659,False,14,14,-0.215,0.0018413960892792458,2.7471874212240546,False,False
374765295,23446,23446,OK,,0,0.0,8,0.38738755532059654,2.5585674933398033,0.706156539951937,False,37.78903071990725,1701.6370604931185,0.02,0.28274859317226325,0.0009412653490087474,300.39201322988,False,False,9,False,0.0012368847564616565,False,1,True,0.0,0.06781540561289773,False,0.3040151173367641,278.82039242435235,1.0752135454535907,False,True,True,nan,nan,nan,False,0,11,-0.385,0.0009067810767446893,0.37181299204628515,False,False
375579079,7774,7774,OK,,0,0.0,3,0.004268342090548519,1.0032274527576004,0.9713256962288992,False,2.1406780057525796,3507.858147669384,0.12,0.00046258285786922527,6.857828558403145e-05,6.745325490856808,False,False,415,True,0.0,False,8,False,0.016867469879518072,0.1113969642397736,False,0.0004234464566739149,5.084563570555999,0.915395911176686,True,True,False,0.00042380703882050064,0.000301517398118456,0.9721132330770278,False,187,310,0.245,0.000521217837390564,2.3189357303430436,False,False
376032481,2188,2188,OK,,0,0.0,4,0.08122555206626196,1.214825549879666,0.8798411646149429,False,13.730208392687432,1582.9506464631677,0.5,0.2139384500559319,0.0006111140546235161,350.0794138791836,False,False,27,False,0.0,False,2,True,1.0,0.0690127970749543,True,0.2286953952544205,262.9563498932242,1.068977526922489,False,True,False,0.00046417371985030265,0.23665477651026667,56.9996220205873,True,15,20,0.05500000000000005,0.00886704020646567,5.9202299463376535,True,False
376808346,2188,2188,OK,,0,0.0,4,0.022755507530675574,1.0883023734234145,0.9531149130920277,False,0.7710597454831566,1570.0306454428207,0.12,0.0022317172685963624,3.0319365731853265e-05,73.60699060573485,False,False,342,False,0.0,False,64,False,0.10526315789473684,0.0690127970749543,False,0.001875204941221842,8.955044393133479,0.8402520192001074,False,False,False,0.0015792846407380878,0.0013989191441849957,0.2622391069985635,False,214,201,-0.345,0.003638343583785897,2.0454131910487563,False,False
378070153,23446,23446,OK,,0,0.0,8,0.32662064711783767,1.6434246072635095,0.9020810941681683,False,1.8694705810796843,1683.9439535450342,0.35000000000000003,0.030912785490492325,9.483994315628008e-05,325.94690023752247,False,False,4484,False,0.012923313145099377,False,74,False,0.0927743086529884,0.06781540561289773,False,0.018866667655589087,166.34208846537146,0.6103192370481076,False,False,False,0.014864657285215244,0.017971305392841308,1.2783627126863404,False,2822,2559,0.29500000000000004,0.0022452440375473337,1.5153407031273982,False,False
380942574,17101,17081,OK,,20,0.0011695222501608093,4,0.027034331152539583,1.6806302001415305,0.8714717910199185,False,13.360661731289872,2459.7076456618393,0.02,0.675242987711165,0.008179142273267465,82.55669911967601,False,False,3,False,0.00919149932673731,False,0,True,0.3333333333333333,0.03834670101282126,True,0.7986365092271424,44.96801259170088,1.1827394341912942,False,True,True,nan,nan,nan,False,2,2,-0.024999999999999994,0.014672686230248422,4.780948724793924,False,False
382050502,1081,1081,OK,,0,0.0,2,0.001109497231539273,1.279661984278662,0.7203380157213379,False,13.177108723068272,1597.5689985012,0.058,0.11036682784272306,0.003906875211048606,28.249386499626787,False,False,3,False,0.0,False,1,True,0.0,0.037927844588344126,False,0.11979765524710517,18.906637355081514,1.085449836592399,False,True,True,nan,nan,nan,False,0,3,0.0050000000000000044,0.0233173768186391,3.4524289851223706,False,False
383109701,2164,2164,OK,,0,0.0,4,0.09459303212705085,1.4077753213236581,0.8526772662763215,False,27.751226940795554,1611.4723000023419,0.5,0.15607513840752785,0.00042631273772143367,366.10479724748996,False,False,8,False,0.0073937153419593345,False,1,True,0.125,0.0466728280961183,False,0.1634555553981899,236.31022828069695,1.0472875889521305,False,True,True,0.0009876987311243646,0.15329376430007913,9.006005749288342,True,3,10,0.025000000000000022,0.03811252726108172,9.316112282546452,True,False
383287412,3073,3062,OK,,11,0.0035795639440286365,5,0.14071693636040278,1.0488813026248915,0.686788794500383,False,21.743440911906553,1535.1284652801087,0.244,0.1711521545599789,0.00018521525804808517,924.0715714444258,False,False,33,False,0.006531678641410843,False,3,False,0.6666666666666666,0.07511430437622468,True,0.17729328151521007,378.24732089375175,1.0358810963906333,False,False,False,0.2021351578034435,0.0028571358347576625,8.169364026748305,True,11,27,0.015000000000000013,0.026055378291489295,9.328092356420902,True,False
383290622,3073,3073,OK,,0,0.0,5,0.04007755431830389,1.2176351587347474,0.7663297430585114,False,36.37337067171072,1519.0469684774116,0.02,0.0848590115914157,0.0009025604432519367,94.02030880687349,False,False,1,False,0.005532053368044257,False,0,True,1.0,0.07191669378457534,True,nan,nan,nan,True,True,True,nan,nan,nan,False,2,2,0.29500000000000004,0.0010130751842715169,1.4536693845155313,False,False
383801019,3073,3065,OK,,8,0.0026033192320208264,5,0.269824092759061,1.2808758129453048,0.9546708170069822,False,2.48990040198025,1518.2957531999432,0.244,0.011611236411385688,0.00010035539315972352,115.70117006970905,False,False,310,False,0.009461663947797716,False,28,False,0.08709677419354839,0.07210440456769984,False,0.011628021912363007,63.987941203084716,1.0014456256321558,False,False,False,0.011063912925882158,0.010037302167622553,0.13955841821375764,False,189,185,0.495,0.004224142419763766,3.7368516606620528,False,False
385172812,2211,2158,OK,,53,0.02397105382180009,4,0.06765923733589772,1.0137470690076307,0.7354938499874714,False,24.052277496557277,1543.8976411685767,0.02,0.5541994958803951,0.05654663243538568,9.800751556932484,False,False,2,True,0.005560704355885079,False,0,True,0.5,0.0639481000926784,True,nan,nan,nan,True,True,True,nan,nan,nan,False,1,4,0.04500000000000004,0.024903243907770545,2.249951847478995,False,False
385457563,2211,2211,OK,,0,0.0,3,0.05886397600065007,1.2801831364440601,0.977343554073444,False,24.17103328591926,1545.5654175404204,0.02,0.12927516955019658,0.0015520726104979545,83.29195984504936,False,False,2,False,0.004070556309362279,False,0,True,0.5,0.06512890094979647,True,nan,nan,nan,True,True,True,nan,nan,nan,False,1,3,-0.375,0.0033889120791843474,2.7663239178313694,False,False
385465182,2211,2206,OK,,5,0.002261420171867933,3,0.045442495938312635,1.1314533380554028,0.9930463128322091,False,15.094729858475434,1543.77147401257,0.02,0.4725033743728811,0.0009514081214822885,496.6358429195701,False,False,1,False,0.003626473254759746,False,0,True,0.0,0.0657298277425204,False,nan,nan,nan,True,True,True,nan,nan,nan,False,1,2,-0.215,0.004318137627416618,3.5887343450914764,False,False
386166029,2211,2211,OK,,0,0.0,3,0.0879059414509298,1.189615820503932,0.9739902602642242,False,13.374847793289323,1556.2018020739886,0.5,0.05263220185833671,0.0003199165348991676,164.51854192195947,False,False,29,False,0.0004522840343735866,False,2,True,1.0,0.06558118498417007,True,0.05559776570371455,156.35474848873977,1.0563450462011805,False,True,False,0.07344740905730451,0.046466901414498496,9.372737895702116,True,9,20,0.17500000000000004,0.0023907606028061856,1.8369697310637476,False,False
386205667,1072,1072,OK,,0,0.0,2,0.056694552272675,1.0026270510793491,0.9973729489206506,False,1.4547582105247114,1492.2323795642335,0.17,0.013323789191847605,0.000313941894556804,42.44030319896291,False,False,129,False,0.002798507462686567,False,16,False,0.0,0.04664179104477612,False,0.012465797143828672,27.43518911383466,0.9356045014173663,False,False,False,0.005994017285261277,0.015055987294292694,2.787817402513777,False,79,77,-0.11499999999999999,0.0044889698156833635,2.80377230327112,False,False
386512936,1104,1104,OK,,0,0.0,2,0.046131708861012546,1.0198188558836343,0.9801811441163656,False,12.397474989432821,1543.3397086503353,0.028,0.46890858948633973,0.009098570285754407,51.53651340370563,False,False,2,False,0.0,False,0,True,0.0,0.041666666666666664,False,nan,nan,nan,True,True,True,nan,nan,nan,False,0,2,0.09499999999999997,0.02100725794774938,5.793392788577702,True,False
386850136,1104,1104,OK,,0,0.0,2,0.007082359972264628,1.0275377692050915,0.9724622307949085,False,12.397480345792761,1543.339711116768,0.028,0.18742958527119558,0.004468084201291802,41.94853472479466,False,False,2,False,0.0,False,0,True,0.0,0.041666666666666664,False,nan,nan,nan,True,True,True,nan,nan,nan,False,0,2,0.05500000000000005,0.006467253868742029,3.6319571050093864,False,False
3933500,1059,1049,OK,,10,0.009442870632672332,2,0.004582983828569795,1.065094634445254,0.9349053655547459,False,10.91637036738487,1629.1833428559326,0.17,0.05314642553885837,0.0010709600055232745,49.62503292818191,False,False,21,False,0.0009532888465204957,False,3,False,0.19047619047619047,0.022878932316491896,False,0.049069588194421976,13.632398471101336,0.9232904696204717,False,False,False,0.03994854809575332,0.049069588194421976,0.7386630877102704,False,4,17,-0.455,0.05479476365272595,6.39841241778478,True,False
393920906,862,862,OK,,0,0.0,2,0.0021711697741934556,1.0389680455578254,0.9610319544421747,False,12.271616953741027,1517.5160739347832,0.17,0.12441652681116887,0.0005832483231417307,213.3165615307485,False,False,9,False,0.0,False,1,True,0.0,0.058004640371229696,False,0.11703971115503675,170.64669757851158,0.9407087157534292,False,True,True,nan,nan,nan,False,0,11,0.375,0.010783969101180069,5.672582513446591,True,False
394019805,2292,379,UNRELIABLE_DATA,,1911,0.8337696335078534,,,,,,,,,,,,,,,,,,,,,,,,,,,,,,,,,,,,,,,
394603788,2167,2145,OK,,22,0.01015228426395939,4,0.0206954275682341,1.0562891270795145,0.9362715129917046,False,17.201978987700002,1614.122178749954,0.02,0.9450377917482193,0.0003094449376350525,3053.977224415805,False,False,3,False,0.0,False,0,True,0.0,0.043356643356643354,False,0.9465600434189166,233.11336314515907,1.0016107839114892,False,True,True,nan,nan,nan,False,1,2,-0.265,0.007397125032768237,3.366157964384753,False,False
397005373,20382,20381,OK,,1,4.9062898636051415e-05,8,0.0225756876970698,9.931101570672983,0.5982405250695766,True,30.242986516545642,1707.5200960265279,0.02,0.37852397905588747,0.0025953224651175293,145.8485348712712,False,False,1,False,0.0011285020362101958,False,0,True,0.0,0.062165742603405134,False,nan,nan,nan,True,True,True,nan,nan,nan,False,0,2,-0.345,0.00031953777494797553,1.48769280665507,False,False
398475596,2160,2159,OK,,1,0.000462962962962963,4,0.02511141408254286,1.6915825631701276,0.819168511420931,False,14.005159116599415,1582.8227121164166,0.084,0.0370270976302257,0.0015822017784416392,23.402260150848058,False,False,12,False,0.0009263547938860583,False,3,False,1.0,0.06067623899953682,True,0.03062165402842887,16.732580855625173,0.8270065975528154,False,False,False,0.03351269131993906,0.026870647516064605,0.7928627353509008,False,4,9,0.09499999999999997,0.04680015447513319,5.287114950452857,True,False
399576273,45311,45311,OK,,0,0.0,5,0.00698347390271633,1.2195316385808412,0.0,True,39.021597556120454,1764.4353310955703,0.02,0.06705197240946734,0.0023748661968848468,28.23400008700304,False,False,3,False,0.0,False,1,True,1.0,0.0333252411114299,True,0.07423822036799621,23.678918628102693,1.1071742963002564,False,True,True,nan,nan,nan,False,0,4,0.0050000000000000044,0.0003488046150477153,2.413789896633718,False,False
399771056,2188,2180,OK,,8,0.003656307129798903,4,0.14509342090836763,1.4109926130908883,0.8610695290174651,False,13.619264463705452,1583.1873430438322,0.35000000000000003,0.5276908336391904,0.00037325716932980527,1413.7460094515413,False,False,19,False,0.0,False,2,True,1.0,0.06513761467889909,True,0.3000044752062133,304.86841500710455,0.5685231883549107,False,True,False,0.004112227069644314,0.5379727175522528,50.26342909047721,True,14,11,-0.024999999999999994,0.2573189229835665,9.826566479684388,True,False
403648279,13042,12998,OK,,44,0.003373715687777948,4,0.037234890489299184,1.525471788653114,0.6491427505417753,False,12.889044582392426,2778.2847544606966,0.02,0.9737001824609808,0.0020116835015953263,484.0225521006694,False,False,2,False,0.0033851361747961224,False,0,True,0.0,0.05423911370980151,False,nan,nan,nan,True,True,True,nan,nan,nan,False,1,1,-0.145,0.007340220979096812,4.156053060339954,False,False
403676355,1072,1072,OK,,0,0.0,2,0.015516862929640359,1.0278803040147333,0.9721196959852668,False,2.641200838548084,1492.057732213064,0.244,0.09033019223353586,0.0005642575358651109,160.0868158456103,False,False,114,False,0.007462686567164179,False,10,False,0.13157894736842105,0.04664179104477612,False,0.09193311363790946,99.8502700625119,1.0177451344311266,False,False,False,0.08288306436775439,0.07834064178764932,0.7290110229652236,False,70,70,-0.485,0.015466017595034742,3.3224757213889573,False,False
410907335,1107,1107,OK,,0,0.0,2,0.03492663958577574,1.007755377053194,0.992244622946806,False,0.6785976480948562,1569.8897262202277,0.5,0.00499602064706437,0.00017598402401076434,28.38905789970333,False,False,803,False,0.022583559168925023,True,37,False,0.058530510585305104,0.06684733514001806,False,0.00013819831676231686,0.9413901578027684,0.027661678468747182,True,True,False,0.00019432334615565594,-0.00019242751002268577,0.03658551023897109,False,500,473,nan,nan,nan,False,False
411444050,1081,1078,OK,,3,0.0027752081406105457,2,0.04178019367780784,1.0316410233165751,0.9683589766834249,False,13.523202601773692,1598.2425253802282,0.5,0.05365999669768202,0.0005571449720959444,96.31244897681923,False,False,24,False,0.0,False,2,True,0.0,0.03710575139146568,False,0.05870664353816002,82.33545850205748,1.0940485864900549,False,True,False,0.022853092804641983,0.05870664353816002,10.108087963438667,True,13,18,-0.10499999999999998,0.020857951367096117,5.478003644521486,True,False
412633483,1081,1081,OK,,0,0.0,2,0.059302813594450964,1.0205611719187637,0.9794388280812362,False,11.981412274289807,1600.0343922789455,0.084,0.26755710569283603,0.028414249672159105,9.416300228930353,False,False,4,True,0.0,False,1,True,0.0,0.037927844588344126,False,0.294702777180503,10.497786666693896,1.101457486682604,False,True,True,nan,nan,nan,False,4,1,0.05500000000000005,0.12103795055753208,4.5636095233986005,False,False
417489557,65891,65813,OK,,78,0.0011837732011959145,6,0.017335777750509217,1.2287081901351504,0.8427750902626895,False,13.515490678784314,2721.063902024484,0.12,0.13262626149638726,0.0010471807135414275,126.6507869953627,False,False,581,False,0.011669427012900187,False,13,False,0.0,0.026301794478294564,False,0.021528395834219394,9.694542112515453,0.1623237780460684,True,True,False,0.020752194850893968,0.01840617671619138,0.38492393680481035,False,394,304,0.18500000000000005,0.006556789350681713,1.6716674200128476,False,False
421567487,1086,1086,OK,,0,0.0,2,0.025612032455999603,1.06105921503191,0.9389407849680897,False,3.6047913633031774,1627.9099802111161,0.244,0.02468956367446112,0.00022823969747587437,108.17383631114777,False,False,60,False,0.0,False,7,False,0.11666666666666667,0.022099447513812154,False,0.025190044172638038,67.9261227239951,1.0202709332888946,False,False,False,0.025513925268917603,0.017703537887815757,10.192542176140638,True,33,48,0.22499999999999998,0.0020221612391220223,2.401731702449695,False,False
425071197,3165,3165,OK,,0,0.0,1,nan,nan,nan,False,33.926200320852665,2144.165153197186,0.084,0.006551355433772465,0.00011151648939188366,58.74786293487179,False,False,14,False,0.0,False,3,False,0.0,0.0,False,0.007420417048142891,27.529650017921846,1.132653711610636,False,False,False,-2.1018289837915205e-05,0.008307649270846929,8.981369851807736,True,4,10,-0.495,0.001114855890100519,3.536658967415344,False,False
43368844,2292,322,UNRELIABLE_DATA,,1968,0.8586387434554974,,,,,,,,,,,,,,,,,,,,,,,,,,,,,,,,,,,,,,,
433791153,52781,52781,OK,,0,0.0,7,0.02374134980004323,1.2390936971529978,0.0,True,1.2323841494528287,1765.2331708376212,0.12,0.008044030461472482,0.00011220107517026426,71.69298912034246,False,False,5193,False,0.0,False,136,False,0.01713845561332563,0.03184858187605388,False,0.007587157389858601,55.48669806692573,0.9432034632635827,False,True,False,0.005732840686022311,0.006378498914556774,3.0639559976432067,True,3067,3155,-0.485,0.003543547002247349,2.45695193772661,False,False
435411138,1081,1078,OK,,3,0.0027752081406105457,2,0.03128628875745821,1.184178243854596,0.8158217561454039,False,1.868496733591966,1598.386954030334,0.17,0.00864851584420188,8.685128524826712e-05,99.57844399745872,False,False,97,False,0.0,False,13,False,0.09278350515463918,0.03710575139146568,False,0.007980688974934647,18.55451146613221,0.9227813325086344,False,False,False,0.006879265656767775,0.007637977544676877,0.4946724727005626,False,52,64,0.485,0.004014618828327876,2.658306078026253,False,False
43796360,14193,14193,OK,,0,0.0,5,0.016671957528220416,1.1582394041066084,0.9237581199719692,False,10.17112462645766,3458.663348643845,0.12,0.0006396872431256868,5.0022850954126685e-05,12.787900547937785,False,False,156,False,0.0,False,3,False,0.0,0.12175015852885225,False,0.0006303192079112341,9.32686583747262,0.9853552883614218,False,False,False,0.0005257158686619023,0.0005181465373356176,0.07224600885618233,False,62,124,-0.11499999999999999,0.00041112273465238047,3.064236037710859,False,False
441849486,2211,2211,OK,,0,0.0,3,0.05517026156311623,1.6461507614856978,0.961481605889222,False,13.146204088041321,1556.3669739613176,0.17,0.38073779258771545,0.0004688946512799439,811.9900526662306,False,False,8,False,0.0004522840343735866,False,1,True,1.0,0.06558118498417007,True,0.39205822779228106,391.8809379402202,1.0297328907845615,False,True,True,nan,nan,nan,False,8,0,0.04500000000000004,0.09352682645405885,9.615963793135686,True,False
442687558,1081,1049,OK,,32,0.02960222016651249,2,0.05572239453224863,1.0575533640937915,0.9424466359062086,False,13.477967695729259,1628.53748903609,0.17,0.1375944417663335,0.003078539863639236,44.69470848549575,False,False,9,False,0.0009532888465204957,False,1,True,0.0,0.022878932316491896,False,0.14995868985017835,41.59733232400704,1.0898600839185215,False,True,True,nan,nan,nan,False,9,0,-0.135,0.02498434035251207,4.035610235338328,False,False
44446150,1100,1100,OK,,0,0.0,2,0.044252633265649065,1.1676294413056016,0.8323705586943985,False,11.274656974902944,1544.0002245780506,0.02,0.36553905515123974,0.0021797690381778895,167.69623237551846,False,False,2,False,0.004545454545454545,False,0,True,0.0,0.04454545454545455,False,nan,nan,nan,True,True,True,nan,nan,nan,False,2,2,0.17500000000000004,0.04080563419432115,6.793613856611381,True,False
44534838,27124,27122,OK,,2,7.37354372511429e-05,3,0.019592855401893174,1.2559879423311922,0.0,True,35.361774659902046,2036.50609436622,0.5,0.828299156849537,0.00027349657460248714,3028.5540433309857,False,False,159,False,0.000405574810117248,False,1,True,0.0,0.02142172406164737,False,0.842619439619125,2613.693005837495,1.0172887810535214,False,True,False,0.8327246136186655,0.0017920722153841329,35.82749261043279,True,181,6,-0.024999999999999994,0.007815131080992188,8.837064521137247,True,False
449836001,1081,1078,OK,,3,0.0027752081406105457,2,0.0748661342196814,1.089766937348288,0.910233062651712,False,3.2481641996799198,1598.85633425101,0.244,0.007819538112244277,0.0001365741557810757,57.25488887354913,False,False,83,False,0.0,False,7,False,0.0,0.03710575139146568,False,0.005902388808168513,20.85048353617543,0.7548257612462067,False,False,False,0.0025831824811659576,0.005926094110909719,3.0308938631100766,True,56,45,0.385,0.0023054409415113053,2.826250233341923,False,False
450443008,1081,1081,OK,,0,0.0,2,0.07862980427856327,1.0563953034640114,0.9436046965359886,False,13.219848198571372,1597.515163354999,0.17,0.5115395776494313,0.0015423886469817106,331.6541383071377,False,False,7,False,0.0,False,1,True,0.14285714285714285,0.037927844588344126,False,0.5281110621546218,154.6719346180226,1.0323953125608343,False,True,True,nan,nan,nan,False,2,7,0.03500000000000003,0.14264489624285825,7.600752463093744,True,False
451039310,2188,2188,OK,,0,0.0,4,0.06842207125506883,1.031405924605279,0.8873842718513489,False,1.6277022062028532,1569.6985529252931,0.17,0.010042331251538387,0.00017010731261857183,59.035270717938516,False,False,227,False,0.009140767824497258,False,29,False,0.013215859030837005,0.0690127970749543,False,0.008449022508733806,24.52875319464928,0.8413407501808405,False,False,False,0.007583780279797558,0.007468076888015096,0.02405743264048364,False,140,134,0.485,0.002737902996102104,2.7276024645931187,False,False
451542515,2165,2149,OK,,16,0.007390300230946882,4,0.2916124664901174,1.3462006706474179,0.6348801386803237,False,0.65,1569.9176034945117,0.02,2.9032332093947844e-12,2.772905888381166e-14,104.70002684042421,True,False,71,False,0.011633317822242903,False,0,True,0.08450704225352113,0.0665425779432294,False,0.0006307368291356141,0.9046726018673674,217253242.72764817,True,True,False,0.0025232903989883537,-0.0018205081527913336,0.20134956780361,False,40,43,-0.315,0.004003220197297042,2.8869015155447033,False,False
452555052,3274,3270,OK,,4,0.0012217470983506415,6,0.08528012052747516,1.3129138361251684,0.8387499256779953,False,13.925730826813965,1569.4918717079224,0.084,0.5742418966988968,0.002836029141275737,202.48095773817906,False,False,7,False,0.0,False,2,True,0.5714285714285714,0.06330275229357799,True,0.49779802372572324,531.8428400118071,0.866878621339507,False,True,True,0.4414517682155201,0.6818638433484218,9.10090788230336,True,4,4,0.025000000000000022,0.007304996832095623,5.533735287833098,True,False
453802670,2193,2193,OK,,0,0.0,4,0.11303552555427598,1.2420376594019538,0.7890085906614567,False,37.27423935212416,1582.9521781025178,0.5,0.5560077107904482,0.0013543834698524352,410.5245841866537,False,False,20,False,0.0,False,1,True,1.0,0.061103511171910624,True,0.6327562039928509,935.14926533332,1.1380349439638044,False,True,False,nan,nan,nan,False,0,20,0.05500000000000005,0.008784323342105882,4.435325573780579,False,False
453947226,1081,1081,OK,,0,0.0,2,0.0,1.0187192994728123,0.9812807005271879,False,3.9905205256448286,1598.1349284568048,0.12,0.0125768987532941,0.0005330123122243716,23.595887871347806,False,False,31,False,0.0,False,6,False,0.0,0.037927844588344126,False,0.012037127008831972,14.38165597570872,0.9570822859394688,False,False,False,0.010047378096645465,0.01179703827683265,1.2338889064763343,False,14,24,0.135,0.0030456482575975663,2.1355171261811523,False,False
457564239,2211,2211,OK,,0,0.0,4,0.05271302965101907,1.297391324338382,0.6812832614984465,False,13.803494782098696,1543.3460357266501,0.02,0.4134138050283441,0.011672433068701624,35.417963212560096,False,False,3,False,0.004522840343735866,False,0,True,0.3333333333333333,0.06467661691542288,True,0.48439813467395343,31.57112307450173,1.1717028526435942,False,True,True,nan,nan,nan,False,3,2,-0.07500000000000001,0.017366209945117617,0.16497882229828623,False,False
457631854,1107,1107,OK,,0,0.0,2,0.03876417384462844,1.0334465202538874,0.9665534797461126,False,11.18669855370689,1574.4071889314653,0.244,0.032099561643631896,0.0009341127811444963,34.36368957964881,False,False,22,False,0.0027100271002710027,False,2,True,0.0,0.06594399277326106,False,0.02439974045962201,15.599121206203264,0.7601269054857195,False,True,False,0.05761428274783997,0.004307181453877096,8.314763104396674,True,13,14,-0.10499999999999998,0.004412213575735846,1.8538369027918393,False,False
457855575,1081,1081,OK,,0,0.0,2,0.02747361284814906,1.2505278329209042,0.7494721670790958,False,1.160076027788903,1597.8411656523785,0.084,0.0340871289339503,0.0001612443305440906,211.40048036994096,False,False,77,False,0.0037002775208140612,False,19,False,0.05194805194805195,0.03700277520814061,False,0.03594075806541286,101.21369886925312,1.0543791510001996,False,False,False,0.032323273379310624,0.03358718584096143,0.389434535930169,False,45,47,0.485,0.006404715522609239,3.4109162048461927,False,False
458295812,1107,1107,OK,,0,0.0,2,0.0034391753661234836,1.1131152156272064,0.8868847843727934,False,10.751789705502079,1574.00338678048,0.02,0.08494548814201658,0.0019342369948199241,43.91679425505194,False,False,2,False,0.0027100271002710027,False,0,True,0.0,0.06594399277326106,False,nan,nan,nan,True,True,True,nan,nan,nan,False,1,3,-0.29500000000000004,0.007195382071484957,3.606570735241537,False,False
458340700,1107,1107,OK,,0,0.0,2,0.020660650319220177,1.0185341856795311,0.9814658143204691,False,3.5092847254120634,1570.825562438334,0.12,0.051113957158547836,0.0006856213821241443,74.55128805958493,False,False,46,False,0.007226738934056007,False,8,False,0.2391304347826087,0.06684733514001806,False,0.0523905605927264,43.9128919233518,1.024975632980611,False,False,False,0.04870744385651127,0.05344843687582801,0.6698596359026845,False,28,27,0.41500000000000004,0.02852250097094866,5.459108711237528,True,False
462781859,2211,2211,OK,,0,0.0,4,0.14862852709211435,1.0778820170520074,0.9170808904166171,False,0.785005223391878,1543.9096845732652,0.12,0.014508842754619578,6.297961395438255e-05,230.37363749369177,False,False,338,False,0.0009045680687471732,False,60,False,0.0650887573964497,0.06467661691542288,False,0.009442687036446129,54.163773825176364,0.6508228944337826,False,False,False,0.01032773709466217,0.00704989090028918,2.370491660843629,False,203,198,-0.195,0.0028126026503900725,2.7709924062995093,False,False
463166500,1032,1029,OK,,3,0.0029069767441860465,2,0.044939253009137384,1.4695468503366156,0.5304531496633845,False,13.1169444245101,1626.8429309858082,0.35000000000000003,0.11181441497721857,0.0005544216121619265,201.6775907079207,False,False,18,False,0.0,False,1,True,0.1111111111111111,0.022351797862001945,False,0.1383288006889014,84.89727631536375,1.2371285108193337,False,True,False,-0.011900932337100212,0.13673867489198,18.126178852193174,True,3,19,0.125,0.02847198223483116,4.63052514827294,False,False
46373804,2214,2169,OK,,45,0.02032520325203252,1,nan,nan,nan,False,11.137082580630846,2696.562020225576,0.04,0.8416841877048877,0.00681079902191449,123.58082876864768,False,False,7,False,0.09405255878284924,True,1,True,0.0,0.04702627939142462,False,0.7730735849180295,33.41693307611979,0.9184841490560179,False,True,True,nan,nan,nan,False,2,6,0.06500000000000006,0.3376364781919987,3.638682704067375,False,False
464064888,2211,2189,OK,,22,0.009950248756218905,4,0.12497237745776106,1.2379325686665572,0.8904649350942854,False,24.755686682163088,1557.0683832792997,0.12,0.8027360764652373,0.0007455438985425702,1076.712019284806,False,False,6,False,0.006852444038373686,False,1,True,1.0,0.06212882594792143,True,0.6772168600320133,48.26860697937636,0.8436357601044487,False,True,True,nan,nan,nan,False,1,7,0.0050000000000000044,0.1423416395397551,5.714159090633214,True,False
464366281,2211,2209,OK,,2,0.0009045680687471732,4,0.029700636382207334,1.1638065759895984,0.8660821015642693,False,0.813199949881453,1544.3888704780534,0.084,0.029305015222815655,0.00048644209435765284,60.24358410328973,False,False,228,False,0.0018107741059302852,False,57,False,0.021929824561403508,0.0647351742870077,False,0.022411182009221875,30.951577510738556,0.7647558562526686,False,False,False,0.02385224129729291,0.00997489702533949,5.1330442820313715,True,141,137,0.10499999999999998,0.005336454474075714,2.1988910669984008,False,False
465333807,2188,2188,OK,,0,0.0,4,0.10225201106752613,1.0101731156734624,0.8091299335360009,False,27.073070798611223,1569.9931033878115,0.5,0.20103593901484199,0.0007164090538236442,280.616133955686,False,False,11,False,0.0,False,1,True,1.0,0.0690127970749543,True,0.20632916778087207,191.5035752857184,1.026329763682897,False,True,False,0.20259960399946242,0.0014674283536088017,44.29309431146156,True,12,3,-0.435,0.00729097584167282,4.297730602089825,False,False
465390333,2188,2188,OK,,0,0.0,4,0.058945336625800294,1.315383782664753,0.9028933939792579,False,14.062318742275014,1582.8491514742827,0.5,0.06934316541231522,0.000495637497450354,139.9070202900882,False,False,43,False,0.0,False,3,False,1.0,0.0690127970749543,True,0.08236980073857125,88.65443148937946,1.187857523503571,False,False,False,1.0149194989539367e-05,0.08701477399113677,38.389411518743024,True,12,33,-0.09499999999999997,0.006284596865677616,2.9346155730845664,False,False
466506609,2188,2188,OK,,0,0.0,4,0.0755787010100904,1.3512785235624776,0.8128689668271313,False,27.046111230623836,1570.0272787593026,0.5,0.534555050080317,0.0012548547656731617,425.9895764061247,False,False,11,False,0.0,False,1,True,1.0,0.0690127970749543,True,0.5626950817189031,412.7466299945806,1.052641971363582,False,True,False,0.5593400195040572,0.0003250416288167468,71.10018622000919,True,12,4,-0.485,0.012873857278202894,5.809642438766145,True,False
467851810,2188,2188,OK,,0,0.0,4,0.06479421993489305,1.1597194130513508,0.8570482564884172,False,2.1851872491231936,1571.1453567502388,0.244,0.00791371886955891,7.083391893645497e-05,111.7221662782529,False,False,251,False,0.003656307129798903,False,23,False,0.03187250996015936,0.0690127970749543,False,0.005901705944884705,37.34791647381771,0.7457563305143857,False,False,False,0.006796113560087802,0.003965896637626143,0.9923489120903888,False,153,149,0.19500000000000006,0.001253328114927399,2.496224453652584,False,False
468888299,1119,1112,OK,,7,0.006255585344057194,2,0.039651559579919664,1.0249168682449612,0.9750831317550389,False,5.839751580079744,1442.870790618643,0.17,0.037058569580019574,0.0009875751176195908,37.524810942325054,False,False,32,False,0.007194244604316547,False,4,False,0.0,0.039568345323741004,False,0.050790459885721395,44.14062967758193,1.3705456109429945,False,False,False,0.0035743664290140975,0.051844465391286065,2.4020232144853892,False,19,17,-0.28500000000000003,0.003722634315994844,2.1896249805878347,False,False
46896701,1032,1029,OK,,3,0.0029069767441860465,2,0.4355854713142291,1.0214902076590222,0.9785097923409779,False,2.591558972696179,1627.197147971945,0.35000000000000003,0.19315299514822204,7.736379511950944e-05,2496.6845906388726,False,False,140,False,0.003887269193391642,False,10,False,0.05,0.022351797862001945,False,0.18595421368504317,69.71543500667562,0.9627301587653111,False,False,False,0.14697300889017673,0.19251430936769542,5.736945816515887,True,80,86,-0.365,0.021727465609001184,3.0104156746111266,False,False
512989037,13325,13279,OK,,46,0.003452157598499062,3,0.0,1.7315157725840709,0.7144055453829489,False,0.8969801748675358,2770.332690588576,0.5,0.16183562926989492,0.0001721717971884366,939.9659637215202,False,False,7471,False,0.007530687551773477,False,57,False,0.096104939097845,0.10030875818962272,False,0.001990825570874266,8.319584992282984,0.012301528284319557,True,True,False,0.0021969354640178906,0.0017664442099436517,0.1817390433441773,False,4225,4718,nan,nan,nan,False,False
516402299,1081,1081,OK,,0,0.0,2,0.04661327652861598,1.0566775209352457,0.9433224790647544,False,1.2704360605457161,1597.1078495684044,0.12,0.005314358254694695,0.0001990036597423812,26.704826743258693,False,False,104,False,0.0,False,18,False,0.038461538461538464,0.037927844588344126,False,0.005439824634460022,17.336658882667244,1.0236089427457191,False,False,False,0.005464152625172303,0.0044744560249321275,2.1352761808029403,False,62,61,0.21499999999999997,0.002505029925737201,2.7563107377492213,False,False
51790397,13443,13366,OK,,77,0.005727888120211262,3,0.0005297290253512052,1.685813745818568,0.9659070857230245,False,13.604768604334142,2778.044737365217,0.084,0.5446053624266417,0.000459673521420043,1184.765571756719,False,False,58,False,0.002992667963489451,False,4,False,0.0,0.07257219811461918,False,0.002551404939248325,1.3349995425908627,0.004684869293023164,True,True,False,0.0031948162498217636,0.002185573251573203,0.07857131603069763,False,21,51,0.345,0.010751360696342194,5.4610381988134264,True,False
54280159,1072,1072,OK,,0,0.0,2,0.018230024207434865,1.011905511149888,0.9880944888501121,False,7.552494349506187,1494.0083137403255,0.17,0.043530133914488844,0.0004423483204673415,98.40691577284437,False,False,24,False,0.0009328358208955224,False,3,False,0.0,0.04477611940298507,False,0.04281155175178164,70.77339866898076,0.983492305258725,False,False,False,0.04557844733491678,0.04103166139216552,0.8286866422207896,False,10,20,-0.485,0.004873881523953738,4.131166046584203,False,False
55477016,13367,13354,OK,,13,0.0009725443255779157,24,0.6185282513372566,4.44346084451727,0.5001841059517806,True,25.37321803188982,1341.1076467665257,0.5,0.16262747406685138,0.00024979859823019235,651.0343741680578,False,False,239,False,0.0030702411262543057,False,13,False,0.04602510460251046,0.08454395686685637,False,0.00029278929147324995,0.8481106795979482,0.0018003679461496946,True,True,False,0.0020025865484804006,-0.0003821764906417613,0.4126519475567045,False,100,187,-0.245,0.00195615271833649,3.0446318834643886,False,False
55585164,1072,1072,OK,,0,0.0,2,0.048370825044618454,1.058233912786683,0.9417660872133169,False,0.766482649446863,1492.1632957275315,0.5,0.007512364316882552,0.00021026611464801251,35.727888582800524,False,False,702,False,0.009328358208955223,False,30,False,0.045584045584045586,0.04664179104477612,False,0.0005953545306728314,3.668817241831406,0.07924995454958034,True,True,False,8.123907661916618e-05,0.00028379757675534023,0.030199657834907058,False,419,422,nan,nan,nan,False,False
57135731,1147,1120,OK,,27,0.023539668700959023,1,nan,nan,nan,False,4.080101471632431,1655.85010992078,0.5,0.0016712133146214892,9.972592256621357e-06,167.58063215829145,False,False,128,False,0.0,False,6,False,0.0,0.03482142857142857,False,0.0016305805671419371,16.07357764704157,0.9756866779817662,False,False,False,0.0006541815785354732,0.001610933799423342,4.7890133072186,True,58,98,0.135,0.000821492111060862,1.54307705321524,False,False
58599336,1069,1065,OK,,4,0.0037418147801683817,2,0.04117676865511338,1.1403891794366885,0.8596108205633117,False,9.843155414855453,1569.4642449884093,0.02,0.4607315677045638,0.003085499959877459,149.32152769266665,False,False,3,False,0.009389671361502348,False,0,True,0.3333333333333333,0.08075117370892018,True,0.004089452612951794,0.7094652864322353,0.008875998302712535,True,True,True,nan,nan,nan,False,1,4,-0.044999999999999984,0.010873821205780843,2.821589959546353,False,False
62040572,1147,1118,OK,,29,0.025283347863993024,1,nan,nan,nan,False,13.481216781380002,1655.492786000017,0.244,0.42504345098258656,0.01683048945590272,25.254372553824755,False,False,13,False,0.0,False,2,True,0.23076923076923078,0.03488372093023256,False,0.5421212353766875,353.7136273892134,1.2754489785066645,False,True,False,-0.0006038494094422475,0.5437612532049063,43.19558412237733,True,5,13,0.025000000000000022,0.09621870617541795,6.990277251868555,True,False
62282699,1147,1120,OK,,27,0.023539668700959023,1,nan,nan,nan,False,13.517910583766051,1655.438224526917,0.244,0.06493242355650679,0.000769839249797743,84.34543130084137,False,False,11,False,0.0,False,1,True,0.18181818181818182,0.03482142857142857,False,0.0710963874954178,40.01312611604982,1.0949289061041574,False,True,False,0.011796105607133511,0.05939245341017374,13.220965308781508,True,5,13,0.025000000000000022,0.015864291690021126,4.12607219211894,False,False
66738763,903,903,OK,,0,0.0,2,0.03682672503500025,1.1070965848523802,0.8929034151476198,False,10.167662642013218,1475.7636001776802,0.17,0.09558256700651868,7.432639360880529e-05,1285.9841890027503,False,False,17,False,0.0,False,2,True,0.0,0.042081949058693245,False,0.08197495060889659,327.58906492043417,0.8576349555804035,False,True,False,0.07985485824204319,0.10740282976842563,5.200870832791089,True,9,9,0.06500000000000006,0.0016184653057230713,2.333410599568447,False,False
67412186,2165,2159,OK,,6,0.002771362586605081,4,0.039970402195477976,1.1114013946613395,0.7939679432211252,False,25.83392817687949,1583.9335439679242,0.17,0.5179195808356486,0.00032331098658745864,1601.923851404742,False,False,7,False,0.0,False,1,True,1.0,0.06067623899953682,True,0.36578928849220826,422.4433962578032,0.7062665750192676,False,True,True,nan,nan,nan,False,1,8,0.015000000000000013,0.07681380234836144,9.24884558467055,True,False
73183863,2165,2158,OK,,7,0.003233256351039261,4,0.013491812596079157,1.0604909490844079,0.6699650065753826,False,13.805476039151934,1583.7084970178018,0.17,0.6621038322807126,0.0015068515663836145,439.39552312357887,False,False,6,False,0.005097312326227989,False,1,True,0.0,0.060240963855421686,False,0.5872559910703999,69.86265010733524,0.8869545265242034,False,True,True,nan,nan,nan,False,6,1,0.025000000000000022,0.030908078675233486,0.9838840325575131,False,False
73928199,1086,1086,OK,,0,0.0,2,0.01530224035841334,1.0713560148997054,0.9286439851002944,False,4.001768959899281,1627.4057143548216,0.084,0.0289270539068796,0.0005048529861200446,57.29797525650623,False,False,18,False,0.0,False,4,False,0.0,0.02117863720073665,False,0.028229806825249892,36.286068410127136,0.9758963673288594,False,False,False,0.025583420114081767,0.026551555050695397,0.45561766389232955,False,8,15,0.495,0.0031785805737556405,3.102568182674688,False,False
75629896,1966,1966,OK,,0,0.0,4,0.17201560287384757,1.5361396135597385,0.8978701686002655,False,20.60914185660036,1535.176477065678,0.5,0.07558685169022426,0.00017301484558722186,436.8807279726682,False,False,20,False,0.001017293997965412,False,1,True,1.0,0.06307222787385554,True,0.07811986708647811,348.1625731275493,1.0335113229300097,False,True,False,0.001788884799294177,0.07330831451135578,9.621428149713102,True,3,23,0.025000000000000022,0.008982598766594907,9.32890894833779,True,False
76129824,955,952,OK,,3,0.0031413612565445027,3,1.3889453605857085,4.733057163683341,0.5963872053989819,True,11.522591068787285,1602.0218288740384,0.028,0.1754682244759936,0.00194777248942803,90.08661197772665,False,False,3,False,0.008403361344537815,False,0,True,0.6666666666666666,0.10819327731092437,True,0.15102304911832465,54.94137316191382,0.8606860277370996,False,True,True,nan,nan,nan,False,2,2,0.125,0.07560994475298399,8.320814190148939,True,False
79420230,10761,10761,OK,,0,0.0,4,0.015017141085023897,1.6202863012418034,0.9219844536767442,False,28.8966540876559,3275.852052998641,0.35000000000000003,0.0005140103359370201,3.1803529689576326e-05,16.16205311027122,False,False,303,False,0.0,False,2,True,0.8316831683168316,0.10770374500511105,True,0.0005202488815490014,13.07628505196251,1.0121370042114204,False,True,False,0.00040826454148479296,0.0003890723954913522,0.2962335665945351,False,181,182,-0.11499999999999999,0.0002405256855375626,0.5640275723060396,False,False
806289733,5216,5209,OK,,7,0.0013420245398773007,10,0.24201662438912358,1.1490565859404671,0.7184368290506573,False,37.39714607621469,1348.2569014558162,0.5,0.08347283180217357,0.00015429623115939222,540.9907369412274,False,False,47,False,0.004031483970051834,False,2,True,0.5106382978723404,0.08082165482818199,True,0.07052002472694152,282.9755183584602,0.8448260733991922,False,True,False,0.13742638447539157,0.0011355236271526348,10.19335150925726,True,26,30,0.015000000000000013,0.003295236255483669,6.1604200262396205,True,False
80642345,1072,1072,OK,,0,0.0,2,0.03285147397489253,1.0749358095038255,0.9250641904961747,False,11.962430990097461,1492.7739279770651,0.058,0.37948473113200676,0.001416120089451327,267.9749648061538,False,False,3,False,0.009328358208955223,False,1,True,1.0,0.04664179104477612,True,0.3776112587117869,212.18253416097852,0.9950631151492413,False,True,True,nan,nan,nan,False,3,2,0.015000000000000013,0.01317948523431356,0.3070813188890267,False,False
80996206,1934,1931,OK,,3,0.0015511892450879006,4,0.04828779230655243,1.0685879305370183,0.8880674141416873,False,1.2146890404759534,1492.27704473674,0.5,0.010247561418990716,0.000193633033391527,52.922588875990456,False,False,789,False,0.00983946141895391,False,35,False,0.05576679340937896,0.07560849300880373,False,0.006277690507095812,28.184414858214158,0.6126033551223256,False,False,False,0.00522814370737712,0.0062971160889601085,0.14825528478695038,False,474,474,0.475,0.0016568755378738587,1.7032130039879911,False,False
83759084,968,967,OK,,1,0.0010330578512396695,3,0.03467152045539441,2.635208391581584,0.7870786189395966,False,3.6682983625565564,1598.664127404502,0.12,0.08521805257458463,0.0009415028128631092,90.5127965740608,False,False,32,False,0.0,False,6,False,0.25,0.11065149948293691,False,0.08723155413802242,54.32667674470355,1.0236276411230534,False,False,False,0.08566499724302812,0.0698764367828244,2.6580846686308437,False,18,18,0.365,0.006769653813759935,2.5227942713075975,False,False
87168144,1177,1177,OK,,0,0.0,1,nan,nan,nan,False,1.1734159418340429,1654.2898077006419,0.12,0.016335490690194625,0.00020466514008248498,79.81569642788718,False,False,115,False,0.0,False,21,False,0.034782608695652174,0.03313508920985556,False,0.01622804990920601,15.693437764548607,0.9934228617293324,False,False,False,0.01525973368760325,0.015055672277000887,0.09790605575956991,False,70,68,0.495,0.0258290735663671,3.2390165088409417,False,False
87926353,46146,46142,OK,,4,8.668140250509253e-05,8,0.16278286845723042,2.0928878683165975,0.8196459885550679,False,0.978475574230071,1684.0988374377857,0.244,0.024037369649247794,0.00031516748114993536,76.26855905800903,False,False,11368,False,0.0021238784621386156,False,189,False,0.05550668543279381,0.04377790299510208,False,0.020779744949134926,57.37440340308455,0.8644766566538694,False,False,False,0.018531771463398572,0.018007153485451788,0.6299014415116647,False,6959,6725,0.41500000000000004,0.0035879191162933033,0.7256507320151584,False,False
89384914,56712,56712,OK,,0,0.0,8,0.02773669666125337,4.9333841859536305,0.8494887366347118,True,32.8642609780368,1692.8807171159128,0.12,0.10461034092425829,0.001361393183285107,76.84065280232161,False,False,74,False,0.0006876851460008463,False,3,False,0.0,0.04101424742558894,False,0.005331431094423911,2.664391221746511,0.05096466608673096,True,True,False,0.05921818543720225,0.0034411118575049526,11.272496213548752,True,20,69,0.46499999999999997,0.0028326868084943557,2.515242446013175,False,False
90130721,1966,1966,OK,,0,0.0,4,0.07505518816056143,1.0949085167199253,0.9133207798978021,False,12.419312916703074,1519.0579825737761,0.028,0.1615279744163542,0.0022479304176766805,71.85630531362236,False,False,2,False,0.002034587995930824,False,0,True,0.0,0.06358087487283826,False,nan,nan,nan,True,True,True,nan,nan,nan,False,0,2,0.04500000000000004,0.008227953972331226,4.122539582104499,False,False
90463599,46628,46628,OK,,0,0.0,10,0.09721634588873686,1.3008873228967825,0.4994919926777967,False,1.2781788443689726,1683.7588144790727,0.084,0.035256529283787516,0.00011793075401988401,298.95958502769344,False,False,3058,False,0.0005361585313545509,False,160,False,0.0513407455853499,0.051943038517628895,False,0.046275565611150205,304.33949764893794,1.3125388843203498,False,False,False,0.04270138078316321,0.03693561590169281,11.348965680780225,True,1823,1851,-0.405,0.001030865449484386,1.4462225760959844,False,False
93197515,1966,1966,OK,,0,0.0,4,0.08836596440138467,1.1933254059196,0.7510089460752087,False,22.129922009924496,1534.7599472106278,0.5,0.09245475937754719,0.00041103560758449674,224.93126549514625,False,False,17,False,0.001017293997965412,False,1,True,1.0,0.06307222787385554,True,0.10941618247868667,259.6557576671222,1.1834564625480881,False,True,False,0.10463648788342717,-0.013069354965618896,15.434929968053783,True,19,3,0.03500000000000003,0.0014201814976757543,2.4305170895127417,False,False
93197975,1966,1964,OK,,2,0.001017293997965412,4,0.04440698686078946,1.2488795827196777,0.9175878647132646,False,18.10255684136226,1526.7559389354797,0.02,0.14758581516345956,0.002803056142876338,52.651751388759315,False,False,1,False,0.00560081466395112,False,0,True,0.0,0.06822810590631365,False,nan,nan,nan,True,True,True,nan,nan,nan,False,2,2,-0.255,0.0035896228992510215,1.126352321068307,False,False
93600792,1072,1072,OK,,0,0.0,2,0.01170549731559637,1.0516974313518128,0.948302568648187,False,0.6530575872393414,1492.0617001325818,0.5,0.008600184994873538,0.0003500065597577919,24.571496605163496,False,False,809,False,0.010261194029850746,False,36,False,0.042027194066749075,0.04664179104477612,False,0.0010149116416601212,5.357520194334704,0.11801044306199195,True,True,False,0.0014504924567984023,0.0010435749286570317,0.1324462889370314,False,473,512,nan,nan,nan,False,False
96982201,1975,1975,OK,,0,0.0,4,0.09629532200382418,1.0939480007247615,0.9619781716270659,False,0.9445068374756563,1468.6246514168108,0.084,0.008545142089980681,0.00011137489486193406,76.72413159692469,False,False,179,False,0.004050632911392405,False,44,False,0.0223463687150838,0.06835443037974684,False,0.00533859210950427,35.08646342511338,0.6247517072611182,False,False,False,0.0036089658758355903,0.005517909803840038,0.6341041413510922,False,106,109,-0.485,0.0010543459549184897,2.4874452971586427,False,False
1010391149,2167,2164,OK,,3,0.0013844023996308261,4,0.023378471307425753,1.3363498165513565,0.7019463728383474,False,17.231124388353273,1607.41293278105,0.17,0.011164163033121602,0.00017257236914543467,64.6926451111826,False,False,15,False,0.0,False,2,True,0.0,0.0466728280961183,False,0.012144887306335783,29.419094341284453,1.0878457498609246,False,True,False,nan,nan,nan,False,0,19,0.46499999999999997,0.003607419271361212,5.278570073529747,True,False
114936473,33154,33153,OK,,1,3.016227302889546e-05,4,0.013958425997044558,1.1557222742263193,0.6832671822092935,False,37.2333602733522,2426.69716713455,0.17,0.5302805859410801,0.0015697214683104402,337.81826690046114,False,False,25,False,0.009712544867734443,False,1,True,0.0,0.04352547280789069,False,0.5152797634933123,193.99010953243206,0.9717115375416845,False,True,False,nan,nan,nan,False,33,0,0.265,0.005054282517152564,0.42480552342724043,False,False
122501349,3073,3045,OK,,28,0.009111617312072893,5,0.2036116445986463,1.8188384391891668,0.7047146724116861,False,6.1874055438454505,1521.606495853587,0.02,0.36924047843265867,0.0010544321825162915,350.17944686732255,False,False,7,False,0.007881773399014778,False,0,True,0.0,0.0755336617405583,False,0.007525959178962149,3.259554393271418,0.020382270142504755,True,True,True,0.0014300174905136354,0.005697638160664709,0.13212386083332683,False,11,8,0.18500000000000005,0.003374612728076931,2.864586670179672,False,False
140987393,1966,1964,OK,,2,0.001017293997965412,4,0.055275938721188876,1.2131840930529043,0.7610419268438557,False,12.647109198305486,1518.2291129058453,0.35000000000000003,0.03556852081609205,0.0010289936714787176,34.56631639432556,False,False,8,False,0.009164969450101833,False,1,True,0.0,0.06364562118126273,False,0.032848737985164744,18.172019841269712,0.9235339910537744,False,True,True,nan,nan,nan,False,0,12,0.07500000000000001,0.004683521841495009,0.11596278290370034,False,False
152404913,1934,1934,OK,,0,0.0,4,0.12166956654731233,1.28349403841247,0.6910951446442912,False,0.9866410557739074,1492.359932950617,0.5,0.002657535246125149,0.0001843148027527819,14.41845802092007,False,False,976,False,0.0025853154084798345,False,43,False,0.06454918032786885,0.07600827300930714,False,0.001412892847617142,7.631552982007868,0.531655356096303,False,False,False,0.0010663373831931722,0.0011500193311735352,0.04732711077371701,False,570,600,nan,nan,nan,False,False
152999050,1032,1029,OK,,3,0.0029069767441860465,2,0.01625099174637935,1.0873855656842852,0.9126144343157148,False,12.560762354823714,1627.8741163660802,0.244,0.10121766132247337,0.0014996904498972383,67.49236906150132,False,False,14,False,0.001943634596695821,False,1,True,0.14285714285714285,0.022351797862001945,False,0.11139609817240126,30.549038896281427,1.1005598896174849,False,True,False,-0.002074798741891315,0.10635709781611735,4.930589480223362,True,4,16,0.14500000000000002,0.017432883151042078,2.2472033788446004,False,False
153727748,1934,1906,OK,,28,0.014477766287487074,4,0.520379971130355,1.1035836121127334,0.8254936156386784,False,0.7274854237787647,1491.806449697181,0.12,0.03669877953641957,0.00020705026646374142,177.245748886038,False,False,315,False,0.005246589716684155,False,56,False,0.09206349206349207,0.0708289611752361,False,0.036308099896474766,98.53657041212811,0.9893544241830414,False,False,False,0.03167173784656652,0.03208068882644888,0.07535870860438028,False,190,192,0.21499999999999997,0.002606655613256903,1.887836531304665,False,False
156878224,24783,24724,OK,,59,0.0023806641649517816,4,0.02663153787611512,1.2974347927616763,0.6828797378852283,False,35.187591838361634,2777.3486868317646,0.244,0.4589413939735506,0.0007538859018962755,608.7677098340204,False,False,79,False,0.003963759909399773,False,2,True,0.0,0.05015369681281346,False,0.44884935733076603,231.81874484449776,0.9780101843605631,False,True,False,0.4191876284375622,0.16176794650330084,15.699521205116074,True,86,10,0.025000000000000022,0.015248053377742155,3.3249026582491794,False,False
157526248,1975,1975,OK,,0,0.0,4,0.04044218528337851,1.1453408095757014,0.8823080581783261,False,0.6507814952100859,1468.7053119529894,0.35000000000000003,0.005318560958277882,0.00011302449699948523,47.056709823730564,False,False,1047,False,0.011139240506329114,False,65,False,0.05348615090735435,0.06835443037974684,False,0.0003443804007546847,3.1154474319256025,0.06475067287114313,True,True,False,0.00036496058504120743,0.00019873194379504966,0.03177706090573348,False,593,665,nan,nan,nan,False,False
162837059,7712,7712,OK,,0,0.0,1,nan,nan,nan,False,0.6820546038766033,3480.4927411926174,0.35000000000000003,0.6040559258990822,0.0038862873687898415,155.43264524135805,False,False,2216,False,0.3180757261410788,True,40,False,0.0,0.0,False,0.6156080458648825,88.47441845162943,1.0191242556698803,False,True,False,0.6885528726736131,0.5406966883473776,22.139987712696957,True,1566,1802,nan,nan,nan,False,False
165606118,60779,60779,OK,,0,0.0,5,0.011448873861548171,1.080366830454894,0.0,True,1.7619133887119893,1712.487847724814,0.12,0.00933402038021277,0.0001684984924122638,55.39527533205047,False,False,4219,False,0.0,False,104,False,0.00355534486845224,0.0295825860905905,False,0.01102744930479671,45.92972332504576,1.1814254582273944,False,True,False,0.01838569488355768,0.002776572600397431,40.494808417719355,True,2474,2584,-0.265,0.001521508543933292,1.1293474869225968,False,False
169840295,1072,1072,OK,,0,0.0,2,0.03238897967455162,1.3224659495448297,0.6775340504551703,False,12.118057622774554,1491.752445544076,0.058,0.10003740116916264,0.0012065067302685583,82.9149134931847,False,False,6,False,0.0037313432835820895,False,2,True,0.0,0.04477611940298507,False,0.10055183901917719,37.02403560675654,1.0051424551617913,False,True,True,nan,nan,nan,False,0,7,-0.015000000000000013,0.02320128379788744,2.8098887621405066,False,False
173381003,1934,1903,OK,,31,0.016028955532574975,4,0.16156156025167948,1.3122031795647733,0.8647545814966835,False,14.365732234670734,1492.1472759134238,0.5,0.019157745677452334,0.00023925397318333262,80.07284235473227,False,False,94,False,0.009458749343142408,False,4,False,0.2553191489361702,0.06988964792433,False,0.011260443934485886,26.570829289523683,0.5877749983777497,False,False,False,0.011350501038683514,0.005250549800611348,0.6153713534354677,False,55,54,-0.05499999999999999,0.007925539076733878,1.1501847223534318,False,False
178331790,1072,1072,OK,,0,0.0,2,0.00034212373840207224,1.0432204450447375,0.9567795549552625,False,1.8201616943799543,1492.005651460014,0.12,0.02192347848520239,0.0003298044714511091,66.4741699490644,False,False,79,False,0.0037313432835820895,False,14,False,0.12658227848101267,0.04664179104477612,False,0.022031445271140093,44.91269485243277,1.004924710556793,False,False,False,0.021150060465154885,0.0218126329550008,0.16621171721184552,False,46,47,-0.495,0.00906730972253278,3.9625689886389206,False,False
183690527,7476,7476,OK,,0,0.0,3,0.01407037062578117,1.1005930271182451,0.9868126013457729,False,8.609519963554504,3480.4310070541364,0.17,0.0006366414635247487,8.57162075560314e-05,7.4273172096255635,False,False,219,True,0.0,False,3,False,0.0,0.11556982343499198,False,0.000657565075782518,6.154208424945992,1.032865613467785,True,True,False,0.000861153131119119,0.00038254710029728134,2.8143177033083777,False,80,176,-0.29500000000000004,0.0006393233351555949,2.7564154203031226,False,False
186430453,10347,10343,OK,,4,0.0003865854837150865,2,0.022177724914510654,1.0628267268475113,0.9371732731524887,False,9.557366747952786,3485.8383336358866,0.04,0.27469304557406243,0.00369643594396769,74.31294623739961,False,False,43,False,0.014405878371845694,False,3,False,0.0,0.030745431692932416,False,0.16755488177405764,34.45083030652071,0.6099713279012798,False,False,False,0.008792556565040521,0.4143724317265922,19.910865621666687,True,21,32,-0.0050000000000000044,0.011889836532161135,2.895277218614564,False,False
188747441,1081,1059,OK,,22,0.020351526364477335,2,0.017325889738955828,1.0212571649829474,0.9787428350170527,False,13.335901302595234,1597.5267485918557,0.058,0.7553466353654688,0.03359740549131002,22.482290650712283,False,False,3,False,0.003777148253068933,False,1,True,1.0,0.036827195467422094,True,0.8030353987047538,190.46303140851427,1.063134938459362,False,True,True,nan,nan,nan,False,4,1,0.04500000000000004,0.1394543412397249,8.466370081942772,True,False
197159282,1134,1117,OK,,17,0.014991181657848324,1,nan,nan,nan,False,2.675148450045831,1657.9615735868229,0.244,0.08366600120350287,0.00012403773071961195,674.5205730394276,False,False,109,False,0.02775290957923008,True,10,False,0.06422018348623854,0.03491495076096687,False,0.08305911279647826,44.65867893418113,0.9927462960068038,False,True,False,0.09006698606457642,0.07080143262976724,0.8792674838414581,False,68,59,0.09499999999999997,0.03208452562029096,3.0111833302524236,False,False
203322715,25455,25417,OK,,38,0.0014928304851699076,3,0.0018898512821072032,1.9187427820047538,0.9565747011393396,False,30.66066984597919,2783.394247997726,0.028,0.8007088380019022,0.0006302695725425219,1270.422804597443,False,False,5,False,0.0040917496163984735,False,1,True,0.0,0.03411102805209112,False,0.7923382971960621,498.45147819021446,0.989546086656508,False,True,True,nan,nan,nan,False,7,0,-0.10499999999999998,0.0020013398250365855,5.250820238827833,True,False
213680763,23649,23649,OK,,0,0.0,8,0.10873141250135193,1.0991284324999067,0.3006181447731793,True,1.1836754306872597,1683.5381690502559,0.35000000000000003,0.10087833176187622,0.0002399145480744358,420.4760927235548,False,False,7014,False,0.0004651359465516512,False,112,False,0.04875962360992301,0.04888155947397353,False,0.06504861993884892,110.84295943762474,0.6448225184016375,False,True,False,0.056941546508711194,0.06175050421923767,4.867178109150245,True,4209,4216,-0.29500000000000004,0.022569374371877338,1.835553158328516,False,False
220441072,2211,2211,OK,,0,0.0,4,0.12474760672929887,1.3927904441704806,0.8034561176881869,False,1.0349569582790963,1543.5401295646955,0.04,0.006580007768329553,0.00012491369478455125,52.67643215324488,False,False,85,False,0.0,False,0,True,0.058823529411764705,0.06467661691542288,False,0.005350169987270337,15.547514931550076,0.8130947828088306,False,True,False,0.005038485593147013,0.004128996389385797,0.528120314854864,False,51,51,-0.495,0.006697701614114204,4.300040645267728,False,False
221066239,1086,1086,OK,,0,0.0,2,0.017035982370896898,1.0109487583337535,0.9890512416662465,False,1.075415267209821,1625.8407852406149,0.17,0.0691681722437257,8.433642080072563e-05,820.1459296827378,False,False,171,False,0.0027624309392265192,False,23,False,0.04093567251461988,0.02117863720073665,False,0.06956054271213818,201.12672689711704,1.0056727025694694,False,False,False,0.052327575363656065,0.04014827402854604,3.4782519740905413,True,100,109,-0.16499999999999998,0.003591011194458482,2.5417066429768544,False,False
224714574,20380,20374,OK,,6,0.0002944062806673209,8,0.014744964964698848,2.450771381243201,0.08212737736138821,True,37.86166663672479,1696.9537696677003,0.028,0.6667993416595371,0.0014550323746201823,458.27113766702035,False,False,4,False,0.0021105330322960638,False,0,True,0.0,0.06213801904387945,False,0.3588091852240415,133.04535450530517,0.5381066878845943,False,True,True,nan,nan,nan,False,6,0,0.385,0.0005585265668855977,2.8389368814779266,False,False
229510068,246485,246485,OK,,0,0.0,36,0.017163007327410607,22.94584174412753,0.0,True,2.8211587215610296,1683.728087403002,0.5,0.002688356323766076,2.6458396866720662e-05,101.60692415750582,False,False,44078,False,0.0042639511532141915,False,386,False,0.038772176596034304,0.032638902975840316,False,0.0,0.0,0.0,True,True,False,0.0,0.0,0.0,False,26210,26680,-0.495,0.0,0.0,False,False
229885656,11696,11696,OK,,0,0.0,11,0.03202035778070565,1.3368867680951908,0.0,True,14.118057917703512,1965.0593734065749,0.028,0.00653601266282687,0.001006219722916279,6.495611757523351,False,False,26,True,0.0,False,4,False,0.7692307692307693,0.19339945280437756,True,0.007074510309333926,7.413576764941671,1.0823893211789084,False,True,False,0.007074510309333926,0.006383238034544214,0.31032429646126647,False,24,5,0.09499999999999997,0.0007939095067117652,4.021978457337109,False,False
230278138,19667,19644,OK,,23,0.001169471703869426,4,0.06583689599410594,2.266145719581548,0.0,True,1.4116272589373438,2010.6456351342047,0.5,0.01486956123107401,6.624865035292826e-05,224.45077977979912,False,False,7111,False,0.018173488087965792,False,75,False,0.07706370412037689,0.04439014457340664,False,0.0,0.0,0.0,True,True,False,0.0,0.0,0.0,False,4304,4183,-0.41500000000000004,0.0003436703335766289,1.617933277305092,False,False
232199442,1054,1040,OK,,14,0.013282732447817837,2,0.03496494114117816,1.6588219416516812,0.34117805834831866,False,10.061963722710018,1625.5900652146431,0.02,0.864556445157663,1.4872284386107807e-05,58132.05441157679,False,False,1,False,0.0,False,0,True,0.0,0.06346153846153846,False,nan,nan,nan,True,True,True,nan,nan,nan,False,2,4,0.19500000000000006,0.0075709115213564715,3.529327552000874,False,False
233662516,1054,1042,OK,,12,0.011385199240986717,2,0.11936493718083306,1.0489191922163452,0.9510808077836549,False,5.585155517297195,1629.827945172588,0.5,0.02768229024252471,0.0005081312918624697,54.47861740822915,False,False,92,False,0.005758157389635317,False,5,False,0.0,0.06525911708253358,False,0.02607714567502506,10.925695641276981,0.9420154707779967,False,False,False,0.021302019502525527,0.022707957495940678,0.15574542685680118,False,41,71,0.19500000000000006,0.03176542205948385,3.2849085313618436,False,False
242915617,18363,18339,OK,,24,0.0013069759843162881,5,0.051299452801665556,5.837227745937254,0.7625874938770081,True,0.7835147752302908,2770.3468622020587,0.5,0.35643378287763744,0.00039517908410133983,901.9550811708281,False,False,11930,False,0.039751349582856206,True,97,False,0.06345347862531434,0.07524946834614755,False,-0.008438476386034455,-5.520726093056796,-0.02367473789354966,True,True,False,-0.013333477167309704,-0.012781027336337902,0.13887444936363985,False,7079,7158,nan,nan,nan,False,False
246552692,1054,1042,OK,,12,0.011385199240986717,2,0.3858501010130357,1.1412775085863995,0.8587224914136005,False,1.954839094090856,1626.1350229665659,0.35000000000000003,0.028975549930488127,8.267982950250711e-05,350.4548824645254,False,False,177,False,0.0,False,13,False,0.02824858757062147,0.06525911708253358,False,0.029015305608025788,51.95314411608949,1.0013720422091394,False,False,False,0.027579676500744776,0.02525369523379395,0.9481501217312839,False,96,115,-0.195,0.004891408090870408,2.2489552587384405,False,False
251941465,13685,13666,OK,,19,0.0013883814395323347,3,0.0062585433046513095,1.8356825362336202,0.9312801472077561,False,34.63215119171497,2777.916676725591,0.02,0.9482110694630917,0.0018245524726794443,519.6951491729901,False,False,1,False,0.0031464949509732183,False,0,True,0.0,0.05927118396019318,False,nan,nan,nan,True,True,True,nan,nan,nan,False,0,2,0.255,0.00036970814673642494,2.1352585235061383,False,False
258297319,19486,19478,OK,,8,0.0004105511649389305,6,0.02518738966367278,16.591798975317797,0.0,True,28.880804097493726,1856.6191422538182,0.02,0.806898629046727,0.0008056571608727697,1001.5409385458852,False,False,10,False,0.0003593798131224972,False,1,True,1.0,0.11695245918472122,True,0.5692435787990482,445.3494446187972,0.7054709951255644,False,True,False,nan,nan,nan,False,0,11,-0.024999999999999994,0.0024065059845171932,5.866466905955328,True,False
258699299,2292,205,UNRELIABLE_DATA,,2087,0.9105584642233857,,,,,,,,,,,,,,,,,,,,,,,,,,,,,,,,,,,,,,,
259073145,1072,1072,OK,,0,0.0,2,0.00872053751318084,1.0384155733525502,0.9615844266474499,False,2.516181667598921,1494.0023994867854,0.17,0.00985112842386826,0.0002637447396705816,37.350994890636926,False,False,64,False,0.002798507462686567,False,8,False,0.0,0.04664179104477612,False,0.008718390256517328,24.405334124516454,0.8850143741293205,False,False,False,0.007614353707812382,0.00981196170012233,0.5900152812522947,False,40,37,0.18500000000000005,0.0016616595487125574,1.9730749913502261,False,False
260240216,13367,13319,OK,,48,0.003590932894441535,24,1.5243141299275225,8.712310963630216,0.6911959836266971,True,27.189338658584614,1339.3877261502312,0.35000000000000003,0.049263723551567634,0.00040603358113140307,121.32918517304756,False,False,113,False,0.004579923417673999,False,8,False,0.24778761061946902,0.08439072002402583,False,0.00311595982279278,6.298337057713012,0.06325059492368855,True,True,False,0.0013985442455337616,0.002968284769053753,0.185079183772482,False,43,97,-0.365,0.002854287256861876,3.1429485944509565,False,False
264303052,243022,242979,OK,,43,0.00017693871336751406,36,0.125422156039051,72.63355403724943,0.0,True,35.20690303837481,1693.4241662848267,0.02,0.02308244098488148,0.00019746100998279802,116.89619630170192,False,False,121,False,0.004630029755657896,False,16,False,0.008264462809917356,0.03592079973989522,False,1.1801773830422135e-05,0.041696194877821176,0.0005112879455925849,True,True,False,0.0,0.0003717723522311811,0.08667109399907182,False,68,83,-0.495,0.0,0.0,False,False
273229127,58148,58148,OK,,0,0.0,10,0.08647724191212489,1.683093116094397,0.0,True,0.789339707816355,1683.7783002380436,0.17,0.006326383698214568,5.8630342341387646e-05,107.90289542192765,False,False,12446,False,0.0,False,297,False,0.031496062992125984,0.036372704134278046,False,0.006107374884645633,99.69487321579604,0.9653816739520963,False,True,False,0.00502841030749801,0.004688291761099195,2.938609487327136,False,7597,7479,-0.475,0.004425964910132918,2.6630191289755114,False,False
285502069,2292,323,UNRELIABLE_DATA,,1967,0.8582024432809773,,,,,,,,,,,,,,,,,,,,,,,,,,,,,,,,,,,,,,,
287275704,7023,7010,OK,,13,0.0018510608002278229,12,0.08841269933511098,1.8141824028379339,0.6938820803017375,False,39.17175189941712,1412.8804266268419,0.35000000000000003,0.4614151424492586,0.001274384220104366,362.06909593675823,False,False,9,False,0.005135520684736091,False,1,True,1.0,0.08059914407988587,True,0.36064705419683196,356.79474199470945,0.7816107904098357,False,True,True,nan,nan,nan,False,0,9,0.03500000000000003,0.0026406613497695908,1.0630360615198298,False,False
287657973,2165,2160,OK,,5,0.0023094688221709007,4,0.07809832982718348,1.76791749685684,0.8125642211439539,False,0.65,1569.9179269255385,0.02,1.954014727800768e-11,9.42318229648246e-14,207.36250942849463,True,False,72,False,0.0,False,0,True,0.09722222222222222,0.07037037037037037,False,0.00019075685546376953,0.4183557355523571,9762303.873649163,True,True,False,0.00015773499274174263,0.0002691577095101927,0.011068527873307326,False,41,45,0.135,0.002180044014597038,2.705623912410268,False,False
290150987,1086,1086,OK,,0,0.0,2,0.09757495585441851,1.0811633849957265,0.9188366150042735,False,1.0085536548923777,1625.6920736420798,0.04,0.07066894416087902,0.00086756964225702,81.45622059461498,False,False,42,False,0.0,False,0,True,0.023809523809523808,0.022099447513812154,False,0.07432039402102575,27.139478218009277,1.0516697950352016,False,True,False,0.07320311031228455,0.0694203639603529,0.6638722912670677,False,25,25,-0.495,0.08765011220675634,4.797851730923311,False,False
294973865,2211,2211,OK,,0,0.0,3,0.028092449088854613,1.291515635261564,0.91540642024648,False,13.136433820072106,1556.3770037000163,0.17,0.1545226690377826,0.000555296443659111,278.2705900645782,False,False,8,False,0.0,False,1,True,1.0,0.06558118498417007,True,0.1558050466820049,300.1443396076038,1.0082989612605562,False,True,True,nan,nan,nan,False,9,0,0.025000000000000022,0.012207506133446566,8.22040870303461,True,False
300359095,1081,1078,OK,,3,0.0027752081406105457,2,0.016122043427937435,1.0332381721621655,0.9667618278378343,False,8.112001786341326,1601.4463225169097,0.5,0.12834612270665013,6.544853424890757e-05,1961.0236375735553,False,False,63,False,0.0,False,3,False,0.2857142857142857,0.03710575139146568,False,0.1218234623403226,47.9511663686325,0.9491791397451419,False,False,False,0.027652009760328555,0.18902911531672295,24.907991717481703,True,21,54,-0.065,0.03894815362763082,3.4091044240802604,False,False
307409547,2188,2188,OK,,0,0.0,4,0.03182408066068443,1.051967889481739,0.8240878461514028,False,1.0122100191363927,1570.199145850688,0.5,0.0012344116725828743,5.0652731142969704e-05,24.37009110325541,False,False,1079,False,0.0,False,51,False,0.057460611677479144,0.06855575868372943,False,0.00039521554405042014,6.223284652317257,0.32016510604073756,True,True,False,0.00023728471499584458,0.00042864584869450884,0.2210676590947179,False,672,621,nan,nan,nan,False,False
308498714,904,904,OK,,0,0.0,2,0.10148566324577522,1.0108049976501752,0.9891950023498247,False,0.6770407148325107,1468.329214880825,0.084,0.014676372231275204,0.00038035554998553907,38.58592895997756,False,False,118,False,0.004424778761061947,False,28,False,0.01694915254237288,0.04092920353982301,False,0.0143076056094118,23.238242791273667,0.9748734485571601,False,False,False,0.015240802641892204,0.012553828447331994,0.613125436546978,False,54,74,-0.475,0.008838961969958925,3.4615096012583937,False,False
313736377,19891,19878,OK,,13,0.0006535619124227038,5,0.0015975006752648162,1.1769402815546723,0.0,True,39.54967045903385,2023.10989283818,0.02,0.5724856338453326,0.0033286313080172153,171.9882981531975,False,False,2,False,0.002666264211691317,False,0,True,0.0,0.04557802595834591,False,nan,nan,nan,True,True,True,nan,nan,nan,False,0,4,-0.33499999999999996,0.0022510618188722464,0.19716811263112693,False,False
317362815,1081,1078,OK,,3,0.0027752081406105457,2,0.027984500366188055,1.1777891456597667,0.8222108543402332,False,13.023519290358092,1598.3260673512746,0.5,0.03871125137276349,0.0003881630986764522,99.72934445535921,False,False,20,False,0.0,False,2,True,0.05,0.03710575139146568,False,0.04589563647246342,69.803752920625,1.1855890689381001,False,True,False,0.0002204586625907945,0.046177220635999605,30.660486905078155,True,9,19,0.17500000000000004,0.0059820173231857066,2.798867051578178,False,False
317639628,2188,2179,OK,,9,0.004113345521023766,4,0.015216112515691596,1.2167801266527531,0.7384988781231646,False,5.629618717619599,1570.6619157714415,0.35000000000000003,0.03674158213363917,0.00031678065907985993,115.98429727484302,False,False,129,False,0.0,False,8,False,0.10077519379844961,0.06608536025699863,False,0.0361435873162852,53.557380529163886,0.9837243041091996,False,False,False,0.036331282581339996,0.029566599684896167,0.8471695146781291,False,79,77,0.495,0.012660195399148644,3.8081366323924675,False,False
319127053,2188,2188,OK,,0,0.0,4,0.0502690613608931,1.118789493440017,0.9405809546931286,False,26.905293427722622,1582.862059999553,0.17,0.11911964610254497,0.0009951093494049528,119.70508183223798,False,False,8,False,0.0,False,1,True,1.0,0.06855575868372943,True,0.12519054121528483,128.75396356826337,1.0509646839238733,False,True,True,nan,nan,nan,False,1,9,0.06500000000000006,0.003982180168180971,0.42591868489667983,False,False
330425387,1081,1078,OK,,3,0.0027752081406105457,2,0.10388076032818787,1.0351386855913123,0.9648613144086879,False,13.076380825660209,1596.8354079126932,0.058,0.13660273779806126,0.001431358700659859,95.43571274977204,False,False,6,False,0.0,False,2,True,0.0,0.03710575139146568,False,0.10416205532483847,28.0136377996003,0.7625180651856364,False,True,True,nan,nan,nan,False,0,7,0.0050000000000000044,0.04084051633192365,3.4500252849466984,False,False
334463051,1081,1081,OK,,0,0.0,2,0.030775702193527637,1.1236712482854774,0.8763287517145224,False,10.248310367173646,1604.4137165087504,0.5,0.014141582315643674,0.0001497593008841531,94.42874153494446,False,False,45,False,0.0018501387604070306,False,2,True,0.0,0.03700277520814061,False,0.014290957812241545,51.789535638008694,1.010562855928267,False,True,False,0.000305184882291587,0.02508551814676918,2.64514052231028,False,26,29,0.44500000000000006,0.0013533524098652272,2.1332087563637403,False,False
337509299,1081,1078,OK,,3,0.0027752081406105457,2,0.011251569383354948,1.0028997413223912,0.9971002586776088,False,13.408655945120568,1596.947860478361,0.084,0.07661060112432111,0.0018699565500427946,40.9691878255502,False,False,8,False,0.0037105751391465678,False,2,True,0.0,0.03710575139146568,False,0.07690900562774527,24.76392730687024,1.0038950810859704,False,True,True,nan,nan,nan,False,0,10,0.06500000000000006,0.13389419952545933,8.253886726963367,True,False
341288037,2167,2164,OK,,3,0.0013844023996308261,4,0.05247162656831389,1.1314352274955584,0.8775598156430504,False,14.118005444375884,1597.578861839774,0.058,0.09092280739683618,0.0007796383877700312,116.62176827503208,False,False,5,False,0.0,False,1,True,0.0,0.0466728280961183,False,0.06922317256148725,90.16065518553684,0.7613400261538337,False,True,True,nan,nan,nan,False,2,5,-0.044999999999999984,0.0019348348461849518,2.040487528638872,False,False
342885560,1969,1969,OK,,0,0.0,4,0.6983313727108432,2.61930409951941,0.13707119326033088,True,35.25794877595325,1535.1098997639076,0.35000000000000003,0.03899511086015248,0.00012321535564423182,316.47931101011267,False,False,14,False,0.0,False,1,True,1.0,0.07465718638902996,True,0.04026774236746489,1189.134871128606,1.0326356684015188,False,True,False,nan,nan,nan,False,1,15,-0.175,0.0014335476284457194,5.02205777808138,True,False
343799367,1086,1086,OK,,0,0.0,2,0.008254750169328553,1.1234982343466635,0.8765017656533365,False,2.817174529511638,1626.8875281636892,0.5,0.0011275137126390993,0.00012802793446431928,8.806778906156074,False,False,186,True,0.0,False,10,False,0.0,0.022099447513812154,False,0.0011010176990526865,5.513515268583393,0.9765004954800991,True,True,False,0.0005889618516572437,0.0011997659960533147,1.8345940615209702,False,104,118,0.21499999999999997,0.002162876033033334,2.7062538632366135,False,False
348754615,862,841,OK,,21,0.024361948955916472,2,0.050756385010354545,1.1119517782631005,0.8880482217368998,False,1.0087794859637025,1518.6239779735715,0.5,0.006232945086032657,0.00016628686238414288,37.4830879401272,False,False,410,False,0.015457788347205707,False,18,False,0.04878048780487805,0.059453032104637336,False,0.00017271962678244712,1.2661880996244956,0.027710757017496077,True,True,False,6.491508003803048e-05,0.0003744097324274165,0.03055689045306883,False,253,242,nan,nan,nan,False,False
349374091,13367,13331,OK,,36,0.0026931996708311513,24,0.17602480849303104,7.233379294847244,0.6624100060607958,True,37.52045806847673,1357.2946589110416,0.02,0.31761693391028845,0.0021526644082205206,147.54595871859257,False,False,2,False,0.0019503413097292025,False,0,True,0.0,0.08393968944565298,False,nan,nan,nan,True,True,True,0.0038632571497958512,0.0008118698569994365,0.10467463613391167,False,6,3,0.125,0.00148447574133026,1.8994347438189123,False,False
349481397,12263,12234,OK,,29,0.0023648373155019165,23,166.77686622199087,252.29441400986175,0.7757747969857542,True,39.15026595573805,1347.3869065868178,0.02,0.1377061520637947,0.0009706151172213459,141.87513631357464,False,False,2,False,0.008419159718816413,False,0,True,0.0,0.08549942782409678,False,nan,nan,nan,True,True,True,0.0006685630358015393,0.0002282702532458991,0.006492037770567894,False,3,3,0.05500000000000005,0.0009620865075573581,3.1176383703235615,False,False
356056948,23120,23040,OK,,80,0.0034602076124567475,9,0.04688969567537202,2.3942242359861154,0.0,True,1.165630317623809,1984.478816126718,0.5,0.07578613952644778,3.200232042605177e-05,2368.145138149214,False,False,9858,False,0.007291666666666667,False,101,False,0.06390748630553865,0.06019965277777778,False,0.0,0.0,0.0,True,True,False,0.0,0.0,0.0,False,5563,6198,-0.435,0.0013788394288286598,1.6064817647189762,False,False
367253312,53209,53088,OK,,121,0.002274051382284952,13,0.051141966949709634,2.075807038530678,0.0,True,3.0623170937050608,1816.660617724808,0.17,0.06230757930145758,0.00015745286671569486,395.7221014842709,False,False,2882,False,0.004275919228450874,False,63,False,0.050312283136710614,0.06865958408679927,False,0.06592187817711914,304.33461838971505,1.0580073711125062,False,True,False,0.055987516710777396,0.047826368764270155,3.7597538289421237,True,1685,1780,0.495,0.00453493800066318,2.476011997112509,False,False
367266670,14859,14859,OK,,0,0.0,2,0.0021397358474898555,1.0107288079727643,0.9892711920272357,False,8.796057121772062,3235.3458053278982,0.028,0.0006949146507414741,7.481600671458701e-05,9.288315178227567,False,False,60,True,0.0,False,3,False,0.0,0.04832088296655226,False,0.0007209882569206849,7.298745215707177,1.0375205878180727,False,True,False,0.0003723698038514689,0.0007426190338709615,2.353036020812381,False,24,47,0.17500000000000004,0.0002701657193147078,2.5501395250276446,False,False
373899211,26864,26858,OK,,6,0.00022334723049434186,6,0.7521878173820454,2.065672484232422,0.0,True,38.70177358382813,1828.59441048269,0.35000000000000003,0.706171344073487,0.002026534999148656,348.46244667382916,False,False,41,False,0.010015637798793655,False,1,True,1.0,0.03756794995904386,True,0.7117160745459473,447.1297884320488,1.0078518202685427,False,True,False,nan,nan,nan,False,46,0,-0.05499999999999999,0.07527468215223543,0.6874663273387622,False,False
376882175,153705,153705,OK,,0,0.0,24,0.030171608729686,1.1581544298563355,0.9131539542640199,False,13.91045832072609,2825.5480423796425,0.084,0.00034075777503748,4.4601714723436e-05,7.640015123867617,False,False,969,True,0.0,False,28,False,0.07533539731682147,0.06586643245177451,False,0.00028901728439345575,5.0739125137700185,0.8481604986464848,True,True,False,0.00021431294328910777,0.00028526664279648895,0.8451545458820384,False,527,635,0.11499999999999999,0.00014110406216938376,2.1215055883985205,False,False
377518416,17503,17488,OK,,15,0.0008569959435525339,3,0.0,1.4720886699275206,0.8282219603136127,False,28.122425356894077,2734.599445224121,0.12,0.34590467207272624,0.001222220382156627,283.01333959295624,False,False,34,False,0.009663769441903019,False,3,False,0.0,0.03922689844464776,False,0.11500002897010575,47.97134044385824,0.33246162383700634,True,True,False,0.11500002897010575,0.006198069425075836,4.605535346129473,True,20,26,-0.11499999999999999,0.004396536697151454,2.8002131447487177,False,False
377773424,2188,2188,OK,,0,0.0,4,0.2609223252709332,1.3222582168190038,0.5987238092126238,False,27.201361370483554,1569.5368872257563,0.12,0.24232970451304137,0.00047677569068361076,508.26774361248175,False,False,6,False,0.0013711151736745886,False,1,True,1.0,0.0690127970749543,True,0.24848782228088173,47.08429189582363,1.0254121457384477,False,True,True,nan,nan,nan,False,1,7,-0.495,0.035436497497965735,6.201054663355886,True,False
378112774,1107,1100,OK,,7,0.006323396567299007,2,0.053121024829946246,1.061723436839771,0.9382765631602289,False,2.435109665721203,1571.0364793850742,0.17,0.04502474206161194,0.0005238717353950289,85.94611814218366,False,False,82,False,0.0,False,11,False,0.08536585365853659,0.06,False,0.04743844946411779,51.74928057540253,1.0536084670780108,False,False,False,0.047398082357527294,0.04156903088515973,0.26697359304394896,False,41,55,0.495,0.01177438679818843,3.1136459295503536,False,False
378232913,2188,2188,OK,,0,0.0,4,0.0686559514874804,1.1301285492533346,0.7480277799313707,False,1.4425587052941697,1569.6069467048524,0.12,0.002088186276999995,4.0875829069210275e-05,51.086089861671375,False,False,189,False,0.0,False,35,False,0.07936507936507936,0.0690127970749543,False,0.0019904193364996825,20.703449287548928,0.9531809295094258,False,False,False,0.002189391676894803,0.0013530499137235363,2.1163129215185736,False,112,114,-0.22499999999999998,0.0005843911527335655,2.2813164824071603,False,False
388736229,960,957,OK,,3,0.003125,3,0.2541438750600587,6.71475051929884,0.9841771834121049,True,1.833664152892758,1597.587839735776,0.02,0.6100071278529948,0.00036664054286961477,1663.7743416988296,False,False,7,False,0.0,False,0,True,0.14285714285714285,0.10867293625914315,False,0.0006405480382560835,0.1754846408156841,0.001050066481207493,True,True,True,0.005189191005381288,0.0016899338738944891,0.16292396350252736,False,7,8,0.20500000000000002,0.007512128267630258,2.5242014992977695,False,False
390318873,2165,2160,OK,,5,0.0023094688221709007,4,0.33365969944132284,2.133128231455976,0.7693098783409654,False,13.483005508373822,1570.6676049379244,0.028,0.09758048211700769,0.0008618970283771931,113.21593984461845,False,False,2,False,0.0,False,0,True,1.0,0.0712962962962963,True,nan,nan,nan,True,True,True,nan,nan,nan,False,0,2,0.03500000000000003,0.011776753081372937,4.265806701107784,False,False
391709662,1966,1961,OK,,5,0.00254323499491353,4,0.39556326771109235,2.564274499056137,0.8277840408664294,False,12.750685963761974,1530.1081209304725,0.058,0.22689969081729375,0.002332978584593642,97.25751119863585,False,False,3,False,0.014278429372768995,False,1,True,0.0,0.062213156552779196,False,0.2373834889953257,23.01597796611169,1.0462045503026878,False,True,True,nan,nan,nan,False,4,0,0.06500000000000006,0.03168126034430263,0.252254394501655,False,False
394614352,34714,34714,OK,,0,0.0,9,0.17466992578642576,4.966948021464699,0.7183400130973061,True,33.565845674583656,1690.5924795173034,0.35000000000000003,0.10937253360037655,0.00032445541548962325,337.0957252642143,False,False,268,False,5.761364291064124e-05,False,4,False,0.0,0.05818977933974765,False,0.0029374340067240823,6.515728560102806,0.026857145117043985,True,True,False,0.0002297073800425764,0.1833399885699588,68.83527904943791,True,240,82,-0.175,0.002032317979480558,1.6875483349496672,False,False
402811138,69397,69393,OK,,4,5.763937922388576e-05,11,0.027014209976924372,1.1813204168528006,0.0,True,37.62352860583572,1795.164860469332,0.12,0.016076591514682097,0.00036854131051515776,43.622223767017516,False,False,180,False,0.00018733878056864526,False,5,False,0.0,0.029887740838413095,False,0.005346983869850774,8.971020252088278,0.3325943726919722,True,True,False,0.0006028568859129946,0.029376716324675978,13.551849001955945,True,144,69,-0.0050000000000000044,0.0007024631654114488,6.535768433031639,True,False
405181219,1087,1080,OK,,7,0.006439742410303588,2,0.16659246651096601,1.0331584358406694,0.9668415641593305,False,5.549281725667371,1574.446686345226,0.35000000000000003,0.05844148859038946,0.00029905655388016425,195.41952126488994,False,False,66,False,0.001851851851851852,False,4,False,0.0,0.05092592592592592,False,0.04706580369786506,34.15809602811769,0.8053491591862857,False,False,False,0.07239335432925431,0.03923003894210986,7.202431857440911,True,41,39,0.405,0.008191217956799779,2.1525642156760623,False,False
40621423,58143,58110,OK,,33,0.0005675661730560859,10,0.010677641864209832,1.6967267456506654,0.0,True,10.900003562293353,1687.3069109647615,0.244,0.024403756577439387,0.00041231516486656746,59.18714288701187,False,False,1316,False,0.0005850972293925314,False,22,False,0.008358662613981762,0.03639648941662364,False,0.031221962020620886,60.9842371785411,1.2793916347077787,False,True,False,0.025647799404497462,0.028163716450823495,2.0709424258496494,False,730,842,-0.15499999999999997,0.002713940484367683,1.550018246403407,False,False
40693244,35275,35275,OK,,0,0.0,8,0.007059919647274918,7.692977750852807,0.6887786257869626,True,37.09063623142196,1714.2152735313696,0.02,0.3443505764474085,0.002455946763364435,140.21092866674275,False,False,2,False,0.0,False,0,True,0.0,0.0327710843373494,False,nan,nan,nan,True,True,True,nan,nan,nan,False,4,0,-0.20500000000000002,0.0018677387134964363,4.794390307945,False,False
411741018,1081,1081,OK,,0,0.0,2,0.044360050824759766,1.0819362324160715,0.9180637675839283,False,13.124107075990072,1597.7906446179256,0.244,0.020587792066566638,0.00023296829160895328,88.37164888140263,False,False,21,False,0.0,False,2,True,0.5714285714285714,0.03700277520814061,True,0.020761772146309143,60.42379411946459,1.0084506429431566,False,True,False,0.02367388217351618,0.012919484229431788,6.760683199993564,True,13,10,-0.365,0.00957947606506182,5.99888256679947,True,False
418883686,2167,2157,OK,,10,0.0046146746654360865,4,0.09229126323199048,1.3129608987830343,0.8993818229688384,False,9.407641173642922,1598.195849263297,0.17,0.12628064809022424,0.0013149242898307855,96.03644032347673,False,False,40,False,0.01854427445526194,False,5,False,0.0,0.046824292999536395,False,0.08424958784660763,54.17666069544317,0.667161509865023,False,False,False,0.07981999366524206,-0.022912633871982502,2.938789217324585,False,29,20,-0.485,0.01469751438444633,5.364928141410422,True,False
43797282,28822,28775,OK,,47,0.0016306987717715634,6,0.004539501440953366,10.027094725955857,0.0,True,39.02159755612044,2041.352199093896,0.12,0.6563814784069064,0.00024920855751520295,2633.8641214873364,False,False,52,False,0.0042745438748913985,False,1,True,0.0,0.03169417897480452,False,0.6345513797563995,844.782398049567,0.9667417509959446,False,True,False,nan,nan,nan,False,62,0,-0.0050000000000000044,0.07057990624971999,10.0188945643071,True,False
441234364,2211,2211,OK,,0,0.0,4,0.04902196960568039,1.024289296666143,0.8853461409916183,False,25.00700328345222,1556.87967655084,0.244,0.03089091702400279,0.000563694181655732,54.80084419758827,False,False,10,False,0.004522840343735866,False,1,True,1.0,0.06467661691542288,True,0.029880401638473608,31.37819778760072,0.9672876209940937,False,True,False,nan,nan,nan,False,2,11,0.11499999999999999,0.0030643512073191825,3.3528210754906778,False,False
442590989,1081,1078,OK,,3,0.0027752081406105457,2,0.02732190581279657,1.0687868122683108,0.931213187731689,False,13.427657041691004,1596.911953975447,0.084,0.0387489605316239,0.0011112989423290017,34.868170080694824,False,False,8,False,0.0018552875695732839,False,2,True,0.0,0.03710575139146568,False,0.03709653723736661,23.391184911417817,0.9573556742790892,False,True,True,nan,nan,nan,False,0,10,0.05500000000000005,0.017737288130424078,5.008554148895952,True,False
44606608,1047,1024,OK,,23,0.021967526265520534,2,0.01789897239490258,1.248937924341704,0.7510620756582962,False,12.409575400749297,1627.2341471482337,0.028,0.2590012012744952,0.0038179824510590366,67.83719008521193,False,False,3,False,0.005859375,False,0,True,0.0,0.0224609375,False,0.322002701271378,32.32135238675883,1.2432479065226898,False,True,True,nan,nan,nan,False,0,4,0.44500000000000006,0.02517641468642795,2.022507139377718,False,False
446737326,2167,2164,OK,,3,0.0013844023996308261,4,0.0371964712375425,1.0424399056566829,0.920501576497792,False,2.8918888574400787,1597.405947041277,0.084,0.007543201553612406,0.00029239425660300823,25.79804966502478,False,False,57,False,0.004158964879852125,False,13,False,0.07017543859649122,0.0466728280961183,False,0.008058666420599714,14.223546446364756,1.0683350250319712,False,False,False,0.007452401832575228,0.006828648702196682,0.07725035535226725,False,33,37,0.20500000000000002,0.0017859215550529717,2.158063800082411,False,False
447170236,1086,1086,OK,,0,0.0,2,0.10381942044124573,1.08483424696668,0.9151657530333199,False,13.928066000544886,1625.7454538900888,0.5,0.10172799045156729,0.0005407062846910375,188.1390938699653,False,False,20,False,0.0,False,1,True,0.0,0.02117863720073665,False,0.10336586353805743,148.8680258014166,1.0161005154945033,False,True,False,nan,nan,nan,False,0,23,0.03500000000000003,0.04581944212453959,8.412825372086756,True,False
450666696,1085,1082,OK,,3,0.0027649769585253456,2,0.07082017073034183,1.1794067451116406,0.8205932548883595,False,12.718993430379992,1570.3087050947622,0.058,0.0937722106884684,0.0016565681623217326,56.60630985267982,False,False,3,False,0.0,False,1,True,1.0,0.07208872458410351,True,0.09767727950152438,53.881771859495345,1.04164420124454,False,True,True,nan,nan,nan,False,4,0,0.04500000000000004,0.012730381551243952,1.5371537521486016,False,False
45663447,1100,1098,OK,,2,0.0018181818181818182,2,0.010642215091441401,1.016051036661747,0.983948963338253,False,0.7731183973957789,1543.9531869450955,0.058,0.03155111314147794,0.0005296521499538881,59.569498857362895,False,False,81,False,0.01639344262295082,False,22,False,0.04938271604938271,0.04553734061930783,False,0.03377433161567367,10.881196156536054,1.070464026553568,False,False,False,0.03215088509887276,0.031896851293709894,0.012257539215504076,False,52,47,-0.255,0.046488857456538746,2.2709757100625327,False,False
457539717,2211,2211,OK,,0,0.0,4,0.1347598887192465,1.2875188900715069,0.569452849819284,False,13.136594733227934,1543.3400069473835,0.028,0.4639688828746555,0.0013550473241798237,342.4005011452159,False,False,2,False,0.0,False,0,True,0.0,0.06467661691542288,False,nan,nan,nan,True,True,True,nan,nan,nan,False,0,3,0.16500000000000004,0.002773714039092434,1.530036816462784,False,False
458521313,23392,23344,OK,,48,0.002051983584131327,8,0.00933282856706919,1.7134906452326681,0.0,True,20.688830626467738,1991.193212338804,0.058,0.6007140382883425,0.0004942727686523513,1215.3492492135592,False,False,65,False,0.008696024674434545,False,4,False,0.0,0.06429917751884853,False,0.0,0.0,0.0,True,True,False,0.0,0.0,0.0,False,36,42,0.245,0.002294193038480441,5.669440321950228,True,False
46032705,3073,3047,OK,,26,0.008460787504067686,5,0.1384839234372659,1.21204705323315,0.9619500683036916,False,1.9559601266794242,1518.6435444406152,0.5,0.003675093638664008,0.00013753414681908014,26.72131775026332,False,False,792,False,0.00853298326222514,False,36,False,0.05555555555555555,0.07253035772891368,False,0.0009721980289290055,4.997448911688194,0.2645369409641559,True,True,False,0.0008055090241517737,0.0006662839189467418,0.025565673167119437,False,493,459,-0.445,0.0019677876536496886,2.209103487696859,False,False
467847068,2188,2188,OK,,0,0.0,4,0.0701154019999892,1.2096038897139307,0.9463627933661023,False,2.2447413620975625,1571.4963407905552,0.17,0.008572781786639835,9.187401337761927e-05,93.31019154898686,False,False,158,False,0.005941499085923218,False,21,False,0.04430379746835443,0.0690127970749543,False,0.008021275349975321,42.28622522859919,0.9356677388518154,False,False,False,0.006997613943255709,0.007030945248200138,0.008457635768214304,False,91,107,-0.485,0.0026800919267288004,3.0622213067968156,False,False
468353260,29337,29337,OK,,0,0.0,13,0.02595479548248407,1.4575434042537128,0.6258047760179943,False,11.741224131957171,1795.1323181266548,0.04,0.21689156198730672,0.001704143200447416,127.27308475623569,False,False,103,False,0.0,False,7,False,0.0,0.0773766915499199,False,0.22811475595796915,135.24096148639947,1.051745645924756,False,False,False,0.20577098331366073,0.21809818572068507,2.9844831839231416,False,65,57,-0.495,0.005617472770020782,5.857910180985591,True,False
469136093,2211,2211,OK,,0,0.0,4,0.09758487779329353,1.1097111161271438,0.8905640056251273,False,2.4041191246247178,1545.687896186687,0.12,0.04908770377126506,0.0005453568269707594,90.01024896658535,False,False,108,False,0.007688828584350972,False,19,False,0.09259259259259259,0.06512890094979647,False,0.03309973798564603,25.475329167580448,0.6742979492355464,False,False,False,0.029367998691772645,0.028525645702903057,0.1508849797978955,False,69,61,0.495,0.021169192886194566,4.463929267236078,False,False
469444192,1148,1120,OK,,28,0.024390243902439025,1,nan,nan,nan,False,0.808272710620047,1655.7901590438755,0.12,0.014154201273650852,0.00011135530433539266,127.108460240202,False,False,169,False,0.0,False,31,False,0.029585798816568046,0.03482142857142857,False,0.014566945911511753,41.58240667391141,1.0291605742974177,False,False,False,0.014047847945116154,0.013660952694579342,0.593345156725031,False,91,110,-0.495,0.0068953560156176374,2.695926183384917,False,False
48199029,11781,11733,OK,,48,0.004074357015533486,5,0.07066638339151543,4.442635219679394,0.8465773363981609,True,1.2347529678866864,2770.9429899214592,0.244,0.2023374897144212,0.001079502761336143,187.43582412330298,False,False,1484,False,0.02045512656609563,True,40,False,0.08288409703504043,0.03664876843092133,False,0.23497160734245592,173.77456134268363,1.161285571319949,False,True,False,0.07651184358949559,0.10215277805348999,4.816534020909282,True,1003,995,-0.28500000000000003,0.013641516135636245,2.002270872313189,False,False
59645648,56803,56802,OK,,1,1.760470397690263e-05,8,0.09357773132197356,1.348925901406458,0.6758281872615957,False,36.65568122050467,1719.5931022995637,0.5,0.15078662829927944,0.0006283053952667098,239.9893896108785,False,False,607,False,3.521002781592197e-05,False,4,False,0.0,0.03556212809408119,False,0.010250047931100847,13.599882035003528,0.06797716778146055,True,True,False,0.35226433814463487,0.0008861559515710438,179.30620948446042,True,224,511,-0.024999999999999994,0.005393294333934984,4.551626378294692,False,False
65504442,1147,1120,OK,,27,0.023539668700959023,1,nan,nan,nan,False,0.7319777043041997,1655.452269103542,0.12,0.019415542751674134,0.00013051082218945996,148.7657684317472,False,False,181,False,0.0017857142857142857,False,34,False,0.027624309392265192,0.03482142857142857,False,0.020356406879020406,68.97897957636124,1.0484593266013718,False,False,False,0.01948203279491567,0.01795720944986301,0.9422885954252527,False,105,113,0.19500000000000006,0.00299246088485261,2.462185279749815,False,False
75128778,1966,1966,OK,,0,0.0,4,0.17593996851173768,1.3151150382853576,0.8184492264709894,False,20.568873502471657,1535.2162085825648,0.5,0.030546823991488045,0.00010764060479277675,283.7853247879363,False,False,22,False,0.0,False,1,True,1.0,0.06307222787385554,True,0.03242569825902997,239.76119595801646,1.0615080071193481,False,True,False,-0.00038633485419425906,0.028858945865671504,11.953033676266863,True,3,25,0.06500000000000006,0.004182243500958194,7.3526734769116455,True,False
80785690,1086,1086,OK,,0,0.0,2,0.008921268928756266,1.1721754569256773,0.8278245430743227,False,12.78272982051955,1570.420025174394,0.5,0.11923866296838974,0.0014799594212843601,80.56887320931428,False,False,12,False,0.0,False,2,True,1.0,0.07734806629834254,True,0.11659898988334749,97.12753517644505,0.9778622720237812,False,True,False,0.09884130185124451,0.08365930080179285,0.9318904899712919,False,11,6,0.08499999999999996,0.0407163688454899,6.578219374954945,True,False
87030058,14634,14634,OK,,0,0.0,3,0.0011414752435656961,1.4788144261804945,0.9215165769970595,False,13.766202305190186,2776.073815377557,0.02,0.22158002345562633,0.0013021301366790696,170.16734135402183,False,False,5,False,0.0,False,1,True,0.0,0.05904059040590406,False,0.001644872194751179,0.7614774078261835,0.007423377654261245,True,True,True,0.001644872194751179,-0.0007499017961354326,0.389600236645425,False,3,4,-0.07500000000000001,0.0029356048470141616,4.170705561190951,False,False
87420655,1177,1177,OK,,0,0.0,1,nan,nan,nan,False,14.188959070552807,1654.2317948542939,0.028,0.18877711351093623,0.0030103114021235514,62.71016127360378,False,False,2,False,0.0,False,0,True,0.0,0.03313508920985556,False,nan,nan,nan,True,True,True,nan,nan,nan,False,0,2,0.03500000000000003,0.004897190749227676,0.4318974283597638,False,False
89658227,1177,1176,OK,,1,0.0008496176720475786,1,nan,nan,nan,False,13.6285750760562,1656.104771806212,0.058,0.4684969085813952,0.0037217069849138653,125.88226598183898,False,False,3,False,0.0017006802721088435,False,1,True,0.0,0.03316326530612245,False,0.5871731843264687,95.1794613619733,1.2533128257012929,False,True,True,nan,nan,nan,False,2,3,-0.05499999999999999,0.11457174752813981,8.908170939932113,True,False
94262469,1072,1049,OK,,23,0.021455223880597014,2,0.01231122695464404,1.0914397724506917,0.9085602275493083,False,7.332689095804913,1627.028566303434,0.02,0.18439278494030556,0.001606823938813772,114.75606037860776,False,False,1,False,0.0,False,0,True,0.0,0.022878932316491896,False,nan,nan,nan,True,True,True,-0.0006428585251299079,0.01476891250293244,1.5275254451995128,False,3,4,-0.315,0.00249167551627294,2.641747950972702,False,False
97019627,1056,1042,OK,,14,0.013257575757575758,2,0.02612602277905813,1.2629276126383924,0.7370723873616075,False,12.894826419188691,1637.1125123297045,0.35000000000000003,0.04820533535329521,0.00017825204324347987,270.43356404868854,False,False,33,False,0.0,False,2,True,0.0,0.06525911708253358,False,0.0548935265584396,73.62336475617396,1.1387437958086355,False,True,False,0.00036962885905156284,0.08324160320750029,17.96949300816146,True,20,20,-0.345,0.003696561929490083,0.36239683070295786,False,False
102426073,1101,1101,OK,,0,0.0,2,0.06865070169892509,1.07645498351065,0.9235450164893501,False,10.711298931233191,1549.7660678466837,0.244,0.00522838918802726,0.00023777339776363728,21.988957710166677,False,False,22,False,0.0018165304268846503,False,2,True,0.0,0.04178019981834696,False,0.004450691601146972,14.185764531572383,0.8512548398919546,False,True,False,0.008208756947706952,0.0004330560961937069,1.0588588482039187,False,14,13,-0.15499999999999997,0.0010489966959505992,1.9724708215189841,False,False
102549044,904,903,OK,,1,0.0011061946902654867,2,0.01855937896444392,1.0768253473074818,0.9231746526925182,False,0.7166898764103722,1468.5753491627286,0.5,0.00564541189293736,0.00015525234533243795,36.36281230308619,False,False,626,False,0.01107419712070875,False,30,False,0.02875399361022364,0.04097452934662237,False,0.0006617794591864401,5.552622163882488,0.1172243003233038,True,True,False,0.0007335609331051707,0.0008337534744411457,0.008078988707185712,False,373,382,nan,nan,nan,False,False
111121605,1801,1801,OK,,0,0.0,3,0.0125388221138903,1.0487653818949474,0.9682853606401565,False,0.7147297074069273,2770.111467190816,0.04,0.0012451140769443975,0.00013686350527239254,9.09748785453295,False,False,103,True,0.0,False,18,False,0.22330097087378642,0.16157690172126596,False,0.0013551949004751984,7.864086691260312,1.0884102312945874,False,True,False,0.0014215701200760433,0.0007963371853785262,2.4308316253182163,False,63,62,0.20500000000000002,0.002007562052813494,3.103815909114335,False,False
111375650,37183,37183,OK,,0,0.0,4,0.02000991076681416,1.2149891186591133,0.7517012842112689,False,39.10732941742729,2256.1521796213924,0.35000000000000003,0.07174034923688406,0.0003760116405000407,190.7928944473098,False,False,302,False,8.068203211144878e-05,False,2,True,0.0,0.023344001290912512,False,0.016937123875059745,35.94696987944905,0.23608923088921646,True,True,False,6.542201748716003e-05,0.16534401838563617,115.82858938606026,True,181,181,-0.0050000000000000044,0.0035465273812262943,1.9540232764980943,False,False
117150608,1190,1190,OK,,0,0.0,2,0.07835881561212453,1.0522465557170906,0.9477534442829094,False,1.4973540369937886,1711.6536465477845,0.12,0.07652277442846461,0.0011158561105485902,68.5776362248387,False,False,104,False,0.009243697478991597,False,18,False,0.10576923076923077,0.040336134453781515,False,0.07244882857684365,40.491616217688915,0.9467616551798003,False,False,False,0.07202785561106362,0.06185888363495118,1.6402101083466636,False,62,63,0.495,0.02209016813661635,3.1720832350808856,False,False
118334237,2908,2908,OK,,0,0.0,2,0.06443054515886437,1.1877961512936615,0.8122038487063385,False,10.375270514094808,2480.2639915135724,0.17,0.05274624911322843,0.00044026969821813876,119.80440472442972,False,False,50,False,0.0,False,2,True,0.0,0.04951856946354883,False,0.05647265678207247,89.23453821517577,1.0706478229540968,False,True,False,0.05640624578239661,0.04935470944075859,6.342636920216479,True,29,29,-0.46499999999999997,0.009256593736910013,4.16771927114153,False,False
119461354,903,903,OK,,0,0.0,2,0.1293856443675834,1.1203160954353637,0.8796839045646363,False,8.866735810321975,1468.5543448252527,0.5,0.03290773230172761,0.000340628553141236,96.60884854853305,False,False,47,False,0.009966777408637873,False,2,True,0.0,0.04097452934662237,False,0.005552740480755269,11.591145593239645,0.16873664918149825,True,True,False,nan,nan,nan,False,0,56,0.485,0.007246510667553552,3.9914619930096475,False,False
120001462,1086,1084,OK,,2,0.001841620626151013,2,0.03757687399058839,1.0587228450022002,0.9412771549978,False,1.0625340851369691,1569.5238188174724,0.02,0.9149643098061758,0.0007428701702948756,1231.6611251774843,False,False,13,False,0.005535055350553505,False,0,True,0.23076923076923078,0.07564575645756458,False,-0.000710160581497643,-0.12498809209657717,-0.0007761620577835239,True,True,False,0.003661048089599661,-0.0022424494485272506,0.16863263182579252,False,20,21,0.22499999999999998,0.011757058329845194,2.8454230659072577,False,False
12079149,44888,44867,OK,,21,0.00046783104615932987,6,0.21100393462912714,1.5290930916361878,0.6792580530377427,False,34.404886274122816,2448.6675642153077,0.244,0.2484664464149712,0.0019315089913416771,128.63851399541238,False,False,241,False,0.002429402456148171,False,3,False,0.0,0.041834756056790066,False,0.09957843044080417,45.10665105833387,0.40077214399603583,True,True,False,0.45433083999915724,0.025645964167237967,64.22313665098791,True,120,168,-0.024999999999999994,0.015643033860643252,4.6793271860495995,False,False
121457897,1616,68,UNRELIABLE_DATA,,1546,0.9566831683168316,,,,,,,,,,,,,,,,,,,,,,,,,,,,,,,,,,,,,,,
125403207,972,972,OK,,0,0.0,3,0.050866296148648724,2.616877441667649,0.7352816816534125,False,12.189147566372187,1599.7422990394723,0.5,0.25782628746795755,0.0032016701685874402,80.52868468387832,False,False,22,False,0.01440329218106996,False,1,True,0.0,0.10905349794238683,False,0.29501179874216976,37.31972319070761,1.144226997329873,False,True,False,nan,nan,nan,False,1,27,0.235,0.059726069163060225,2.328063917001897,False,False
126939843,1712,230,UNRELIABLE_DATA,,1480,0.8644859813084113,,,,,,,,,,,,,,,,,,,,,,,,,,,,,,,,,,,,,,,
132173785,1934,1934,OK,,0,0.0,4,0.22934175177878222,1.485151300430202,0.9257397510350976,False,24.06868200184216,1511.175670883243,0.5,0.085237409453424,0.00035192851597773964,242.2009174693178,False,False,46,False,0.0031023784901758012,False,2,True,0.5217391304347826,0.07600827300930714,True,0.07437183882183562,136.05849938762222,0.8725257993965007,False,True,False,0.13070239371169146,0.0007375039792407723,25.770431927285134,True,26,27,0.03500000000000003,0.005138919359957361,3.2525526178658692,False,False
1325274504,1048,1035,OK,,13,0.012404580152671756,2,0.09331262980446478,1.2248336028397637,0.7751663971602363,False,13.542748592459793,1628.5186680858449,0.17,0.8906969143357159,0.0001462909007129257,6088.532574446152,False,False,2,False,0.0,False,0,True,0.0,0.06570048309178744,False,nan,nan,nan,True,True,True,nan,nan,nan,False,3,1,0.32500000000000007,0.00735121774900227,3.063331669866856,False,False
133761962,1934,1934,OK,,0,0.0,4,0.07204850131620967,1.2210293750930186,0.8989645019572851,False,8.478888436725018,1499.753408580001,0.02,0.21415264606945073,0.0028550754346851246,75.00770153663866,False,False,1,False,0.011375387797311272,False,0,True,0.0,0.07549120992761117,False,nan,nan,nan,True,True,True,nan,nan,nan,False,4,2,0.03500000000000003,0.0037844965441887757,2.5228089764467647,False,False
135309378,1087,1079,OK,,8,0.007359705611775529,2,0.09975158635177117,1.2249806345447398,0.7750193654552603,False,6.7812575118055145,1577.1721464407426,0.02,0.6157786874446696,0.0018137675855040677,339.5025318381888,False,False,1,False,0.0037071362372567192,False,0,True,1.0,0.05097312326227989,True,nan,nan,nan,True,True,True,nan,nan,nan,False,1,4,0.17500000000000004,0.0026154115076995055,1.8760311154810287,False,False
138350240,1616,267,UNRELIABLE_DATA,,1347,0.8335396039603961,,,,,,,,,,,,,,,,,,,,,,,,,,,,,,,,,,,,,,,
138384167,8814,8814,OK,,0,0.0,8,0.033280174097680214,1.3110404392187125,0.8226001278517729,False,0.9609190380094251,1544.2699401859716,0.244,0.002665617684621953,6.168073499915268e-06,432.16373550972946,False,False,2248,False,0.0,False,97,False,0.07517793594306049,0.07669616519174041,False,0.0025291618310039343,32.43401122401044,0.9488089179460214,False,False,False,0.002307097094625621,0.0018092698348315395,4.232408612084415,True,1309,1392,0.405,0.0031632383894483196,2.0902645318709125,False,False
139739961,1966,1961,OK,,5,0.00254323499491353,4,0.02307760751008369,1.272502752723028,0.6608094595577997,False,13.254461041003548,1530.3381067998098,0.5,0.8796861269267614,0.001460967734271056,602.1256365156328,False,False,13,False,0.0,False,1,True,1.0,0.07445181030086691,True,0.6736521281580907,101.87819763287243,0.7657869182404144,False,True,False,0.5007333443749302,0.5755891809504174,2.793895765639184,False,3,14,0.04500000000000004,0.038434097317143534,5.369244616247579,True,False
139839359,1062,1062,OK,,0,0.0,2,0.0015204293142947426,1.0067191742476285,0.9932808257523716,False,6.068572920362429,1329.5262378735606,0.02,0.034656825093686505,0.001615037805911272,21.458832088535335,False,False,1,False,0.0,False,0,True,0.0,0.07532956685499058,False,nan,nan,nan,True,True,True,nan,nan,nan,False,1,2,-0.034999999999999976,0.0017981261840616103,2.868726708790175,False,False
1422379962,3755,3755,OK,,0,0.0,2,0.00863102414870567,1.0776336734708793,0.9223663265291208,False,1.2739119826894092,2459362.2318404093,0.5,0.005344294160070177,0.0007112958525854236,7.513461720105208,False,False,1464,True,0.0021304926764314247,False,22,False,0.05122950819672131,0.038348868175765646,False,0.004740945078586245,18.030783277126975,0.8871040658667618,False,True,False,0.0045791344448005145,0.004863860786718521,0.2517817235873097,False,868,885,0.455,0.002405647488435969,1.4915302656859728,False,False
142826086,26369,26369,OK,,0,0.0,15,0.029169288025946448,1.563927917918839,0.0,True,1.5504781916155825,1683.632776201815,0.5,4.854880521836212e-05,5.932567217381971e-06,8.183439553136088,False,False,8692,True,0.0,False,108,False,0.16348366313851817,0.10235503811293564,False,0.0,0.0,0.0,True,True,False,0.0,0.0,0.0,False,5169,5240,-0.41500000000000004,5.156405092687777e-06,0.5758004141259971,False,False
142837835,1072,1072,OK,,0,0.0,2,0.062488737372126714,1.0596262899492097,0.9403737100507904,False,11.981418376857103,1492.8236867324765,0.17,0.007088602348237896,0.0001358668568818844,52.17315326872071,False,False,13,False,0.0,False,2,True,0.6923076923076923,0.04477611940298507,True,0.0068613602478954094,28.632956802696405,0.9679426085455372,False,True,False,0.011367063670000954,-0.00021255016511123603,22.24864632660815,True,9,6,0.32500000000000007,0.0006992984632436805,1.5808415372743048,False,False
144052429,1934,1929,OK,,5,0.0025853154084798345,4,0.2189688315395564,1.252688527053626,0.7690210732198258,False,8.478886502073289,1499.7530947192286,0.02,0.88751886345331,6.859915048649674e-05,12937.752977393091,False,False,1,False,0.02332814930015552,True,0,True,0.0,0.07465007776049767,False,nan,nan,nan,True,True,True,nan,nan,nan,False,4,2,0.265,0.021945971883021165,2.296751819656713,False,False
145598830,1966,1966,OK,,0,0.0,4,0.04745401268959231,1.3810787951611483,0.6470663331381651,False,12.699000006869879,1518.4628328883316,0.35000000000000003,0.1161092769002723,0.0034614034048794356,33.54398875802704,False,False,13,False,0.004577822990844354,False,2,True,0.15384615384615385,0.06307222787385554,False,0.10393407917713415,27.792392544649644,0.8951401813173329,False,True,False,nan,nan,nan,False,1,16,-0.065,0.07163712954220824,6.405831176776098,True,False
145598965,1966,1966,OK,,0,0.0,4,0.06836201426822999,1.056021384547206,0.929242174196416,False,12.758172960164515,1517.5148302308205,0.17,0.02764816228531375,0.0016371237681372932,16.888254158554922,False,False,8,False,0.001017293997965412,False,1,True,0.0,0.06307222787385554,False,0.024216048418371328,18.810790796686263,0.8758646657407135,False,True,True,nan,nan,nan,False,0,10,-0.435,0.0026536122920713945,2.4041478997319325,False,False
145905627,1934,1915,OK,,19,0.00982419855222337,4,0.12960176604110374,1.3499353011243387,0.6994239921587823,False,13.796124365503145,1504.6949315195122,0.35000000000000003,0.06180733614041635,0.00041012846608589736,150.70238047673436,False,False,15,False,0.005221932114882507,False,2,True,0.5333333333333333,0.07154046997389034,True,0.06652720934317757,69.96154753497277,1.0763642877608968,False,True,False,0.07253280697820763,0.05664072262032638,0.5402811964641845,False,8,9,-0.245,0.003436442263533235,0.03434805675621125,False,False
146159655,1086,1086,OK,,0,0.0,2,0.0067213639531832625,1.1141292745123685,0.8858707254876313,False,10.655715473119777,1626.570058618366,0.5,0.0021050881175802482,0.0001452684014081369,14.491025558035338,False,False,68,False,0.0,False,3,False,0.0,0.022099447513812154,False,0.002046438597132161,7.74273502829514,0.9721391613214254,False,False,False,0.0021417510795855854,0.00130687428003462,1.7183764773790846,False,27,53,-0.20500000000000002,0.0022624807998398166,2.7724119672942007,False,False
146617448,1934,1927,OK,,7,0.0036194415718717684,4,0.23732103311518846,1.2020501652376374,0.9718089928015271,False,4.907689942383161,1494.5368499300237,0.35000000000000003,0.013085565719923833,8.906194291591029e-05,146.92656921126058,False,False,131,False,0.010378827192527244,False,8,False,0.1297709923664122,0.07472755578619616,False,0.010658653783513716,40.4972475416123,0.8145351918018381,False,False,False,0.010025347922979932,0.010023218060445371,0.00016973144665096622,False,97,57,-0.475,0.005099639993238703,3.396882341202867,False,False
146966972,862,862,OK,,0,0.0,2,0.0652682447729882,1.1628569955777355,0.8371430044222646,False,11.377656721911231,1523.7961376549472,0.35000000000000003,0.02547765701397624,7.645297731775916e-05,333.246106401903,False,False,31,False,0.0,False,2,True,0.5483870967741935,0.058004640371229696,True,0.029228591349259814,155.01195080168054,1.1472244615439295,False,True,False,0.05112433199214772,0.0009194755020585088,55.88647317348487,True,18,18,0.03500000000000003,0.0033811937732253217,5.275408039515694,True,False
147448721,862,862,OK,,0,0.0,2,0.15440556871702632,1.2179159718085635,0.7820840281914367,False,12.271542451738357,1517.5162290226017,0.17,0.0996756485650828,9.741355076877835e-05,1023.2215926680857,False,False,9,False,0.0,False,1,True,0.0,0.058004640371229696,False,0.08601186440172215,320.47458014872035,0.8629175294060019,False,True,True,nan,nan,nan,False,0,11,0.025000000000000022,0.0012058970808197511,0.31498212357883615,False,False
147618228,2189,2184,OK,,5,0.0022841480127912287,4,0.1140852985630496,1.0795356991300569,0.6263654043726177,False,24.87896524696207,1556.9708314453044,0.17,0.82236753386179,0.0005061896833134412,1624.6232607482166,False,False,8,False,0.0004578754578754579,False,1,True,1.0,0.07097069597069597,True,0.6544258868450082,345.522053405534,0.7957827369130959,False,True,True,nan,nan,nan,False,1,9,0.015000000000000013,0.052761971651667405,8.087453671947076,True,False
149928877,2198,303,UNRELIABLE_DATA,,1893,0.8612374886260237,,,,,,,,,,,,,,,,,,,,,,,,,,,,,,,,,,,,,,,
150231082,1077,1059,OK,,18,0.016713091922005572,2,0.14240767239716887,1.1492174414764151,0.850782558523585,False,13.22086965033619,1626.4579737343765,0.058,0.8648686258056195,0.0007982210608644722,1083.49512210185,False,False,3,False,0.003777148253068933,False,1,True,0.0,0.0226628895184136,False,0.8870253805826054,163.79696667415874,1.025618636306002,False,True,True,nan,nan,nan,False,0,4,0.05500000000000005,0.5346425526017037,8.503336019309065,False,True
150250265,12295,12295,OK,,0,0.0,22,42.511672047397205,73.45501495532966,0.8632831879396055,True,34.70823928058565,1333.813124826058,0.02,0.07057564705961485,0.00123872473051703,56.97443937375607,False,False,1,False,0.003497356649044327,False,0,True,0.0,0.08385522570150468,False,nan,nan,nan,True,True,True,0.00018128397739769486,1.728814260570921e-05,0.010239113919402172,False,3,9,0.06500000000000006,0.0005135496668075001,2.328678677396543,False,False
152992592,4528,4528,OK,,0,0.0,4,0.08552546633138765,1.372705902560981,0.8005735353264343,False,38.97880212989499,1642.9156591801711,0.244,0.19788092272173444,0.00015830896385093832,1249.9666342839346,False,False,48,False,0.0,False,2,True,0.10416666666666667,0.06404593639575971,False,0.21493995131900634,765.2382356519539,1.0862085559468548,False,True,False,0.20072875940905954,0.20576691360054256,1.228351821936658,False,42,14,-0.15499999999999997,0.07743725265448742,9.079584321402143,True,False
153314214,1032,1026,OK,,6,0.005813953488372093,2,0.010806503913865123,1.0534769280596532,0.9465230719403469,False,13.10638498670533,1627.273052906968,0.35000000000000003,0.5562270888817101,0.02627342527362984,21.170710826196885,False,False,21,False,0.021442495126705652,True,2,True,0.19047619047619047,0.022417153996101363,False,0.708558764296305,55.21993889011337,1.2738659775108336,False,True,False,0.003825557956176895,0.7168868313759131,21.95170387188914,True,8,20,-0.365,0.05727936685385937,1.1633972987323402,False,False
154168756,1934,1914,OK,,20,0.010341261633919338,4,0.10419584060428273,1.4272998183835186,0.6908945311759441,False,2.571069166839897,1493.4775585710768,0.17,0.018529348024878243,0.00019825363868495428,93.4628395614131,False,False,111,False,0.00522466039707419,False,14,False,0.0,0.07210031347962383,False,0.016448088545658823,22.819518946912027,0.8876776734710236,False,False,False,0.015525116821228924,0.013294701227006267,0.19363345747178606,False,68,67,-0.475,0.004336673800692359,1.373726665099542,False,False
154818955,2244,2244,OK,,0,0.0,4,0.031555471673972824,1.3261227445803765,0.8169048792337538,False,12.844658945265545,1750.5451793749419,0.5,0.03917481393613115,0.0006527205906037341,60.01773883047935,False,False,49,False,0.000445632798573975,False,4,False,0.5306122448979592,0.0659536541889483,True,0.0374011009924623,24.528792530782958,0.9547231303622621,False,False,False,0.01697770773964624,0.03709038733171055,4.54642063386405,True,39,22,0.42500000000000004,0.012850063926293065,1.8685393505576908,False,False
158448041,29977,29977,OK,,0,0.0,19,0.035770869707982454,1.6776977817718668,0.0,True,36.10676969430754,1722.9840719518345,0.028,0.0007272915549013967,0.00014985896899306035,4.853173352174043,False,False,38,True,0.0,False,5,False,0.10526315789473684,0.10174467091436769,False,0.0007938332240060575,4.8012240216231925,1.0914924264639403,True,True,False,0.00020764946281037755,0.0009586543063584418,2.5086700857403734,False,22,24,-0.495,0.0,0.0,False,False
159776709,20478,20478,OK,,0,0.0,3,0.001643402896512094,1.0533313813434186,0.9319229846878689,False,26.611462368694195,3459.3217751942398,0.12,0.0023278034148734913,0.00016582958816910778,14.037322534381927,False,False,51,False,0.0,False,1,True,0.0,0.04219162027541752,False,0.0022617175987414972,10.471831659342229,0.9716102245963989,False,True,False,0.001972431716906531,0.00042843197666408983,3.1352784503118922,True,60,7,0.16500000000000004,0.00035572315034271274,2.6948000659978626,False,False
161125159,1029,1022,OK,,7,0.006802721088435374,2,0.1503551769553319,1.0477788901215588,0.9522211098784414,False,13.117394470844951,1626.799848123618,0.058,0.7652371111098801,0.0008679925600337811,881.6171316953432,False,False,2,False,0.0029354207436399216,False,0,True,1.0,0.04794520547945205,True,nan,nan,nan,True,True,True,nan,nan,nan,False,0,3,0.015000000000000013,0.00716455003331129,0.4728576466612933,False,False
162918014,1086,1086,OK,,0,0.0,2,0.06316440481053892,1.2967060317490229,0.7032939682509771,False,4.551011860153593,1571.039575545429,0.35000000000000003,0.020671520157600105,0.0002636561656628447,78.4033254281419,False,False,94,False,0.019337016574585635,False,6,False,0.07446808510638298,0.07734806629834254,False,0.020031011043964098,23.131474846843144,0.9690149002708677,False,False,False,0.015285967213117813,0.014533945263639825,0.05161174815186388,False,58,55,0.265,0.004844830340068329,1.9940991333109384,False,False
165492429,1087,1086,OK,,1,0.0009199632014719411,2,0.018017268166003887,1.1008723976753918,0.8991276023246083,False,12.77251342328692,1570.2921253424493,0.35000000000000003,0.43017183723057384,0.0012112917510021456,355.13478637551776,False,False,12,False,0.0,False,1,True,1.0,0.07734806629834254,True,0.42160871789146315,200.721967476696,0.9800937239540374,False,True,False,nan,nan,nan,False,13,2,0.06500000000000006,0.02698526405244317,5.2852536877492735,True,False
166269434,14767,14738,OK,,29,0.0019638382880747614,2,0.0012833645303807128,1.2132126735992619,0.7867873264007381,False,27.54217219595766,2412.109089024432,0.02,0.42213775417802823,0.004904822052565938,86.06586531659973,False,False,3,False,0.0029854797123083187,False,0,True,0.3333333333333333,0.05088885873252816,True,0.7311573274155796,97.82279654363812,1.732034910829673,False,True,True,nan,nan,nan,False,2,4,0.06500000000000006,0.005614331746264023,3.852565242554631,False,False
170084761,1072,1072,OK,,0,0.0,2,0.024043923985984848,1.0079268575233256,0.9920731424766742,False,1.6123581042788182,1492.7215838834923,0.5,0.007104617894544633,0.0002580792181394041,27.5288260161537,False,False,329,False,0.0,False,14,False,0.0182370820668693,0.04477611940298507,False,0.004520949173804523,17.25806325818971,0.6363395246457925,False,False,False,0.0028462309955457066,0.00440530133403072,1.054789579222726,False,172,223,-0.495,0.00277245905822443,1.7167948061287166,False,False
172779889,1975,1975,OK,,0,0.0,4,0.05358365596497351,1.0215866404918996,0.8778636368089616,False,3.8507549829001366,1472.0721028099813,0.17,0.017493732326918587,0.00019125053036022784,91.47024216857574,False,False,84,False,0.0010126582278481013,False,11,False,0.09523809523809523,0.06886075949367089,False,0.019066717205544315,62.98756168860212,1.089917054247211,False,False,False,0.017581393704650505,0.016898109268611794,0.26882550041969383,False,50,52,-0.495,0.005314193034644754,3.8265339397229834,False,False
173978476,1086,1086,OK,,0,0.0,2,0.03738503121168109,1.2504901376005308,0.7495098623994692,False,13.14525470594078,1628.1905609782123,0.35000000000000003,0.0032274939779281613,7.247371047460296e-05,44.53330672312101,False,False,19,False,0.0,False,2,True,0.0,0.02117863720073665,False,0.002370026988925078,10.601956742074334,0.7343242172202221,False,True,False,0.0021765818886696486,0.002779574343602098,0.5544245897933294,False,17,8,-0.07500000000000001,0.0019138874550771456,3.4098711549062597,False,False
176245581,1072,1072,OK,,0,0.0,2,0.005210200030367835,1.0316892803246003,0.9683107196753995,False,2.926207736351486,1493.5228693834756,0.12,0.0049730926550276364,0.0003002439239775357,16.56350806086495,False,False,47,False,0.0,False,8,False,0.0425531914893617,0.04477611940298507,False,0.004366667306070493,11.023261642356108,0.8780587069207193,False,False,False,0.0028780736223497083,0.004510845854744927,1.1604295907936533,False,28,28,0.475,0.00332836470355391,3.8332228749485924,False,False
180173977,1081,1081,OK,,0,0.0,2,0.004808240733888561,1.0813788673583098,0.9186211326416902,False,13.501105981980405,1597.3451477321835,0.17,0.02045253526691887,0.00024001373391494975,85.21402060336408,False,False,7,False,0.0,False,1,True,1.0,0.037927844588344126,True,0.021802318035021084,24.720517380047607,1.0659958655729802,False,True,True,nan,nan,nan,False,7,1,-0.034999999999999976,0.00847765803782341,2.3890077866415154,False,False
181602709,1966,1963,OK,,3,0.001525940996948118,4,0.215591360689164,1.166848833115147,0.9560556562897641,False,22.81790076812627,1520.5170459279057,0.028,0.41478393797443547,0.0014284284113512758,290.3778269028232,False,False,2,False,0.011207335710646969,False,0,True,1.0,0.06367804381049415,True,nan,nan,nan,True,True,True,nan,nan,nan,False,2,1,-0.355,0.02319272366802383,8.235269801034317,True,False
183497913,8627,8627,OK,,0,0.0,2,0.01414758081452572,1.0292385457205573,0.9707614542794427,False,12.067190438447787,3514.1043436183045,0.12,0.001656016051788073,0.00014586265837577853,11.353255660004242,False,False,51,False,0.0,False,1,True,1.0,0.11139445925582474,True,0.0015824559398226468,8.191712906352665,0.9555800731001368,False,True,False,-0.00042127939790348456,0.001487482582619104,4.016423079226274,True,6,57,0.21499999999999997,0.00053155659630022,2.2455429258174675,False,False
183607235,862,862,OK,,0,0.0,2,0.09626975659560391,1.105795760841487,0.8942042391585131,False,0.980293028948518,1518.0988810881954,0.5,0.005066502880424615,3.571637199271859e-05,141.85379414957123,False,False,435,False,0.01740139211136891,False,19,False,0.05057471264367816,0.058004640371229696,False,0.0010315290148306122,6.625137142582761,0.20359783447792326,True,True,False,0.0008165798117500955,0.00038550119678060213,0.06652463409411292,False,250,275,nan,nan,nan,False,False
186140991,4414,420,UNRELIABLE_DATA,,3992,0.9043951064793838,,,,,,,,,,,,,,,,,,,,,,,,,,,,,,,,,,,,,,,
192855587,2167,2167,OK,,0,0.0,4,0.10596719094535205,1.16710187197925,0.8194405662634181,False,27.918899118854256,1611.8506248362712,0.5,0.17126764411150858,0.0022084136284276916,77.55233979127577,False,False,13,False,0.0009229349330872173,False,1,True,0.0,0.046608214120904476,False,0.19572988762667987,109.83160938602994,1.1428305015934268,False,True,False,nan,nan,nan,False,1,14,-0.024999999999999994,0.19057592205387908,9.749844546245814,True,False
193558729,28931,28931,OK,,0,0.0,5,0.2834890522855045,1.2660682191727635,0.5469860652443108,False,0.7969239238302226,2665.5113339771415,0.04,0.01503448691368676,3.060257366139026e-05,491.28178172331377,False,False,1518,False,0.0,False,53,False,0.1429512516469038,0.09571048356434275,False,0.013340962887407048,53.3386892702647,0.8873573780068279,False,False,False,0.012387466960837035,0.012752712977721958,0.8427651684865998,False,932,889,-0.33499999999999996,0.01464929894632716,2.204963290546103,False,False
19909340,1962,1937,OK,,25,0.0127420998980632,4,0.109136282791147,1.365965072898767,0.7394906287482179,False,13.002124038814545,1530.7886351818604,0.244,0.24386649666833218,0.0004019026867742813,606.7799611533669,False,False,8,False,0.004130098089829634,False,2,True,1.0,0.07021166752710377,True,0.08208081545524626,143.5743695989309,0.33658094316612636,True,True,True,0.19986699504491345,-0.045978322625055856,15.392913481072704,True,6,5,0.04500000000000004,0.003662430593141197,1.7476152487584564,False,False
203202328,41832,41832,OK,,0,0.0,7,0.05989727807863879,1.1650869323884727,0.0,True,36.07706659481739,1747.3481468473883,0.02,0.13629617394474802,0.0007957432076731553,171.2816052094164,False,False,17,False,9.562057754828839e-05,False,2,True,0.0,0.048694779116465865,False,0.002604543994979669,2.6551359291669225,0.019109443204440232,True,True,False,0.25376127149800387,-0.0006161086478171374,75.2225903671311,True,10,10,-0.08499999999999999,0.0007719001596991903,2.816462990144596,False,False
207760490,1086,1086,OK,,0,0.0,2,0.028450554685611217,1.0181750126257836,0.9818249873742165,False,1.7446797705456065,1626.5519706239268,0.12,0.011073002621440706,0.00022290312298686634,49.67630095560904,False,False,73,False,0.0,False,13,False,0.0821917808219178,0.022099447513812154,False,0.011845820174539945,30.071763320014348,1.0697929531419805,False,False,False,0.00893249330590351,0.011976850672857697,3.281043764870557,True,40,49,0.29500000000000004,0.0017126619418876832,2.0237216217610454,False,False
20805870,20295,20295,OK,,0,0.0,6,0.03786867933304443,1.0055186249321382,0.0,True,1.259038370727386,1791.2142680863587,0.17,0.009637607322143712,1.2332892488868918e-05,781.4555531755553,False,False,2774,False,0.0,False,54,False,0.07462148521989906,0.06656812022665681,False,0.013508412711019435,67.65781922359132,1.40163551590051,False,True,False,0.012158039852068203,0.011738069372822402,1.4944791445358077,False,1775,1564,-0.495,0.017182365407442335,2.182239831450707,False,False
208300999,1086,1086,OK,,0,0.0,2,0.030232951494150662,1.18339116996116,0.8166088300388403,False,13.865468517274445,1625.0550197686948,0.058,0.08622251298663877,0.0007822685411466489,110.22111775101406,False,False,8,False,0.003683241252302026,False,2,True,0.25,0.022099447513812154,False,0.09634916141614058,37.21494037361118,1.117447846029158,False,True,True,-0.0061395335022891295,0.1156603180825102,5.416960814097664,True,4,6,-0.065,0.010501116018945544,1.957646524675776,False,False
208476741,1081,1078,OK,,3,0.0027752081406105457,2,0.0,1.0495865826192072,0.9504134173807925,False,12.92634671876937,1597.9324865106842,0.12,0.010933192225139464,0.0005514350611779824,19.826799191520113,False,False,13,False,0.0,False,2,True,0.46153846153846156,0.03710575139146568,True,0.010909743210288259,12.937694411064378,0.9978552453511896,False,True,False,0.012524004901587782,0.0038678318904757925,5.503508386730891,True,6,10,0.22499999999999998,0.004243459189898768,3.5431192867031553,False,False
216722980,1073,1034,OK,,39,0.036346691519105315,2,0.18981911220774159,1.1014297104883408,0.8985702895116593,False,2.5626230504590195,1625.5258621588948,0.02,0.1493349400147807,0.0026478762619793674,56.39800551070628,False,False,4,False,0.0038684719535783366,False,0,True,0.0,0.02321083172147002,False,0.14224746934542343,19.6835597419446,0.952539769536481,False,True,True,-0.0040184932351849945,0.009170098550976724,0.37827662774798493,False,9,11,0.335,0.011194938355945871,2.867850593689285,False,False
217024538,1049,1042,OK,,7,0.00667302192564347,2,0.015411605713396398,1.0693126093739413,0.9306873906260588,False,2.668984937988,1627.0538653835042,0.244,0.03503482512222951,0.00014509918337031133,241.45432323224205,False,False,87,False,0.0,False,10,False,0.09195402298850575,0.06525911708253358,False,0.03725660985515422,101.0140836502999,1.0634164641945079,False,False,False,0.02886351684091093,0.03534962772772077,1.8365448598118532,False,50,52,-0.15499999999999997,0.005117492977431581,4.44790885932878,False,False
220140765,904,904,OK,,0,0.0,2,0.03847015178944053,1.0951610548314104,0.9048389451685898,False,10.793679458977225,1468.3690889444722,0.04,0.03605796314165582,0.0005939039623659958,60.71345777524034,False,False,4,False,0.0,False,0,True,0.0,0.04092920353982301,False,0.03638910553674635,24.34326999776928,1.0091836134445424,False,True,True,nan,nan,nan,False,2,5,-0.034999999999999976,0.007353822288135636,4.251578317948457,False,False
220411839,315816,315816,OK,,0,0.0,38,0.02115021775989899,1.0724037591271864,0.9151784700474508,False,35.62466689886076,2048.590362025903,0.02,0.000783977755809483,0.00014761986836426874,5.310787528105154,False,False,174,True,0.0,False,12,False,0.0,0.0837133014160144,False,0.0008670803409186467,4.836865882093312,1.1060012028317787,True,True,False,0.0005532359033277867,0.000717417391201125,0.6126421195954516,False,120,86,-0.385,9.559158761740516e-05,3.323057565315638,False,False
22201632,32569,32538,OK,,31,0.0009518253553993061,4,0.01609171184612256,1.475111365565928,0.9032172168298682,False,13.423115772162067,2399.343713453039,0.02,0.43200310914272605,0.0009591843034934632,450.38592434146324,False,False,21,False,0.003073329645337759,False,3,False,0.0,0.02922736492716209,False,-0.0004847695027072607,-0.2520893366344538,-0.0011221435504694518,True,True,False,-0.003089607454903831,0.005590636163398832,0.650285486597953,False,19,10,-0.265,0.0012673679036208085,2.7411352997593403,False,False
222608562,14619,14608,OK,,11,0.0007524454477050414,3,0.2945288683574888,1.0952916914504045,0.9951712119771627,False,1.197063924116345,2770.347141825562,0.17,0.03563044990557404,0.0004498083777391182,79.21250841228027,False,False,2078,False,0.00034227820372398685,False,44,False,0.04716073147256978,0.02964129244249726,False,0.04280614523699122,115.58240210644311,1.2013922179044563,False,False,False,0.0393649968784926,0.03793001573687993,1.1695859167496934,False,1272,1223,-0.495,0.057206045789629845,3.0674307046160703,False,False
224289440,19302,19302,OK,,0,0.0,13,0.05041841465988069,1.0533278443533525,0.0,True,21.712231126782065,1721.1189569145688,0.02,0.0016842768731381995,0.000413532730628232,4.072898584301838,False,False,25,True,0.0,False,4,False,0.04,0.12309605222256761,False,0.002164898223694589,5.058122956424312,1.2853576856760374,True,True,False,0.0020843268284429506,0.0004409204721591564,1.6656047173808088,False,24,6,-0.495,0.0,0.0,False,False
224624614,20347,20339,OK,,8,0.000393178355531528,8,0.00829115122345894,2.2096516958775445,0.048793966688383934,True,38.279415482487494,1721.0137497192222,0.244,0.8420902222293849,0.002143391441971807,392.87747713255135,False,False,2,False,0.003244997295835587,False,0,True,0.0,0.06229411475490437,False,nan,nan,nan,True,True,True,nan,nan,nan,False,0,4,-0.265,0.0002877778616352522,3.1919482928882146,False,False
228277164,12656,12612,OK,,44,0.00347661188369153,4,0.23450740752530552,1.7955354167271669,0.331126668570289,True,1.6904196324895693,2770.013448289112,0.17,0.49155260911807114,0.002608207347395883,188.46377747108676,False,False,1023,False,0.032112274024738346,True,31,False,0.16715542521994134,0.05137963843958135,False,0.4691540799561371,212.08149852218446,0.9544330988251272,False,True,False,0.4373663028185757,0.3496735633398107,14.482343109847331,True,692,583,-0.495,0.1785143084826989,2.891929253771266,False,False
229491530,255034,255033,OK,,1,3.921045821341468e-06,37,0.023914600859535454,1.5234646569608858,0.0,True,33.7875682255715,1702.5720608790884,0.02,0.017356835689640516,0.000146851516538166,118.19309802721416,False,False,156,False,0.0,False,22,False,0.02564102564102564,0.03287417706728149,False,-1.3472367257794104e-05,-0.06517267698416065,-0.0007761995042584364,True,True,False,0.0,-0.0004138598221499201,0.6247038299987939,False,82,105,-0.495,0.0,0.0,False,False
229675496,99312,99312,OK,,0,0.0,55,0.19876397354137712,1.1886681919464286,0.0,True,1.094356459346331,1683.8889308517869,0.244,0.011423598693997821,1.6438913393572116e-05,694.9120310144486,False,False,22239,False,0.0,False,595,False,0.10522055847834885,0.10158893185113581,False,0.011663610739008456,178.53221633697225,1.0210101957745366,False,True,False,0.010509162934687621,0.011025968145009557,5.622800940086838,True,12986,13698,-0.495,0.008253719143056726,1.3757975454188422,False,False
229769088,203194,203194,OK,,0,0.0,31,0.10686392620327688,16.98392898810095,0.0,True,34.235416833642525,1710.3027166068382,0.02,0.038809691271320196,0.0007281824818472936,53.296656042679885,False,False,100,False,0.0004626120850025099,False,14,False,0.0,0.03468114215970944,False,0.0,0.0,0.0,True,True,False,0.0,0.0011159596774498182,0.359000758962752,False,52,70,0.07500000000000001,5.9856913791733746e-05,8.230924498938824,True,False
230229514,2292,369,UNRELIABLE_DATA,,1921,0.8381326352530541,,,,,,,,,,,,,,,,,,,,,,,,,,,,,,,,,,,,,,,
230267345,17522,17522,OK,,0,0.0,3,0.0003731380915919228,1.939913223633704,0.9742280569921216,False,27.278991797127446,2721.855327344108,0.028,0.32415871958706666,0.0012842017984069285,252.4203906186632,False,False,19,False,0.004736902180116425,False,3,False,0.0,0.03915078187421527,False,0.16566488793681444,81.09113880254709,0.511061026363408,False,False,False,0.14071032986191767,0.3775946184652067,11.997659396933654,True,19,4,0.125,0.0036057732280068144,3.9493612722438614,False,False
230271870,19656,19656,OK,,0,0.0,4,0.06715599447159029,2.059920687116507,0.0,True,35.33268442779976,2036.8735810689275,0.028,0.6261812288602956,0.0030798519724849955,203.31536530148813,False,False,5,False,0.003256003256003256,False,1,True,0.0,0.04436304436304436,False,0.6309986360810791,199.14470895536414,1.007693311454819,False,True,True,nan,nan,nan,False,7,0,0.07500000000000001,0.0021007376266261035,1.8710193157758548,False,False
231187571,904,904,OK,,0,0.0,2,0.03354065599623822,1.0093561019754846,0.9906438980245155,False,7.616764138326891,1471.523064075668,0.02,0.09888369304852483,0.00025523751582711454,387.4183335787668,False,False,2,False,0.0,False,0,True,0.0,0.04092920353982301,False,nan,nan,nan,True,True,True,nan,nan,nan,False,1,2,-0.20500000000000002,0.0068355814102416534,6.431140318437005,True,False
233403107,88898,88898,OK,,0,0.0,11,0.06199966658111771,26.459186634676694,0.0,True,33.833944450970925,1704.2494813511491,0.5,0.04025228477535182,0.0003195752491697544,125.95557659714224,False,False,887,False,0.001012396229386488,False,6,False,0.0,0.026513532362932798,False,0.004230385795416791,10.962397920227488,0.10509678690356568,True,True,False,0.00045782141921657526,0.019052293938487952,8.959271513007714,True,519,547,-0.015000000000000013,0.003870410497992527,5.315415785850623,True,False
233427052,106273,106271,OK,,2,1.8819455553150846e-05,11,0.05598066578675797,2.637419654906752,0.0,True,38.069968059437905,1713.5295652947038,0.028,0.0694885707182168,0.0010508864685254448,66.12376579148454,False,False,70,False,1.881980973172361e-05,False,7,False,0.02857142857142857,0.03337693255921183,False,0.00022491690392612007,0.14906608019909331,0.0032367467282955194,True,True,False,0.002217740473977603,1.4312375046676706e-05,0.6372237746613139,False,39,46,-0.0050000000000000044,0.0007035815575779925,1.2471707019861509,False,False
234059142,904,904,OK,,0,0.0,2,0.00315003647512859,1.1248010772942763,0.8751989227057236,False,0.6678207957711906,1468.540825223699,0.5,0.002731962213953773,3.2022591590230985e-05,85.31358888476731,False,False,679,False,0.0,False,32,False,0.029455081001472753,0.04092920353982301,False,0.00012588909171040719,3.239691450137202,0.04608009988843035,True,True,False,9.082108129332411e-05,0.00016264983851832504,0.07369477140240206,False,381,434,nan,nan,nan,False,False
235544316,904,904,OK,,0,0.0,2,0.02401961114053907,1.039690111817751,0.9603098881822487,False,7.605371648757835,1471.5488963569549,0.028,0.08175785570355121,0.0004482723278457615,182.3843468019777,False,False,2,False,0.0,False,0,True,0.0,0.04092920353982301,False,nan,nan,nan,True,True,True,nan,nan,nan,False,1,2,-0.485,0.000854413014215849,2.162603121618312,False,False
235807976,2292,211,UNRELIABLE_DATA,,2081,0.9079406631762653,,,,,,,,,,,,,,,,,,,,,,,,,,,,,,,,,,,,,,,
236342697,3746,3746,OK,,0,0.0,7,0.03275339925920899,1.4767437310783675,0.8580303666737783,False,1.1143509729909065,1956.653813974656,0.17,0.0005713288043126921,0.0001222030209042406,4.67524288749286,False,False,568,True,0.0,False,53,False,0.1602112676056338,0.12813667912439936,False,0.0005232843568829804,4.357121072268184,0.9159075350882944,True,True,False,0.0004752572826778323,0.00035494982622408244,0.6644604709014996,False,338,347,-0.305,0.0008665144187480767,1.7632409596963698,False,False
236787781,242045,242042,OK,,3,1.2394389473031874e-05,36,0.04244266938353544,9.598870999833236,0.0,True,13.356997026665109,1722.9854629476597,0.5,0.003266689208425122,6.637913217634484e-05,49.212592893602995,False,False,8927,False,7.849877294023351e-05,False,78,False,0.034053993502856504,0.03561778534303964,False,0.0,0.0,0.0,True,True,False,0.0,3.070447658115594e-05,0.137438217633749,False,5737,5029,-0.495,0.0,0.0,False,False
237092603,6939,6939,OK,,0,0.0,8,0.034046677931669087,1.8919125544774407,0.0,True,13.305796581964435,1957.6054383440205,0.084,0.002058551292764591,0.00043135421596434347,4.772298998312687,False,False,61,True,0.0,False,3,False,0.5901639344262295,0.16890041792765528,True,0.0019490965920035963,4.346299702885239,0.9468292574755331,True,True,False,0.0018206127008619788,0.0009222754317451676,0.8890290997874478,False,59,15,0.495,0.000490377634871253,2.49634022373016,False,False
239718857,39119,39085,OK,,34,0.0008691428717503004,12,0.12401135286316181,1.1584571760954792,0.0,True,0.9056339990968205,1816.7605116090313,0.35000000000000003,0.5483519515036905,0.0012221918879396752,448.6627320265408,False,False,12883,False,0.144582320583344,True,191,False,0.08732438096716603,0.09016246641934246,False,0.46709708057525756,296.8641174147901,0.8518198563794368,False,True,False,0.40052117431499246,0.41668206640203775,7.922913140670026,True,8776,7401,0.385,0.05176704594956494,1.8099388796390965,False,False
247605434,904,904,OK,,0,0.0,2,0.022710561341432522,1.029597354881709,0.9704026451182909,False,0.7563843994607496,1468.8114258218986,0.5,0.004341341754451542,0.00018529303982869186,23.429599721960543,False,False,583,False,0.011061946902654867,False,28,False,0.025728987993138937,0.0420353982300885,False,0.0002768994461652685,1.9900720290573577,0.06378199686337531,True,True,False,4.280385313315538e-05,-0.0001559892875317992,0.03885074978423295,False,355,353,nan,nan,nan,False,False
249773381,62977,62977,OK,,0,0.0,5,0.04996023968588967,1.075437734780738,0.8480083623979988,False,38.56399851993423,2863.660187840592,0.058,0.1805507217214341,0.005095289339484332,35.434831997137714,False,False,50,False,3.17576257998952e-05,False,2,True,0.0,0.03420296298648713,False,0.13195816460020005,20.822200834666035,0.730864786039427,False,True,False,0.28214440436133115,0.008736589832939012,27.717745167241905,True,30,30,0.14500000000000002,0.002866141401401623,1.5355652436469331,False,False
250598318,10818,10785,OK,,33,0.003050471436494731,1,nan,nan,nan,False,6.8350733537577595,3484.5124611908695,0.04,0.19685667871849208,0.0009817616054403108,200.51372718961008,False,False,69,False,0.003245248029670839,False,4,False,0.0,0.0,False,0.1741773815632287,136.98775072362815,0.8847928487725067,False,False,False,0.4441572735441287,0.0004638347060591519,42.3319762619964,True,39,42,0.275,0.005038280140002405,3.519760362313027,False,False
250706212,23311,23206,OK,,105,0.004504311269357814,4,0.0028173772559647054,1.2226001317068549,0.0,True,38.01778551175325,1827.9490662429364,0.17,0.1973025356924113,0.001058128305704822,186.46371581656877,False,False,148,False,0.0028440920451607344,False,2,True,0.0,0.031198827889338965,False,0.21720223748949274,163.43492785926176,1.100858824379756,False,True,False,0.21206825554602649,0.19583215195388415,2.222659603936443,False,88,88,0.29500000000000004,0.02848650947963749,5.515275747004778,True,False
251896439,47644,47644,OK,,0,0.0,7,0.0789263318080862,1.2979053925054134,0.5069393601244219,False,1.244273861300581,1956.3278537842489,0.12,0.023532046670515245,0.00018009855827503423,130.66204913522245,False,False,4646,False,0.0,False,111,False,0.07339647008179079,0.05123415330366888,False,0.026365327443109043,134.57211582810146,1.120400949915835,False,False,False,0.024877666842449964,0.024337401436111405,1.7927636766670934,False,2772,2797,-0.485,0.01782753754315136,3.1745635466148823,False,False
253177786,1081,1081,OK,,0,0.0,2,0.0012396648375453273,1.0068843226823807,0.9931156773176194,False,13.449309919742406,1596.8833934742734,0.058,0.03202886039714712,0.00030540856314335943,104.87217538203964,False,False,6,False,0.0,False,2,True,0.0,0.037927844588344126,False,0.032783969101722765,48.101143770470586,1.023575884224807,False,True,True,nan,nan,nan,False,0,6,0.265,0.00487599813127515,2.3134988681897846,False,False
255978491,32270,32251,OK,,19,0.0005887821506042764,8,0.034693803336946355,2.015445518216326,0.0,True,39.27935862186696,1820.6391256005884,0.12,0.2197239397469294,0.001054340542309534,208.39940316211673,False,False,57,False,0.0021704753340981674,False,2,True,0.0,0.04192118073858175,False,0.2543524429014501,101.87946009810365,1.1576000466512872,False,True,False,nan,nan,nan,False,0,70,-0.024999999999999994,0.013560641646467197,3.103884796922597,False,False
256179718,2292,210,UNRELIABLE_DATA,,2082,0.9083769633507853,,,,,,,,,,,,,,,,,,,,,,,,,,,,,,,,,,,,,,,
256521802,18266,18265,OK,,1,5.474652359575167e-05,5,0.10822450708861114,1.1012170630584457,0.866540425198981,False,2.1390257387884435,2421.2490764998333,0.17,0.16074623188072787,0.000777627197017511,206.71374727793648,False,False,1464,False,0.005474952094169176,False,36,False,0.030737704918032786,0.0631809471667123,False,0.150674882716481,130.33999998441516,0.9373462814872096,False,False,False,0.14323401273406844,0.13334798246492763,3.46526183230877,True,861,874,0.485,0.06987508951698485,3.475092743918286,False,False
256958382,45332,45288,OK,,44,0.0009706167828465543,5,0.006510453166317079,1.1843492862374156,0.7566092315049608,False,27.451654107971923,2388.3297748184514,0.084,0.24308430935462264,0.004005567496092856,60.686609223720225,False,False,100,False,0.004681151739975269,False,4,False,0.52,0.06639727963257375,True,0.08647186517915395,14.22698066354878,0.3557278765080834,True,True,False,0.1690253027425248,0.027340285148453103,10.253646344657152,True,43,79,-0.044999999999999984,0.01877174264749626,4.503821612310198,False,False
257313537,22258,22258,OK,,0,0.0,2,0.010050992302960552,1.0544672052024526,0.9455327947975474,False,34.69871913498453,2839.1345055362904,0.17,0.0658580012861168,0.000659644060439831,99.83869367701824,False,False,146,False,0.0009434809955970887,False,2,True,0.0,0.01945367957588283,False,0.07303043955700317,87.96182786192573,1.1089076214099798,False,True,False,0.06841312199011673,0.06620462852298958,0.9042175687699832,False,88,88,0.29500000000000004,0.0012169281810177068,1.8803435956392711,False,False
258252104,25253,25132,OK,,121,0.004791509919613511,10,0.2364204509384615,1.7834339911659653,0.43790419584996865,False,19.838445460540946,2367.6887639903257,0.35000000000000003,0.4497598030773053,0.0019442856661924261,231.32393089030393,False,False,410,False,0.03163297787681044,True,5,False,0.4,0.18625656533503104,False,0.06712781214727193,17.439082333278463,0.1492525825740232,True,True,False,0.24276902269525125,0.021382992615773477,14.99623576215073,True,146,336,0.355,0.08469517880114441,3.6437302909994536,False,False
260352250,13367,13326,OK,,41,0.003067255180668811,24,3.6204409435045903,17.228702738341266,0.699876070677134,True,26.56267491848038,1344.268522393142,0.02,0.731893015502885,0.00725814787013776,100.83743519667279,False,False,1,False,0.007429085997298514,False,0,True,1.0,0.08434639051478313,True,nan,nan,nan,True,True,True,nan,nan,nan,False,2,3,0.015000000000000013,0.0026955585691120776,3.5932450670159866,False,False
260353353,10285,10285,OK,,0,0.0,20,10.634472198483566,20.86183927558231,0.7030939346619373,True,33.81538632707642,1353.728320979895,0.244,0.31885300373082,0.00015938848694000476,2000.4770096778639,False,False,45,False,0.0021390374331550803,False,4,False,0.24444444444444444,0.08429752066115702,False,0.0007656187392890423,2.048615081718949,0.002401165208828919,True,True,False,0.0002595171691047726,0.00170775814645574,0.20642873230747794,False,28,27,0.495,0.001919931698702415,3.808163363573228,False,False
261575656,2165,2159,OK,,6,0.002771362586605081,4,0.24496342741030902,1.7811734235095344,0.4178527970685705,False,0.8750780952029387,1571.23991476969,0.17,0.01961099260971883,0.000464098476593964,42.25610209635816,False,False,427,False,0.0018527095877721167,False,54,False,0.03278688524590164,0.06067623899953682,False,0.017456685298240737,21.883016816104103,0.8901479718874372,False,False,False,0.01715474018484331,0.014662890408197682,0.8084606367376312,False,232,244,0.485,0.005196826637346996,1.0327697772520743,False,False
262755917,1072,1072,OK,,0,0.0,2,0.0038011074722371528,1.0219488285592024,0.9780511714407978,False,3.1934318852085304,1493.1423441107845,0.084,0.03886045065271956,0.0005364820917642586,72.43569030407755,False,False,31,False,0.013059701492537313,False,8,False,0.12903225806451613,0.04664179104477612,False,0.034079448064408546,39.15581107273317,0.8769699654016642,False,False,False,0.033451987684336215,0.03086805205554921,0.17522676111812113,False,19,19,-0.495,0.015890654622674805,5.3827641078380815,True,False
264252142,250567,250567,OK,,0,0.0,34,0.02040515061776349,10.47524541492692,0.0,True,2.833568714718271,1683.672257928078,0.5,0.001994251997861118,2.3918474032750583e-05,83.37705804853898,False,False,44283,False,0.004194486903702403,False,371,False,0.03095996206219091,0.03193157917842333,False,0.0,0.0,0.0,True,True,False,0.0,0.0,0.0,False,26647,26492,-0.495,0.0,0.0,False,False
265532485,2188,2188,OK,,0,0.0,4,0.019274233249105766,1.124210421536608,0.856920629343122,False,21.509494661598186,1574.4184289586271,0.35000000000000003,0.09023553723281572,0.00035448658712943995,254.55275462895418,False,False,33,False,0.0,False,2,True,0.0,0.06855575868372943,False,0.08759321583653179,104.9213544839341,0.9707175080094387,False,True,False,nan,nan,nan,False,0,40,0.17500000000000004,0.004632536848529267,2.2983688721967495,False,False
269677693,2185,2185,OK,,0,0.0,4,0.07200367659187291,1.0672040937859955,0.896397513105467,False,9.536869100817032,1547.9272672191191,0.02,0.15359850400489874,0.00046695465795792567,328.9366566694331,False,False,4,False,0.0013729977116704805,False,0,True,0.0,0.055835240274599546,False,0.1243109513035433,108.76921958319802,0.8093239716682308,False,True,True,nan,nan,nan,False,2,4,-0.495,0.0014905116800059126,2.4561114461396794,False,False
272011962,1101,1099,OK,,2,0.0018165304268846503,2,0.03689286343909108,1.0152585612339684,0.9847414387660314,False,12.232479938285612,1544.6509564395283,0.058,0.8368422607910727,0.002048098495466085,408.59473440540404,False,False,3,False,0.0009099181073703367,False,1,True,1.0,0.04367606915377616,True,0.8131916858734772,273.52331071280685,0.9717383119547065,False,True,True,nan,nan,nan,False,3,2,0.0050000000000000044,0.3348715677437586,7.4205148340391105,True,False
273135607,58147,58147,OK,,0,0.0,10,0.035773165705171056,3.8912152840155345,0.0,True,21.78382424972361,1702.286370664429,0.35000000000000003,0.06280321920476695,0.00019441462034443152,323.03753232911515,False,False,1127,False,0.0,False,11,False,0.0,0.03635613187266755,False,0.015001201156916388,63.89123791055666,0.23886038561185338,True,True,False,-0.00020033154333498615,0.13626892244985433,268.90372365768087,True,667,686,-0.245,0.0005924779848647255,3.448932114077933,False,False
273845781,1086,1086,OK,,0,0.0,2,0.01637731411899541,1.108961786058919,0.8910382139410808,False,13.760818085803464,1626.0481891213137,0.5,0.0092957033568075,0.0009466816075665987,9.819249980679013,False,False,21,True,0.0,False,1,True,0.047619047619047616,0.022099447513812154,False,0.009176254359108627,7.74678895541686,0.9871500850324146,False,True,False,nan,nan,nan,False,2,24,-0.405,0.0035476126489655258,1.9485092104678152,False,False
278212082,65285,65279,OK,,6,9.190472543463277e-05,9,0.04940650996493447,57.35884550034043,0.0,True,1.0910590947879237,1712.0000676805032,0.12,0.008875182079978661,5.881345736546841e-05,150.9039338535744,False,False,7157,False,0.0012561466934236125,False,181,False,0.03507056029062457,0.038894590909787224,False,0.008803348179767134,137.67059336913002,0.9919062054655109,False,True,False,0.008965323144041082,0.006527308189651304,3.561696009682425,True,4381,4227,-0.405,0.0010911833522047054,1.0429516921051383,False,False
280490537,2211,2211,OK,,0,0.0,3,0.053245155775071114,1.2088003510229512,0.9117548392854132,False,0.7925835996977041,1543.8382201675163,0.5,0.002944947506320122,5.4965454959498345e-05,53.57815210462873,False,False,1379,False,0.009950248756218905,False,63,False,0.05221174764321972,0.06558118498417007,False,0.000119957106301527,2.4126776291321383,0.04073318999543737,True,True,False,0.00011200030510027936,0.00010486529245046228,0.0013833511992550585,False,844,825,nan,nan,nan,False,False
281171267,2211,2203,OK,,8,0.003618272274988693,4,0.0647588684648755,1.2117301984309226,0.7999416423411512,False,26.153602191706714,1544.612224811707,0.5,0.04912123893677055,0.0007582965749803347,64.77840011085956,False,False,41,False,0.011348161597821153,False,2,True,0.4634146341463415,0.06218792555605992,True,0.020949623970647258,17.999048129593653,0.42648810217539235,True,True,False,0.06909007471263884,0.002058794511717199,2.4464733006826207,False,20,27,-0.495,0.009212802793990171,0.22205548704777592,False,False
282344575,10511,10511,OK,,0,0.0,5,0.058640878299223424,1.0628192219598303,0.970988038034966,False,0.8135219378747337,2391.3145548495927,0.35000000000000003,0.00010487609773171055,1.66679418828272e-05,6.292084437837119,False,False,4532,True,0.0,False,93,False,0.10172109443954104,0.09551898011606888,False,9.185355752971969e-05,5.865283136735476,0.8758292834721544,True,True,False,8.407528480947057e-05,5.838381344935861e-05,1.1242289864959096,False,2652,2784,-0.495,0.00024281855866448154,2.568183813048245,False,False
28517652,1134,1108,OK,,26,0.02292768959435626,1,nan,nan,nan,False,13.27318286846435,1655.6347230016192,0.028,0.9922094491748669,0.00015553760607884079,6379.225411711195,False,False,2,False,0.0,False,0,True,0.0,0.0351985559566787,False,nan,nan,nan,True,True,True,nan,nan,nan,False,1,2,0.04500000000000004,0.11890113976852346,6.329650883090234,True,False
285992821,1966,1966,OK,,0,0.0,4,0.038172546249474804,1.237245465659807,0.7117527637575455,False,13.33577332731273,1530.5119116768287,0.5,0.10054395890874888,0.0011847486195895622,84.86522562362704,False,False,34,False,0.001017293997965412,False,2,True,0.5294117647058824,0.06408952187182096,True,0.09119140535841086,56.46754288030268,0.9069804526115173,False,True,False,0.1036079143720916,0.08267783354205305,2.8587403453515083,False,15,29,0.04500000000000004,0.008768902613103813,2.8556734186008677,False,False
29445056,23480,23452,OK,,28,0.001192504258943782,3,0.10319849669937778,1.3187286391111426,0.9139147172500566,False,2.309169768685567,2501.8013045923785,0.12,0.04756360600653451,0.0003689055276746337,128.93167068096776,False,False,1192,False,0.0037949855023025757,False,30,False,0.014261744966442953,0.06830973904144635,False,0.045883446075250856,94.28225346595143,0.9646755140673559,False,False,False,0.0384586038046042,0.041135512292438725,0.9581109591203271,False,724,713,-0.305,0.044635516755511695,5.041327040717763,True,False
294659582,2188,2188,OK,,0,0.0,4,0.07619174023637278,1.1752220360184622,0.9536718494767565,False,0.7348856817205882,1570.147664742834,0.058,0.0034624293241613912,0.00013420360106111687,25.79982427285678,False,False,163,False,0.0031992687385740404,False,40,False,0.012269938650306749,0.06855575868372943,False,0.0030796700238294727,13.898265892457044,0.8894535412864712,False,False,False,0.003068886785482783,0.002490311829795422,0.2503830477829226,False,97,101,-0.495,0.002891146218163554,3.519231794692671,False,False
295373509,1177,1177,OK,,0,0.0,1,nan,nan,nan,False,5.42187167334061,1654.9395560693451,0.17,0.08025927175740746,0.00032517671014105587,246.8174049814097,False,False,48,False,0.010195412064570943,False,6,False,0.0,0.03313508920985556,False,0.08108074572916069,86.44616752564077,1.0102352532457086,False,False,False,0.07819708659905589,0.07848703696372294,0.018472938468289894,False,30,30,0.495,0.017048456071221185,4.6293624581316974,False,False
296483158,1075,1062,OK,,13,0.012093023255813953,2,0.14417769531835534,1.230928984349695,0.7690710156503049,False,1.4948528795851805,1626.063350557654,0.17,0.012579037459241396,6.787229741935059e-05,185.33389818119045,False,False,115,False,0.0,False,16,False,0.0,0.022598870056497175,False,0.012605913559818438,31.653754968140618,1.0021365784674803,False,False,False,0.014508789146571166,0.008174042778829493,5.9863119151360475,True,76,62,-0.495,0.0025975207820211343,2.2453008641830365,False,False
297314472,1086,1086,OK,,0,0.0,2,0.010873832189093107,1.0332520671776992,0.9667479328223011,False,2.9503625051368614,1627.0713846003425,0.5,0.0072790415119459335,0.00131600810097933,5.5311525107855415,False,False,202,True,0.0,False,9,False,0.06930693069306931,0.022099447513812154,False,0.004328801495418588,5.628388673645028,0.5946938876931,True,True,False,0.003238625467828049,0.0038004874722682436,0.23663841501842928,False,110,129,-0.33499999999999996,0.008753301430449723,2.5818430311518576,False,False
298242897,1086,1086,OK,,0,0.0,2,0.03288832214957844,1.0207489447993587,0.9792510552006414,False,10.416636707835265,1626.8496061819992,0.5,0.0012267483338372774,5.313747805573594e-05,23.086310805916312,False,False,69,False,0.0,False,3,False,0.0,0.022099447513812154,False,0.0010998596734619337,9.271411560019017,0.8965650436398515,False,False,False,0.0015506802143455678,0.0007446152385032212,3.8112711297866406,True,25,57,0.485,0.0009158303829821524,1.9785112879669438,False,False
299149180,2211,2211,OK,,0,0.0,3,0.013332173896382395,1.0487141979975891,0.9684408986184762,False,13.651141216658164,1555.7251765905435,0.35000000000000003,0.050544273614649256,0.000876694388307214,57.65324186943167,False,False,21,False,0.0,False,2,True,1.0,0.06558118498417007,True,0.049706454204169415,78.61830281942747,0.9834240488474046,False,True,False,0.0027409707617578327,0.051136696221851574,26.15628328869527,True,7,19,0.09499999999999997,0.0025225653618760058,1.0799513934165668,False,False
304803997,2188,2188,OK,,0,0.0,4,0.04949269230497875,1.1627465339433591,0.8571656032405798,False,15.938501842564316,1582.0553175912228,0.5,0.015245768930791501,0.00035026962317482045,43.525809610907366,False,False,33,False,0.0,False,2,True,0.0,0.06855575868372943,False,0.015130588971802195,20.04476021953376,0.992445119723894,False,True,False,0.0002801063575506024,0.015228563691335406,4.665761117243754,True,17,26,-0.034999999999999976,0.004297395143535554,2.809458137752507,False,False
304848010,1177,1177,OK,,0,0.0,1,nan,nan,nan,False,12.627727672251961,1663.1093029777537,0.02,0.2634477913259926,0.0026810384259368285,98.26334034505183,False,False,1,False,0.0,False,0,True,0.0,0.03313508920985556,False,nan,nan,nan,True,True,True,nan,nan,nan,False,1,2,0.06500000000000006,0.01579932369787107,4.853141608268044,False,False
308475549,1081,1081,OK,,0,0.0,2,0.008444692501326958,1.0267969139248596,0.9732030860751405,False,0.7065264334244722,1597.2560831436401,0.5,0.003616794318968027,0.0001591465208013118,22.726191567099683,False,False,747,False,0.0018501387604070306,False,37,False,0.0321285140562249,0.037927844588344126,False,0.001437541657591579,8.623041520708071,0.3974629273366449,True,True,False,0.001232833489625662,0.0010690786550151543,0.06194563272799658,False,468,440,nan,nan,nan,False,False
308629571,1081,1081,OK,,0,0.0,2,0.02522158705522856,1.1579587733293648,0.8420412266706353,False,2.870889280709937,1597.263987284495,0.244,0.033914611155526964,0.00023841966060940593,142.2475439686495,False,False,86,False,0.0,False,8,False,0.0,0.037927844588344126,False,0.0347796279827951,35.393561039655296,1.0255057274076154,False,False,False,0.031101528447916693,0.03599205189641386,1.370288191491157,False,51,51,0.485,0.014179942077250485,2.9397645689762526,False,False
309209557,1081,1081,OK,,0,0.0,2,0.012520331226134713,1.0577405326736284,0.9422594673263713,False,2.019521974363974,1598.239072112077,0.5,0.0016793280086091612,8.587859088433623e-05,19.554675866432518,False,False,249,False,0.0,False,12,False,0.0,0.03700277520814061,False,0.0009778810792874237,6.167525531914541,0.5823049900164031,True,True,False,0.0005083529031741918,0.0007803510630728372,0.2448633741621682,False,140,157,-0.435,0.0015946253811062183,2.930400188594779,False,False
309626033,5216,5216,OK,,0,0.0,10,0.10334867887717675,1.661523653293306,0.8464223153429152,False,38.279415482487494,1325.9588769498826,0.02,0.20288627372659693,0.0003368678761731282,602.272546825826,False,False,1,False,0.006134969325153374,False,0,True,0.0,0.08109662576687117,False,nan,nan,nan,True,True,True,nan,nan,nan,False,1,1,-0.16499999999999998,0.0023952304182093265,2.6477717251600943,False,False
309626635,5216,5196,OK,,20,0.003834355828220859,10,0.05891684597218279,2.236604867224608,0.6688343717071527,False,27.504420109806432,1349.518829437754,0.084,0.5873150355872654,0.004890248450917876,120.0992222546544,False,False,5,False,0.00596612779060816,False,1,True,1.0,0.07967667436489607,True,0.6096369055243266,384.2645629524682,1.038006637978783,False,True,True,nan,nan,nan,False,1,5,0.03500000000000003,0.012920451456965187,0.982663199888407,False,False
310795195,2263,2263,OK,,0,0.0,3,0.061172836170025086,1.5378855769181197,0.9816415264127689,False,14.344214362831929,1625.0573977103602,0.17,0.09009393558740637,0.0006285263295352502,143.34154569789357,False,False,8,False,0.0,False,1,True,0.0,0.0481661511268228,False,0.0876357432938456,63.492972474855414,0.9727152301924261,False,True,True,nan,nan,nan,False,0,10,0.025000000000000022,0.006575073455173719,3.7336716097468985,False,False
311025334,32381,32381,OK,,0,0.0,7,0.018788234624862104,1.0519089187648123,0.6106663795723853,False,2.0337351141892905,2449.696281834101,0.058,0.001773764997779403,0.0001005887374189751,17.633833004496974,False,False,963,False,0.0,False,43,False,0.07061266874350987,0.06670578425619962,False,0.0015664112591337043,12.744821879607523,0.8830996558702605,False,False,False,0.0014646672156639617,0.0013966027991614283,0.3690948003691193,False,572,581,-0.495,0.002238971966525005,4.104201442409114,False,False
313372676,1081,1078,OK,,3,0.0027752081406105457,2,0.01899268014005342,1.057141213652734,0.9428587863472656,False,2.7264922976833685,1599.026114473315,0.12,0.016060513519847736,0.0003061015629936336,52.46792392295549,False,False,53,False,0.0,False,9,False,0.0,0.03710575139146568,False,0.015572796049716842,22.750779945998904,0.9696325108454241,False,False,False,0.011910317948655602,0.01839282010114096,3.491784598385339,True,35,27,-0.425,0.0049789370070956185,2.965772195252209,False,False
313672903,1081,1078,OK,,3,0.0027752081406105457,2,0.040007113436082015,1.005637639165363,0.9943623608346371,False,13.523106306624697,1600.1712813939378,0.35000000000000003,0.014828489155253446,0.0002710269614569044,54.712228907201556,False,False,19,False,0.0,False,1,True,0.0,0.03710575139146568,False,0.015234581707501693,12.112353833144924,1.0273859695344874,False,True,False,0.01475147126058085,0.00030195266588961545,5.105919119927608,True,20,4,-0.32499999999999996,0.008113650011305928,2.3836539029659614,False,False
313951052,1134,1119,OK,,15,0.013227513227513227,1,nan,nan,nan,False,12.835565880684056,1656.6941341753711,0.028,0.30442581403021296,0.002129511132595462,142.95572789947184,False,False,2,False,0.005361930294906166,False,0,True,0.0,0.03485254691689008,False,nan,nan,nan,True,True,True,nan,nan,nan,False,0,3,0.0050000000000000044,0.011924712747825361,3.0222264288447453,False,False
315667274,1086,1086,OK,,0,0.0,2,0.0025325131831044757,1.0631715806274709,0.936828419372529,False,3.050967338455864,1627.8490183883157,0.35000000000000003,0.00448801131142794,0.0007845816155499866,5.720260610850374,False,False,135,True,0.0,False,9,False,0.044444444444444446,0.022099447513812154,False,0.0026438110886507493,4.134204315551844,0.5890829824601254,True,True,False,0.001946345413584405,0.002350628848527214,0.32428424291334906,False,78,85,0.375,0.00454505599796462,2.070975801047722,False,False
31674205,26264,26264,OK,,0,0.0,15,0.017543577456323928,1.2551885070363307,0.0,True,36.11667616097964,1349.2317040595651,0.084,0.002775591649902672,0.0004761274947004462,5.8295134828307384,False,False,36,True,0.0,False,1,True,1.0,0.09545385318306428,True,0.003288683270018744,8.690256614117077,1.1848584679717076,False,True,False,nan,nan,nan,False,0,44,0.03500000000000003,0.00019509990360733198,0.35905304255124987,False,False
318850005,47644,47644,OK,,0,0.0,7,0.08043509847375198,2.1071339531111524,0.8706965564679107,False,2.4873826561550683,1956.571935645298,0.12,0.14474633822155278,0.0002076925636345788,696.925954827272,False,False,2366,False,0.0,False,55,False,0.05874894336432798,0.051213164301905804,False,0.1619407820256361,519.4057195503657,1.1187901816055963,False,False,False,0.15656206475675427,0.1447721326018898,8.673449467851446,True,1429,1409,0.42500000000000004,0.1726381252215421,5.122410635290395,True,False
322079215,2188,2188,OK,,0,0.0,4,0.208411300089037,1.3402823174599008,0.6270986159230219,False,2.1061379249858563,1570.5832207722915,0.5,0.01139173505098153,0.0001563927686460617,72.84054850875228,False,False,518,False,0.0,False,26,False,0.0637065637065637,0.06855575868372943,False,0.010219117624534091,34.68859701343561,0.8970641942426142,False,False,False,0.010644693080008594,0.006093247716701722,6.746174131112384,True,326,297,0.455,0.002986152417063237,2.188143024362833,False,False
323759434,1177,1105,OK,,72,0.06117247238742566,1,nan,nan,nan,False,13.35633586042206,1655.662524292,0.084,0.958395787686816,0.0003240772426682355,2957.306658733657,False,False,6,False,0.027149321266968326,True,1,True,0.0,0.03529411764705882,False,0.6204647170127136,153.73948544853974,0.6473992529853112,False,True,True,nan,nan,nan,False,0,7,0.015000000000000013,0.18718220777140204,4.261593307237165,False,False
323968872,3344,3344,OK,,0,0.0,5,0.07720943744947122,1.0922377828220886,0.5830327711625963,False,29.675911490117738,1626.2941224390024,0.02,0.5316238116588679,0.0006439270161865125,825.5963770665646,False,False,1,False,0.0026913875598086126,False,0,True,0.0,0.05592105263157895,False,nan,nan,nan,True,True,True,nan,nan,nan,False,1,2,-0.065,0.04732825878264335,7.76467514807813,True,False
326247759,64095,64095,OK,,0,0.0,7,0.05769657488726071,8.914918712257732,0.8609685482798878,True,19.616563494723803,1755.3907095308805,0.244,0.07299284339667511,0.0001918875954278865,380.39375726143084,False,False,962,False,0.0007020828457758015,False,10,False,0.0,0.03811529760511741,False,0.07882282619700764,333.93535594681134,1.0798706082547005,False,True,False,0.07674962275600583,0.07438189126495764,4.065844438607968,True,630,520,-0.265,0.0016602120272720677,2.0983532468882844,False,False
329709399,1854,446,UNRELIABLE_DATA,,1406,0.7583603020496225,,,,,,,,,,,,,,,,,,,,,,,,,,,,,,,,,,,,,,,
329787152,1081,1079,OK,,2,0.0018501387604070306,2,0.016798095676855657,1.1408863723865434,0.8591136276134566,False,3.9527725836812855,1598.8798146607305,0.5,0.0049506024938806665,0.0002129869349951842,23.2436909521826,False,False,141,False,0.004633920296570899,False,7,False,0.06382978723404255,0.03707136237256719,False,0.0026125536219665513,7.156677188830066,0.527724378031941,False,False,False,0.0014700537751368703,0.0025779393961480324,0.1917109652977612,False,67,101,0.15500000000000003,0.0028568116034867197,2.0955998597110495,False,False
33067083,903,902,OK,,1,0.0011074197120708748,2,0.03723518432223351,1.2062214236727147,0.7937785763272854,False,6.208863665129167,1471.9805753977116,0.058,0.9671291559239643,8.970154947637895e-05,10781.632664869829,False,False,4,False,0.0,False,1,True,0.75,0.041019955654102,True,0.7344511584268062,304.2387645862615,0.7594137286918364,False,True,True,0.7344497761766412,-0.005551460676969988,32.061940119347746,True,4,3,0.08499999999999996,0.006462712618241606,2.9411486960591913,False,False
330848452,66445,66445,OK,,0,0.0,10,0.018973160661577417,1.0249559780240212,0.0,True,1.2330604906162845,1739.3799888474146,0.244,0.026363318529150803,0.00014606034289035068,180.4960744816413,False,False,13165,False,0.0,False,181,False,0.02362324344853779,0.039702009180525244,False,0.030286992930252277,121.1281097756605,1.148830823280572,False,True,False,0.02946855391042602,0.029410470804671185,0.19094609131115178,False,8023,7792,0.495,0.03755850329516541,1.882051106068081,False,False
331043325,65221,65221,OK,,0,0.0,9,0.021776460655894822,1.277720834339564,0.7745013350169399,False,17.267249878353592,1743.1330900447167,0.17,0.029734519686316314,0.0004559220918954726,65.21842265352086,False,False,595,False,0.0,False,10,False,0.0016806722689075631,0.03899050919182472,False,0.04082280921670456,69.86586547892495,1.3729096567680905,False,False,False,0.03599662332862663,0.035657397891333265,0.36220671428184187,False,344,364,0.0050000000000000044,0.005607796038296642,8.61635192165064,True,False
333558332,8889,8889,OK,,0,0.0,2,0.0011357914931462427,1.0047738460901827,0.9952261539098175,False,0.9839869164072427,3209.182510175802,0.244,3.932272307700882e-05,3.0156941267195526e-06,13.039360566644653,False,False,2319,False,0.0,False,22,False,0.09055627425614489,0.04859939250759365,False,3.451191814485277e-05,6.79685953710117,0.8776583981039496,True,True,False,4.307303074202462e-05,2.1700797785406678e-05,2.7852222895156915,False,1389,1391,-0.355,6.13456771058063e-05,2.425570537843583,False,False
333725999,32687,32642,OK,,45,0.0013766940985712975,6,0.011153923300409587,1.4215814782470815,0.0,True,23.170769520542805,1820.6135105463452,0.028,0.1387407954152085,0.001358476426769987,102.12970404285099,False,False,39,False,0.0020832056859261074,False,3,False,0.3076923076923077,0.06188346302309908,True,0.11610687158300315,60.07352574190331,0.8368617985469307,False,True,False,0.14787467276922983,0.016824233897769547,13.847487958206976,True,15,31,-0.015000000000000013,0.0036069376790840435,2.6819368850358045,False,False
335219623,25706,25694,OK,,12,0.0004668170855053295,2,0.001011456506942834,1.2579886209130147,0.7420113790869852,False,35.03348307379713,2749.5850583809206,0.084,0.2500087893595551,0.0015108814097901412,165.47214608609215,False,False,48,False,0.0015178640927843076,False,2,True,0.0,0.032458939830310576,False,0.29820669457712967,125.49162588487948,1.1927848430490888,False,True,False,0.31294430635331993,0.08760204066722599,23.57024178462113,True,44,15,0.015000000000000013,0.0024766566400800105,1.7008200803408802,False,False
335486046,72073,72073,OK,,0,0.0,11,0.05235001016643712,1.030438953765317,0.0,True,36.63557535686489,1764.5926658809624,0.058,0.017256912186035225,0.0006807963131272452,25.34812814535586,False,False,100,False,0.0,False,4,False,0.25,0.036546279466651864,False,0.004388140194231838,5.362773399587486,0.2542830459427639,True,True,False,0.00038575140595142887,0.06050427190998664,40.76934001942448,True,90,30,-0.41500000000000004,0.0006320621531735737,4.756419863354089,False,False
338106162,1049,1026,OK,,23,0.0219256434699714,2,0.04539682807552743,1.1534047520335853,0.8465952479664148,False,0.7264807816764804,1626.788108859039,0.244,0.030951363468006997,0.00027096722339916727,114.22548852859565,False,False,343,False,0.018518518518518517,False,33,False,0.0029154518950437317,0.022417153996101363,False,0.028603507664448524,25.572872606123365,0.9241437035242295,False,False,False,0.023771395540326923,0.032495559639628024,0.715311027252094,False,212,199,0.495,0.013170877827097138,2.6854685708517843,False,False
338145155,2188,2188,OK,,0,0.0,4,0.151252828222459,1.1704031300631568,0.7933226009692302,False,0.6657228732031929,1569.554878115166,0.084,0.03758931336784692,0.0005297378181586769,70.95833463146758,False,False,280,False,0.0,False,68,False,0.11428571428571428,0.0690127970749543,False,0.015294900748580864,14.382250793589344,0.4068949224718691,True,True,False,0.010308489377436003,0.016855631455731546,1.496377467874675,False,161,173,0.46499999999999997,0.011250320131124703,2.351689513122036,False,False
338675882,1081,1081,OK,,0,0.0,2,0.04057550248908317,1.0125876944574683,0.9874123055425318,False,13.169137592619618,1597.5692267291745,0.058,0.13094323998786175,0.0010186969803600249,128.53993141472176,False,False,3,False,0.0,False,1,True,0.0,0.037927844588344126,False,0.13147766764527868,109.31634809717458,1.0040813688241292,False,True,True,nan,nan,nan,False,0,3,0.015000000000000013,0.05927554436022664,9.275903548197007,True,False
33973845,59617,59596,OK,,21,0.00035224851971753023,7,0.4367754832593991,2.307341075254993,0.490258668227205,False,0.9680628581312926,2255.4906877193266,0.12,0.049212642375744006,0.00027289460157844795,180.3357123632841,False,False,7382,False,0.0017450835626552118,False,180,False,0.03996206989975616,0.04582522316934023,False,0.07321938048271837,176.00175214334624,1.487816482676956,False,False,False,0.05850178254527316,0.05678193355814676,1.194462112217274,False,4334,4531,0.495,0.1624355348051182,4.118495344581289,False,False
339897003,2167,2165,OK,,2,0.0009229349330872173,4,0.013063720182764861,1.1343085456695101,0.7369742104289649,False,12.37215910648249,1603.3996702832285,0.02,0.6863955182960052,0.0005753913290227162,1192.9194683239773,False,False,1,False,0.0,False,0,True,0.0,0.046651270207852195,False,nan,nan,nan,True,True,True,nan,nan,nan,False,1,2,-0.235,0.0037576702970290032,3.478776029001515,False,False
341180251,11618,11618,OK,,0,0.0,6,0.026231797765111673,1.2619182868188192,0.0,True,17.400393632544578,1671.6211400799339,0.02,0.002867482182543142,0.0005972177514869043,4.801401457682591,False,False,6,True,0.0,False,2,True,0.0,0.08633155448442073,False,0.003482158734337437,3.766321734922784,1.214361071024736,True,True,True,0.003510163330316396,0.0034541541383583674,0.033196965460936784,False,3,3,-0.185,0.00034665383370025005,2.973403146802459,False,False
341800578,1086,1086,OK,,0,0.0,2,0.013073136253471682,1.0558653549105241,0.9441346450894759,False,13.939361971296348,1625.0783068960118,0.17,0.009752864009870202,0.0003739152966137116,26.08308378446949,False,False,10,False,0.0,False,1,True,0.2,0.022099447513812154,False,0.010630594587041964,15.970782015339942,1.0899972127452482,False,True,False,0.00012448092171735148,0.010694255125209828,6.947254684172787,True,3,9,0.03500000000000003,0.00394065581693559,2.9309821307830557,False,False
342292226,1086,1086,OK,,0,0.0,2,0.02496439772984178,1.0486901978473675,0.9513098021526326,False,13.397177781263279,1625.848672231779,0.12,0.046912158712549536,0.0003824413015972281,122.66499072308761,False,False,7,False,0.0,False,1,True,0.0,0.022099447513812154,False,0.05032983405966085,81.0671433840299,1.0728526557060152,False,True,True,nan,nan,nan,False,0,10,0.08499999999999996,0.0026099409908291182,3.582775829445194,False,False
342322702,8517,8517,OK,,0,0.0,3,0.15494650918701008,1.8278063812317051,0.9178291911217946,False,25.993203446301784,2022.2175817379991,0.02,0.13282678193548653,0.00019977875823546504,664.8693940670761,False,False,5,False,0.0,False,1,True,0.0,0.06809909592579547,False,0.0020266745266720454,6.972875335658554,0.015258026259014493,True,True,True,0.0004997469396178511,0.0020266745266720454,0.42376679078901497,False,4,3,0.43500000000000005,0.0003141857523835112,1.890880574363933,False,False
344490174,1086,1086,OK,,0,0.0,2,0.05241285156467843,1.043835231453025,0.9561647685469747,False,13.939463499606244,1625.223909072113,0.5,0.025682768275181154,1.93951277039077e-05,1324.1866033192775,False,False,17,False,0.0,False,2,True,0.17647058823529413,0.02117863720073665,False,0.019223815919600207,25.595437877187663,0.7485102740337134,False,True,False,-0.001694462904305305,0.019216816990822005,17.60702769986948,True,6,18,0.21499999999999997,0.004592564623040474,2.753914920554092,False,False
345057145,1177,1175,OK,,2,0.0016992353440951572,1,nan,nan,nan,False,4.463535915925137,1655.18685190215,0.02,0.5414089209433531,0.002644459338180326,204.73331282752906,False,False,1,False,0.0,False,0,True,0.0,0.033191489361702124,False,nan,nan,nan,True,True,True,nan,nan,nan,False,4,1,-0.255,0.019873626717167303,2.649504705574267,False,False
346511517,1046,1029,OK,,17,0.016252390057361378,2,0.02888202930581877,1.113068600730998,0.8869313992690019,False,13.127470621607667,1627.220051513583,0.244,0.1311208351274665,0.0002822239634911371,464.5985178065299,False,False,14,False,0.0,False,1,True,0.14285714285714285,0.022351797862001945,False,0.18095738356605495,176.70724134707356,1.380081078572607,False,True,False,0.0021584472490281392,0.1809616724561891,18.576674688026856,True,5,14,-0.034999999999999976,0.020726154999605173,1.1036140462983282,False,False
348372033,1072,1072,OK,,0,0.0,2,0.0453524903460826,1.0101986199617068,0.9898013800382932,False,7.616301536424427,1496.4281181742012,0.17,0.009241465099451243,0.00017848901978287748,51.77609866810295,False,False,17,False,0.0,False,2,True,0.0,0.04477611940298507,False,0.008894338235081789,27.01023451343868,0.9624381133690516,False,True,False,nan,nan,nan,False,0,19,-0.46499999999999997,0.0009705235408765667,1.9940843859249044,False,False
348884775,862,848,OK,,14,0.016241299303944315,2,0.005105515884387588,1.0928455983222072,0.9071544016777928,False,6.73163073924306,1519.704991925482,0.17,0.14751154316898474,0.0013251894504797983,111.31355076481833,False,False,24,False,0.01061320754716981,False,3,False,0.0,0.05660377358490566,False,0.1532264891974089,80.03729639823698,1.0387423648729461,False,False,False,0.13606142721242998,0.1503054763684103,0.39004351485108485,False,20,9,0.43500000000000005,0.20509849034302552,7.324653893496428,True,False
349442532,2182,2182,OK,,0,0.0,4,0.020943815113286694,1.10493209914502,0.8739189889630264,False,1.4405448379408599,2719.668752953161,0.02,0.0019210621602045901,0.00038890581857347863,4.939659085716741,False,False,30,True,0.0,False,10,False,0.0,0.19890009165902842,False,0.002076610143405766,4.675908750691312,1.0809697814174895,True,True,False,0.0021697476685405004,0.0014498115812195955,1.0105922153170879,False,16,16,-0.07500000000000001,0.0012011898832884338,2.3906180068691483,False,False
3521405,1962,1961,OK,,1,0.0005096839959225281,4,0.1596071225263744,1.0844935257371267,0.8510757687654418,False,13.293512436627495,1530.321741463758,0.17,0.7666887054896535,0.00047277264414391377,1621.6858462230962,False,False,7,False,0.00407955124936257,False,1,True,1.0,0.06884242733299337,True,0.6152212418282632,335.73055590771366,0.8024394221841913,False,True,True,nan,nan,nan,False,1,7,0.025000000000000022,0.0959510232904176,8.106558728226197,True,False
355238066,4154,4147,OK,,7,0.001685122773230621,8,0.09542934749793602,1.60033051983156,0.6194959520524083,False,24.484286232819773,1534.3825758847327,0.02,0.24354012852790657,0.0018770782018881602,129.7442633359274,False,False,1,False,0.007234145165179648,False,0,True,0.0,0.07378828068483241,False,nan,nan,nan,True,True,True,nan,nan,nan,False,3,0,-0.044999999999999984,0.006485170450776678,3.885189116844738,False,False
355975951,1966,1966,OK,,0,0.0,4,0.06676242836970118,1.1806183792702507,0.914191585712465,False,20.543805583743325,1535.1217175706652,0.244,0.09698454938517244,0.0001852311232743981,523.5866827925091,False,False,12,False,0.0,False,1,True,1.0,0.06256358087487283,True,0.09853291526940056,219.10525958194438,1.015965077881414,False,True,False,nan,nan,nan,False,1,13,0.015000000000000013,0.008959073312319377,6.601241657299083,True,False
356057968,22739,22438,OK,,301,0.013237169620475834,11,0.054945579487464,2.0769484963206684,0.0,True,0.7648265156772668,1984.1869821824232,0.5,0.22220403079979167,6.048719901737626e-05,3673.571175546726,False,False,14749,False,0.006595953293519922,False,148,False,0.06400433927723914,0.06582583117924949,False,0.0,0.0,0.0,True,True,False,0.0,0.0,0.0,False,8779,8903,nan,nan,nan,False,False
356436141,2292,330,UNRELIABLE_DATA,,1962,0.856020942408377,,,,,,,,,,,,,,,,,,,,,,,,,,,,,,,,,,,,,,,
358411347,41641,41609,OK,,32,0.0007684733796018348,5,0.017218417001656914,1.246665401769225,0.5722796292553627,False,29.84736465275586,2023.3368826361507,0.02,0.2016393326824896,0.007835315666607792,25.73467889007042,False,False,22,False,0.0034848229950251147,False,3,False,0.0,0.041577543319954814,False,0.19958509427446458,19.842032160886852,0.9898123130011558,False,False,False,0.32779823830969046,0.026346177415699223,13.00814495387605,True,7,22,-0.395,0.010867695397533184,3.742505238053814,False,False
35846988,1101,1101,OK,,0,0.0,2,0.10285277523610593,1.02171671542464,0.9782832845753598,False,12.358018906899021,1544.7399207122317,0.5,0.007383728793727616,9.898116538385047e-05,74.5973111661537,False,False,46,False,0.0,False,2,True,0.43478260869565216,0.04178019981834696,True,0.010926532544901835,93.91158273571058,1.4798122805084317,False,True,False,0.029529668874561987,-0.00025390087843479847,68.06323837571834,True,27,27,-0.05499999999999999,0.008432424498534985,9.041981477241004,True,False
358858962,16280,16280,OK,,0,0.0,6,0.018857047198315848,1.0411809722976397,0.9322031110156284,False,1.1303611900231052,3313.573902276949,0.17,0.00021361967284209418,2.6955999784073684e-05,7.924754212541073,False,False,2273,True,0.0,False,34,False,0.1293444786625605,0.13261670761670763,False,0.00021544044379007143,6.968965505946826,1.0085234235393814,True,True,False,0.0001628821972642358,0.00015606285476443826,0.15071011436686535,False,1204,1529,-0.435,0.0004674582275427941,3.1192652759716566,False,False
359414030,2292,335,UNRELIABLE_DATA,,1955,0.8529668411867365,,,,,,,,,,,,,,,,,,,,,,,,,,,,,,,,,,,,,,,
365980081,62109,62109,OK,,0,0.0,7,0.009670669648285564,15.849159297968782,0.0,True,39.04301288566905,1724.3604078908247,0.02,0.17578513877157523,0.0006216261706386699,282.7827190592224,False,False,11,False,0.0,False,1,True,0.0,0.02477901753369077,False,-0.0010529351174568546,-1.3014551262562197,-0.005989898377160858,True,True,False,nan,nan,nan,False,0,15,0.475,0.00021841647705700407,4.340904210692083,False,False
366743368,39372,39272,OK,,100,0.0025398760540485624,10,0.019695207811311757,1.6325421435029988,0.0,True,37.56165235633259,1848.597618227576,0.02,0.7232005955656814,0.002811456752024774,257.23340579393295,False,False,3,False,0.0005856589936850682,False,1,True,1.0,0.07262171521694846,True,0.711531579549358,223.3066600378626,0.983864758840255,False,True,True,nan,nan,nan,False,0,4,0.10499999999999998,0.0007250412905931425,1.940040563095803,False,False
367166751,31445,31445,OK,,0,0.0,8,0.027316245491526066,9.34427738887132,0.0,True,32.855246618447595,1693.3941602545583,0.02,0.42602708086116964,0.0024803907181827215,171.75805317208327,False,False,1,False,0.005533471140085864,False,0,True,0.0,0.05403084751152806,False,nan,nan,nan,True,True,True,nan,nan,nan,False,2,2,-0.05499999999999999,0.0007076581902928369,1.6996193601148026,False,False
367819504,2292,245,UNRELIABLE_DATA,,2047,0.8931064572425829,,,,,,,,,,,,,,,,,,,,,,,,,,,,,,,,,,,,,,,
369341817,1056,1042,OK,,14,0.013257575757575758,2,0.09176438521493088,1.150284728789036,0.8497152712109639,False,1.0919797697093603,1625.34149658353,0.244,0.025730847364086363,6.103713920795513e-05,421.56050722529267,False,False,229,False,0.0,False,24,False,0.026200873362445413,0.06525911708253358,False,0.0261151685148574,32.63328344434935,1.014936202657183,False,False,False,0.026061911757697898,0.020838072623915238,3.1000422875462315,True,136,136,0.255,0.012817651686755194,2.6196645201984685,False,False
370578451,1081,1077,OK,,4,0.0037002775208140612,2,0.14972551981217533,1.000293043184973,0.9997069568150271,False,11.524992371494882,1605.3449375257262,0.5,0.11350818979630765,0.0002663711362809793,426.1279633412478,False,False,46,False,0.0,False,2,True,0.0,0.03714020427112349,False,0.16856002294004702,76.38960701604113,1.4850031812024382,False,True,False,0.028500082696550466,0.18178715287020664,18.915986833616216,True,28,28,-0.05499999999999999,0.08867712379602577,6.265229331432211,True,False
371600942,2188,2188,OK,,0,0.0,4,0.03817688797003619,1.115463750750322,0.9488991358417147,False,27.16762568829067,1582.9594470231034,0.35000000000000003,0.22889761511534046,0.0028118282017683123,81.40526329858649,False,False,15,False,0.0,False,1,True,1.0,0.0690127970749543,True,0.24968003555628826,131.11112517442402,1.0907935210704385,False,True,False,nan,nan,nan,False,0,18,-0.495,0.03371831399885805,7.64315662576061,True,False
373087699,1969,1963,OK,,6,0.0030472320975114273,4,0.03385328596621682,1.542334590575955,0.6465263810791866,False,34.877715962540414,1534.6916110265915,0.35000000000000003,0.7814428727974486,0.0016260858059887152,480.5668125996001,False,False,9,False,0.007131940906775344,False,1,True,1.0,0.0748853795211411,True,0.7623137748841818,126.940036241525,0.9755207980273881,False,True,True,nan,nan,nan,False,9,0,0.395,0.035093979878334736,4.495243897983947,False,False
373696987,18106,18106,OK,,0,0.0,2,0.01528523781561139,1.050816694603631,0.949183305396369,False,9.997646434677385,2884.6716598627104,0.028,0.001142090324497768,0.00020185806886608101,5.65788789575445,False,False,59,True,0.0,False,5,False,0.2033898305084746,0.023914724400751132,False,0.001346484425458816,5.473075958523208,1.1789649177274397,True,True,False,0.0007300667719989384,0.0009662047656867623,0.6593528775626423,False,29,45,-0.385,0.0003302724225121567,2.392051389911104,False,False
373704595,46830,46828,OK,,2,4.2707666026051675e-05,10,0.010566658301408044,1.3878345394415932,0.0,True,35.24555723858818,1819.4991738653162,0.084,0.10358330025181794,0.0008842958018477012,117.1364831037134,False,False,90,False,0.0010677372512172204,False,4,False,0.0,0.035000427094900484,False,0.1747776248955193,131.00524139420736,1.6873146971627973,False,True,False,0.0002830008284030461,0.1669604741514854,16.280711872404897,True,6,107,-0.385,0.0012438110429856541,4.063393641742253,False,False
374158907,2189,2187,OK,,2,0.0009136592051164915,4,0.043802085102820076,1.2419568049528211,0.8891575253316824,False,14.656290352177676,1551.5655966048882,0.12,0.04973983698623154,0.0002784658565884747,178.62095409326457,False,False,21,False,0.001828989483310471,False,4,False,0.0,0.06995884773662552,False,0.05678761098700458,124.95484207965531,1.1416927442428877,False,False,False,-0.0009682632695848792,0.09351787730083716,14.898853578430492,True,13,11,0.255,0.012214325095894374,7.418168072781604,True,False
374750346,2188,2188,OK,,0,0.0,4,0.12754357234792246,1.8718188530713584,0.2690342110127662,True,26.891534142636353,1569.6448752788708,0.244,0.054229025915357575,0.0009783119795154654,55.43121933579503,False,False,15,False,0.003656307129798903,False,2,True,0.3333333333333333,0.0690127970749543,True,0.019812029286903843,16.154443963200244,0.3653399439227823,True,True,False,nan,nan,nan,False,0,19,0.485,0.014066460530082647,0.8660908108360217,False,False
378075172,19875,19874,OK,,1,5.0314465408805034e-05,6,0.003411273197363119,5.2005213835717985,0.653262291747521,True,39.128791797229525,1715.580964630809,0.04,0.22378679830568018,0.0011644513360815623,192.18218174641294,False,False,17,False,0.0025158498540807086,False,1,True,0.0,0.06546241320318004,False,0.2330895745621684,212.95292298916408,1.0415698170174503,False,True,False,nan,nan,nan,False,0,21,-0.015000000000000013,0.004261653266983245,5.764792479264093,True,False
379012394,2188,2188,OK,,0,0.0,4,0.10115085890434426,1.1292676291685142,0.8850752121222215,False,4.739841104655057,1572.4532253747839,0.5,0.01879813303375712,9.240723406466412e-05,203.42707174421741,False,False,176,False,0.0,False,9,False,0.022727272727272728,0.06855575868372943,False,0.01857631000617288,26.625463432792827,0.9881997309421156,False,False,False,0.01675707184097841,0.017577323405439493,0.6843816204468006,False,114,102,0.485,0.010545456833456757,2.1521221172037865,False,False
380939751,1081,1081,OK,,0,0.0,2,0.06473205405108338,1.1161434447886174,0.8838565552113826,False,6.773341072155983,1603.5359240984878,0.028,0.34928189956113437,0.020977026724234113,16.65068668466822,False,False,2,False,0.0,False,0,True,0.0,0.037927844588344126,False,nan,nan,nan,True,True,True,nan,nan,nan,False,2,1,0.42500000000000004,0.009378592622172444,1.1907285117859019,False,False
382059023,2188,2165,OK,,23,0.010511882998171846,4,0.11405872985978868,1.1209528251080036,0.6243527957625914,False,1.1626729291757025,1570.662017881041,0.17,0.0177221388377934,0.0002449131382764668,72.3609152310482,False,False,311,False,0.0018475750577367205,False,41,False,0.03215434083601286,0.06096997690531178,False,0.01607991543971854,25.19406197279035,0.9073349208520627,False,False,False,0.01535195270265699,0.014396785907881071,0.257503330143251,False,197,176,0.15500000000000003,0.00775396043335419,2.6869452500422586,False,False
383287204,3073,3073,OK,,0,0.0,5,0.13459020095202337,2.1067874852638973,0.6748956095774634,False,12.530917814880983,1518.7229686792648,0.02,0.8712907125889576,0.00024476125646716356,3559.7574761831124,False,False,1,False,0.0013016596160104132,False,0,True,0.0,0.07191669378457534,False,nan,nan,nan,True,True,True,nan,nan,nan,False,2,1,0.015000000000000013,0.0038663894986148417,2.5258459243081273,False,False
383292935,1177,1177,OK,,0,0.0,1,nan,nan,nan,False,10.772031128405954,1664.1587038574278,0.084,0.03714491479061543,0.0005358573152537975,69.31866699071286,False,False,4,False,0.0,False,1,True,0.0,0.03313508920985556,False,0.0373911514655445,57.22352485991889,1.0066290817011454,False,True,True,nan,nan,nan,False,5,0,-0.305,0.001006847522939447,2.258285916183071,False,False
383810462,1969,1966,OK,,3,0.0015236160487557136,4,0.05509584050550692,1.0988689000467826,0.9026067833643657,False,10.040911081469817,1523.631827568419,0.02,0.29257684686485225,0.0012220651695132865,239.41182038710522,False,False,1,False,0.008646998982706003,False,0,True,0.0,0.07477110885045778,False,nan,nan,nan,True,True,True,nan,nan,nan,False,4,2,-0.07500000000000001,0.002160631064004437,2.6949560266134345,False,False
385165957,2211,2211,OK,,0,0.0,3,0.02485305689247738,2.185408555950559,0.7253795396346631,False,8.909494682619345,1548.5655767559088,0.02,0.08269031220772602,0.0005403019294312314,153.04463616254898,False,False,3,False,0.0,False,0,True,0.0,0.06558118498417007,False,0.09085502181857719,65.71893694118567,1.098738405901052,False,True,True,0.002638820298823674,-0.0003860077844859422,0.5804176548329333,False,4,3,0.495,0.0031996446342938967,3.9926613060363088,False,False
385457782,2211,2211,OK,,0,0.0,3,0.02865796775430272,1.3538886747970231,0.9607576950993402,False,7.770896908867764,1547.2734080763348,0.02,0.4632371864056542,0.0016752648167883489,276.5157972419707,False,False,1,False,0.0018091361374943465,False,0,True,0.0,0.06512890094979647,False,nan,nan,nan,True,True,True,0.0011102783192059595,6.791645844617111e-05,0.0968399884517862,False,6,8,-0.245,0.004644513370739345,3.509972322231812,False,False
385463098,2211,2211,OK,,0,0.0,3,0.04451653174492862,1.609743697473454,0.8945966564366999,False,25.291962059361705,1556.87141853503,0.244,0.06036378206953785,0.0007273884746827067,82.98699274259063,False,False,10,False,0.0009045680687471732,False,1,True,1.0,0.06512890094979647,True,0.06013539394217249,63.742765363031516,0.9962164708781457,False,True,False,nan,nan,nan,False,0,11,0.495,0.0074550308476705185,6.076076637851791,True,False
386174898,18173,14437,OK,,3736,0.20557970615748639,1,nan,nan,nan,False,9.302726660205275,1692.3953957383694,0.17,0.5324950711013204,0.012919677175611457,41.215818620183036,False,False,151,False,0.33885156195885574,True,2,True,0.0,0.04239107847890836,False,0.3974139213036141,8.629091139255637,0.7463241311918101,False,True,False,0.36213307840157727,0.0910778101995624,3.622331106617419,True,94,87,-0.044999999999999984,0.662519561601234,2.7373045552779907,False,True
386539709,862,854,OK,,8,0.009280742459396751,2,0.041797237381623505,1.1645735974055764,0.8354264025944234,False,1.901823505275696,1518.9630489452616,0.5,0.015186731536248596,0.00015971161972588938,95.08845732272549,False,False,233,False,0.01522248243559719,False,10,False,0.030042918454935622,0.05620608899297424,False,0.009148639578166473,21.573950067386384,0.6024100417084449,False,False,False,0.008916975096796453,0.009729661590618832,0.05616293905574205,False,144,132,-0.265,0.005516954479241942,2.1844579798214654,False,False
386850246,1104,1104,OK,,0,0.0,2,0.028477683708495058,1.0260348426740513,0.9739651573259488,False,3.907983991594082,1545.9957107542311,0.244,0.003083216718741965,0.0003261438648200327,9.45354811577797,False,False,69,True,0.0018115942028985507,False,6,False,0.0,0.041666666666666664,False,0.0022477679981161014,4.701763314517926,0.7290334099619344,True,True,False,0.002331332662176222,0.001726682760922027,0.13185862156128447,False,41,42,0.18500000000000005,0.0024704132470557694,2.1172718504179544,False,False
387149762,904,904,OK,,0,0.0,2,0.04272090577339205,1.081380037191114,0.918619962808886,False,0.6569964895442968,1468.7130918776575,0.5,0.005564272707030173,0.00010921511070391079,50.9478282919593,False,False,680,False,0.00663716814159292,False,31,False,0.030882352941176472,0.04092920353982301,False,0.0001571865208016554,2.297081425474531,0.028249248208675738,True,True,False,2.0503671964711145e-05,0.000144061311504462,0.04405918583696663,False,383,441,nan,nan,nan,False,False
393946398,6327,6327,OK,,0,0.0,8,0.02440921871988365,1.3927470158809503,0.7189199210925974,False,1.3981383945745949,1739.3769004571227,0.35000000000000003,0.0005194976572791906,0.00010663761460904247,4.8716173855143525,False,False,1592,True,0.0,False,52,False,0.08605527638190955,0.12122648964754228,False,0.00022656897543704702,2.19703350631843,0.4361308896438072,True,True,False,0.00036881077384787186,0.00031112220909979005,0.36211522839462357,False,1005,898,-0.41500000000000004,0.0010065425143348516,1.9943186212009576,False,False
394009747,2292,275,UNRELIABLE_DATA,,2017,0.8800174520069808,,,,,,,,,,,,,,,,,,,,,,,,,,,,,,,,,,,,,,,
394428207,25506,25459,OK,,47,0.001842703677566063,3,0.0,1.5358778574697953,0.99709765642097,False,31.992503307406892,2783.453049863086,0.058,0.38979378253735913,0.002939504072698719,132.60528745568118,False,False,22,False,0.0012569228956361208,False,1,True,0.0,0.03405475470364115,False,0.3411801629793767,93.5464530288073,0.8752837481359181,False,True,False,nan,nan,nan,False,0,27,0.025000000000000022,0.004280828032631412,3.4788208166806722,False,False
394600714,2167,2167,OK,,0,0.0,4,0.01269340395575419,1.0832615714853369,0.8334777391926819,False,1.3967315041593538,1597.1289945421302,0.12,0.012441655382522222,0.00022834134942928874,54.48708879762083,False,False,185,False,0.011536686663590217,False,34,False,0.10810810810810811,0.046608214120904476,False,0.011477249106780163,32.299551291600025,0.9224856945405483,False,False,False,0.010340573206919501,0.010508513678522347,0.02802847077259729,False,107,117,0.485,0.004747694128041546,3.8225513009478247,False,False
3959007,798,798,OK,,0,0.0,2,0.0025291734123972097,1.040164915879238,0.9598350841207619,False,2.1872887431815755,1387.8501051838687,0.084,0.004197950615342385,0.0009148173154946497,4.588840355598776,False,False,31,True,0.0,False,7,False,0.0,0.047619047619047616,False,0.0041359593871892475,4.28011201574369,0.9852329782235703,True,True,False,0.004100491778590953,0.0033245204499713354,0.4092727360646941,False,18,17,0.18500000000000005,0.0048650531034653,2.5064520030096658,False,False
397009295,8797,8797,OK,,0,0.0,11,0.02216644866090569,1.4259181680072608,0.7704050221786694,False,20.02984146327103,1695.4144748352971,0.058,0.0011502174478082456,0.00021373162230205853,5.381596955188448,False,False,22,True,0.0,False,4,False,0.0,0.11969989769239514,False,0.0013054598536318407,5.031688611120443,1.1349678759606816,True,True,False,0.000525202151029136,0.0012947451292751877,1.965117688984427,False,14,13,0.43500000000000005,0.00026858950371577706,2.2154861945199835,False,False
398471045,2160,2159,OK,,1,0.000462962962962963,4,0.0674968844961642,1.1926807327680442,0.8393515759415012,False,14.043364077305595,1583.0416342852625,0.058,0.25384347178365696,0.013709401773643434,18.516013752815642,False,False,3,False,0.0004631773969430292,False,1,True,1.0,0.06067623899953682,True,0.20477271602862557,44.4961908699714,0.806688919710124,False,True,True,nan,nan,nan,False,0,4,0.07500000000000001,0.051607445116459094,5.879264990266185,True,False
399580421,23311,23308,OK,,3,0.00012869460769593754,4,0.07147681361510624,6.624411041167125,0.3115341215157575,True,29.97043733829984,1801.6955481716438,0.058,0.758224207483261,0.0010494988119993242,722.4631403239257,False,False,2,False,0.0005148446885189634,False,0,True,0.0,0.030590355242835078,False,nan,nan,nan,True,True,True,nan,nan,nan,False,0,3,-0.275,0.001187864517961823,2.0997333098919935,False,False
399788046,131227,131227,OK,,0,0.0,26,0.05621624796325913,1.2750624906169736,0.6780057364845836,False,0.7067256110682727,2825.694705487096,0.084,0.002102929482522786,1.4420968485069925e-05,145.82442813739976,False,False,15548,False,0.0,False,439,False,0.09055827116027786,0.08050934639975005,False,0.0022185047116677348,84.87984510647539,1.05495915583736,False,False,False,0.0019796466512314037,0.0018866602499285623,2.4985991186217853,False,9470,9193,-0.495,0.0031092100310995407,2.100037423442084,False,False
400871803,1084,1059,OK,,25,0.023062730627306273,2,0.023670711871556994,1.009824555464443,0.990175444535557,False,0.65,1569.917961134081,0.02,1.517674874662589e-12,8.231043030730861e-14,18.438427171335416,True,False,35,False,0.0084985835694051,False,0,True,0.08571428571428572,0.053824362606232294,False,0.0011708681465735227,0.2696345627826066,771488127.0824434,True,True,False,0.0034385093285707047,-0.003721211853727535,0.27257552161561044,False,19,22,-0.475,0.020158445492004295,3.14658825033546,False,False
40219110,28438,19095,UNRELIABLE_DATA,,9343,0.32853927843026937,,,,,,,,,,,,,,,,,,,,,,,,,,,,,,,,,,,,,,,
402655839,177050,177050,OK,,0,0.0,33,0.10345458319236502,1.5240932905716995,0.0,True,0.6569915557728051,1711.726174233023,0.35000000000000003,0.00600266070910772,1.716758544849409e-05,349.6508421127016,False,False,94421,False,0.0,False,1120,False,0.04161150591499772,0.04201637955379836,False,0.00626552578130124,340.55767939906207,1.0437914259912575,False,True,False,0.006230207898457296,0.006283635807624255,0.7466589876467999,False,56646,56575,nan,nan,nan,False,False
403651165,6742,6742,OK,,0,0.0,3,0.0027970562081645924,1.0241893674077291,0.9907539313548409,False,7.587738546544458,3481.0047799286317,0.17,0.0006214523014054613,8.620639706353314e-05,7.20888846505739,False,False,146,True,0.0,False,2,True,0.0,0.1280035597745476,False,0.00059509150789816,5.329734293438662,0.9575819520698783,True,True,False,nan,nan,nan,False,0,176,-0.445,0.00042511137237810637,1.9971954848360327,False,False
405260090,862,856,OK,,6,0.0069605568445475635,2,0.06963100030421511,1.0351689908171295,0.9648310091828706,False,12.187551043269638,1518.2253195251014,0.5,0.04834977616075454,0.000983394641754653,49.16619850041579,False,False,10,False,0.014018691588785047,False,1,True,0.0,0.05841121495327103,False,0.04154714926162728,35.392316977699835,0.8593038595150945,False,True,False,nan,nan,nan,False,0,14,0.07500000000000001,0.013227556876121205,0.20175746288503868,False,False
40649946,1046,1029,OK,,17,0.016252390057361378,2,0.013981518988631033,1.2879629439500755,0.7120370560499244,False,4.272643176244534,1628.112198281471,0.5,0.00960995162986238,0.0001428991172811766,67.24990197772378,False,False,114,False,0.0,False,6,False,0.0,0.022351797862001945,False,0.007623395493384422,6.843431735254831,0.7932813594706505,True,True,False,0.007323500324805887,0.00497169718341639,1.15580078859067,False,68,74,-0.22499999999999998,0.007665410013259599,1.7581404084047363,False,False
408692702,28303,28173,OK,,130,0.00459315266932834,6,0.015006446732046581,2.0046406463989426,0.6460430848575187,False,36.72613867763708,2500.063262125976,0.244,0.6883730478212462,0.0012795713106436538,537.9716175997871,False,False,32,False,0.007524935221666134,False,1,True,0.0,0.04067724416994995,False,0.7136003403568766,95.59875188211034,1.036647705216636,False,True,False,0.5550684184854967,-0.010069365538172725,11.739883749611602,True,46,3,-0.065,0.025260560637883622,5.198844978611347,True,False
411457490,1081,1081,OK,,0,0.0,2,0.002657560739792886,1.109452001538995,0.8905479984610049,False,2.4323523376532443,1596.8965567215635,0.17,0.05531271543894598,0.0001282690210455475,431.2242737028826,False,False,87,False,0.0,False,12,False,0.0,0.037927844588344126,False,0.0583703493774822,243.61156423463706,1.0552790423372223,False,False,False,0.05079088154070743,0.05269435618133156,4.701723531061886,True,57,50,-0.345,0.0012840129907479847,2.0736667865736806,False,False
411553811,20273,20273,OK,,0,0.0,7,0.01777785480870814,1.0723387590841538,0.37015526108371233,False,7.000609920743285,1766.3237258151455,0.058,0.017641021034613513,0.00021798735189987163,80.92681011472897,False,False,135,False,0.0,False,8,False,0.0,0.09949193508607508,False,0.017303184122727355,68.5494419753885,0.9808493560988739,False,False,False,0.01758572039930395,0.014748525835571291,7.215367706106138,True,93,66,-0.495,0.0014456992312960049,7.517205770531089,True,False
421580853,1086,1086,OK,,0,0.0,2,0.04517171546680171,1.1399033353234438,0.8600966646765562,False,1.110034235924102,1625.9030243630539,0.17,0.04410183249889186,8.144163946662476e-05,541.5145469531594,False,False,164,False,0.0,False,22,False,0.012195121951219513,0.022099447513812154,False,0.04370603202002765,85.45763932023515,0.9910253053799034,False,False,False,0.03746241996732169,0.044397958198490683,7.825069358546933,True,93,105,-0.185,0.004254773127410738,2.430050452668871,False,False
42200587,49288,49288,OK,,0,0.0,9,0.04005298997025194,6.480628102903906,0.6177894282101942,True,38.111765662762515,1708.935836683701,0.02,0.12032787899125487,0.0016770258968565662,71.75075782478889,False,False,6,False,0.0002637558837850998,False,1,True,0.0,0.04688768057133582,False,-0.0015596609199515221,-0.5591673586961173,-0.012961758596815908,True,True,True,nan,nan,nan,False,0,10,0.10499999999999998,0.0017700385914114491,4.874320828151637,False,False
423574742,1086,1086,OK,,0,0.0,2,0.04553792122473282,1.041386078722497,0.9586139212775029,False,13.08602429689588,1627.0796544842635,0.244,0.09237615307217462,0.009501894945804251,9.721866385500833,False,False,18,True,0.0009208103130755065,False,2,True,0.3888888888888889,0.022099447513812154,True,0.06825120247143968,7.829235859651743,0.7388400599244935,False,True,False,0.19609751691688937,0.01730005314140115,10.422428403407023,True,7,14,-0.20500000000000002,0.02944448237937436,1.6195217895934368,False,False
425075916,13925,13911,OK,,14,0.0010053859964093358,4,0.0032907144045676863,2.2903782083208846,0.5101590056456459,False,16.403787428765785,2455.0028773400213,0.028,0.5657805251602601,0.006143796954616697,92.08971737503626,False,False,5,False,0.0014377111638271872,False,1,True,0.2,0.034145640140895696,False,0.6135380196182967,48.69709825722276,1.0844099298831629,False,True,True,nan,nan,nan,False,2,5,0.21499999999999997,0.004094827129317968,2.4850296037967086,False,False
427344176,7428,7428,OK,,0,0.0,9,0.05283097490176302,1.5914512992181062,0.9070067067775948,False,5.280325839943536,1767.6793554728183,0.12,0.001539111000281208,5.808278665614091e-05,26.498573654755642,False,False,167,False,0.0,False,22,False,0.0718562874251497,0.07256327409800754,False,0.0015440838518346878,22.344063167809594,1.003230989546934,False,False,False,0.0015471790528874818,0.0011333668801682961,3.7893872341632457,True,103,100,0.495,0.00023016862239100266,2.0514413200739017,False,False
430294689,64095,64095,OK,,0,0.0,7,0.034793340130195964,14.80189661108677,0.9016766750399386,True,1.4632794678276309,1738.8126708249704,0.244,0.005526266637362336,6.443942876193261e-05,85.75908793013635,False,False,10735,False,0.001326156486465403,False,119,False,0.029250116441546344,0.038130899446134646,False,0.0045612161100038184,61.66062559396742,0.8253702561447285,False,True,False,0.003892130040716979,0.0038671510403691656,0.09128044794412044,False,6544,6328,-0.485,0.0028147157717071103,1.8480058578172631,False,False
43331615,7237,7237,OK,,0,0.0,3,0.024191025876921044,1.0158871740612319,0.9791076380365468,False,3.0819572062129224,3453.653053276288,0.02,0.0014992446477419595,0.0002642092498095532,5.674459349256857,False,False,43,True,0.0,False,5,False,0.0,0.11745198286582838,False,0.0016141352014886756,4.817056705053777,1.0766322920810523,True,True,False,0.001597363579674882,0.0013608998412634188,0.3860228992946234,False,10,42,0.355,0.0006301652211601061,2.48728068849923,False,False
43368145,18671,18663,OK,,8,0.0004284719618659954,5,0.010522253665312323,1.2661665484610922,0.0,True,35.78137622154617,2019.2194159044975,0.17,0.5630634164010191,0.0019221428109710923,292.9352664053884,False,False,11,False,0.0051974494990087335,False,1,True,0.0,0.04350854632159889,False,0.5221546666270793,185.42399324890658,0.927346105993851,False,True,False,nan,nan,nan,False,0,15,0.245,0.0035796001855941117,3.642258478935025,False,False
433842832,1081,1081,OK,,0,0.0,2,0.0448060743578493,1.0781448174998116,0.9218551825001885,False,13.522997968063773,1597.9721901516907,0.5,0.14951115682704622,0.0011475248119255544,130.29012991550525,False,False,23,False,0.0,False,2,True,0.0,0.037927844588344126,False,0.1992852143274858,219.05364868050373,1.3329119950427377,False,True,False,0.2133332959716101,0.17776562370989502,3.6212147603974163,True,10,17,0.05500000000000005,0.0494290809481297,8.46613604125963,True,False
435411143,1081,1078,OK,,3,0.0027752081406105457,2,0.0202411633349099,1.0525107437267218,0.9474892562732784,False,0.9332376718077976,1597.466953853142,0.17,0.004839433599128792,0.00012517717252538154,38.66067192201138,False,False,190,False,0.0027829313543599257,False,26,False,0.04736842105263158,0.03710575139146568,False,0.0044009249030704245,15.631725903841518,0.9093884259229614,False,False,False,0.0062314045791416195,0.002464164375560851,1.5188645477988492,False,118,112,0.31500000000000006,0.001484581506079885,1.422561243206982,False,False
43675414,28505,28415,OK,,90,0.003157340817400456,3,0.012110241906682974,1.5394998868870242,0.8184048995645433,False,38.712392031100094,2749.8435051336883,0.04,0.8735163794727565,0.0007939752136262988,1100.1809180958833,False,False,7,False,0.008657399260953722,False,1,True,0.0,0.024142178426887206,False,0.6877374629439916,126.85315805365767,0.7873206262704556,False,True,True,nan,nan,nan,False,2,7,-0.0050000000000000044,0.2799742477498741,10.024641564414692,True,False
437171483,2211,2211,OK,,0,0.0,3,0.054693254315053265,1.2198639345659408,0.8588942860853336,False,1.4735136951378767,1543.867763417823,0.084,0.04947189583714578,5.360884555607562e-05,922.830837410917,False,False,121,False,0.0,False,30,False,0.03305785123966942,0.06558118498417007,False,0.052206736656711605,173.54001511768314,1.0552806957018288,False,False,False,0.048352343032826206,0.05074393551752254,1.650032050247022,False,77,68,-0.485,0.007865110338834191,4.041733169935065,False,False
43795649,19110,19110,OK,,0,0.0,3,0.00757006694846161,1.0251999888835026,0.9193450621108027,False,0.9080433402608815,2737.892132821213,0.02,0.0008222090208551578,4.0556558521266416e-05,20.273145721277626,False,False,431,False,0.0,False,30,False,0.16705336426914152,0.15070643642072212,False,0.0007439979870680347,8.136639579522237,0.9048769451522461,False,False,False,0.0004302087635489338,0.0005214472217111021,0.696024199605558,False,260,259,-0.315,0.0014822678086402474,2.0428818296084614,False,False
440116494,22748,22748,OK,,0,0.0,5,0.04228604076520361,5.712400189920198,0.9085942545087219,True,24.144118049220236,1781.437597256565,0.17,0.26901867790959677,0.0005794957092410181,464.2289384022155,False,False,155,False,8.791981712678038e-05,False,3,False,0.0,0.05064181466502549,False,0.2971521599795125,406.98409403984914,1.104578173859623,False,True,False,0.28157258032914845,0.20574140609136227,9.437329668123951,True,176,10,0.28500000000000003,0.22125082118549533,9.506798783745898,True,False
442691390,1081,1049,OK,,32,0.02960222016651249,2,0.002441883681297701,1.1098308541646367,0.8901691458353634,False,2.8695471965596244,1626.016489780454,0.12,0.03800160397741759,0.0003771159584224767,100.7690158124919,False,False,37,False,0.0,False,6,False,0.02702702702702703,0.022878932316491896,False,0.036639077708389145,37.9342741762835,0.9641455589654024,False,False,False,0.04568564918992335,0.021053215171353945,5.933180327812951,True,24,23,0.385,0.004706785588227014,2.8863428317773154,False,False
44439670,1100,1100,OK,,0,0.0,2,0.006563619411822762,1.0741181160448805,0.9258818839551196,False,5.729417424065546,1549.3581818710147,0.02,0.3362627749149829,0.002153135596971763,156.17352450440808,False,False,1,False,0.01,False,0,True,0.0,0.04454545454545455,False,nan,nan,nan,True,True,True,-0.004076687966650949,-0.004057585994134083,0.0004383016519194083,False,4,4,0.08499999999999996,0.02578353864274807,2.9673059920994653,False,False
444478675,10071,10071,OK,,0,0.0,1,nan,nan,nan,False,1.681971136467182,3098.81710044024,0.17,0.03168704542209198,4.121445246751937e-05,768.8333466777018,False,False,1027,False,0.0,False,15,False,0.005842259006815969,0.04289544235924933,False,0.034640175741466495,356.8243282028722,1.0931967711106196,False,False,False,0.0347780624930103,0.021396723138299878,64.5226129824981,True,617,609,0.495,0.009046385277708513,3.553547288550089,False,False
446502638,12137,12137,OK,,0,0.0,3,0.015571769465952552,1.0337720738907037,0.8967239717141672,False,1.1079572971866851,3480.6521999254455,0.12,0.0023098489277420336,0.0001852754267028094,12.46710893532115,False,False,1359,False,0.00032957073411881023,False,16,False,0.11184694628403238,0.11856307159924198,False,0.002092509172095691,9.860445952922452,0.9059073721073178,False,False,False,0.0017097872103351008,0.0016226374232291008,0.1845408658695901,False,826,801,-0.485,0.003161365941102834,2.7802688586746727,False,False
449834981,1081,1078,OK,,3,0.0027752081406105457,2,0.02765313695595449,1.166698684950815,0.833301315049185,False,13.471184012854858,1597.3803407675248,0.12,0.05767069433979839,0.0016930270407871134,34.06365814038412,False,False,6,False,0.0027829313543599257,False,1,True,1.0,0.03710575139146568,True,0.05572360447851055,15.450952132108643,0.9662377940203823,False,True,True,nan,nan,nan,False,6,0,0.14500000000000002,0.025983597339040432,2.761924489128717,False,False
450458029,1081,1081,OK,,0,0.0,2,0.008203920819030066,1.098499417705539,0.9015005822944612,False,0.7670365971331629,1597.346168834604,0.12,0.005780255173912489,9.307026684324924e-05,62.10635651929211,False,False,162,False,0.0,False,29,False,0.037037037037037035,0.037927844588344126,False,0.005502397724808539,24.009322716219213,0.9519298991577431,False,False,False,0.0039854411252422395,0.005874948390018786,1.6030706495426084,False,98,100,-0.28500000000000003,0.0015249158695487264,1.954857144754065,False,False
451037961,2188,2188,OK,,0,0.0,4,0.3573436996886028,1.3629060005550264,0.6351518468973628,False,26.844833038285287,1570.4325357012888,0.35000000000000003,0.2156955237808527,0.0030288397604625946,71.21391055296684,False,False,5,False,0.009140767824497258,False,1,True,0.6,0.0690127970749543,True,0.14123320021597752,15.193314790948879,0.6547803947914602,False,True,True,0.12847962487682685,0.10577400350940136,0.6253574367998221,False,4,3,0.14500000000000002,0.009410832817137171,1.062526300754727,False,False
451543198,2165,2146,OK,,19,0.008775981524249422,4,0.2285677492153394,1.114289834197418,0.8846934871673949,False,3.570371867316861,1570.4235963311214,0.12,0.0555490815983847,0.0007454815648298644,74.51435987027023,False,False,75,False,0.0065237651444548,False,14,False,0.12,0.06989748369058714,False,0.05720341023673481,45.7916670202227,1.0297813859518103,False,False,False,0.051965129813482225,0.049257174911431334,0.18254705571270674,False,44,47,-0.495,0.024830911450928195,5.534157454112046,True,False
452545462,3700,423,UNRELIABLE_DATA,,3275,0.8851351351351351,,,,,,,,,,,,,,,,,,,,,,,,,,,,,,,,,,,,,,,
453792262,1081,1081,OK,,0,0.0,2,0.04246817143836938,1.087653355051393,0.9123466449486073,False,12.44096841177187,1597.4353452527325,0.02,0.2739214095863065,0.006263311302394864,43.734279897850335,False,False,1,False,0.0,False,0,True,0.0,0.037927844588344126,False,nan,nan,nan,True,True,True,nan,nan,nan,False,0,3,0.355,0.005114576514061997,3.0485436022694494,False,False
453978254,2188,2180,OK,,8,0.003656307129798903,4,0.05375281258273864,1.1338620776897663,0.9563347101909478,False,26.234491301434346,1583.621031213969,0.35000000000000003,0.11626333911317271,0.000633549040181324,183.51119130398766,False,False,10,False,0.00963302752293578,False,1,True,0.0,0.06513761467889909,False,0.1103576987408934,160.74164591977163,0.9492046210153086,False,True,False,nan,nan,nan,False,2,11,0.04500000000000004,0.0014664540168276563,1.852193426856061,False,False
45406337,3073,3066,OK,,7,0.002277904328018223,6,0.07967264606649914,1.2257929970515489,0.6635761613611258,False,13.354348802341027,1529.6374093361858,0.5,0.9992232641890116,3.220141583605601e-05,31030.41398167899,False,False,20,False,0.0,False,2,True,1.0,0.07045009784735812,True,0.8710960932035542,1297.8245369825327,0.8717732306908929,False,True,False,0.8527428887349611,0.8335784595233409,2.581107051612635,False,4,18,0.06500000000000006,0.004712869932759656,0.8855375316334251,False,False
457550536,1081,1081,OK,,0,0.0,2,0.2383334249499629,1.1221531943352923,0.8778468056647079,False,0.777824608004996,1596.9880326622851,0.058,0.037014255852534234,0.0004608844128433759,80.31136402331083,False,False,90,False,0.0009250693802035153,False,26,False,0.06666666666666667,0.03700277520814061,False,0.03951855704677398,38.4760018644743,1.067657747982749,False,False,False,0.03797186433898059,0.03469040789843758,0.78114114650074,False,45,56,0.495,0.03795810652452203,4.001926431327854,False,False
457631456,1107,1107,OK,,0,0.0,2,0.040672068189550166,1.0733959105450708,0.9266040894549293,False,0.9995780340937233,1569.6051842939453,0.12,0.018350426449804044,0.00042022318334905047,43.66828670316747,False,False,135,False,0.0,False,26,False,0.0962962962962963,0.06594399277326106,False,0.017897057004344963,21.6047255298985,0.9752937923977281,False,False,False,0.014711293730085173,0.01704291685691317,1.3432478342274807,False,80,90,0.495,0.012993304537493588,3.1246279143128994,False,False
457804419,1107,1107,OK,,0,0.0,2,0.02053369642219168,1.0388125925506564,0.9611874074493436,False,7.123049574065749,1573.0393036496016,0.244,0.010966062802687039,0.00024212659003931377,45.2906176100134,False,False,45,False,0.0,False,4,False,0.0,0.06594399277326106,False,0.00994243198367939,26.49569833358208,0.9066546638090722,False,False,False,0.008252092479709261,0.012873741998414068,2.9658759239077472,False,28,28,-0.385,0.0019948147467862,2.3550345314839953,False,False
457835699,2211,2209,OK,,2,0.0009045680687471732,4,0.14450555335310283,1.1223654883094036,0.8539193381193607,False,1.8091409514390133,1544.974994206586,0.5,0.016109706541039357,0.0033317240665680634,4.835246322674499,False,False,612,True,0.011317338162064282,False,27,False,0.06045751633986928,0.0647351742870077,False,0.004873969739146222,8.353484494825835,0.3025486359251685,True,True,False,0.003541076081935879,0.004816849628313635,0.20396929628005533,False,374,358,0.495,0.005881499602569007,1.2959663215780202,False,False
458342304,1107,1107,OK,,0,0.0,2,0.009118477404731734,1.0170279986016926,0.9829720013983076,False,4.6888609873360085,1572.9345389286505,0.35000000000000003,0.01193397545787142,0.00043437027375745464,27.474199269297053,False,False,67,False,0.0,False,4,False,0.0,0.06684733514001806,False,0.01156602529558326,17.4846486219147,0.9691678465749258,False,False,False,0.012186867632520082,0.009536447387720637,2.0549108182742297,False,40,40,0.475,0.004589623657437536,2.582590141542283,False,False
459439463,1107,1107,OK,,0,0.0,2,0.0793243368758044,1.0261136390116263,0.9738863609883737,False,4.931568512273567,1570.113584329412,0.12,0.009674572886443343,0.00026095485540511055,37.07374163023094,False,False,29,False,0.0,False,5,False,0.0,0.06594399277326106,False,0.008974503056671135,17.693857947999998,0.9276381667708357,False,False,False,0.0071797293113231575,0.011382263344753785,1.8489633158582515,False,20,14,0.405,0.002270763695871203,2.585594741457846,False,False
462783511,2211,2211,OK,,0,0.0,4,0.02862769962577386,1.1358366696028126,0.9597071382189005,False,0.8686564101732819,1544.0997049848543,0.04,0.018636165939879133,0.0002580377178558016,72.22264285523374,False,False,105,False,0.0004522840343735866,False,0,True,0.09523809523809523,0.06467661691542288,False,0.021853391425453617,17.274663300803475,1.1726334427345924,False,True,False,0.02002128551691995,0.020638160272159034,0.25564003385369166,False,65,58,0.335,0.027514106731217458,2.786012256423405,False,False
463160366,1032,1017,OK,,15,0.014534883720930232,2,0.01334710966461747,1.0132010071794673,0.9867989928205328,False,13.09581424766897,1626.9299452994792,0.5,0.8518430934941529,0.0007343241749811811,1160.0368372946234,False,False,18,False,0.0019665683382497543,False,2,True,0.3333333333333333,0.02261553588987217,True,0.48998173709233506,107.9417476538339,0.5752018662057725,False,True,False,-0.016316086859551993,0.4989606880422832,28.443866974661262,True,7,19,0.15500000000000003,0.02396827246178712,2.619383831550449,False,False
464063580,2211,2209,OK,,2,0.0009045680687471732,4,0.024424782099930584,1.1606724301791576,0.9317152794801402,False,25.063276817480773,1556.8707283981837,0.244,0.6703735749487258,0.00034082422748169433,1966.918783626471,False,False,10,False,0.0,False,1,True,1.0,0.0647351742870077,True,0.5266946244026869,474.88448107223877,0.7856733082639357,False,True,False,nan,nan,nan,False,0,11,0.015000000000000013,0.08239357123263158,9.789118147919622,True,False
464366477,2211,2211,OK,,0,0.0,4,0.10737532947416639,1.3008059802165217,0.9209083306092953,False,13.752584517397432,1555.7828571691236,0.17,0.10634581542249522,0.0005580875111574107,190.55401401465866,False,False,8,False,0.0009045680687471732,False,1,True,1.0,0.06467661691542288,True,0.10641666208039968,131.40304973498382,1.0006661913082617,False,True,True,nan,nan,nan,False,8,2,0.15500000000000003,0.0028709199465941637,2.1915380558282944,False,False
465332211,1029,1021,OK,,8,0.007774538386783284,2,0.016285987141905746,1.0422897463481342,0.957710253651866,False,12.377409053525561,1629.537847400223,0.12,0.2252473259741718,0.03479787538399965,6.473019501579754,False,False,6,True,0.022526934378060724,True,1,True,0.0,0.022526934378060724,False,0.22645324661646715,49.475953463973305,1.0053537623014164,False,True,True,nan,nan,nan,False,7,2,0.025000000000000022,0.011080605226730489,0.6753111203858942,False,False
465392301,2188,2188,OK,,0,0.0,4,0.1671012738440584,1.1068286993611725,0.7336183122395679,False,1.0152373256982603,1569.8381360363048,0.17,0.009108264219596242,7.266192243554704e-05,125.3512694723361,False,False,368,False,0.0,False,48,False,0.08423913043478261,0.0690127970749543,False,0.009410494109748369,58.73011758292772,1.0331819414616767,False,False,False,0.008395403070540208,0.008510658586072362,0.36727996873032803,False,237,200,-0.185,0.0012906260664424796,2.0193142931087515,False,False
466068334,134411,134411,OK,,0,0.0,1,nan,nan,nan,False,11.154331957469353,3753.7603374791984,0.17,0.006039613908151571,0.001301631752479464,4.640032710209149,False,False,880,True,2.231960181830356e-05,False,2,True,0.0,0.037489491187477214,False,0.0,0.0,0.0,True,True,False,0.0,0.0,0.0,False,1029,109,-0.495,0.0,0.0,False,False
466504538,2188,2188,OK,,0,0.0,4,0.03016253889441529,1.1606520214832845,0.8780308964800292,False,3.6286218759226867,1570.973294860496,0.12,0.07782481282238361,0.0003630677820139507,214.35339811945428,False,False,63,False,0.0,False,12,False,0.14285714285714285,0.0690127970749543,False,0.06770469227748477,81.66216421243598,0.8699628026347384,False,False,False,0.06431591457773622,0.06320106377667889,0.6771573407108675,False,31,46,0.335,0.007838903022632016,2.541016702891396,False,False
467216111,100013,100013,OK,,0,0.0,16,0.03501340716336085,1.0480356943738243,0.9575441053451367,False,27.24907461910109,2850.2514504108085,0.244,0.0002438336288434611,2.1462351007693674e-05,11.360993432455434,False,False,949,False,0.0,False,9,False,0.17386722866174922,0.08247927769389979,False,0.00020603751897685374,7.535610394847547,0.8449922184815938,False,False,False,0.000109343000034956,0.00025599615868343584,3.6389521422411084,True,632,506,0.495,0.00011904196289980185,2.2766027833817555,False,False
467849513,2188,2188,OK,,0,0.0,4,0.1353650414173504,1.1114745226618772,0.9326030942389617,False,27.19468718492979,1569.5393600726325,0.12,0.06239643985214649,0.00048048662994411274,129.86092840794356,False,False,6,False,0.0,False,1,True,1.0,0.0690127970749543,True,0.06385106906640103,55.90072523317814,1.0233126956874687,False,True,True,nan,nan,nan,False,1,8,0.475,0.004679027718998752,2.971050323356375,False,False
469322519,20594,20552,OK,,42,0.0020394289598912306,5,0.06584998424293372,4.971415422774488,0.7852916979125407,True,0.8458377098842367,2362.5676402411405,0.084,0.09364261361090692,0.002367716563953086,39.54975651923613,False,False,1815,False,0.08894511483067341,True,84,False,0.08650137741046832,0.054252627481510315,False,0.09351852067714084,28.886450913744174,0.9986748241107227,False,True,False,0.09444679740468565,0.08502808237215898,0.8475351183455133,False,1038,1179,0.495,0.11932647388164597,1.6618608224526485,False,False
47187962,1086,1086,OK,,0,0.0,2,0.05207100653210103,1.1624106274687405,0.8375893725312594,False,13.523780560790515,1628.552996079735,0.17,0.02283635576248917,0.0002666405078200605,85.6447354874528,False,False,9,False,0.0,False,1,True,0.0,0.022099447513812154,False,0.02349534153198296,15.920176906515621,1.0288568708750034,False,True,True,nan,nan,nan,False,9,1,-0.455,0.008744455295133569,3.1741196048333933,False,False
47896759,862,848,OK,,14,0.016241299303944315,2,0.046790519096581745,1.0754622496116872,0.9245377503883127,False,1.0110755735489607,1518.4810282803305,0.5,0.006226933129896729,9.712068767651467e-05,64.11541432487716,False,False,410,False,0.01768867924528302,False,18,False,0.046341463414634146,0.0589622641509434,False,0.0001329141560284519,1.3237778734377963,0.021345043098392198,True,True,False,-0.0001579577826225087,0.00022336423332514066,0.04053305351582423,False,256,237,nan,nan,nan,False,False
512887979,1148,1120,OK,,28,0.024390243902439025,1,nan,nan,nan,False,1.3309964949165483,1656.4280867073587,0.12,0.011366799792478097,9.273092539833877e-05,122.57830646734523,False,False,102,False,0.0,False,19,False,0.0,0.03482142857142857,False,0.011172012357300143,37.24708497047058,0.9828634761996201,False,False,False,0.010597945704311607,0.010162873129702432,0.6072858060291125,False,58,62,-0.16499999999999998,0.0020921827263740145,3.3033888890012735,False,False
51786869,13478,13451,OK,,27,0.0020032645793144383,3,0.005847077447080958,1.7905402322048196,0.8471823355875274,False,15.087130934140887,2778.0546565585996,0.02,0.3141780716858617,0.0010379515855709926,302.69048773891285,False,False,21,False,0.003568507917626942,False,2,True,0.09523809523809523,0.07144450226748941,False,0.010993936560751205,3.8832678859345857,0.034992692207188,True,True,False,0.016069596737392833,0.009313636599448172,0.35716981232560635,False,13,13,-0.09499999999999997,0.0028257729357377137,2.4117506386824568,False,False
51894332,1975,1975,OK,,0,0.0,4,0.049093035368500584,1.26214359136942,0.7144509681688651,False,2.1677168537262883,1468.518978006525,0.12,0.033915020716771424,0.00035031421898939157,96.8131433962675,False,False,104,False,0.0035443037974683543,False,19,False,0.0,0.06936708860759494,False,0.03311976035315123,81.52415408578348,0.9765513820480455,False,False,False,0.02590177062650678,0.041685906548185936,3.068110230399708,True,69,55,0.135,0.0019581032936271114,2.425364763498586,False,False
54277555,1072,1072,OK,,0,0.0,2,0.10601230722651588,1.0393720744900132,0.9606279255099867,False,0.7240862878542578,1492.135244233986,0.5,0.004668665449989442,0.00012505391548500204,37.33322089022766,False,False,733,False,0.002798507462686567,False,32,False,0.036834924965893585,0.04477611940298507,False,0.0001920367337304718,2.1479348491607464,0.041133110904510425,True,True,False,0.0008330437266443891,-0.00034193234350587964,0.6774475102955114,False,431,451,nan,nan,nan,False,False
55481509,12295,12242,OK,,53,0.004310695404636031,22,0.31405267928071884,10.041273770697385,0.7326208532148148,True,39.57137559873758,1344.6865784430458,0.35000000000000003,0.08435357644096707,0.0009245066644861712,91.24171807658054,False,False,50,False,0.003920927952948864,False,4,False,0.18,0.08372814899526221,False,0.006989173187358144,5.390988899858048,0.08285568297450148,True,True,False,0.020445648746376,0.000415148074230709,1.5785702482576596,False,39,24,0.07500000000000001,0.007566374067168313,4.126990179388041,False,False
55581199,1072,1072,OK,,0,0.0,2,0.038216723495781584,1.0045976951371745,0.9954023048628255,False,0.7693356053301156,1492.1633663022844,0.5,0.009535309883328055,0.00017792518670128326,53.59168120102517,False,False,696,False,0.014925373134328358,False,30,False,0.040229885057471264,0.04664179104477612,False,0.0007562061795962638,4.782807742804186,0.07930588400891377,True,True,False,0.0013434992497952658,0.0003867643866077852,0.1638726398587141,False,415,424,nan,nan,nan,False,False
59629605,52946,52935,OK,,11,0.00020775884863823518,8,0.012330506758356353,10.633396281843318,0.6582835594187084,True,36.4451188292508,1693.3130452128623,0.04,0.12942454536237571,0.0013082835752151244,98.92698174483625,False,False,65,False,0.0020402380277699064,False,5,False,0.0,0.038481156134882406,False,0.007522930085430368,4.07790043350217,0.0581259919775412,True,True,False,0.0006243948982024294,0.2423958806805544,34.74991714447549,True,41,36,0.265,0.006825027001145401,6.898607104875606,True,False
62049387,1147,1120,OK,,27,0.023539668700959023,1,nan,nan,nan,False,13.490585382040475,1655.3842764548394,0.028,0.23455025951087116,0.004506310957363233,52.04928415506261,False,False,2,False,0.005357142857142857,False,0,True,0.0,0.03482142857142857,False,nan,nan,nan,True,True,True,nan,nan,nan,False,1,3,-0.024999999999999994,0.013059603681948806,0.539707497156066,False,False
63206894,4819,4819,OK,,0,0.0,5,0.017414178110656067,1.3527852612724107,0.7437422567838501,False,1.8158914091851264,1473.52557139158,0.5,0.00014322772787430358,6.165843314924914e-06,23.229219517727525,False,False,1307,False,0.0,False,55,False,0.032134659525631215,0.04087985059140901,False,0.00013862044937718032,12.637892456338387,0.9678324960850695,False,False,False,0.00013951163872016892,0.0001241661539155281,0.9289991901267834,False,770,799,-0.28500000000000003,0.00018975757509442914,2.7374807337038134,False,False
64256419,1072,1072,OK,,0,0.0,2,0.11248707136884614,1.203664026568154,0.7963359734318461,False,2.167006574876605,1492.5750444549751,0.17,0.046297101117741275,0.0003449940426244467,134.19681327117678,False,False,81,False,0.0018656716417910447,False,10,False,0.0,0.04664179104477612,False,0.05377504419292878,75.41004468570225,1.1615207625239827,False,False,False,0.01434964096178093,0.029342457766701857,3.9213321779259838,True,37,54,0.485,0.009126145505549355,3.486173178880743,False,False
646839042,34271,34246,OK,,25,0.0007294797350529602,4,0.0960339396703547,1.0272523297185097,0.0,True,39.690966968306874,1802.996621845287,0.058,0.6258896965606444,0.00500183764773856,125.13194962327951,False,False,8,False,0.0005840098113648309,False,1,True,0.0,0.03036851019097121,False,0.6558756433591535,107.99655968331703,1.047909315272781,False,True,True,nan,nan,nan,False,0,12,0.18500000000000005,0.0038504360227997747,1.7219474325863284,False,False
64728461,1072,1072,OK,,0,0.0,2,0.03972167710827781,1.1773517632834574,0.8226482367165426,False,3.793816869480004,1492.3858159018673,0.12,0.030789748160261986,0.0006548420694816366,47.0185859998804,False,False,33,False,0.018656716417910446,False,6,False,0.0,0.04664179104477612,False,0.027619593490773586,27.39833228649487,0.8970386294493996,False,False,False,0.028033741854253558,0.021426249439937317,0.292958255985561,False,14,26,0.43500000000000005,0.027651811050753095,6.085815932171415,True,False
66806582,1844,287,UNRELIABLE_DATA,,1555,0.8432754880694143,,,,,,,,,,,,,,,,,,,,,,,,,,,,,,,,,,,,,,,
70366294,50104,50100,OK,,4,7.983394539358135e-05,9,0.054157559919349334,2.3661795475439056,0.8301178034267677,False,1.085387030828482,1683.562183228838,0.17,0.037602218618547935,0.0002728809658924203,137.797147175784,False,False,7918,False,0.0008982035928143712,False,197,False,0.05935842384440515,0.04612774451097804,False,0.03972873795638765,138.43044967285144,1.0565530284106899,False,False,False,0.03277345679003496,0.03704473850207257,6.309718682687866,True,4740,4759,-0.405,0.003595271223264862,0.761713475519002,False,False
70762350,1028,1028,OK,,0,0.0,2,0.023068142750437504,1.0135046035377522,0.9864953964622479,False,3.7910850223245527,1355.3547850581915,0.12,0.07147209980325403,0.0010800499034657968,66.17481245441121,False,False,33,False,0.0,False,7,False,0.15151515151515152,0.04669260700389105,False,0.07409352387382706,51.14719485180505,1.0366775857682815,False,False,False,0.07198403937106856,0.07383661978075984,0.7035826614144559,False,19,19,-0.495,0.010530354700441613,3.7588384739978147,False,False
72388084,55717,55717,OK,,0,0.0,6,0.061584198034477844,1.7044498953160736,0.9424692132907526,False,0.964881293571148,2420.2770603366084,0.084,0.013279385938148659,0.00022256668084992816,59.66475254713736,False,False,4840,False,0.00010768706139957285,False,187,False,0.02933884297520661,0.0337060502180663,False,0.014115618346443704,51.3852813181704,1.062972219663617,False,False,False,0.017240614436119572,0.00876847090510724,15.68863584116414,True,2884,2915,0.345,0.022017602319057916,2.8784086781820455,False,False
73201514,1101,1101,OK,,0,0.0,2,0.00682060991942293,1.0277381689088139,0.9722618310911864,False,8.251674531571606,1550.004471617838,0.02,0.06640216290277126,0.002275085256409078,29.186670132783647,False,False,2,False,0.0018165304268846503,False,0,True,0.0,0.04178019981834696,False,nan,nan,nan,True,True,True,nan,nan,nan,False,2,3,-0.355,0.0032462456517530214,1.9952464047429461,False,False
73551067,23161,23159,OK,,2,8.635205733776608e-05,5,0.033315404513663716,1.6210780437241128,0.8641608433889943,False,39.20400292627968,2037.6436029524416,0.084,0.3333996096305738,0.0035285918668882996,94.48517204813017,False,False,8,False,0.0023317068958072455,False,1,True,0.0,0.0498726197158772,False,0.35552742985095587,92.43182759454584,1.0663702643350452,False,True,True,nan,nan,nan,False,15,0,-0.0050000000000000044,0.006241291408882521,3.7031757949013118,False,False
73994520,1086,1086,OK,,0,0.0,2,0.19399633919692777,1.0291789446794928,0.9708210553205071,False,0.7898044753567087,1625.2387159883133,0.058,0.009998758483595275,8.594575801990136e-05,116.33801032134699,False,False,79,False,0.0,False,17,False,0.0379746835443038,0.022099447513812154,False,0.01076569107267722,36.888594370995904,1.0767027816843693,False,False,False,0.010118533406775931,0.009892159063766393,0.332107995369137,False,50,48,0.495,0.011997988943987403,4.198401980915936,False,False
75630038,1966,1966,OK,,0,0.0,4,0.06134266596105342,1.06720921925648,0.8878027767732123,False,12.627743221292693,1518.0784809837917,0.028,0.41729086293050927,0.0032899059654859703,126.839753873898,False,False,2,False,0.0,False,0,True,1.0,0.06307222787385554,True,nan,nan,nan,True,True,True,nan,nan,nan,False,0,2,0.05500000000000005,0.031424646693448466,9.482274378373472,True,False
76105940,1086,1086,OK,,0,0.0,2,0.028916462318787035,1.0379400922965134,0.9620599077034867,False,13.856885814599313,1625.0649200050934,0.058,0.05942785030461163,0.0010069468427050614,59.017862497055646,False,False,8,False,0.001841620626151013,False,2,True,0.25,0.022099447513812154,False,0.07102875870578518,35.807192419112276,1.1952099620247127,False,True,True,3.234312487654378e-05,0.07104479146437126,5.8712649364180365,True,4,8,0.03500000000000003,0.00769543015320695,2.3579593972701045,False,False
76878072,30273,30273,OK,,0,0.0,7,0.020048275001964707,1.7623711788924927,0.92072823766048,False,31.686797580200082,2500.109852725204,0.02,0.24738170598454892,0.0012203555809853254,202.71280751206206,False,False,2,False,0.00019819641264493112,False,0,True,0.0,0.07207742873187328,False,nan,nan,nan,True,True,True,nan,nan,nan,False,4,0,-0.33499999999999996,0.0015697485124861466,2.579377741354743,False,False
79411022,20045,20042,OK,,3,0.00014966325767024196,7,0.07010352384355172,1.4724692191390438,0.9277542759556364,False,39.37645738775086,2500.012614829317,0.35000000000000003,0.2597948261679666,0.0005128517846968763,506.56902036817456,False,False,50,False,0.00039916176030336295,False,1,True,1.0,0.06680969963077538,True,0.2668342610597719,302.37661194841246,1.027096131957817,False,True,False,0.24666184136369007,-0.04894232402915133,35.55469904827533,True,58,5,0.265,0.003202987120521028,0.4931278856770882,False,False
806175804,4154,4142,OK,,12,0.002888781896966779,8,0.09317846436067478,1.5155805737516272,0.6490313039405323,False,39.15026595573805,1531.5998805608099,0.35000000000000003,0.2587498876999253,0.001771701780766952,146.04596016600212,False,False,14,False,0.00386286817962337,False,1,True,1.0,0.06953162723322066,True,0.22738239282185924,192.88226638973998,0.8787729140410556,False,True,False,nan,nan,nan,False,17,0,0.015000000000000013,0.012818454729874862,1.8365338917151541,False,False
80664093,904,904,OK,,0,0.0,2,0.011497558164973914,1.022496369575658,0.9775036304243423,False,6.26036751140187,1474.1313452475292,0.02,0.04901313643668201,0.0031937357895905055,15.346647207459318,False,False,1,False,0.008849557522123894,False,0,True,0.0,0.0420353982300885,False,nan,nan,nan,True,True,True,nan,nan,nan,False,1,4,-0.20500000000000002,0.0035246639903483423,0.10966990098392315,False,False
80850270,1086,1086,OK,,0,0.0,2,0.049937710929363985,1.0039726936423186,0.9960273063576813,False,13.096297267754696,1571.4408366642365,0.35000000000000003,0.007071021697030273,8.638597130746924e-05,81.85381943397664,False,False,33,False,0.0009208103130755065,False,2,True,0.06060606060606061,0.07642725598526703,False,0.013428552040334774,60.25401298105377,1.8990964270374917,False,True,False,0.015263113932378558,0.00032763240129252136,2.4852903859389257,False,19,20,-0.034999999999999976,0.0085760053162236,0.6366719038316575,False,False
810681765,1969,1950,OK,,19,0.009649568308786187,4,0.016216328275256597,1.7168545821590846,0.6562778241423264,False,5.945139970992995,1518.8575379284698,0.17,0.06033467669207329,0.00044230275019812687,136.4103584367195,False,False,53,False,0.007692307692307693,False,7,False,0.0,0.07538461538461538,False,0.054992709952972674,69.87351592479233,0.9114610861948576,False,False,False,0.04582921406356666,0.07805594153730366,1.6761387707165036,False,36,27,-0.20500000000000002,0.005837160080587989,3.5390287593125302,False,False
86959051,30168,30168,OK,,0,0.0,7,0.006835310460189418,1.7147109703300394,0.8622277293510484,False,26.686841402027245,2486.4368648020964,0.02,0.8195761594402661,0.0009258839583484023,885.182373072141,False,False,2,False,0.00026518164942985947,False,0,True,0.0,0.07302439671174754,False,nan,nan,nan,True,True,True,nan,nan,nan,False,0,3,-0.024999999999999994,0.0016927405823847774,5.662909795024739,True,False
90118012,1790,188,UNRELIABLE_DATA,,1602,0.8949720670391061,,,,,,,,,,,,,,,,,,,,,,,,,,,,,,,,,,,,,,,
90456042,1966,1966,OK,,0,0.0,4,0.046631864279520194,1.3579968433597454,0.9408711179291026,False,3.678447472080482,1520.0825937873192,0.17,0.0047839539441225255,6.829657039507893e-05,70.04676686469794,False,False,86,False,0.00254323499491353,False,11,False,0.08139534883720931,0.06307222787385554,False,0.0035427184525618216,25.588452574581474,0.740541922840695,False,False,False,0.001897645098124623,0.0037081613260370183,0.4938655048008299,False,59,46,-0.495,0.0013463964977552534,3.4954170984255324,False,False
91606467,904,903,OK,,1,0.0011061946902654867,2,0.013205383969025862,1.1255064540965838,0.8744935459034162,False,6.197198005878022,1472.0174260500985,0.12,0.717650049449218,0.00011262147368811168,6372.231031505079,False,False,10,False,0.0,False,2,True,0.6,0.04097452934662237,True,0.4968649423312952,42.7874147075298,0.6923499032886977,False,True,False,0.5949907848597751,0.025792492208617457,27.19405302754758,True,6,7,0.06500000000000006,0.02210644073025758,2.301682390530623,False,False
93193604,1966,1966,OK,,0,0.0,4,0.03757203235657644,1.0632755820014685,0.865163633444106,False,13.141481721599813,1517.514999208904,0.17,0.023525023004680307,0.0002906571964107868,80.93734920442951,False,False,17,False,0.001017293997965412,False,2,True,0.5294117647058824,0.06358087487283826,True,0.021035407736965217,55.61867787220874,0.8941716117676153,False,True,False,0.019764484816610417,0.021311813321707618,0.45816962220797763,False,9,12,0.015000000000000013,0.004031234921303639,5.221393836297354,True,False
93197863,1966,1966,OK,,0,0.0,4,0.09049598180054803,1.1992259616671845,0.938385115206136,False,20.62923215729317,1535.1559397473916,0.5,0.03421565936576384,0.00030836544173236657,110.95815138539405,False,False,19,False,0.002034587995930824,False,1,True,1.0,0.06307222787385554,True,0.033332603940125494,65.42406103476289,0.9741914830224804,False,True,False,-0.004695243863988008,0.03159154525042662,1.730753274520797,False,3,22,0.025000000000000022,0.005178320675333858,2.640912131183961,False,False
93594051,1072,1072,OK,,0,0.0,2,0.026222350778305054,1.1159906623846572,0.8840093376153431,False,6.978770521376772,1493.1316874491283,0.02,0.16396061091517,0.0013445062014948526,121.94857170080351,False,False,1,False,0.010261194029850746,False,0,True,0.0,0.04664179104477612,False,nan,nan,nan,True,True,True,0.0011286728227448695,0.0013569048686916663,0.008615944154854971,False,4,3,0.335,0.0017891812529036155,2.3033336690467525,False,False
96962400,3751,3750,OK,,1,0.00026659557451346307,1,nan,nan,nan,False,10.240160305188944,2805.389666830689,0.02,0.46808802476786315,0.016754924493620902,27.937340150119937,False,False,3,False,0.0016,False,0,True,0.0,0.0376,False,0.5751446280870929,26.693502836953698,1.2287104084158569,False,True,True,nan,nan,nan,False,3,2,0.0050000000000000044,0.018698843763076733,2.1759106092823624,False,False
100129572,13324,13273,OK,,51,0.003827679375562894,4,0.01053730944750599,1.9167964874369672,0.8455159523667168,False,13.309447238932682,2777.9259594981563,0.058,0.2892422595605021,0.0005755609246776228,502.5397784300758,False,False,45,False,0.014013410683342123,False,4,False,0.0,0.04580727793264522,False,0.21870525432382404,121.95615505772028,0.7561317445664487,False,False,False,0.22126742059400462,0.17235772221660783,1.5811709319555756,False,34,17,0.0050000000000000044,0.1434200335322674,6.375076755346411,True,False
100181142,1029,1026,OK,,3,0.0029154518950437317,2,0.08829493710044961,1.150887559930256,0.8491124400697443,False,13.00122178699392,1626.9119735237389,0.084,0.2120752131530392,0.0011697614258681058,181.2978342961288,False,False,5,False,0.004873294346978557,False,1,True,0.0,0.022417153996101363,False,0.20901306234533878,146.09439317327977,0.9855610150654868,False,True,True,nan,nan,nan,False,0,6,0.025000000000000022,0.044096752449630294,5.154945596396963,True,False
10062401,1072,1072,OK,,0,0.0,2,0.06977729428014497,1.0527347566369345,0.9472652433630655,False,8.447812327367725,1491.672080937584,0.02,0.2725820277100672,0.0032533923151073932,83.78394036412708,False,False,1,False,0.009328358208955223,False,0,True,0.0,0.04664179104477612,False,nan,nan,nan,True,True,True,nan,nan,nan,False,1,4,-0.455,0.011884256182273734,4.1768551763748425,False,False
102452553,904,904,OK,,0,0.0,2,0.09024918217378938,1.0185682496926045,0.9814317503073955,False,0.7158826375491849,1468.579241846674,0.5,0.006774290737685887,0.00021812917500232745,31.056325856518757,False,False,627,False,0.012168141592920354,False,30,False,0.028708133971291867,0.0420353982300885,False,0.0015589104232511808,6.921140244485413,0.23012157045147846,True,True,False,0.0014377111341707938,0.0018836689347279112,0.0544083871127436,False,373,384,nan,nan,nan,False,False
102563821,2188,2187,OK,,1,0.0004570383912248629,4,0.04025563364946247,1.2912817434819264,0.5225786114317423,False,22.7655435697392,1543.7438595328458,0.02,0.06209107203478272,0.0025278921514393375,24.562389657101928,False,False,2,False,0.003200731595793324,False,0,True,0.0,0.07087334247828075,False,nan,nan,nan,True,True,True,nan,nan,nan,False,1,3,-0.32499999999999996,0.01197655083089455,3.2977412388265877,False,False
10494030,33673,33613,OK,,60,0.0017818430196299706,6,0.0033083175926208537,1.4595494291088342,0.0,True,0.6503567246109433,1984.0491516869993,0.5,0.3429519671810216,8.786093363292816e-05,3903.3499076373514,False,False,25729,False,0.005087317406955642,False,241,False,0.0322981849275137,0.03263618242941719,False,0.0,0.0,0.0,True,True,False,0.0,0.0,0.0,False,15557,15419,nan,nan,nan,False,False
111096187,13531,13500,OK,,31,0.0022910354001921514,3,0.009889640553779173,1.3482480037326237,0.7227234034296305,False,35.01426699568714,2780.1654546718855,0.02,0.48609167367025174,0.0005601571935915323,867.7772582970892,False,False,10,False,0.004222222222222222,False,1,True,0.0,0.06066666666666667,False,0.3721450103868382,500.5227918160664,0.7655860623510472,False,True,False,nan,nan,nan,False,11,2,-0.015000000000000013,0.001909903006147351,5.684361892981354,True,False
111099065,11535,11514,OK,,21,0.0018205461638491547,3,0.02623237545829088,1.1505651880672652,0.9868775864298509,False,38.55342077561527,2707.7516508356002,0.12,0.7261890542936631,0.0010802750507975765,672.2260722003265,False,False,15,False,0.01936772624630884,False,2,True,0.7333333333333333,0.10048636442591627,True,0.6923145630425174,252.40761214425495,0.953353068252875,False,True,False,nan,nan,nan,False,0,25,0.345,0.039347115354680495,2.2263369303997242,False,False
111301408,19937,19883,OK,,54,0.002708531875407534,3,0.03452010643214536,1.2479957345827948,0.9727437525486845,False,30.990463358686462,3491.456270850097,0.12,0.975478942059209,0.0002858892087819725,3412.0873124775335,False,False,101,False,0.008902077151335312,False,2,True,0.48514851485148514,0.07046220389277272,True,0.8253188334793129,206.40651072299045,0.8460652484584523,False,True,False,nan,nan,nan,False,0,118,-0.455,0.16168311810909342,5.388975890371951,True,False
111316600,1072,1072,OK,,0,0.0,2,0.032760495792773715,1.0034238864727343,0.9965761135272655,False,0.6529299049819154,1492.0598439736511,0.5,0.002233960031183518,4.168079664460582e-05,53.596865007920364,False,False,811,False,0.0,False,36,False,0.040690505548705305,0.04477611940298507,False,0.00011319406368737184,3.7746490698871433,0.05066969064231796,True,True,False,0.00010072882561162899,0.00013846025720187782,0.0656501678084325,False,473,511,nan,nan,nan,False,False
111333525,1616,73,UNRELIABLE_DATA,,1541,0.9535891089108911,,,,,,,,,,,,,,,,,,,,,,,,,,,,,,,,,,,,,,,
111365249,36558,36528,OK,,30,0.0008206138191367143,5,0.09890166583185832,1.724821528466895,0.7156551271769261,False,2.133165827703776,2363.041602487385,0.084,0.14267792227102943,0.0003778547309353824,377.5999361390265,False,False,1444,False,0.0029018834866403856,False,48,False,0.0013850415512465374,0.04467805519053877,False,0.11859451466385984,293.48280457407265,0.8312043852066964,False,False,False,0.09927500610149786,0.10317751235919836,1.6385145578043732,False,868,862,-0.495,0.018948650409236878,3.180516190705235,False,False
118301243,23511,23506,OK,,5,0.0002126664114669729,4,0.006536013114884571,5.594705131701447,0.0,True,22.494348410428323,1801.2150493996153,0.02,0.8253358817467087,0.0018153990560456047,454.630555743759,False,False,1,False,0.000723219603505488,False,0,True,0.0,0.030502850336084405,False,nan,nan,nan,True,True,True,nan,nan,nan,False,0,2,0.08499999999999996,0.000909457750789544,2.77695568714296,False,False
118307212,3073,3072,OK,,1,0.0003254149040026033,5,0.08213499771831798,1.6902592797389695,0.7377021406213036,False,6.390616169778137,1517.9421573315742,0.17,0.15632981575365934,0.0002538412506181223,615.8566244571542,False,False,62,False,0.0016276041666666667,False,8,False,0.0,0.07259114583333333,False,0.17215116321287627,332.4779341438288,1.1012049261552757,False,False,False,0.13841109588721456,0.07580633968911754,10.518149875618155,True,59,19,-0.485,0.06296174685977651,6.909432081419956,True,False
118315649,30263,30263,OK,,0,0.0,4,0.013239826891386208,1.011737051151005,0.9618566371802656,False,28.226878973122794,2981.543115505586,0.084,0.0005922870774702899,6.789648608520045e-05,8.723383368132685,False,False,99,True,0.0,False,3,False,0.0,0.042824571258632656,False,0.000520314307979497,5.886121474618672,0.878483302728476,True,True,False,0.0006066423340946869,0.0003232611111027017,2.116440138973652,False,44,77,0.485,0.00013387340550352622,2.097653641739208,False,False
118326046,3864,3864,OK,,0,0.0,2,0.012425220624505275,1.0316123025287482,0.9683876974712516,False,12.60551417508799,2369.4447659840853,0.17,0.0425599319980339,0.0004576950669374849,92.98752613352292,False,False,50,False,0.0,False,2,True,0.0,0.037267080745341616,False,0.04345675474685595,78.29680200946243,1.0210719967518622,False,True,False,0.042601448385678586,0.04362342470398983,1.2286646119529936,False,29,29,0.07500000000000001,0.0022020652043300837,2.6061039697530277,False,False
119553433,904,904,OK,,0,0.0,2,0.0210873588250829,1.1147918659804215,0.8852081340195787,False,10.60681292932156,1469.704518323449,0.244,0.06901266955975258,0.00031598945066899434,218.40181504048,False,False,23,False,0.007743362831858407,False,2,True,0.0,0.04092920353982301,False,0.08244336725122403,202.82703353372398,1.1946120585850237,False,True,False,0.12033899764773304,7.627435769630431e-05,10.143117004205692,True,14,14,0.16500000000000004,0.02884710940795876,2.7088790427409695,False,False
12062325,1100,1100,OK,,0,0.0,2,0.0029024443907579465,1.0287086299399584,0.9712913700600415,False,9.355226051096462,1547.836444774969,0.02,0.2348408245525298,0.0013106834119722829,179.17433180843216,False,False,2,False,0.0,False,0,True,0.0,0.04454545454545455,False,nan,nan,nan,True,True,True,nan,nan,nan,False,2,4,0.29500000000000004,0.024344116852446418,3.8591327373461866,False,False
12066299,45976,45953,OK,,23,0.0005002610057421263,8,0.020447813224924668,4.740587148949633,0.5773969863612588,True,33.90827885075971,1684.6328952676097,0.244,0.0728488617461077,0.0015446369613303474,47.16244889243441,False,False,215,False,0.0034818183796487714,False,5,False,0.0,0.043979718407938545,False,0.04150138784117863,19.529900848023793,0.5696916444050828,False,True,False,0.040851722852044636,0.03582574107715941,0.7926518007025954,False,119,133,-0.044999999999999984,0.007336529002116232,2.4873609658874862,False,False
121368831,962,962,OK,,0,0.0,3,2.11929569311556,2.1403964164744655,0.48287076378344895,False,10.564307333407124,1603.534532815441,0.17,0.010759094309617669,0.00017098901503571405,62.92272230102292,False,False,9,False,0.0010395010395010396,False,1,True,0.0,0.10810810810810811,False,0.011033663618977063,21.131000769135724,1.0255197418535456,False,True,True,nan,nan,nan,False,8,2,-0.034999999999999976,0.002750434633647769,2.521620950177366,False,False
123580762,903,903,OK,,0,0.0,2,0.06450774171054205,1.0202998743220146,0.9797001256779855,False,1.0000994740818983,1469.1643434902073,0.244,0.00411508737053142,0.00013353291007505848,30.81702756435354,False,False,222,False,0.0,False,20,False,0.036036036036036036,0.04097452934662237,False,0.0037940109210863326,16.30978426329985,0.921975787988282,False,False,False,0.004962280766778515,0.002894098705928383,4.514455507655598,True,130,133,-0.255,0.002289727221001847,2.092391863926729,False,False
1253754963,1059,1036,OK,,23,0.021718602455146365,2,0.04352083387214818,1.1456553005228625,0.8543446994771375,False,13.480866184042066,1627.413492949331,0.17,0.20212995715002743,0.003007051036892286,67.21866528707935,False,False,10,False,0.017374517374517374,False,1,True,0.0,0.023166023166023165,False,0.20125930534545922,72.6005261078135,0.9956926137182032,False,True,False,0.0006577075885871864,0.20983794965757685,2.7645632805088103,False,3,9,0.11499999999999999,0.02320214151849398,0.24782610380212064,False,False
126114522,1072,1072,OK,,0,0.0,2,0.006651463931129005,1.080740351249904,0.9192596487500958,False,1.0189412221964602,1492.24435279092,0.5,0.010243196263278031,0.0002103772430365572,48.689659182852175,False,False,525,False,0.018656716417910446,False,22,False,0.015238095238095238,0.04477611940298507,False,0.0017186133523339198,5.827791115348199,0.16778096486300542,True,True,False,0.001042758198463667,0.002617119705576876,0.2251822307003916,False,316,317,nan,nan,nan,False,False
126971563,1081,1081,OK,,0,0.0,2,0.03413838671834502,1.0332042968055526,0.9667957031944474,False,4.489442915620061,1597.811340596305,0.244,0.1284800093581914,0.0004616701179313799,278.29396871921426,False,False,51,False,0.0,False,5,False,0.0196078431372549,0.03700277520814061,False,0.1490688833287741,211.38831332644494,1.1602496300664382,False,False,False,0.12807719721586364,0.1490688833287741,2.256400469491844,False,28,31,0.22499999999999998,0.004235873530397338,2.8756364868167212,False,False
127107006,904,904,OK,,0,0.0,2,0.02415580824275595,1.0729135838563415,0.9270864161436586,False,3.031988899022804,1470.069409668422,0.12,0.009811160009837665,0.0005946552313698455,16.498904730454846,False,False,40,False,0.011061946902654867,False,7,False,0.0,0.0420353982300885,False,0.008774542685687559,13.491161115007605,0.8943430416881706,False,False,False,0.0077825555680237635,0.008584599240633484,0.03213257875721921,False,20,27,-0.175,0.0036763605847371927,2.5714777366354875,False,False
132164203,2211,2211,OK,,0,0.0,3,0.08834318974788674,1.390635545648395,0.7883619443375065,False,13.136486446160513,1556.4021832937558,0.12,0.8005120916018498,0.0001602769080532255,4994.55661657768,False,False,6,False,0.004070556309362279,False,1,True,1.0,0.06558118498417007,True,0.7313025136383673,148.20849422535082,0.9135433696885303,False,True,True,nan,nan,nan,False,8,0,0.04500000000000004,0.029807546865491585,1.1826221581525713,False,False
132168199,1934,1934,OK,,0,0.0,4,0.12749999029307,1.1151582073065438,0.8584003557112152,False,15.984544339798903,1503.2755768014342,0.5,0.03890527724999599,0.00034039311077550696,114.29513705891202,False,False,47,False,0.0,False,2,True,0.5106382978723404,0.07549120992761117,True,0.03938250396025644,98.88868922854668,1.0122663747438145,False,True,False,0.0003382246401761879,0.07802166033995928,32.55800917716195,True,28,28,-0.10499999999999998,0.007520312013645447,6.2099314204217375,True,False
1324191533,1054,1042,OK,,12,0.011385199240986717,2,0.0,1.1136721029178085,0.8863278970821916,False,7.63018730229835,1629.9187161413643,0.17,0.03564799448256285,0.00038391109643129954,92.85481668525313,False,False,25,False,0.01055662188099808,False,3,False,0.0,0.06525911708253358,False,0.03746131571503064,14.999205983524055,1.0508674122847155,False,False,False,0.008828223161657434,0.04503121258569398,3.006193435001755,True,12,20,-0.355,0.013188372444106089,3.6487382192992843,False,False
133688675,1934,1934,OK,,0,0.0,4,0.04501600428682932,1.3656999170447088,0.9243339201008008,False,2.8524264709579223,1492.4575950326196,0.12,0.019507988781170507,0.00027214302630298965,71.6828538514573,False,False,82,False,0.0,False,14,False,0.06097560975609756,0.07549120992761117,False,0.01872075249130878,48.267881759085306,0.9596454407118798,False,False,False,0.017766668483861547,0.017275868783801496,0.37330154885681976,False,50,48,0.14500000000000002,0.0021714623825977997,2.422576987409938,False,False
138344101,31359,31346,OK,,13,0.00041455403552409194,9,0.05441647848621245,1.2943189545378142,0.0,True,39.32248403368655,1870.7533173862612,0.02,0.8280007910223401,0.003740216311417196,221.37778194668223,False,False,1,False,0.0007656479295603905,False,0,True,1.0,0.07503349709691827,True,nan,nan,nan,True,True,True,nan,nan,nan,False,1,0,0.025000000000000022,0.0012341257593228017,3.5825727944174797,False,False
138351791,35475,35475,OK,,0,0.0,8,0.02662597679817725,1.097485535439465,0.9058768514314329,False,28.176480676917265,2916.430000819076,0.058,0.0007564287501649326,0.0001369323515442411,5.524105455244008,False,False,75,True,0.0,False,3,False,0.0,0.07585623678646934,False,0.0008677392155369557,5.1409537693492915,1.1471526106692174,True,True,False,0.0005478469056756641,0.0008459271347855957,1.1450581696010513,False,30,61,-0.475,0.00012171011856376701,1.9879967738538002,False,False
139783888,1072,1072,OK,,0,0.0,2,0.0527679747854772,1.022649713948636,0.9773502860513642,False,2.9822154661029634,1494.0551199620384,0.5,0.0073704059218797045,0.00015825864799132375,46.57189995888107,False,False,181,False,0.0,False,8,False,0.0718232044198895,0.04664179104477612,False,0.005634277244479402,19.432591237345363,0.7644459890266763,False,False,False,0.006345801598549139,0.004910306990694502,0.9510299998973095,False,103,115,0.19500000000000006,0.0023822266547322,1.8210149103978703,False,False
139805341,1062,1062,OK,,0,0.0,2,0.05782603721134847,1.0005025304321666,0.9994974695678333,False,2.931490939119338,1327.0563915991297,0.084,0.01083435473514914,0.00047998489351845614,22.572282756087496,False,False,22,False,0.0,False,4,False,0.09090909090909091,0.07532956685499058,False,0.010470460540915827,20.3623896084221,0.9664129333837707,False,False,False,0.008770512305117162,0.011261360180044422,2.8845117157241082,False,10,18,0.455,0.002263557469894595,3.191482262826477,False,False
139825941,4631,4631,OK,,0,0.0,4,0.017272363855413437,1.107979494154131,0.9283649849509723,False,1.9705768325008552,1439.9588218054919,0.12,0.14003042260504556,0.00016460719143699697,850.6944403983825,False,False,281,False,0.00021593608291945585,False,25,False,0.05693950177935943,0.06262146404664219,False,0.06765196691713238,90.62662426930203,0.48312335033040704,True,True,False,0.05347186582294838,0.033634833948108844,14.51268612685623,True,165,172,-0.275,0.00415522854059458,2.3295248728336437,False,False
14091926,2027,2014,OK,,13,0.006413418845584608,4,0.07593285342727832,1.1666464171704036,0.856324192540779,False,13.648709657862538,1450.8629174641972,0.084,0.40671034027326064,0.0017216271184356195,236.2360210977762,False,False,4,False,0.004965243296921549,False,1,True,1.0,0.06355511420059583,True,0.36582923035132064,137.4418049212717,0.899483475402979,False,True,True,nan,nan,nan,False,0,4,0.255,0.003389888808307484,0.06984235431273347,False,False
1422784692,1029,1029,OK,,0,0.0,2,0.05157567841805052,1.0116920787519894,0.9883079212480104,False,13.043226716084003,1626.8279344227224,0.084,0.3409183289933599,0.0011865756887389045,287.3127540272536,False,False,4,False,0.0,False,1,True,0.0,0.022351797862001945,False,0.34428787081439594,203.99118673793237,1.0098837215088594,False,True,True,nan,nan,nan,False,0,6,0.025000000000000022,0.0257566992743411,5.059868473046066,True,False
142780405,23573,23573,OK,,0,0.0,10,0.0821721137981749,1.6316521531882957,0.6325583958178999,False,2.7193359258562024,1685.2472926820317,0.17,0.04311099356006805,6.629769632470077e-05,650.2638243857958,False,False,1466,False,0.0,False,65,False,0.13710777626193724,0.07181945446061172,False,0.008339165240331403,62.28618334869337,0.19343477270390796,True,True,False,0.007210595532061825,0.010357667711111573,5.220917276325076,True,964,794,-0.475,0.006040668630997059,4.6116896939182705,False,False
142785734,26409,26409,OK,,0,0.0,15,0.0577923536102472,1.8381388120590183,0.37001370889905727,False,2.7493398729926866,1684.48884296288,0.12,0.004007539119250707,4.6645395838753924e-05,85.9149986228901,False,False,1112,False,0.0,False,68,False,0.09262589928057553,0.10382824037260024,False,0.004182737356314137,79.26005416464908,1.0437171620413745,False,False,False,0.0018237102382233639,0.005662292162927796,39.59269454596874,True,651,682,-0.495,0.0,0.0,False,False
142794067,19077,19077,OK,,0,0.0,13,0.051646176650635464,1.881490276358222,0.6099504742991905,False,14.918389775622888,1684.1564778814516,0.028,0.0034225463655567227,0.0006350613828051535,5.389315833437808,False,False,36,True,0.0,False,4,False,0.6666666666666666,0.11301567332389789,True,0.0029859399304520418,4.812094911667159,0.8724322803925956,True,True,False,0.0031209665126372688,0.0024770463334574666,0.6255667126819021,False,22,22,-0.0050000000000000044,0.001048006117678968,3.947689308252631,False,False
142834508,1072,1072,OK,,0,0.0,2,0.03594722001125051,1.0551366751111564,0.9448633248888435,False,0.7681337850006783,1492.176759241607,0.5,0.00463990951753545,7.512302032420437e-05,61.764150289901046,False,False,698,False,0.0009328358208955224,False,30,False,0.04011461318051576,0.04477611940298507,False,0.00016546452463228611,2.136748195558724,0.035661153306320255,True,True,False,0.00010249723421873469,6.234632144952457e-05,0.025909314805150026,False,419,423,nan,nan,nan,False,False
145599063,1966,1966,OK,,0,0.0,4,0.11994044358275793,1.103859536170853,0.7745350155081357,False,13.22863733470855,1517.5518286066908,0.244,0.03302360448828583,0.0006144050100381914,53.74891797551112,False,False,32,False,0.001525940996948118,False,3,False,0.25,0.06307222787385554,False,0.03224631992106619,54.12358917680721,0.9764627581009407,False,False,False,-0.0036858916384179263,0.04362536654972282,8.660791738700688,True,14,23,0.025000000000000022,0.0024403120099214526,0.2639179568504701,False,False
145599985,1966,1966,OK,,0,0.0,4,0.16638932605957948,1.0651557632958077,0.6821419163063807,False,13.35874370368884,1530.5298089304658,0.5,0.042596675287673726,0.00018006927634698508,236.5571526238153,False,False,36,False,0.003051881993896236,False,2,True,0.4166666666666667,0.06307222787385554,True,0.04359956728134928,141.80058683711368,1.0235439030605697,False,True,False,0.06270937849428138,0.02664829158061044,6.7284563934604815,True,15,29,0.04500000000000004,0.0016986633762672287,2.3384026714154214,False,False
145910296,1934,1910,OK,,24,0.012409513960703205,4,0.11514931080478466,1.2060107246149414,0.6991359721059399,False,0.8239918373348164,1492.1060213458304,0.5,0.007503688721624654,0.00011329497767022865,66.23143298960598,False,False,1146,False,0.014659685863874346,False,51,False,0.059336823734729496,0.07015706806282722,False,0.00032489282797909524,2.3628667247030326,0.043297748618329066,True,True,False,0.00010497028415346055,-1.334512906558949e-05,0.0179895755691637,False,676,706,nan,nan,nan,False,False
146112370,2189,2187,OK,,2,0.0009136592051164915,4,0.14546835385588727,1.9100395758010746,0.4067788051023087,False,13.394864088261922,1555.5067315659915,0.058,0.5018926263366216,0.0005978743904729729,839.4616567195309,False,False,3,False,0.001828989483310471,False,1,True,1.0,0.07041609510745313,True,0.5414707062886712,93.30855836326506,1.0788576637216911,False,True,True,nan,nan,nan,False,1,4,0.10499999999999998,0.05792944158204827,6.885343879756374,True,False
146628522,1934,1907,OK,,27,0.013960703205791106,4,0.2375100061590259,1.190142392018654,0.7793575930185955,False,2.6499790527448117,1492.922075880755,0.12,0.08560525278090926,0.0005601561013922802,152.82392277462574,False,False,83,False,0.0047194546407970635,False,15,False,0.07228915662650602,0.06974305191400104,False,0.08832546717172884,100.5236266306255,1.031776255573726,False,False,False,0.0829556641160647,0.08107132630521852,0.17424047377129748,False,49,52,-0.41500000000000004,0.004249098175008514,2.734523112236894,False,False
147008957,862,837,OK,,25,0.029002320185614848,2,0.031074347571016517,1.1295583105619502,0.8704416894380498,False,11.170060855440722,1523.9278446385485,0.17,0.09379886773422448,0.0010843681713476327,86.50094148157538,False,False,16,False,0.010752688172043012,False,2,True,0.5625,0.05973715651135006,True,0.09921803731533108,65.72369773023465,1.057774360309568,False,True,False,0.16863328311949066,0.0015173279267995943,4.027757719758759,True,9,9,0.025000000000000022,0.01552569291700423,4.5598232459487535,False,False
147556707,1146,236,UNRELIABLE_DATA,,910,0.794066317626527,,,,,,,,,,,,,,,,,,,,,,,,,,,,,,,,,,,,,,,
147607157,33297,33292,OK,,5,0.00015016367840946633,10,0.11905430421810773,1.5971470376530257,0.0,True,38.914696976144256,1719.4175397052563,0.058,0.5728425398496759,0.002137523471992254,267.9935670207002,False,False,19,False,0.009912291241139012,False,1,True,0.0,0.060795386278985945,False,0.64475679891844,296.56511589319683,1.12553931327732,False,True,False,nan,nan,nan,False,21,0,-0.05499999999999999,0.0016694317916154944,0.012743407849062905,False,False
149943542,1077,1051,OK,,26,0.02414113277623027,2,0.0513780258400077,1.003308221718193,0.996691778281807,False,13.678668521093062,1625.7120461176225,0.028,0.26578030849258466,0.006354644144724412,41.82457781105397,False,False,2,False,0.0028544243577545195,False,0,True,0.0,0.022835394862036156,False,nan,nan,nan,True,True,True,nan,nan,nan,False,0,2,0.125,0.011463397457181612,2.8844823883902686,False,False
150190751,12295,12225,OK,,70,0.0056933712891419274,22,1.0842783890331484,46.51921814078692,0.6797655302570339,True,37.510166557549184,1349.000126688293,0.058,0.24486897099790927,0.0006395120008871546,382.89972769583375,False,False,12,False,0.004989775051124744,False,2,True,0.0,0.08376278118609407,False,0.002677757049032614,1.7610903975572414,0.010935469031131254,True,True,False,0.004205645741440112,0.00010337395206017064,0.14844775977231053,False,8,8,-0.05499999999999999,0.004923170977685576,3.677466800911316,False,False
150250206,12295,12295,OK,,0,0.0,22,55.24743475384109,85.1382475283728,0.8512787866988185,True,37.52045806847673,1349.003117106293,0.02,0.11630987603551073,0.0009870715001426857,117.83328362605708,False,False,2,False,0.0037413582757218383,False,0,True,0.0,0.08385522570150468,False,nan,nan,nan,True,True,True,0.00018135336574409688,-9.114339719795694e-05,0.014283575567496943,False,7,4,0.375,0.000814533375546489,2.4240925288796964,False,False
150250215,12295,12269,OK,,26,0.0021146807645384303,22,40.12013483170471,65.18233341655117,0.7270752621631741,True,32.999773540168874,1353.481118422443,0.02,0.6344552488455201,0.0005577543140680268,1137.5174209197392,False,False,2,False,0.00586844893634363,False,0,True,0.0,0.08313635993153476,False,nan,nan,nan,True,True,True,0.0010595918152763728,-0.0008505056604808381,0.06808587712219126,False,9,6,0.21499999999999997,0.0006825549218621996,2.8440892237648843,False,False
151718783,1934,1934,OK,,0,0.0,4,0.1594374135528344,1.413919746149826,0.8558462238213459,False,2.018799415825682,1491.9338055854348,0.12,0.03435923015102973,0.0002913912198969686,117.91443188706447,False,False,111,False,0.017580144777662874,False,20,False,0.0,0.07600827300930714,False,0.029161407940637818,59.69513643619932,0.8487212260710058,False,False,False,0.026593378510493593,0.025402392125129847,0.0693963004267994,False,64,70,-0.495,0.009656258379987515,4.1984072760065425,False,False
152820470,11130,11130,OK,,0,0.0,4,0.023657467536120184,1.2329495579665792,0.6353570504172806,False,31.178063221921185,2081.5266683833997,0.244,0.11406552501800125,0.000270875904190398,421.09882515731215,False,False,139,False,0.0,False,2,True,0.0,0.0775381850853549,False,0.11985292440567974,325.64824577830205,1.0507374983525053,False,True,False,0.11135709711239972,0.11050224743208803,0.6482721453894421,False,126,42,-0.15499999999999997,0.09703096833095226,8.93674325229489,True,False
152891227,1032,1029,OK,,3,0.0029069767441860465,2,0.04361986896229341,1.1934624556207583,0.806537544379242,False,12.959305196743003,1627.941065916035,0.35000000000000003,0.031864052497624,4.46014268304026e-05,714.4177835114424,False,False,22,False,0.0,False,2,True,0.0,0.022351797862001945,False,0.03582464544744379,121.96635905791935,1.1242965862586098,False,True,False,-0.0001884642853953178,0.038223171370707965,11.521868539025334,True,8,18,-0.29500000000000004,0.0015922881065796313,0.22816946789033027,False,False
153332970,1934,1905,OK,,29,0.01499482936918304,4,0.02222654353915295,1.3037768978765922,0.7809815811172024,False,4.313912729511634,1495.49626666209,0.12,0.14744769912249783,0.0006692522510796117,220.31707608699253,False,False,42,False,0.003674540682414698,False,7,False,0.0,0.07034120734908136,False,0.15531653325542694,158.1425889727541,1.0533669509918344,False,False,False,0.14801712837354586,0.15315295779153193,0.3948424300310747,False,21,27,0.495,0.018875258985114773,5.412967205891396,True,False
154229997,1934,1906,OK,,28,0.014477766287487074,4,0.046129394572545585,1.4980910616204477,0.8171342595949301,False,1.0112343888594786,1492.3062855238861,0.084,0.02537840007049197,0.0002821662477802809,89.94130329242564,False,False,159,False,0.013641133263378805,False,39,False,0.03773584905660377,0.07030430220356768,False,0.021741884946278156,34.63150679714831,0.8567082592238716,False,False,False,0.020287599326118233,0.019980613510774514,0.028693855791770115,False,96,96,-0.475,0.0046160827403058935,2.6340101658592907,False,False
154833937,1934,1910,OK,,24,0.012409513960703205,4,0.1629313318435081,1.1506894042993185,0.7475822730514622,False,15.1166817097958,1503.3492630217133,0.35000000000000003,0.11789138108447965,0.0007239969312118084,162.8340894859263,False,False,7,False,0.0036649214659685864,False,1,True,0.2857142857142857,0.07015706806282722,False,0.12859151028899296,84.77956484974065,1.0907626079708552,False,True,True,nan,nan,nan,False,8,0,-0.07500000000000001,0.018813671580962255,7.493962949043221,True,False
154834032,1934,1910,OK,,24,0.012409513960703205,4,0.13475275350089763,1.2701719532408937,0.8343253815354262,False,14.474780810895671,1504.0492604345425,0.35000000000000003,0.11560180272956452,0.0007827519769827636,147.68637592608738,False,False,6,False,0.0036649214659685864,False,1,True,0.16666666666666666,0.07015706806282722,False,0.12318324576305051,61.263501540113644,1.0655823945169938,False,True,True,nan,nan,nan,False,7,0,0.08499999999999996,0.003659385943309279,1.4337411068437436,False,False
158376010,2292,223,UNRELIABLE_DATA,,2069,0.9027050610820244,,,,,,,,,,,,,,,,,,,,,,,,,,,,,,,,,,,,,,,
158422600,19460,19460,OK,,0,0.0,4,0.0010215108062389192,1.5196208703914356,0.0,True,38.0282162960164,2040.419648266234,0.028,0.19362497635018716,0.0005867892466393232,329.97362759989534,False,False,16,False,0.0008735868448098664,False,2,True,0.0,0.06649537512846865,False,0.22409136023498044,305.90909072593365,1.1573473859575443,False,True,False,-0.0005218232580816995,0.22409136023498044,23.84597081068257,True,4,14,0.07500000000000001,0.0016966010310608404,3.162803840621138,False,False
158425914,8513,8513,OK,,0,0.0,3,0.15127576573890159,1.2395778782866016,0.8844526234605617,False,15.964280367424534,2021.91158864698,0.5,0.0402414070396364,0.0009110936124182993,44.16824626047411,False,False,24,False,0.0,False,1,True,0.9583333333333334,0.06836602842711148,True,0.03898312951688798,30.73395022519695,0.9687317711950515,False,True,False,nan,nan,nan,False,0,35,0.04500000000000004,0.0026811894357885446,2.311865384659828,False,False
158433771,14550,14550,OK,,0,0.0,8,0.06406357001552354,1.437121654149173,0.5633930400858089,False,36.79673156406998,2016.0582322932164,0.5,0.014544046804649855,5.4322281183699655e-05,267.7363042885992,False,False,93,False,0.0,False,2,True,0.0,0.1372508591065292,False,0.02691565298723675,285.5071646720318,1.8506302509031796,False,True,False,nan,nan,nan,False,0,113,-0.044999999999999984,0.0014181398072464768,7.424186402950991,True,False
158436333,16789,16789,OK,,0,0.0,5,0.00888719716751869,1.0609715486987095,0.7806047448288257,False,0.6832811160215566,3340.224000416861,0.5,0.00016663555750485624,4.256300259426685e-06,39.15032947588658,False,False,12222,False,0.0,False,62,False,0.10072001309114711,0.0975043183036512,False,0.00015861524004234795,33.51141107638834,0.9518691113553327,False,False,False,0.00020629232010449527,0.0002103685443259895,0.5387962303505135,False,7396,7297,nan,nan,nan,False,False
159722016,12253,12253,OK,,0,0.0,6,0.014327114234953232,1.0477168764213318,0.7045426220943912,False,5.25864234315857,1714.2840119213574,0.35000000000000003,0.0002095842591209993,2.5979142838850468e-05,8.067404703113485,False,False,883,True,0.0,False,21,False,0.07134767836919592,0.08014363829266302,False,0.00017499194537229368,5.408281855633933,0.8349479398224537,True,True,False,0.00016444218221645102,0.00012953511598967626,0.7385976133517109,False,584,480,0.385,0.00026201234827283315,2.554824316025473,False,False
159730525,58561,58561,OK,,0,0.0,8,0.03956454583915806,1.042573926251031,0.9772615940704334,False,27.189338658584614,2088.026341250507,0.5,0.00408658427241629,5.06096814304899e-05,80.74708547669931,False,False,720,False,0.0,False,2,True,0.0,0.0858250371407592,False,0.004388511715175292,70.45612146638769,1.0738825930489082,False,True,False,nan,nan,nan,False,0,864,-0.015000000000000013,0.00013528076434088376,2.72253744879306,False,False
16455697,1072,1072,OK,,0,0.0,2,0.010788916653699408,1.0696701990835211,0.930329800916479,False,12.106035000407607,1491.7623844241602,0.084,0.19184665085611444,0.0025661120590558858,74.76160293899945,False,False,9,False,0.0037313432835820895,False,2,True,0.0,0.04664179104477612,False,0.20089455314923177,39.332948377586135,1.0471621592180063,False,True,True,nan,nan,nan,False,0,10,0.08499999999999996,0.06287936631586899,5.840758766712664,True,False
165470101,6176,6174,OK,,2,0.0003238341968911917,10,5.221709856177636,18.54495505017767,0.7603852912316281,True,32.71135267170952,1736.1436110714017,0.5,0.4628529247217993,0.0036555091222476768,126.617909911603,False,False,24,False,0.0,False,1,True,1.0,0.09944930353093619,True,0.35490407443626837,384.7057013827318,0.7667750498705085,False,True,False,nan,nan,nan,False,0,26,0.015000000000000013,0.23823110696532757,9.89472967511612,True,False
170149900,1086,1086,OK,,0,0.0,2,0.14639650786225977,1.0661239985241289,0.9338760014758711,False,1.1853195295072274,1625.7698882655961,0.244,0.01552228178907085,0.00016263249605830615,95.44391290351888,False,False,218,False,0.0,False,22,False,0.05045871559633028,0.02117863720073665,False,0.015433682195320486,43.17848685516966,0.9942921024785966,False,False,False,0.01124512186967852,0.01629086912764377,6.641387894817444,True,138,126,-0.20500000000000002,0.01092084196326526,4.784923081637173,False,False
173760050,9505,9505,OK,,0,0.0,2,0.0040415121913478305,1.0095806815065052,0.9904193184934948,False,11.347246984129374,2970.1026793653605,0.12,0.0013896376299884165,0.0001405717362972787,9.885611906006728,False,False,102,True,0.0,False,2,True,0.0,0.04566017885323514,False,0.0014038795161097628,8.201192744463302,1.010248633034977,False,True,False,0.0010725394802810762,0.0011963791616524944,0.49112100917521734,False,58,62,0.32500000000000007,0.000538100212025161,2.523343303759596,False,False
173814613,1086,1086,OK,,0,0.0,2,0.08863970192042439,1.0705049806823175,0.9294950193176826,False,0.7738239218571173,1625.2647825517574,0.058,0.006875312409044005,8.179626276529652e-05,84.05411416866072,False,False,77,False,0.0,False,18,False,0.0,0.02117863720073665,False,0.007129802631394733,26.463966560189597,1.037015077600832,False,False,False,0.006236149990192064,0.006640674122129209,0.6954556312441188,False,49,42,0.495,0.007390102538082255,3.8344866664414146,False,False
176219103,24889,24861,OK,,28,0.0011249949777009925,3,0.010555920544920275,1.3896423072974466,0.5149901480209619,False,36.22582684631797,2457.014117029681,0.04,0.29158221251843464,0.0011749447722466412,248.1667389020277,False,False,23,False,0.008286070552270625,False,2,True,0.0,0.034109649652065484,False,0.25995974811830425,86.2772613668192,0.8915487192205487,False,True,False,0.09818030805155542,0.33277958768337323,8.450983409355695,True,21,7,0.05500000000000005,0.00912055960240199,0.2981112229058605,False,False
180023497,12746,12638,OK,,108,0.008473246508708614,3,0.4378327843348943,1.662237911927578,0.40175140616442573,False,24.632501143178306,2351.4751476889187,0.244,0.8902333004824237,0.013235775208453579,67.25962676623875,False,False,76,False,0.2833517961702801,True,2,True,0.0,0.09202405443899352,False,0.6496493303743565,13.213694060859673,0.729751774082487,False,True,False,nan,nan,nan,False,0,94,-0.395,0.1287165313721721,0.950483427320752,False,False
180061715,13114,13083,OK,,31,0.002363885923440598,4,0.048465266823301004,1.407195424666144,0.5880560851664417,False,0.7533733909223077,2770.424611574272,0.5,0.13347163355376213,0.00016260865477028312,820.8150651164121,False,False,8798,False,0.003286707941603608,False,69,False,0.06615139804501023,0.0538102881602079,False,0.0,0.0,0.0,True,True,False,0.0,0.0,0.0,False,5187,5330,nan,nan,nan,False,False
181570507,1177,1177,OK,,0,0.0,1,nan,nan,nan,False,13.334842091842658,1656.1916220543203,0.028,0.25307651549561644,0.0013461707438258146,187.99733737814972,False,False,2,False,0.011045029736618521,False,0,True,0.0,0.03313508920985556,False,nan,nan,nan,True,True,True,nan,nan,nan,False,0,2,0.0050000000000000044,0.0038232585429944788,0.3530917683348908,False,False
181598127,1966,1966,OK,,0,0.0,4,0.12323619364638184,1.1620953709993345,0.8228720686174694,False,21.254182216885418,1535.3226917509705,0.5,0.034813297964921816,8.739880135422134e-05,398.3269498608558,False,False,27,False,0.0,False,2,True,0.8888888888888888,0.06358087487283826,True,0.03670543479117094,66.6809082576847,1.0543509789895706,False,True,False,0.0207047562671705,0.035641384652801866,6.851807641762002,True,4,29,0.025000000000000022,0.006958536946082949,3.9189016967951424,False,False
183423058,10341,10332,OK,,9,0.0008703220191470844,2,0.025808471980932984,1.1029270141504317,0.8970729858495683,False,13.22223206982153,3491.37034253653,0.084,0.29322163484584485,0.00872230667032444,33.61744157006785,False,False,69,False,0.01577622919086334,False,2,True,0.0,0.03068137824235385,False,0.32765971317109077,35.616781203640215,1.117447262523282,False,True,False,0.14990795884987074,0.3451717638754177,7.876559007273401,True,44,41,-0.034999999999999976,0.08866406311178388,5.688636640383887,True,False
183450230,13581,13492,OK,,89,0.006553272954863412,3,0.0033674989221439905,1.1003828616003135,0.5728723720782297,False,0.7739019199365703,2770.2723559186807,0.35000000000000003,0.10762236351613053,0.0001490794894388771,721.9126113270995,False,False,6068,False,0.009264749481174029,False,66,False,0.05718523401450231,0.06477912837236881,False,0.00020067692556002825,1.0667054334996153,0.0018646396436921833,True,True,False,0.0003209939267788675,0.0002070714758108938,0.06822103374778116,False,3722,3557,-0.495,0.0,0.0,False,False
183455550,13652,13647,OK,,5,0.000366246703779666,3,0.0016698215448473065,1.503874679503756,0.7879032780521379,False,34.4426599277983,2792.708455477263,0.35000000000000003,0.9325781292256432,0.0002406853634798169,3874.6773619404003,False,False,81,False,0.0008060379570601598,False,2,True,0.0,0.05993991353411006,False,0.9526026352891248,2734.0430819967246,1.0214722020986153,False,True,False,0.9551938879411285,0.9165463553617699,6.075922116765871,True,61,36,-0.385,0.022715316492805115,9.581423808589992,True,False
183479054,10396,10396,OK,,0,0.0,2,7.452154294900257e-05,1.0332168716273866,0.9667831283726136,False,6.842035163047055,3484.464293624761,0.04,0.12791389127741729,0.0005239415916946581,244.13769264563894,False,False,69,False,0.0015390534821085034,False,4,False,0.0,0.030588687956906502,False,0.12023956901360766,160.89820257207813,0.9400039965388458,False,False,False,0.22921147137662923,0.0009931308562236563,61.74192413782658,True,41,42,0.015000000000000013,0.0026738217193285063,2.755575169557911,False,False
183517144,50882,50882,OK,,0,0.0,6,0.024572857246320128,1.265385138707483,0.7424332663029618,False,38.34247412114267,2230.2822204991894,0.028,0.15036991726358592,0.000888255665596552,169.28675277584364,False,False,20,False,7.861326205730907e-05,False,3,False,0.2,0.030187492630006682,False,0.0031285506154763443,2.3741671509202273,0.020805694865098954,True,True,False,0.6889616218136588,0.0010930041654455547,175.0671017535232,True,4,20,0.07500000000000001,0.001015821439812048,4.241032205273827,False,False
183532608,42857,42857,OK,,0,0.0,7,0.024093170142208523,1.3316578403883408,0.9333743165948534,False,8.158598937694084,2093.225697868994,0.17,0.3029159669527961,0.0006460631511293087,468.86433071334204,False,False,772,False,0.0,False,7,False,0.20984455958549222,0.09814032713442378,False,0.35074908089561074,385.43168136593266,1.1579088564528146,False,False,False,0.344269000866663,0.32873033677605046,10.367511618666954,True,292,638,0.235,0.0037069714359053707,2.3383937879848324,False,False
186140008,67627,67523,OK,,104,0.001537847309506558,13,0.8025135569713915,15.311586524001546,0.0,True,39.128791797229525,1721.9551195773383,0.02,0.08153712140470143,0.00219073792115294,37.21902132491966,False,False,24,False,0.03480295602979725,True,3,False,0.0,0.03812034417902048,False,0.0006330623965689064,0.15280561685854704,0.0077641003957788,True,True,False,nan,nan,nan,False,0,29,-0.435,0.0018464062903061906,3.3169148773871044,False,False
188152605,1049,1041,OK,,8,0.0076263107721639654,2,0.185245951604654,1.0326106719845407,0.9673893280154595,False,13.04578337492909,1628.5780110631536,0.12,0.21588471048680835,0.0011775969283462136,183.32648913239882,False,False,6,False,0.008645533141210375,False,1,True,0.0,0.06532180595581172,False,0.2193332994507261,45.29654175514068,1.0159742158494753,False,True,True,nan,nan,nan,False,7,1,-0.125,0.05479976102507067,7.173937173344024,True,False
188774873,2292,274,UNRELIABLE_DATA,,2016,0.8795811518324608,,,,,,,,,,,,,,,,,,,,,,,,,,,,,,,,,,,,,,,
192860401,2167,2167,OK,,0,0.0,4,0.03631744221945127,1.3681352038274093,0.6299481392266587,False,2.913007961571275,1596.9286462087996,0.244,0.042169085853840944,0.0002017824058186961,208.98296698737138,False,False,201,False,0.003230272265805261,False,20,False,0.004975124378109453,0.046608214120904476,False,0.04347095349977337,100.88052381427032,1.0308725603026996,False,False,False,0.042262294844348736,0.03482027729172599,3.1984481424028575,True,116,117,0.31500000000000006,0.0032878980610101527,2.739838049892602,False,False
193427041,1032,1029,OK,,3,0.0029069767441860465,2,0.004231424609202905,1.0802493039478325,0.9197506960521676,False,13.032645752205783,1626.835984828616,0.028,0.35679501691712734,0.0012516679449630843,285.055647828107,False,False,2,False,0.0,False,0,True,0.0,0.022351797862001945,False,nan,nan,nan,True,True,True,nan,nan,nan,False,0,2,0.255,0.02961870482725426,1.870979896242856,False,False
193479325,65919,65919,OK,,0,0.0,9,0.01489321777946716,1.965914942215882,0.0,True,39.128791797229525,1721.954918420951,0.02,0.12037976832208584,0.0014994664597360883,80.28173457329157,False,False,23,False,0.0,False,3,False,0.0,0.027670322668729805,False,0.0029271548095731736,1.3085835945086575,0.024316003015899926,True,True,False,0.0019308176592729431,0.0,0.4617086155302045,False,10,19,0.485,0.001101148455859402,5.586949968170868,True,False
193548084,65918,65918,OK,,0,0.0,9,0.06056201334630459,2.4026599725900253,0.34843484392830415,False,0.9530432727144372,1683.5509405813414,0.244,0.005171013531898979,6.222250963681372e-05,83.10519074337638,False,False,16904,False,0.0,False,252,False,0.0315309985802177,0.027670742437573954,False,0.004993759133540943,61.38910950407702,0.9657215365489592,False,False,False,0.004735133931278113,0.004262453890837681,3.3917971518173213,True,10163,10135,-0.485,0.0015986158843261933,0.9899038271285776,False,False
1967580798,46875,46875,OK,,0,0.0,10,0.03930455812074959,2.999083946704471,0.1805218920012502,True,4.067797167278933,1685.2327900644711,0.244,0.013009244690863217,0.00020357025785655743,63.905429151786876,False,False,2835,False,0.0,False,54,False,0.05925925925925926,0.04512,False,0.012760661799262829,50.88039149510051,0.9808918275036386,False,True,False,0.011212171935039539,0.010348083854406331,1.88758424153604,False,1676,1724,-0.495,0.003821476248972111,2.8198748217971192,False,False
20255090,1046,1029,OK,,17,0.016252390057361378,2,0.012729625507850239,1.103598623232836,0.8964013767671638,False,0.8958690906427879,1627.0482250583352,0.02,0.5399908632258957,0.002149579204243499,251.2077071456107,False,False,25,False,0.0,False,0,True,0.0,0.022351797862001945,False,0.0012999711967940364,0.7614269871435537,0.002407394801141693,True,True,False,0.000972795627553702,-0.0014015754925260637,0.5714605914299593,False,24,26,0.475,0.0038601452009878745,2.5959485997510936,False,False
203001134,43068,43030,OK,,38,0.0008823256245936658,9,0.012939374474373988,1.569563629781895,0.0,True,9.067429726555861,1689.5885610237901,0.12,0.03057165360704323,0.0004692568743754806,65.14907991008144,False,False,587,False,0.0035788984429467813,False,20,False,0.17546848381601363,0.04957006739484081,False,0.028947547015352404,46.48832651859407,0.9468754090777525,False,True,False,0.026861508650093624,0.019960979415283298,2.312444695822971,False,414,290,0.375,0.015667717060213193,6.95261062811807,True,False
203037220,23346,23342,OK,,4,0.0001713355606956224,4,0.005435820506542953,17.018981179608602,0.0,True,28.95219758593119,1803.2934318841737,0.058,0.5452042055564547,0.0008272187747073086,659.0810342153586,False,False,7,False,0.000471253534401508,False,1,True,0.0,0.03076000342729843,False,0.5217091113778052,457.7176856691874,0.9569058823479368,False,True,True,nan,nan,nan,False,10,0,-0.16499999999999998,0.0020470965047412193,4.359560284023053,False,False
20776866,50434,50434,OK,,0,0.0,10,0.005856709226121188,14.335537201195518,0.6273908708377068,True,33.00882755301831,1693.7319540953276,0.028,0.12292267167574825,0.0007774193320986945,158.11630429090363,False,False,19,False,0.0007336320736011421,False,2,True,0.0,0.04774556846571757,False,0.0012849776839392035,1.037626075851952,0.010453545033000779,True,True,False,-9.186862691157316e-05,0.0026551832305170553,0.47322816549403846,False,15,9,-0.05499999999999999,0.0006975125092625323,2.8885461633202607,False,False
207812312,1086,1086,OK,,0,0.0,2,0.05031673642662932,1.0394442322069075,0.9605557677930926,False,2.8304511838046094,1626.5898469906267,0.244,0.042988104699059934,0.0002629663685430276,163.47377399336924,False,False,86,False,0.0,False,10,False,0.0,0.022099447513812154,False,0.04423352576969575,73.41007165493001,1.0289712951839687,False,False,False,0.0474223730661808,0.03866705321767083,6.75991002433397,True,47,54,0.17500000000000004,0.003249737707370026,1.931456986286597,False,False
20783571,45634,45625,OK,,9,0.00019722137003111716,7,0.006115782218400259,3.488109391190481,0.7373294009411845,True,32.25688316765252,1713.0869131633374,0.058,0.16373881509189425,0.0012304500938405448,133.07229274193816,False,False,41,False,0.0019945205479452053,False,3,False,0.0,0.04423013698630137,False,0.2216255919854916,122.25977117734789,1.3535311823351712,False,True,False,0.22234137717942337,0.0016706549620730815,20.28850184726808,True,40,10,-0.475,0.0027660591238007903,3.4944164626408587,False,False
208173018,30445,30347,OK,,98,0.0032189193627853506,3,0.019415842600171245,1.0504102910404063,0.7904601115909602,False,26.84102515340834,3490.834353063785,0.12,0.556772214187059,0.0006962493984851578,799.6735299139048,False,False,99,False,0.006030250107094606,False,2,True,0.0,0.04161861139486605,False,0.38781243744719507,211.12891989468736,0.6965369814897077,False,True,False,nan,nan,nan,False,0,117,0.09499999999999997,0.018837734854958876,4.444395774240545,False,False
208198775,57774,57767,OK,,7,0.00012116176826946377,6,0.024954122408532394,1.5120268951778357,0.8829084476517864,False,39.04301288566907,2382.783105468808,0.02,0.3158992562409846,0.0011702841688683145,269.9338029552812,False,False,3,False,0.0003462184292069867,False,1,True,0.0,0.059895788252808696,False,0.0010476935489520667,0.6007824473860433,0.0033165432594524087,True,True,True,nan,nan,nan,False,0,4,0.29500000000000004,0.0010264657848342296,3.0284736226637228,False,False
216638331,1049,1042,OK,,7,0.00667302192564347,2,0.011913690105129323,1.31468631184194,0.6853136881580602,False,13.637231379782085,1626.3309273463694,0.17,0.05006864938384102,0.0006695349899475204,74.7812289657416,False,False,6,False,0.0,False,1,True,0.0,0.06525911708253358,False,0.048969105044956995,48.03555759760605,0.9780392650407924,False,True,True,nan,nan,nan,False,1,8,0.08499999999999996,0.0024561856175675523,1.8791550100898782,False,False
217000739,1049,1042,OK,,7,0.00667302192564347,2,0.052022018650327816,1.125100367904795,0.8748996320952047,False,4.416524700693399,1626.9857675247351,0.02,0.6093945922719867,0.003918581640361401,155.5140732542665,False,False,1,False,0.0047984644913627635,False,0,True,1.0,0.06525911708253358,True,nan,nan,nan,True,True,True,0.0007508752842649846,-0.0023451797019086174,0.20020661305218643,False,4,5,-0.024999999999999994,0.0037246308134756267,3.148613791319892,False,False
218135121,1056,1042,OK,,14,0.013257575757575758,2,0.08021626518522859,1.0006956689121582,0.9993043310878417,False,2.453006010989355,1627.347692532576,0.244,0.016931029007373966,0.0003646288016485167,46.43360297054812,False,False,99,False,0.01055662188099808,False,9,False,0.0,0.06525911708253358,False,0.01724758682270655,23.048864720938333,1.0186969034897237,False,False,False,0.016475760515063387,0.012560787725145905,0.34718809289144176,False,56,63,-0.485,0.006674451741897625,2.6227609445335855,False,False
220115262,904,904,OK,,0,0.0,2,0.033279462955896254,1.0544519276956947,0.9455480723043053,False,6.364804540215625,1469.379047904971,0.244,0.018330609700280664,0.0003540230052313157,51.77801846042067,False,False,46,False,0.0,False,4,False,0.0,0.04092920353982301,False,0.018753938575325035,34.70129895752852,1.0230940968121693,False,False,False,0.0003897086945050532,0.03398994386495535,20.18925992625767,True,28,28,-0.185,0.010667902003297036,4.826819841341566,False,False
220352330,2211,2211,OK,,0,0.0,4,0.06343562987436997,1.0823934814134741,0.9007921582731216,False,12.924662943339834,1543.7942703530412,0.084,0.027247027533955335,0.0004728289562153056,57.625547623077956,False,False,5,False,0.0018091361374943465,False,1,True,0.0,0.06467661691542288,False,0.028047878592176945,27.441194193435503,1.0293922358034684,False,True,True,nan,nan,nan,False,1,6,0.43500000000000005,0.0019711934867447933,0.3828908751890686,False,False
220368528,1177,1177,OK,,0,0.0,1,nan,nan,nan,False,7.677911425667038,1657.972420514046,0.02,0.027559182842504262,0.0010274918319777998,26.82180235871667,False,False,1,False,0.0,False,0,True,0.0,0.03228547153780799,False,nan,nan,nan,True,True,True,nan,nan,nan,False,4,0,0.375,0.001994475784716454,2.6247872768621576,False,False
220375668,1177,1177,OK,,0,0.0,1,nan,nan,nan,False,1.2774179942091957,1654.5964378507915,0.5,0.0004867199628026305,4.613801337437561e-05,10.549218035316358,False,False,473,False,0.0,False,22,False,0.06765327695560254,0.03228547153780799,False,0.0003834322246281108,6.86582229667215,0.787788161431127,True,True,False,0.00022243771095342701,0.0004734829264194662,2.0122273110167943,False,280,284,-0.41500000000000004,0.0005065337994630825,1.646977643420671,False,False
220393658,8488,8488,OK,,0,0.0,8,0.02470870404324064,1.0916459182033111,0.5348371169158733,False,37.872054587290954,1423.7205767210269,0.244,0.08323843555269207,0.00040411168902221414,205.97878708753814,False,False,11,False,0.0,False,1,True,0.0,0.07846371347785108,False,0.08866898564822001,116.00851934150728,1.0652408957408896,False,True,False,nan,nan,nan,False,16,0,-0.044999999999999984,0.002632182908164138,5.18001817791486,True,False
22178433,39041,39041,OK,,0,0.0,8,0.08569816461090432,7.892316456049384,0.843827956457016,True,1.1685117614479736,1683.6414119441474,0.244,0.04454533088459951,0.00021720923079354785,205.0802846723341,False,False,8233,False,0.001997899643964038,False,161,False,0.038260658326248025,0.03703798570733332,False,0.043508907785469675,225.23319936518595,0.9767332944093551,False,True,False,0.04102389829614117,0.03218389221492646,16.904554042402477,True,4881,4966,0.355,0.002209541358406897,0.6334181024072918,False,False
222438804,14617,14596,OK,,21,0.001436683313949511,3,0.050978555778118675,1.3867945752582227,0.8583933831809535,False,25.172161701694133,2782.8721205431825,0.084,0.670446803309188,0.003400084371086949,197.18534310807635,False,False,33,False,0.004521786790901617,False,1,True,0.0,0.029665661825157577,False,0.7088559669479663,255.48649924385575,1.0572889056211447,False,True,False,nan,nan,nan,False,0,39,-0.0050000000000000044,0.03610658893454888,3.697432992551189,False,False
222518943,13954,13954,OK,,0,0.0,4,0.013956303586944187,1.1515252752897591,0.8274568682047303,False,20.632153090653933,2789.838358118385,0.02,0.10463765355158218,0.0006397928213744069,163.54927729073128,False,False,11,False,0.002723233481439014,False,1,True,0.0,0.053819693277913146,False,0.06725446700099735,76.84917152286957,0.6427367655740062,False,True,False,nan,nan,nan,False,0,15,-0.145,0.0014245355323260211,1.903258344988821,False,False
22300053,1177,1172,OK,,5,0.004248088360237893,1,nan,nan,nan,False,5.70899298691973,1659.3898642095487,0.12,0.04475570090200118,0.0007204107951208935,62.125250211569416,False,False,24,False,0.007679180887372013,False,5,False,0.0,0.033276450511945395,False,0.04684396753189124,35.05728602634613,1.0466592319593566,False,False,False,0.037690321879856215,0.033382985107840324,0.16501421722681037,False,14,20,-0.495,0.01045218324033037,4.249532634246303,False,False
224198381,13454,13375,OK,,79,0.005871859669986621,3,0.029744969384869077,1.3579157815706173,0.7253260578821559,False,14.114185466384539,2778.7065195627665,0.02,0.9429548035013373,0.0007297670259661971,1292.1312829294855,False,False,20,False,0.007850467289719627,False,2,True,0.0,0.06130841121495327,False,0.003171365725961217,1.0281959398013663,0.0033632213486642676,True,True,False,0.005709982044306505,-0.001454741988544006,0.2546493312172344,False,12,13,0.31500000000000006,0.01393297598372989,4.750678378930646,False,False
224215371,10049,10049,OK,,0,0.0,4,0.01405411857436579,1.1079199030037667,0.757028457752697,False,5.49309077514592,2449.2515530772353,0.084,0.014311332265209182,0.00027419389213527873,52.19420517999145,False,False,133,False,0.0,False,5,False,0.0,0.08637675390586128,False,0.01257416428619651,34.51120038129496,0.8786159145200112,False,False,False,0.013605063304836795,0.009687537998727902,6.360509160438331,True,102,59,0.495,0.009210451227368965,6.67436131352678,True,False
224271028,13055,13055,OK,,0,0.0,6,0.005490735878065793,1.2376519929929326,0.0,True,17.71344873383103,1368.6127958841498,0.04,0.0006304369778588623,0.00010029553456385853,6.285793087402718,False,False,12,True,0.0,False,2,True,0.5,0.07499042512447338,True,0.0007918147779432116,4.483975825457331,1.255977688098869,True,True,False,0.0006811445039601738,0.0007062300995501758,0.08801959441641524,False,7,8,-0.034999999999999976,7.088240228436682e-05,4.178432387281946,False,False
224287841,1028,1028,OK,,0,0.0,2,0.06513863424138365,1.2484984559226662,0.7515015440773337,False,7.772974450683301,1359.616738746369,0.084,0.0445866612137231,0.00035473869045772637,125.6887461477406,False,False,8,False,0.0,False,2,True,0.0,0.04669260700389105,False,0.0475642985954563,45.51772052243419,1.0667831432243848,False,True,True,nan,nan,nan,False,0,10,-0.495,0.003925430314185019,2.410369934103259,False,False
224555521,1073,1062,OK,,11,0.010251630941286114,2,0.011415964832092005,1.1980198137754543,0.8019801862245458,False,2.5626235703805484,1625.5259663931513,0.02,0.039921943482453544,0.0003379218081916462,118.13958884776251,False,False,4,False,0.0,False,0,True,0.0,0.022598870056497175,False,0.031501316076620545,23.957237064286222,0.7890727086086371,False,True,True,0.0027373997510363735,-9.50961504364578e-06,1.1449154563743829,False,9,11,-0.425,0.002086299502364275,2.3008053614372583,False,False
224598413,188657,188657,OK,,0,0.0,22,0.022012378301476454,1.3536446425825719,0.8893783544003677,False,7.32075003091061,1817.6071750811764,0.04,0.001174093694323949,0.00024496923677700105,4.792820967118998,False,False,852,True,0.0,False,30,False,0.0,0.09638126335094907,False,0.0011839518563059315,4.260126843606751,1.0083964014368196,True,True,False,0.0009307546691728064,0.0011518835783479453,0.5275426696392023,False,513,504,0.21499999999999997,0.0004681347462013319,2.4215055098102183,False,False
228146432,13112,13032,OK,,80,0.006101281269066504,4,0.009279308629754963,2.241214209804801,0.7113942925758562,False,1.8248802905702413,2771.126602645593,0.5,0.6815147221553193,1.1757319727800495e-05,57965.14324126609,False,False,3561,False,0.018492940454266422,False,29,False,0.07273237854535243,0.054097605893186004,False,0.0,0.0,0.0,True,True,False,0.0,0.0001274245646577521,0.033574550281868475,False,2216,2051,-0.355,0.004122194496598008,2.033840775496381,False,False
229484249,108976,108976,OK,,0,0.0,25,0.022059735262530404,1.1093879703955605,0.911870512949614,False,1.2552448092549282,2853.770403429716,0.084,0.00010412927477171446,1.7233644580379458e-05,6.04220855815176,False,False,7285,True,0.0,False,205,False,0.0663006177076184,0.10342644251945382,False,8.439193544107493e-05,4.184988447200173,0.810453502399683,True,True,False,6.627632295530539e-05,6.730323227011059e-05,0.03462990108193667,False,4422,4309,0.17500000000000004,0.0001901649894351376,3.213057034022989,False,False
229665684,22466,22466,OK,,0,0.0,6,0.022222301364671435,1.064089991391961,0.974946502495949,False,21.76590386791036,3407.0808208194017,0.12,0.0013144497730881429,0.0001785091664595873,7.363486140000106,False,False,96,True,0.0,False,2,True,0.46875,0.1168877414760082,True,0.0012473413734500616,5.587015267775657,0.9489456341261194,True,True,False,0.0009498055294577812,0.0008209528550500167,0.38735935822975937,False,63,50,0.04500000000000004,0.00029565521891328217,2.0430490420834464,False,False
229668214,20681,20681,OK,,0,0.0,16,0.04897695953637348,1.7214534185251662,0.5735582394690584,False,1.872550206731301,1929.815390562564,0.35000000000000003,0.00022514331203773451,4.189366938093954e-05,5.3741607112641345,False,False,3842,True,0.0,False,80,False,0.14523685580426862,0.14733330109762585,False,0.00021789681084649626,4.54186428108214,0.9678138287757634,True,True,False,0.000223280727345454,0.00014928294708849155,0.8971629848809436,False,2412,2187,-0.445,0.0003694709780808214,2.0390112327160077,False,False
229731581,1054,1042,OK,,12,0.011385199240986717,2,0.03626648815711503,1.1162023975379947,0.8837976024620053,False,12.753103048194944,1627.576037869845,0.084,0.08257457651111444,0.0012533935474233746,65.8808054986916,False,False,4,False,0.0019193857965451055,False,1,True,1.0,0.06525911708253358,True,0.09131620404774643,34.18013087455466,1.10586342559632,False,True,True,nan,nan,nan,False,1,5,-0.065,0.010347874458320083,0.9247091274605536,False,False
230182033,14208,14208,OK,,0,0.0,2,2.1482770979862863e-05,1.174712755302481,0.8252872446975189,False,6.225070541104936,2800.3455552116598,0.084,0.03781639940886707,0.0004921403712526836,76.8406772088419,False,False,194,False,7.038288288288288e-05,False,8,False,0.0,0.054124436936936936,False,0.039069107707875306,62.83336804121007,1.0331260595559106,False,False,False,0.02679340507654826,0.044779521872113426,12.437520525791877,True,117,115,0.255,0.0022671575438779623,2.7766239322709607,False,False
230244165,1054,1042,OK,,12,0.011385199240986717,2,0.22719214322545367,1.3880231867295336,0.6119768132704664,False,4.590378008406698,1629.4489894797714,0.35000000000000003,0.011488393832570332,4.512503489140998e-05,254.59024818964224,False,False,74,False,0.0,False,6,False,0.06756756756756757,0.06525911708253358,False,0.01251752078627788,29.31591268665875,1.089579707024833,False,False,False,0.012753726104027585,0.008855437228369234,2.9952096954534797,False,56,36,0.495,0.006178004943517612,3.497381741373362,False,False
230253564,1054,1042,OK,,12,0.011385199240986717,2,0.009731795908484652,1.1054458545719477,0.8945541454280523,False,4.592254266954784,1629.4309886637604,0.35000000000000003,0.04280834640777101,4.910229579533454e-05,871.8196514925163,False,False,75,False,0.0,False,6,False,0.06666666666666667,0.06525911708253358,False,0.046055095426771775,54.804917467718305,1.0758438316695031,False,False,False,0.04041209264014556,0.04474405518712521,2.453576855499836,False,56,36,0.495,0.01599867586649706,3.3609204032488305,False,False
230270072,8513,8513,OK,,0,0.0,3,0.013301500099893941,1.1331356107389647,0.757888488321637,False,21.522464353075137,2017.8796931560328,0.02,0.05346000384345097,0.003359952021872749,15.910942625202654,False,False,2,False,0.0,False,0,True,0.0,0.0684834958299072,False,nan,nan,nan,True,True,True,nan,nan,nan,False,0,6,0.30500000000000005,0.003697429674159425,3.5576492598025076,False,False
230270717,19667,19655,OK,,12,0.0006101591498449179,4,0.046470709788448396,1.9687540334675688,0.0,True,1.3851583596198012,2010.601654386892,0.5,0.015452344732359263,4.357024592876611e-05,354.6536036914416,False,False,7218,False,0.018366827779191047,False,76,False,0.05804932114159047,0.04436530145001272,False,0.0,0.0,0.0,True,True,False,0.0,0.0,0.0,False,4423,4242,-0.365,0.0003879358603013916,4.460747540430793,False,False
230270806,19667,19647,OK,,20,0.0010169319164081965,4,0.048949387116767745,1.8711946769454146,0.0,True,1.4378128687963023,2010.745648810525,0.5,0.013140725770924724,8.604830358870118e-05,152.71336241252996,False,False,6954,False,0.019188680205629357,False,74,False,0.05565142364106989,0.04438336641726472,False,0.0,0.0,0.0,True,True,False,2.7135038588088634e-05,0.0,0.010940135302515962,False,4138,4173,0.405,0.00032318971231481974,0.5010404543274487,False,False
230271482,19667,19642,OK,,25,0.0012711648955102456,4,0.012240877557598017,2.2281307745184598,0.0,True,1.5909801170217526,2010.9596062910616,0.5,0.014193485644279613,4.568363673535938e-05,310.6908000013444,False,False,6196,False,0.02005905712249262,True,67,False,0.06020012911555842,0.04439466449445067,False,0.0,0.0,0.0,True,True,False,0.0,0.0,0.0,False,3731,3688,0.31500000000000006,0.0007037743974321886,2.438557663229725,False,False
231064932,8479,8479,OK,,0,0.0,8,0.020344227065548913,1.495432887239155,0.7117032872805757,False,26.000335095181548,1359.892477379678,0.12,0.0614174899299391,0.0005622492449142703,109.23534444106512,False,False,21,False,0.0,False,2,True,0.0,0.07890081377520934,False,0.06816592310823633,90.94693288834314,1.1098780361423983,False,True,False,nan,nan,nan,False,0,26,0.04500000000000004,0.0008898865874013007,2.0071053940091637,False,False
231090184,12263,12236,OK,,27,0.0022017450868466117,23,0.39295949432263977,2.4300035039068417,0.19293294017256896,True,32.001280959643736,1325.764049017537,0.028,0.9618091461386775,3.627830071765699e-05,26511.967956386557,False,False,13,False,0.002288329519450801,False,0,True,0.15384615384615385,0.08524027459954234,False,-0.006200427804396114,-1.6036253941174623,-0.006446630112937303,True,True,False,-0.01092984682519127,0.0034714486266761435,0.6082003689952958,False,8,10,-0.22499999999999998,0.008111338851875649,3.8104197571892775,False,False
233386476,106304,106304,OK,,0,0.0,11,0.021970239599235875,29.998614939267537,0.0,True,3.8012977893742588,1684.5255641086471,0.5,0.0044170024124895405,7.321220020549223e-05,60.33150759152005,False,False,14156,False,0.0008372215532811559,False,87,False,0.049166431195252894,0.033338350391330526,False,0.0,0.0,0.0,True,True,False,0.0,0.0,0.0,False,8509,8391,-0.195,0.0005088359785736518,2.357147952418494,False,False
233421327,78066,78066,OK,,0,0.0,11,0.02433099551793502,22.93239269321331,0.0,True,8.62346320057823,1690.6444328062998,0.17,0.015443816110289556,0.00019972238334536405,77.32641605615026,False,False,1472,False,0.0011400609740476009,False,32,False,0.07201086956521739,0.030192401301462866,False,0.015554588132831504,60.1930092615112,1.0071725810350813,False,True,False,0.012921080727634426,0.012881314366416152,0.04192882085744552,False,925,836,-0.485,0.001373439532079468,2.0697641495158354,False,False
234014568,904,904,OK,,0,0.0,2,0.038560915736444046,1.0251630733068102,0.97483692669319,False,10.06527716002324,1475.718794461176,0.244,0.0234152417197,0.0005306490686301555,44.125662521457535,False,False,23,False,0.008849557522123894,False,2,True,0.0,0.04092920353982301,False,0.023137167182541885,28.410577162079942,0.988124208133877,False,True,False,0.019452174864025062,0.020472460132343606,0.06883786893947623,False,14,14,-0.305,0.015037521433602041,0.9174178698689709,False,False
235512374,904,904,OK,,0,0.0,2,0.08346248202654992,1.0059896982726855,0.9940103017273145,False,3.744060356550739,1472.0089973926883,0.084,0.034100219267513054,0.00019620359696666866,173.8001738740093,False,False,17,False,0.0,False,4,False,0.0,0.04092920353982301,False,0.0366156163228768,132.80536042085814,1.0737648352238056,False,False,False,0.026356394470434363,0.036585132776907225,1.7901214843385957,False,12,9,-0.495,0.004959876251395157,6.555171669714138,True,False
235517749,1054,1042,OK,,12,0.011385199240986717,2,0.1692387432453783,1.042992314538244,0.9570076854617559,False,4.7139474067721965,1629.4879819684625,0.5,0.02187549723671313,0.0001292044026970166,169.30922460909488,False,False,100,False,0.0019193857965451055,False,6,False,0.13,0.06525911708253358,False,0.02233704124089153,31.99685664162671,1.0210986748865212,False,False,False,0.02072932788515247,0.0183176970091945,0.4984522580642752,False,61,61,0.485,0.00709249297282466,2.495185640915583,False,False
236338268,12850,12833,OK,,17,0.0013229571984435798,9,0.1298679039216331,1.6574568505009153,0.5085461695953905,False,27.38396082340071,1982.4189357226628,0.02,0.9629248864250395,0.0011972782496235618,804.2615713830885,False,False,1,False,0.004285825605859893,False,0,True,0.0,0.09966492636172368,False,nan,nan,nan,True,True,True,nan,nan,nan,False,0,1,0.495,0.024487523395920863,8.254082073279287,True,False
236338645,52113,52113,OK,,0,0.0,11,0.055760257866589655,1.1066980260647084,0.9307121281046438,False,36.4151373881061,1974.9370856834255,0.02,0.0014064745974900505,0.00028197894529306415,4.9878709774883525,False,False,42,True,0.0,False,3,False,0.0,0.15115230364784218,False,0.0017218592644392405,4.83908654511838,1.224237727088719,True,True,False,0.0019102495239522455,0.0006355700371043493,2.3453474766344486,False,18,33,0.405,0.00021579527761739214,2.99024142492612,False,False
236338955,12891,12844,OK,,47,0.003645954541928477,9,0.036878949776860466,2.348685055084589,0.36011748344184147,False,27.376449658917053,1983.0188373628828,0.084,0.6993851365098976,0.0002385440295686901,2931.891180736954,False,False,9,False,0.012612893179694799,False,1,True,0.0,0.089769542198692,False,0.7212361324314778,408.09312368601064,1.031243151706972,False,True,True,nan,nan,nan,False,0,10,-0.385,0.002027134278355547,0.5841792360497334,False,False
236341849,10431,10431,OK,,0,0.0,13,0.03696440389222894,1.7993567525117928,0.6432408690450002,False,28.699152880597786,1956.6448556774185,0.12,0.0019224888722889208,0.00031825563363167635,6.040706492296868,False,False,99,True,0.0,False,5,False,0.23232323232323232,0.1710286645575688,False,0.0016604323738016458,4.468209928662647,0.8636889387165764,True,True,False,0.002077402472910439,0.0012219562354311986,1.1251069611945395,False,27,89,0.06500000000000006,0.0009263988425894931,2.6628719962726097,False,False
237083206,11480,11480,OK,,0,0.0,13,0.03088870548813994,1.618864414401155,0.8444248509807285,False,26.316072400251407,1718.5447579806316,0.35000000000000003,0.0004913956613856596,7.105060902526698e-05,6.916135809770607,False,False,234,True,0.0,False,8,False,0.19230769230769232,0.08466898954703833,False,0.00045168458421906976,5.603704586413808,0.9191871636501414,True,True,False,0.0005626974605631441,0.00019377380436358393,2.7638069142624735,False,101,180,0.355,0.00042193416306357534,2.9967576250321404,False,False
237085922,15515,15515,OK,,0,0.0,4,0.01338541720526418,1.0197015019769318,0.9664843739614929,False,16.74937925206676,3373.4674134878746,0.17,0.001007042551789135,0.00014318182597012122,7.033312677541086,False,False,220,True,0.0,False,3,False,0.33181818181818185,0.07766677408959072,True,0.0010394123156587387,6.2227705020718345,1.0321433923642003,True,True,False,0.001026699722524782,0.0008316857094388119,0.7603411024289265,False,89,176,-0.15499999999999997,0.0008977410042345646,3.591072118854864,False,False
237112334,15216,15132,OK,,84,0.005520504731861199,5,0.0,2.0450140385821287,0.0,True,32.42545262652977,1989.182475721609,0.028,0.4378205525726098,0.0009613645818187598,455.4157297373261,False,False,4,False,0.005749405233941317,False,1,True,0.0,0.03436426116838488,False,0.4507851788652275,75.62187046657259,1.0296117352564613,False,True,True,nan,nan,nan,False,4,0,0.275,0.012497544065381838,2.694725929184722,False,False
237442488,904,904,OK,,0,0.0,2,0.06952579940137388,1.0455465936709674,0.9544534063290326,False,4.957864163789677,1472.0487922578461,0.02,0.10730080334960378,0.0036827600877221457,29.13597432190357,False,False,1,False,0.00995575221238938,False,0,True,1.0,0.04092920353982301,True,nan,nan,nan,True,True,True,nan,nan,nan,False,4,2,0.31500000000000006,0.0037951193524519145,2.6250732736790177,False,False
239711580,27824,27824,OK,,0,0.0,9,0.028253683936211107,1.034310328163258,0.8178596534475987,False,0.6584349899853145,2911.8078773718244,0.35000000000000003,0.0003376736167482728,6.9943495364453125e-06,48.278058594121426,False,False,14703,False,0.0,False,104,False,0.10637284907841937,0.10871909143185739,False,0.00034457599175186093,44.7501437415061,1.020440966250359,False,False,False,0.0003103447112480229,0.00031399489137640124,0.3260232154023457,False,8760,8892,nan,nan,nan,False,False
239712677,17743,17743,OK,,0,0.0,7,0.01926889440570858,1.1822852948956466,0.9656497160434815,False,27.40650668395825,3259.022691967116,0.5,0.0009369364968407975,9.864231922339533e-05,9.49832185837923,False,False,218,True,0.0,False,1,True,0.5688073394495413,0.12173815025643916,True,0.0008197944414610747,6.90860497913615,0.8749733244732089,True,True,False,-0.000289762944096994,0.0007868415041452081,3.4520289305332477,True,23,260,0.08499999999999996,0.00043654409368643066,3.0899315592555894,False,False
239761195,31421,31271,OK,,150,0.004773877343178129,10,0.006130813836515034,1.859560523628184,0.0,True,0.8019993706627763,1816.6534487907984,0.5,0.016778702395926336,0.00010263837418759981,163.47396895880922,False,False,19435,False,0.009145853986121326,False,180,False,0.07249807049138153,0.07345463848293947,False,0.0,0.0,0.0,True,True,False,0.0,0.0,0.0,False,11995,11355,nan,nan,nan,False,False
244999763,1081,1081,OK,,0,0.0,2,0.0061693313865906286,1.037387969585814,0.9626120304141863,False,1.764116102594366,1598.3109002119336,0.12,0.03638429084627921,0.00022769243516300469,159.79578250033538,False,False,68,False,0.0,False,13,False,0.0,0.037927844588344126,False,0.039849458502705715,46.017333648051675,1.0952380155234183,False,False,False,0.03490704530058919,0.038510409807632984,1.6451637277112023,False,32,51,-0.495,0.011900110086687232,2.782129700864624,False,False
24735067,1962,1935,OK,,27,0.013761467889908258,4,0.05919554121454143,1.193699070720767,0.9021605063916169,False,7.145881642990138,1523.6712176915717,0.02,0.78159200881533,0.0006802495026497129,1148.9784347814543,False,False,1,False,0.010852713178294573,False,0,True,0.0,0.07545219638242893,False,nan,nan,nan,True,True,True,-0.01029301268993077,0.0002601843440852569,0.20364847296172559,False,4,8,-0.195,0.002506851040964375,1.8281044410712344,False,False
247483790,904,904,OK,,0,0.0,2,0.0008192441496325498,1.0559736722893918,0.9440263277106085,False,6.603365041786501,1471.6203883824858,0.17,0.21424318936014786,0.001205651659094544,177.69907895373905,False,False,17,False,0.0011061946902654867,False,2,True,0.5294117647058824,0.0420353982300885,True,0.5843542403082651,350.74999834060884,2.7275277317028355,False,True,False,0.608178901076373,0.027848985245016333,47.36282510470292,True,9,9,0.255,0.028554232864329676,4.31104542415984,False,False
250511584,11776,11776,OK,,0,0.0,3,0.044542041822304645,1.0,0.0,True,20.513635159822144,1803.0800383636083,0.04,0.651122894747258,0.0028266750768471726,230.34939533039997,False,False,10,False,0.006793478260869565,False,1,True,0.0,0.024711277173913044,False,0.7463916616990334,175.9698085864691,1.1463145709056277,False,True,False,nan,nan,nan,False,14,0,-0.245,0.05157705205492524,3.0678917385732825,False,False
250517377,4462,4462,OK,,0,0.0,4,0.04642890102662404,1.017482837103029,0.9701300024701256,False,0.7069195124826514,1468.3925409830103,0.17,0.014448046468488027,3.5277281361065243e-06,4095.566866565295,False,False,1075,False,0.0,False,65,False,0.08837209302325581,0.06521739130434782,False,0.016990837643247048,58.11686747612956,1.1759955008661542,False,False,False,0.016441431875109602,0.016322107185516743,0.3821457070864957,False,632,658,-0.485,0.008708729165788354,1.5879359890431965,False,False
250549396,904,904,OK,,0,0.0,2,0.016779138168515523,1.0682027832462133,0.9317972167537866,False,2.1928961891401686,1469.1898036802006,0.17,0.06895060053647326,8.230113146179364e-05,837.7843574177585,False,False,72,False,0.0011061946902654867,False,9,False,0.0,0.04092920353982301,False,0.07289287753022189,107.73893090813866,1.0571753829999386,False,False,False,0.06439003428489842,0.05422695841071823,2.510680199518647,False,50,40,-0.22499999999999998,0.003965781234287036,2.765482915096113,False,False
250568183,4461,4461,OK,,0,0.0,4,0.02700244879665741,1.0972095384941793,0.8186261179500957,False,4.585884842647417,1469.9175919934103,0.244,0.00596471817893479,3.7543962554435994e-05,158.87289921212727,False,False,270,False,0.0,False,11,False,0.0,0.0652320107599193,False,0.005633818829356763,103.77959922030304,0.9445238920513223,False,False,False,0.005616319335829512,0.004723393111147889,10.578610197718502,True,153,168,0.29500000000000004,0.00036033535976986997,2.0167519989192075,False,False
251851871,13019,13019,OK,,0,0.0,6,0.09790650152207481,5.381115484028657,0.6590197016528693,True,2.9526001494288088,1355.3365123136077,0.12,0.14494584045639913,0.00015763738370168823,919.4890009764024,False,False,516,False,0.0,False,23,False,0.01937984496124031,0.07481373377371534,False,0.16811174999574152,730.2434015235378,1.1598245901117175,False,True,False,0.1287136098228805,0.18672771343351413,69.73876321786553,True,281,341,0.09499999999999997,0.0009193709192225619,2.9367776400163663,False,False
251867212,1948,1948,OK,,0,0.0,4,0.05753533186938842,1.202616605356712,0.942856422137066,False,25.81554657847275,1777.572589224301,0.244,0.10458241002072874,0.0003496425796830371,299.11233956555367,False,False,11,False,0.0,False,1,True,0.0,0.08521560574948665,False,0.10712133555439662,124.48851851200705,1.0242767931353338,False,True,False,nan,nan,nan,False,12,0,-0.034999999999999976,0.005043178538396642,4.178976096545839,False,False
253191212,1081,1081,OK,,0,0.0,2,0.006602939618980709,1.0529776393962003,0.9470223606037999,False,13.501100192306946,1600.4305498529195,0.5,0.008658142218587538,0.00011916211950614343,72.65851140001891,False,False,26,False,0.0,False,2,True,0.0,0.037927844588344126,False,0.007979895107095514,17.30804574706812,0.9216636670582814,False,True,False,0.00815995141665904,5.4743428854475695e-06,8.610595899749374,True,25,7,-0.265,0.0018715114933002264,1.9295837298027947,False,False
256003247,34441,34441,OK,,0,0.0,6,0.015776559216983163,1.5366863243169024,0.0,True,19.605803690579574,1995.7050075934096,0.12,0.10965426793014606,0.0005710757286514362,192.01353240679404,False,False,227,False,0.00014517580790337098,False,7,False,0.0,0.03356464678725937,False,0.11384558529230437,156.06186385423396,1.0382230207840915,False,True,False,0.09960963249713084,0.12413610187974244,14.161325082896392,True,185,82,-0.11499999999999999,0.011290722883253168,7.811543548777797,True,False
256177003,18205,18146,OK,,59,0.0032408678934358693,3,0.002059523679731161,2.2962006644480697,0.8439807701118972,False,38.049086450882626,2420.506483970677,0.02,0.4914237806747095,0.010622594092817517,46.262125463966136,False,False,9,False,0.022208751239942686,True,1,True,0.0,0.03984349167860685,False,0.4973271398293677,45.15690731424171,1.0120127665505994,False,True,True,0.031791267543360924,0.46940691908391874,5.5087531468361055,True,4,8,-0.0050000000000000044,0.016655353228386183,4.437492727315583,False,False
256541183,30428,30402,OK,,26,0.0008544761403970028,2,0.011649146302742022,1.1272775210458097,0.8727224789541904,False,2.46970443201544,3775.35537234626,0.12,0.21417881088970064,0.0018469861889758659,115.9612411657829,False,False,1499,False,0.017465956187092953,False,30,False,0.09406270847231488,0.06052233405696993,False,0.23251633649242276,103.91116188590718,1.0856178327190624,False,False,False,0.27978531333896384,0.18064095560638116,22.29127910497109,True,851,941,0.19500000000000006,0.021555887593676326,0.677842497578574,False,False
257003092,19328,19275,OK,,53,0.002742135761589404,7,0.14380114568456698,3.683906409763789,0.7649083644479994,True,30.54314043964626,1713.7825930509794,0.028,0.5712466459742838,0.005339682558414061,106.9813869504538,False,False,11,False,0.0015564202334630351,False,1,True,0.0,0.06977950713359274,False,0.5890444390238111,92.02693078184475,1.0311560569763565,False,True,False,nan,nan,nan,False,13,0,-0.034999999999999976,0.0019669317001065334,1.1230705301307136,False,False
258238938,10332,10332,OK,,0,0.0,9,0.030995409684219807,1.287742845625286,0.0,True,14.646694381273432,1986.4200858955871,0.244,0.0013024397313196163,0.00014455949077636168,9.00971443884327,False,False,109,True,0.0,False,5,False,0.6330275229357798,0.16792489353464962,True,0.0013866870888832317,6.141912552223527,1.064684265642186,True,True,False,0.0014847544410910851,0.0008674317370491735,1.6254458635778,False,88,51,-0.365,0.0004214248936713627,2.5794552867782903,False,False
258243750,7002,7002,OK,,0,0.0,3,0.010963751717514852,1.0028354337198264,0.9748395043498941,False,0.8636583833279665,3452.687083594981,0.04,0.017950641419121328,5.368097330086786e-05,334.3948575319725,False,False,330,False,0.0,False,19,False,0.10303030303030303,0.1239645815481291,False,0.020204097568742085,21.71473148152017,1.1255362467003736,False,False,False,0.01909445064548443,0.018953238770986647,0.1288487843939827,False,186,206,-0.33499999999999996,0.02440225392656492,2.241395661912798,False,False
260342124,1086,1086,OK,,0,0.0,2,0.009447199589265872,1.088767612120063,0.9112323878799371,False,1.6165908936057491,1625.8432143931416,0.12,0.018150063625813957,0.00013653877619405777,132.92973711744648,False,False,82,False,0.0,False,14,False,0.07317073170731707,0.022099447513812154,False,0.01973663748341059,95.66334995281058,1.0874142311732795,False,False,False,0.017993399921265252,0.019232700200680464,3.5161320380041556,True,49,50,-0.475,0.001436428031279191,2.60118315473963,False,False
261041904,1148,1120,OK,,28,0.024390243902439025,1,nan,nan,nan,False,13.501416649242131,1655.4832152781607,0.35000000000000003,0.08608443736363862,0.0009735801291881541,88.42049543001913,False,False,21,False,0.0,False,2,True,0.23809523809523808,0.03482142857142857,False,0.12198017507860115,65.1216989102796,1.4169828927769075,False,True,False,-0.008227198299411098,0.12277680739078223,38.824900179399584,True,8,20,-0.33499999999999996,0.00896549387895118,1.9881995582270862,False,False
261459141,1177,1177,OK,,0,0.0,1,nan,nan,nan,False,3.039433370977413,1655.9696304063134,0.12,0.07477042984694704,0.0003907673400036023,191.34257700824682,False,False,46,False,0.0,False,8,False,0.0,0.03228547153780799,False,0.08244114723007612,123.68278228920778,1.1025902539122863,False,False,False,0.08165924889830545,0.07914231128611815,1.5485722792288528,False,27,28,0.495,0.026398571907675472,5.331095920759806,True,False
262651244,1086,1086,OK,,0,0.0,2,0.01961885494414701,1.0097915236911894,0.9902084763088104,False,7.519988727629573,1632.3481999358714,0.17,0.00977593548265649,7.960393495289015e-05,122.80718897177532,False,False,17,False,0.0,False,2,True,0.0,0.022099447513812154,False,0.010065032684169806,65.8463327427178,1.0295723311621894,False,True,False,nan,nan,nan,False,0,17,0.345,0.001461802349412955,5.112913435201319,True,False
264245944,10639,10639,OK,,0,0.0,1,nan,nan,nan,False,9.26240084520664,3486.421475731673,0.058,0.12022387239834845,0.000639281117237874,188.0610409983588,False,False,75,False,0.0016918883353698657,False,3,False,0.0,0.0,False,0.1262322450863268,139.2104995572059,1.0499765360083417,False,False,False,0.0013885720477364583,0.17029790410965195,26.371642848743523,True,30,60,-0.125,0.0035956889450976526,3.141569457301751,False,False
264251709,18212,18212,OK,,0,0.0,1,nan,nan,nan,False,9.31048465867216,1965.0404632524032,0.04,0.0010825936300238922,0.00026396047291074473,4.101347516489558,False,False,58,True,0.0,False,2,True,0.0,0.03893037557654294,False,0.0010972886684829097,4.244546095882199,1.0135739191987425,True,True,False,0.000571006813352537,0.0012867093800723595,1.842057326180508,False,34,35,-0.024999999999999994,0.0003874531719416652,2.7051648695954302,False,False
264345632,1148,1120,OK,,28,0.024390243902439025,1,nan,nan,nan,False,12.052585111190574,1655.483256307247,0.35000000000000003,0.0033401503425898042,1.160412597950605e-05,287.84161327521053,False,False,46,False,0.0,False,3,False,0.34782608695652173,0.03482142857142857,True,0.004467620599754585,16.045708922018054,1.337550751170856,False,False,False,0.0057643766291232135,-9.599037879670647e-05,12.782609260578743,True,18,36,0.455,0.0031769523453957227,2.8609575107357776,False,False
265536955,2188,2188,OK,,0,0.0,4,0.03385016769255956,1.1870375944712144,0.8208501183653101,False,26.12622479075856,1583.8054743371213,0.5,0.1726258028881077,0.001223583342635754,141.08217795467024,False,False,19,False,0.002742230347349177,False,1,True,0.0,0.0690127970749543,False,0.20191184869612522,122.34163252367718,1.1696504538605976,False,True,False,0.0021095644522242107,0.20191765367019865,15.061435301061628,True,3,19,-0.355,0.010013290425520016,2.919649083923546,False,False
267516382,2160,2158,OK,,2,0.000925925925925926,4,0.12676199808736843,1.364400799029242,0.93463687002376,False,6.8173435922485455,1574.236542034364,0.5,0.019085247956396514,0.00014171403458948756,134.67436737428312,False,False,190,False,0.0037071362372567192,False,8,False,0.005263157894736842,0.060704355885078776,False,0.019007613906851573,43.20515348876825,0.9959322483143888,False,False,False,0.014813480847691296,0.020197969157969453,1.0409475669962034,False,115,113,-0.485,0.006430897812064407,2.55524275921673,False,False
273094146,22681,22654,OK,,27,0.0011904237026586129,4,0.024781641827906382,1.210760735232131,0.0,True,7.126559752344004,1822.0940406434079,0.17,0.4075773256777308,0.0005947396360451288,685.3037883737143,False,False,612,False,0.009181601483181779,False,11,False,0.013071895424836602,0.043612607045113445,False,0.4956364703285975,617.2687379280762,1.2160550626913298,False,True,False,0.45883639993967584,0.4740522601230037,2.5581670918460104,False,363,371,0.485,0.07243250575485849,5.230086918487443,True,False
273098156,33088,33008,OK,,80,0.0024177949709864605,6,0.03046534029060655,1.8026761837235954,0.0,True,33.02694303173604,1848.7980246458385,0.058,0.6783035874169363,0.004332306149860107,156.5687105097222,False,False,7,False,0.003938439166262724,False,1,True,0.0,0.05716795928259816,False,0.6416627869276528,153.927443988151,0.9459817091211087,False,True,True,nan,nan,nan,False,0,11,-0.05499999999999999,0.007524763998318362,5.135570488442411,True,False
273123476,1084,1081,OK,,3,0.0027675276752767526,2,0.04330308660869565,1.1137802459812558,0.8862197540187441,False,0.8021110494952397,1569.8929838801132,0.35000000000000003,4.11271017242143e-12,1.7045077206437203e-15,2412.843381471005,True,False,480,False,0.0,False,30,False,0.0625,0.07123034227567067,False,-0.00016977492900993596,-1.6308169433812385,-41280547.83641075,True,True,False,-0.0003670188624880222,-2.4981608122587318e-05,0.037895095700639814,False,274,289,-0.445,0.0012894744938447555,2.072647460576879,False,False
273125583,1084,1077,OK,,7,0.006457564575645757,2,0.020193502078123305,1.1536817718343613,0.846318228165639,False,1.0553265091381752,1570.0839897321457,0.12,0.03636196217212162,0.00011174499488895097,325.40126032720406,False,False,124,False,0.003714020427112349,False,22,False,0.0967741935483871,0.07242339832869081,False,0.03187543847522645,19.20169049592625,0.8766149176532902,False,False,False,0.02764056492203859,0.029334621188659815,0.30874922467769583,False,72,75,0.485,0.06681368358183781,3.5802425544882017,False,False
273802518,62141,62141,OK,,0,0.0,7,0.09257604604993526,4.396005505023631,0.0,True,0.9672664848297972,1711.5881018814098,0.12,0.03868602422598494,0.0001114244874654142,347.1949937215817,False,False,7669,False,8.046217473165864e-05,False,213,False,0.02281914200026079,0.024782349817350863,False,0.042813878181793164,394.915095411957,1.1067014261195545,False,True,False,0.037139058882081355,0.036976993378935785,0.7153980544269409,False,4583,4611,-0.495,0.021554705457015766,3.3727531253747616,False,False
273817884,215346,215346,OK,,0,0.0,4,0.0,1.0058855006922298,0.9469298849984692,False,18.419935784250566,4062.414925629885,0.02,0.12545572032768376,0.005077212134310039,24.709568363294792,False,False,6,False,9.751748349168315e-05,False,1,True,0.0,0.06842012389364092,False,0.1204307294187067,18.064585895824415,0.9599460997405933,False,True,True,nan,nan,nan,False,0,16,-0.495,0.0,0.0,False,False
273824622,22829,22829,OK,,0,0.0,10,0.03356596892424365,6.186965003489544,0.09472446117468244,True,11.445464630331868,1333.4822488826892,0.12,0.11053977889592739,0.00015473956849481428,714.3601340702451,False,False,266,False,0.0,False,10,False,0.19548872180451127,0.08506723903806562,False,0.1027779612455435,467.6404608933898,0.9297825838995788,False,True,False,0.0,0.16864553451432351,389.18355835262645,True,138,177,-0.355,0.0016367787286626356,7.410596748257614,True,False
275372270,2292,294,UNRELIABLE_DATA,,1998,0.8717277486910995,,,,,,,,,,,,,,,,,,,,,,,,,,,,,,,,,,,,,,,
278194952,9773,9773,OK,,0,0.0,8,0.018293631185408686,1.2416137928345654,0.6919511799278057,False,9.401790733424901,2012.6050676721725,0.35000000000000003,0.000515983345397574,4.513451412700159e-05,11.43212362817679,False,False,381,False,0.0,False,10,False,0.12598425196850394,0.1471400798117262,False,0.00046251089261684086,6.922693064309914,0.8963678706731675,True,True,False,0.00026697981228696044,0.0005989754425985705,3.1921442585277604,True,262,192,-0.305,0.0004695730375543494,2.60575716149777,False,False
278195770,6511,6511,OK,,0,0.0,3,0.013322911229485488,1.0218618146249558,0.9828930286323706,False,9.729789462493535,3480.1726073477366,0.12,0.0008584162214701964,0.00010850635144587135,7.911207132408459,False,False,104,True,0.0,False,2,True,0.0,0.13239133773613884,False,0.0009157026486391606,6.64123067185674,1.066735024031641,True,True,False,nan,nan,nan,False,0,125,-0.265,0.0006897849138878254,2.6030231845706924,False,False
278199349,184826,184826,OK,,0,0.0,9,0.00991678833122495,1.99120632835165,0.9691945222877949,False,9.471687050561213,2043.233420678288,0.12,0.0022990945435846896,7.14707153812039e-05,32.16834379398599,False,False,2060,False,0.0,False,13,False,0.07864077669902912,0.06722539036715613,False,0.0021807742477950587,21.942981703625616,0.9485361330094981,False,False,False,0.0018823508527665567,0.0018724548612392145,0.05530997653994748,False,1142,1336,-0.034999999999999976,0.0002487448349182131,1.639687012005116,False,False
278207072,35978,35978,OK,,0,0.0,7,0.02465829947920803,8.36754474947366,0.0,True,36.5652916414195,1720.9760296615682,0.028,0.7061224797176417,0.018600842528735482,37.96185461098278,False,False,2,False,0.0038078825949191173,False,0,True,0.0,0.03479904386013675,False,nan,nan,nan,True,True,True,nan,nan,nan,False,1,2,0.485,0.0058886714734928125,4.604029237764695,False,False
279190739,31038,31036,OK,,2,6.443714156840002e-05,7,0.09584131337659103,3.3953962013866192,0.05997874465078759,True,0.8547012421143211,1765.5156839158512,0.12,0.050100226816746696,0.00026881145121415636,186.3768324989731,False,False,4453,False,0.000676633586802423,False,134,False,0.058612171569728276,0.04021136744425828,False,0.04941439474511444,144.41676834656437,0.9863107990680193,False,True,False,0.03869238834354449,0.03873732791435269,0.06454492704762123,False,2672,2666,-0.475,0.015442177281416836,2.3242818150061124,False,False
280511280,2188,2188,OK,,0,0.0,4,0.0506691406358816,1.3630710028738613,0.6458131883380842,False,14.674023693915217,1580.9110092524918,0.028,0.047760548242628334,0.0016401697966489722,29.119270663444613,False,False,2,False,0.002742230347349177,False,0,True,1.0,0.06855575868372943,True,nan,nan,nan,True,True,True,nan,nan,nan,False,2,0,0.05500000000000005,0.0028126938981329896,2.4366149302257765,False,False
281395959,2188,2188,OK,,0,0.0,4,0.044065660114568986,1.2905021021442697,0.8951524501354351,False,26.985799587797672,1582.9449142706185,0.5,0.15293401066440454,0.00029897265381712105,511.53176958436114,False,False,19,False,0.0,False,1,True,1.0,0.06855575868372943,True,0.16052724307514166,452.6736526374484,1.049650384356947,False,True,False,0.0005004624531275148,0.15849363741970435,25.64468803107002,True,3,20,0.025000000000000022,0.0023573682785730243,3.854322968372239,False,False
282342940,10529,10529,OK,,0,0.0,5,0.04332779236149825,1.0822857715657814,0.8585280068784454,False,28.928380168515172,2418.5115778104196,0.244,0.0005852566606255915,7.633645822887387e-05,7.666803965031498,False,False,107,True,0.0,False,3,False,0.3364485981308411,0.09535568430050337,True,0.000513924085709716,5.3506728230880185,0.8781174487794351,True,True,False,0.0005528459937803598,0.00040748483865682417,0.9432970762229439,False,42,84,0.14500000000000002,0.0002570430528888723,2.0739128482328253,False,False
282343935,32989,32974,OK,,15,0.0004546970202188608,4,0.006568208691038895,1.6300162738335713,0.9125955537148703,False,27.107415478167773,2403.886640514789,0.02,0.3601915395412318,0.0020125428065540184,178.97335568129887,False,False,10,False,0.0010614423485170133,False,2,True,0.0,0.04379207860738764,False,0.8638814637771727,389.2383318922855,2.398394656569335,False,True,False,0.9124872168659608,0.0034597889699216067,42.23080415528419,True,6,7,-0.10499999999999998,0.0025627936342962343,3.693416971452317,False,False
291029252,20375,20375,OK,,0,0.0,8,0.014053533898830328,5.486827545623357,0.5388487029089654,True,36.295458061920165,1707.5760646348767,0.244,0.5515891868019285,0.002314330519185865,238.33639241639798,False,False,8,False,0.0005889570552147239,False,1,True,0.0,0.062134969325153375,False,0.528033669987453,142.51913611899337,0.9572951802209023,False,True,True,nan,nan,nan,False,0,10,-0.0050000000000000044,0.06688932203680276,10.028579591470667,True,False
291156208,2008,2008,OK,,0,0.0,2,0.029544578337241424,1.1913074699626716,0.8086925300373283,False,16.420901991687327,2753.0624305083606,0.04,0.013320331779718598,0.0001983809224829763,67.14522552369752,False,False,4,False,0.0,False,0,True,0.0,0.02390438247011952,False,0.01306012423435099,29.449748766302836,0.9804653855721673,False,True,True,nan,nan,nan,False,1,4,0.375,0.0009599206147836714,3.7641913197249104,False,False
29408998,12105,12105,OK,,0,0.0,3,0.04135325661858488,1.0,0.0,True,17.224670409182803,1825.139486510121,0.084,0.40863640855023836,0.013878071571532433,29.444754369797234,False,False,54,False,0.05724907063197026,True,2,True,0.48148148148148145,0.02379182156133829,True,0.4370425049017923,24.896691257550437,1.0695143549551378,False,True,False,0.42986857946699175,0.41667089067744123,0.4071390394437355,False,29,31,0.495,0.06561179417651608,2.3923774757791096,False,False
29418536,16576,16576,OK,,0,0.0,2,0.014989461580722866,1.0233879840903872,0.9766120159096127,False,3.2571879105739208,2990.678531012696,0.12,0.004526475882155528,0.00024761983266220733,18.279940800744978,False,False,690,False,0.0,False,8,False,0.08695652173913043,0.04343629343629344,False,0.0045393310551573585,15.655290506643347,1.002839995912164,False,False,False,0.0039021391127276317,0.0040921574088323975,0.45007251725511493,False,414,414,0.275,0.001555360266929151,1.7609017990645692,False,False
296551969,20382,20382,OK,,0,0.0,8,0.004604416371163315,2.7826634594315602,0.20679514468179952,True,37.223147510666244,1707.6051046037924,0.058,0.6191683532508493,0.0023561991372809785,262.7826924533047,False,False,3,False,0.002109704641350211,False,1,True,0.0,0.0621136296732411,False,0.6711165385396329,121.18177237704857,1.0838999361256718,False,True,True,nan,nan,nan,False,0,4,-0.024999999999999994,0.0017171235307813504,5.360393083868751,True,False
297089673,1086,1086,OK,,0,0.0,2,0.0727837222398895,1.0402580725516242,0.959741927448376,False,1.094485995647827,1625.9112882811926,0.084,0.008370685347066,0.0002294838128180258,36.476147246619604,False,False,86,False,0.0,False,22,False,0.03488372093023256,0.022099447513812154,False,0.007906412812861308,15.771848479100163,0.9445358993971236,False,False,False,0.007334797222997791,0.0069586746404781685,0.32590295274887837,False,51,54,-0.495,0.011923884664474804,4.253312117628962,False,False
299171576,1086,1086,OK,,0,0.0,2,0.00865687313215762,1.0964780747703446,0.9035219252296551,False,13.857006058797458,1625.0643283573647,0.058,0.056056144938993364,0.0008715186381965134,64.32007587926492,False,False,8,False,0.001841620626151013,False,2,True,0.25,0.02117863720073665,False,0.06983034610251893,47.51042906174067,1.2457215204241427,False,True,True,0.0031819043516778667,0.06983267149943106,6.391198989187148,True,4,8,0.03500000000000003,0.00859338637030349,3.8315911439056487,False,False
299182924,1081,1078,OK,,3,0.0027752081406105457,2,0.2622631693857207,1.0256316511846195,0.9743683488153804,False,1.0366049530101298,1597.0723060541459,0.244,0.025886265919066304,8.459302588392004e-05,306.00945702767353,False,False,253,False,0.0,False,24,False,0.04743083003952569,0.03710575139146568,False,0.026086945418878904,55.67990468264598,1.0077523541031381,False,False,False,0.020798478075810145,0.02778165699804558,8.806891629029337,True,146,156,-0.265,0.005774191209787949,2.182819170141642,False,False
304788012,1107,1107,OK,,0,0.0,2,0.04534943837787017,1.0693378585174274,0.9306621414825729,False,12.893369209682746,1569.9954901499152,0.244,0.03881244120786123,0.0013805741985098911,28.113259866621476,False,False,11,False,0.0,False,1,True,1.0,0.06594399277326106,True,0.03919704097362342,27.2852253080668,1.0099091877190216,False,True,False,nan,nan,nan,False,13,2,0.395,0.0059317888343701775,2.271150284016708,False,False
304790516,1107,1107,OK,,0,0.0,2,0.018292760118668226,1.0459899299074835,0.9540100700925167,False,0.9103341159250372,1569.821459134323,0.084,0.015183817563516147,0.0005019967723942548,30.24684300478168,False,False,105,False,0.0,False,26,False,0.0761904761904762,0.06594399277326106,False,0.01484441360362887,17.59883474416609,0.9776469943433197,False,False,False,0.01559522047277806,0.010997271329839409,1.3159802251586254,False,64,62,0.265,0.006201631687323239,2.949070786600545,False,False
305117138,2188,2188,OK,,0,0.0,4,0.041252078160366565,1.2478611516686544,0.9152307640139918,False,13.604417522023024,1569.5361172840894,0.17,0.18204801935613937,0.0006431877916172962,283.04022826425154,False,False,16,False,0.0,False,2,True,1.0,0.06855575868372943,True,0.15768401885067806,87.31985194365369,0.8661671761569777,False,True,False,0.14174346771245516,0.22382426093252283,14.721111768917947,True,7,11,-0.015000000000000013,0.05867643896449981,8.377243516477876,True,False
307299562,1072,1065,OK,,7,0.0065298507462686565,2,0.041754823808449006,1.1729482735176782,0.8270517264823216,False,5.722737719582767,1494.9318147291654,0.084,0.056113612281313584,0.0009691561270382484,57.89945573867173,False,False,14,False,0.016901408450704224,False,3,False,0.0,0.046948356807511735,False,0.04981209737475578,28.055046882194286,0.8877007797151517,False,False,False,0.04480417980839402,0.04661979627936885,0.0344551862294219,False,10,8,-0.05499999999999999,0.004668919636489743,1.9191661688308967,False,False
308485830,904,904,OK,,0,0.0,2,0.016977463362253635,1.04915601838312,0.9508439816168804,False,7.613887493009977,1471.5292382173056,0.02,0.09444713923590058,0.0023430248987523854,40.30991701632868,False,False,2,False,0.0011061946902654867,False,0,True,0.0,0.04092920353982301,False,nan,nan,nan,True,True,True,nan,nan,nan,False,1,2,0.14500000000000002,0.004215437356699603,2.3052399451101206,False,False
308651389,1085,1082,OK,,3,0.0027649769585253456,2,0.06574409009524129,1.0206082354514954,0.9793917645485045,False,0.6674115185021798,1570.0157608459451,0.244,7.0921046813055e-13,2.0265574648264624e-15,349.9582323421956,True,False,396,False,0.0027726432532347504,False,35,False,0.07575757575757576,0.07208872458410351,False,-0.0002703641333676732,-0.636029678916935,-381218475.3566061,True,True,False,0.0009954644721101857,-0.0012931037000187828,0.26424407715773646,False,244,231,-0.395,0.005634396714288226,1.8972418246356664,False,False
309116658,31143,31078,OK,,65,0.002087146389236747,9,0.09173462883061233,1.7428166307076944,0.0,True,39.365656793558884,1843.7983704878777,0.058,0.5535283346466947,0.009741119801227157,56.823891497255055,False,False,22,False,0.05933457751464058,True,1,True,1.0,0.06908423965506146,True,0.536395100919663,21.22937952680963,0.9690472327167001,False,True,False,nan,nan,nan,False,0,25,-0.034999999999999976,0.06627058076510584,6.557837037722962,True,False
309141465,12795,12795,OK,,0,0.0,3,0.04065444965839211,1.9087218290021462,0.8932593279220786,False,5.316663871640427,1794.7889235323917,0.17,0.023266256931460016,0.00024184794227618333,96.20200491468572,False,False,399,False,0.0,False,9,False,0.0,0.022743259085580305,False,0.03194522742286421,99.92006280450605,1.3730282235329705,False,False,False,0.025237592343437587,0.031004314056991,10.525299673316107,True,284,197,0.495,0.012044206053528739,5.554862689545285,True,False
309620461,10105,10105,OK,,0,0.0,7,0.0434206030059077,1.0515131668150643,0.0,True,17.09287124811717,1914.9603190976347,0.02,0.0030337696858501835,0.0005610077726061873,5.407714177927816,False,False,12,True,0.0,False,2,True,1.0,0.14369124195942604,True,0.0028816098938460044,4.615500907711467,0.9498446461793497,True,True,False,nan,nan,nan,False,13,0,-0.065,0.0006629616433169172,5.107012466755552,True,False
309622406,5216,5209,OK,,7,0.0013420245398773007,10,0.24546144315539847,1.491161241411306,0.8125995295002357,False,35.36177465990205,1358.4388963191964,0.5,0.05189261170465801,0.00022810744077872772,227.49197276293884,False,False,59,False,0.007679017085813016,False,3,False,0.6271186440677966,0.08082165482818199,True,0.048096872277055946,162.2730906810604,0.926853952751402,False,False,False,0.0026954570998346528,0.03288571522054873,1.8623182724225897,False,53,15,-0.065,0.001859089384520063,3.4278432291041088,False,False
310992167,31891,31891,OK,,0,0.0,7,0.017384085866797933,1.0914452042032592,0.5859120143435262,False,25.603960401311497,2449.9162904498576,0.058,0.002655579133166758,0.0003859987760567477,6.879760501562697,False,False,58,True,0.0,False,3,False,0.43103448275862066,0.06776206453231319,True,0.003491915561949277,7.15127905212681,1.3149356079572723,False,True,False,0.002057224063764851,0.0033981971588925575,1.8048407055514268,False,30,40,0.125,0.0005782214790104323,3.159802245519222,False,False
310998967,46930,46926,OK,,4,8.523332623055615e-05,5,0.012823225237506558,1.0935516539602539,0.58725245172692,False,39.08587880987064,2455.0463612228887,0.04,0.3057777766516631,0.0006599468346317408,463.33698505015366,False,False,6,False,0.00010655073946213187,False,1,True,0.0,0.038166474875335636,False,0.30591118447422183,234.79301773339273,1.0004362901189863,False,True,True,nan,nan,nan,False,0,7,0.135,0.0003075262849902005,2.667762988329264,False,False
313384812,9765,9640,OK,,125,0.012800819252432157,8,0.07496879865173432,1.3549929051423097,0.0,True,0.7190458816773798,1928.4886582664428,0.5,0.15165051173307623,0.0001956799933372027,774.9924207721465,False,False,6764,False,0.01545643153526971,False,92,False,0.14473684210526316,0.13734439834024897,False,0.0,0.0,0.0,True,True,False,0.0,0.0,0.0,False,3997,4096,nan,nan,nan,False,False
313490578,1081,1078,OK,,3,0.0027752081406105457,2,0.02200155115198284,1.163969115943411,0.8360308840565891,False,12.957758707477312,1597.8501618123478,0.084,0.13085629249986525,0.001119332757238001,116.9056222590666,False,False,8,False,0.0055658627087198514,False,2,True,0.375,0.03710575139146568,True,0.1349906917324878,24.58820472558465,1.0315949592766187,False,True,True,0.12977846021413442,0.10030504222542314,0.9323121139778291,False,3,7,0.07500000000000001,0.025724813181227324,2.612850556573859,False,False
313612563,6603,6603,OK,,0,0.0,8,0.022280287886734515,1.3267785612791967,0.5820551728749491,False,22.102861641130712,1993.115343815006,0.5,0.00044099914288878286,7.389489584627381e-05,5.967924277289857,False,False,192,True,0.0,False,4,False,0.11979166666666667,0.16416780251400878,False,0.00044352507961398224,4.995301123322825,1.0057277588084483,True,True,False,0.00031049761777524054,0.00030137272825980777,0.06531926725150215,False,116,115,0.41500000000000004,0.00047034107713661566,2.479278336942563,False,False
313628447,13206,13165,OK,,41,0.0031046494017870664,3,0.012401801769589637,1.7467358834296556,0.8823701914763182,False,31.513421941773654,2791.553399722412,0.058,0.5182571171648179,0.022947088801579422,22.584874344894978,False,False,23,False,0.01807823775161413,False,2,True,0.0,0.07140144322066085,False,0.5233438626766032,24.353356675063488,1.0098151001564877,False,True,False,0.4869180442790403,0.5182163959910526,0.5780118226976878,False,21,5,0.29500000000000004,0.02986937733082251,3.252963564911089,False,False
313659902,1081,1081,OK,,0,0.0,2,0.09635705995827885,1.1077450147204402,0.8922549852795598,False,0.899123269523998,1596.8670181272216,0.12,0.010499887045947117,9.586363686452597e-05,109.52940436409175,False,False,149,False,0.0009250693802035153,False,28,False,0.040268456375838924,0.03700277520814061,False,0.010572024812800285,30.872894833849422,1.0068703374176784,False,False,False,0.008217512082587364,0.011051099526766972,1.4421344775568,False,83,94,0.485,0.005764294341880194,3.329223465280073,False,False
314003072,49863,49806,OK,,57,0.0011431321821791709,6,0.02561264033363673,1.6099598558289148,0.6313983436560365,False,28.284903222825836,2333.0893920474687,0.5,0.3385519562463778,0.0007373276090954605,459.1608290129091,False,False,240,False,0.0012448299401678514,False,2,True,0.1,0.038830662972332654,False,0.3536813590178949,354.731265614999,1.044688569929594,False,True,False,0.0022351199087755624,0.3319526199834901,50.18332005402822,True,37,282,-0.015000000000000013,0.015355468465464539,6.526945164964214,True,False
31401939,2027,2011,OK,,16,0.007893438579181056,4,0.2900291808011195,1.4790539194573369,0.745268682814935,False,15.53806120967893,1447.4072738461537,0.028,0.1674350195241403,0.0020958602194980453,79.8884476963071,False,False,4,False,0.005469915464942815,False,0,True,0.5,0.06315266036797614,True,0.1835361900715864,52.154863313227544,1.096163697374698,False,True,True,nan,nan,nan,False,2,3,-0.0050000000000000044,0.019350669672425047,4.598072907899174,False,False
315531484,1086,1086,OK,,0,0.0,2,0.023774634826448014,1.048303829237537,0.9516961707624629,False,2.0267060633383323,1625.5740421167043,0.5,0.0014580831502340073,0.00010058490899978714,14.49604284313756,False,False,258,False,0.0,False,13,False,0.0,0.022099447513812154,False,0.001305288912657132,8.395652997026847,0.8952088311614099,False,False,False,0.0009836073078994811,0.0011374186017174548,0.48047429327418195,False,147,166,-0.28500000000000003,0.0018549939077605604,2.7760203207917873,False,False
316102067,2188,2188,OK,,0,0.0,4,0.04015893425666311,1.1312864768540125,0.7894075722570095,False,13.778209095427599,1582.987129443466,0.5,0.1892165131352465,0.0022650642438884704,83.53692997705691,False,False,32,False,0.0,False,2,True,1.0,0.06855575868372943,True,0.18777488606289838,101.81697603329894,0.9923810715647334,False,True,False,0.1712714742974858,0.23829832377507842,11.858011935804823,True,14,22,0.04500000000000004,0.016029058930550177,4.3897346020566,False,False
31634385,25886,25886,OK,,0,0.0,6,0.0962678820853098,1.116285733722735,0.8131607520732074,False,39.171751899417096,3165.557831124817,0.5,0.0017921654718308939,8.896469785993014e-06,201.44681148162348,False,False,216,False,0.0,False,1,True,0.0,0.0823997527621108,False,0.0017894854934968896,103.0895142171189,0.9985046144588053,False,True,False,nan,nan,nan,False,276,0,0.355,0.00016567376330123285,4.630544385235346,False,False
31654004,3995,3961,OK,,34,0.00851063829787234,7,0.6919049471880172,8.64705699156428,0.7560073769020602,True,14.391786483538716,1339.049919535466,0.058,0.9597379631164664,0.00016381692680694535,5858.60070643064,False,False,3,False,0.0045443069931835394,False,1,True,1.0,0.08356475637465287,True,0.5478807764635997,316.81742314741905,0.5708649626451351,False,True,True,nan,nan,nan,False,3,0,-0.034999999999999976,0.0023037794491865826,2.682413596578891,False,False
318745473,31653,31653,OK,,0,0.0,8,0.04661361071446834,3.3125477344943954,0.27996012940852805,True,1.621382050664358,1765.783804839632,0.12,0.012176342248816405,0.00011597298049429272,104.99292332506387,False,False,2364,False,3.159258206173191e-05,False,72,False,0.07741116751269035,0.06653397782200739,False,0.017046114189349093,109.81614459826244,1.399937176618541,False,True,False,0.014154438782980283,0.018071080091998093,13.918959238157163,True,1397,1442,-0.255,0.0011001578595571937,0.8474491340460023,False,False
318764312,1072,1072,OK,,0,0.0,2,0.01197948695154006,1.050860328581459,0.9491396714185412,False,11.855322325053825,1492.883209277396,0.058,0.20606365288420123,0.0010875858630210763,189.46885932463422,False,False,3,False,0.005597014925373134,False,1,True,1.0,0.04664179104477612,True,0.20794325955283066,159.09381314255728,1.0091214857269646,False,True,True,nan,nan,nan,False,3,2,0.0050000000000000044,0.05167409192437655,4.955237781704257,False,False
320417382,1072,1072,OK,,0,0.0,2,0.015369133641608327,1.0367319130409227,0.9632680869590774,False,0.7304856089953254,1492.1262749683528,0.5,0.0022117497906360356,0.0001621056389764206,13.64387941469297,False,False,724,False,0.0,False,33,False,0.03867403314917127,0.04664179104477612,False,0.0005404840948235456,4.526168572835067,0.24436945675854138,True,True,False,0.00045986238984574435,0.00042389375993512335,0.04409537165670465,False,423,451,nan,nan,nan,False,False
323647005,1147,1119,OK,,28,0.024411508282476024,1,nan,nan,nan,False,9.22003376091974,1656.1281083653566,0.02,0.8554870826945215,0.0019247195743307087,444.47362312091815,False,False,1,False,0.0,False,0,True,0.0,0.03485254691689008,False,nan,nan,nan,True,True,True,nan,nan,nan,False,0,3,0.41500000000000004,0.01887612369073155,2.561823793459287,False,False
326169163,1081,1078,OK,,3,0.0027752081406105457,2,0.014785380553391035,1.1502082851547535,0.8497917148452465,False,7.790194786571147,1603.0962738203307,0.244,0.010635464244860322,0.0001746356647241946,60.900871890384536,False,False,30,False,0.0,False,3,False,0.3333333333333333,0.03710575139146568,True,0.01064508504117212,20.511151659484547,1.0009045958023362,False,False,False,0.0010391591394047772,0.011783286157773798,7.854085199007839,True,11,24,0.19500000000000006,0.0026054639684894854,2.161950482346557,False,False
326172757,1081,1078,OK,,3,0.0027752081406105457,2,0.16807589541220067,1.0275705530991792,0.9724294469008208,False,2.5328473974391947,1597.2922973491154,0.12,0.03199804838638553,0.0002635602969459992,121.40693707346067,False,False,47,False,0.0,False,9,False,0.0,0.03710575139146568,False,0.033686883477645146,42.24325214451796,1.0527793155028224,False,False,False,0.028251453655493086,0.03204143281288652,1.2883560098809699,False,27,31,-0.33499999999999996,0.027731392580300995,4.521656865607612,False,False
326208751,14772,14633,OK,,139,0.009409694015705388,17,1.8156080946680855,6.746177718389117,0.5982942182040384,True,5.232739651067669,2798.77858796843,0.5,0.7362650161535981,0.0018965648893697947,388.20976823959336,False,False,214,False,0.0260370395680995,True,5,False,0.6682242990654206,0.3722408255313333,False,0.6671566209776972,365.9660143481274,0.9061365219592566,False,True,False,0.724373404164643,0.4232440975755952,18.179251679893618,True,91,161,0.09499999999999997,0.045808277771456796,1.2494668368352868,False,False
326225355,4591,4591,OK,,0,0.0,5,0.048342685739393425,1.4340835925494921,0.7322315545149685,False,15.291302611570758,1632.8659796223997,0.244,0.07761663356116955,6.245073385171357e-05,1242.8458206026323,False,False,94,False,0.0,False,4,False,0.0,0.0936615116532346,False,0.08726877874331229,424.9191608006638,1.1243566583512785,False,False,False,0.07613135619798161,0.0838728119449651,3.555440316418827,True,56,56,0.365,0.07427344870380481,6.843760703865931,True,False
329718159,1148,1120,OK,,28,0.024390243902439025,1,nan,nan,nan,False,2.0460590580738587,1655.5641668257995,0.244,0.11194183278596326,0.0006073311470450361,184.3176219935618,False,False,137,False,0.0,False,13,False,0.0,0.03482142857142857,False,0.10849971002073566,58.65032807355937,0.9692507914194235,False,False,False,0.0933186475167751,0.10958068496270923,2.5173359943859706,False,80,82,-0.475,0.026975518686599864,2.70025501407842,False,False
330774804,31059,31059,OK,,0,0.0,6,0.057279830568675014,1.3329796374655225,0.8962277772563023,False,0.8835480753849678,2825.463475560723,0.12,0.001080822778148258,1.3911834696976306e-05,77.69088705339286,False,False,4288,False,0.0,False,86,False,0.10354477611940298,0.06513409961685823,False,0.00108779604138165,57.42869568530635,1.0064518100232298,False,False,False,0.0009024510675812447,0.0010184669662405277,4.185025215248793,True,2508,2646,0.495,0.0008066472689465254,2.793649703775709,False,False
330791148,18492,18492,OK,,0,0.0,1,nan,nan,nan,False,3.429837925629089,2335.3517573428567,0.084,0.00732211180937836,0.00033704942329465645,21.724148754816884,False,False,484,False,0.0,False,8,False,0.0,0.038124594419208305,False,0.006571892784132283,16.02370592237802,0.897540621506875,False,False,False,0.008259746633162424,0.004619024039448583,5.903162355591215,True,288,292,0.345,0.0029454240125145192,2.5161174696180604,False,False
331084390,25360,25352,OK,,8,0.0003154574132492114,2,0.15438535975914025,1.0317965551815618,0.9682034448184381,False,0.9280173851228631,2797.574349468846,0.058,0.07902059347425441,0.0013900427781118106,56.84759830312089,False,False,1586,False,0.010373934995266646,False,82,False,0.018915510718789406,0.04622909435153045,False,0.09102201347834105,61.5695882921155,1.1518771180577985,False,False,False,0.09003084982139864,0.08009560052379694,2.073286910786864,False,983,914,0.19500000000000006,0.10790849859296126,2.255493894178193,False,False
332793316,1081,1081,OK,,0,0.0,2,0.004876741458208,1.021491306755489,0.9785086932445108,False,13.471254493575206,1597.1040879868085,0.35000000000000003,0.06590992599793766,0.0015584806811573507,42.29114084942778,False,False,6,False,0.0,False,1,True,0.0,0.03700277520814061,False,0.07072984238328461,68.22510039949616,1.0731288392813212,False,True,True,nan,nan,nan,False,0,9,0.10499999999999998,0.0025100679400144044,2.949440869939827,False,False
333441825,6446,6446,OK,,0,0.0,3,0.017433003286824116,1.0051599259528228,0.9390315106956179,False,0.7520446574365379,3480.4857728871125,0.058,0.0006992667906900629,0.00013095967483970974,5.3395580856927305,False,False,500,True,0.0,False,20,False,0.198,0.12984796773192678,False,0.000648901910277,4.234728661177088,0.9279747285533737,True,True,False,0.0004675850444548768,0.00044693116782723585,0.09227834601849105,False,300,299,0.46499999999999997,0.0009196501374585386,2.1305516351993923,False,False
333468732,1919,1919,OK,,0,0.0,2,0.02718067841696685,1.0003687645652397,0.9996312354347601,False,8.91974315596143,2452.377784405704,0.084,0.0014649581345825267,0.00030575534982065335,4.791275558847379,False,False,25,True,0.0,False,2,True,0.48,0.0760812923397603,True,0.0012773595582962205,3.5852472407250877,0.8719427048065325,True,True,False,0.0011633699204003367,0.0010133269138331569,0.27726346075883584,False,14,15,0.17500000000000004,0.0008062867140142815,1.9460336131396219,False,False
333677011,1119,1118,OK,,1,0.0008936550491510277,2,0.04330328247733077,1.13228706846477,0.8677129315352302,False,12.78344829008695,1438.4154071020096,0.028,0.25417193147395756,0.0020118412734158922,126.3379645464777,False,False,2,False,0.0,False,0,True,0.0,0.03935599284436494,False,nan,nan,nan,True,True,True,nan,nan,nan,False,0,2,-0.0050000000000000044,0.04361187031082525,7.631101093558131,True,False
333696426,1078,1078,OK,,0,0.0,2,0.04397216277563095,1.173220146313158,0.8267798536868419,False,5.081474257965129,1598.232312709026,0.5,0.011512551950728572,9.247650514742957e-05,124.49164176754758,False,False,121,False,0.014842300556586271,False,6,False,0.0,0.03710575139146568,False,0.010175697735354539,9.184415279144503,0.8838785508985755,False,False,False,0.007487923913091277,0.011036066978700076,0.260853283591016,False,67,75,0.11499999999999999,0.010725725990417212,1.6577859764063818,False,False
334456931,1072,1072,OK,,0,0.0,2,0.006214559685934014,1.1780007560528223,0.8219992439471776,False,12.127481809057247,1491.732342209801,0.058,0.005956091875139895,0.0003191616676533166,18.66167675752838,False,False,5,False,0.0,False,1,True,0.0,0.04477611940298507,False,0.0062208019314311525,10.286918669848518,1.044443581771485,False,True,True,nan,nan,nan,False,0,8,-0.255,0.0014594894999740982,1.58823104501606,False,False
335295909,2292,305,UNRELIABLE_DATA,,1985,0.8660558464223386,,,,,,,,,,,,,,,,,,,,,,,,,,,,,,,,,,,,,,,
335457480,1097,1097,OK,,0,0.0,2,0.02405384030945764,1.010207774423938,0.9897922255760621,False,1.6592666365354884,1842.9487619587896,0.02,0.001372807398781501,0.00033482181911977256,4.1001133151672535,False,False,13,True,0.0,False,0,True,0.07692307692307693,0.04557885141294439,False,0.0016145034147990733,4.954191523110474,1.1760596688450986,True,True,False,0.0016157557149031332,0.0013387990311468645,0.5838612478580797,False,7,8,-0.445,0.0008101594556368941,2.370084429347168,False,False
335460194,19140,19125,OK,,15,0.0007836990595611285,6,0.028172323301919946,4.755661010911753,0.0,True,20.660472423250454,1857.0906178243608,0.02,0.8173500825215585,0.001848386905743373,442.1964254247093,False,False,5,False,0.0012026143790849673,False,1,True,0.8,0.10656209150326798,True,0.5225010952600357,123.34067985736621,0.6392623019601325,False,True,True,nan,nan,nan,False,0,7,-0.05499999999999999,0.00772637407972665,6.17777918078867,True,False
338532027,1081,1081,OK,,0,0.0,2,0.05773314187691261,1.239646805103524,0.7603531948964759,False,13.52298253746181,1597.7511920462612,0.35000000000000003,0.05934829667300585,0.0006634539832542432,89.4535237875916,False,False,12,False,0.0,False,1,True,0.08333333333333333,0.037927844588344126,False,0.07783249360142475,121.90266705603865,1.311452863260123,False,True,False,0.0016066044915797884,0.07821065539312155,15.403920511513274,True,4,13,0.03500000000000003,0.04451040707432097,7.166688811793946,True,False
338655096,2167,2160,OK,,7,0.003230272265805261,4,0.216536255386192,1.5020762950937674,0.7969225357994864,False,24.93744551805837,1612.7976251749697,0.02,0.6091971897207233,0.0016175239619944466,376.62328598184615,False,False,1,False,0.001388888888888889,False,0,True,0.0,0.04675925925925926,False,nan,nan,nan,True,True,True,nan,nan,nan,False,0,1,0.015000000000000013,0.04404449959425705,3.0750002572851862,False,False
33945481,1028,1028,OK,,0,0.0,2,0.0386068651715914,1.0560505846569601,0.94394941534304,False,1.0660955337880775,1354.7591905924432,0.12,0.11945344932641484,0.00021164076363117164,564.4160759814092,False,False,108,False,0.0,False,22,False,0.027777777777777776,0.04571984435797665,False,0.1215476486193815,361.8033007672885,1.0175315095945376,False,False,False,0.10762569818228596,0.10100493096185326,8.596892202544481,True,72,60,-0.175,0.003836037117062485,3.2770562313135985,False,False
33950517,11032,11017,OK,,15,0.001359680928208847,1,nan,nan,nan,False,11.325335083697151,3488.704219955246,0.04,0.695691360596898,0.007663567741827726,90.77904496098037,False,False,14,False,0.009530725242806572,False,1,True,0.0,0.0,False,0.6761008860427113,59.61284201234921,0.9718402790895978,False,True,False,nan,nan,nan,False,0,18,-0.255,0.01803956178723176,2.799958038802622,False,False
341077131,1177,1177,OK,,0,0.0,1,nan,nan,nan,False,2.5416165880281687,1654.9111142985926,0.17,0.005532836823595393,8.790779035578573e-05,62.939095627390486,False,False,87,False,0.0,False,10,False,0.09195402298850575,0.03228547153780799,False,0.005867418323810325,38.234815756133266,1.060471962373456,False,False,False,0.005343611001165427,0.0060104968721589325,2.345299018609333,False,34,53,-0.495,0.0012361722410306752,2.5878773353656688,False,False
341105354,3038,3038,OK,,0,0.0,6,0.08349391367791695,1.2006100347720405,0.918803383623959,False,32.58016491491007,1497.7100529253723,0.02,0.09625795590206085,0.00045790399396010645,210.21427454604608,False,False,1,False,0.0006583278472679394,False,0,True,0.0,0.07274522712310731,False,nan,nan,nan,True,True,True,nan,nan,nan,False,0,3,0.29500000000000004,0.0005421708380384249,0.4405019186160972,False,False
341112289,4145,4145,OK,,0,0.0,7,0.08780292484246088,1.394825047050042,0.936655379287477,False,28.833306270830263,1505.2096184309607,0.02,0.12910963485455226,0.0004362426333228793,295.95831537857384,False,False,1,False,0.0004825090470446321,False,0,True,0.0,0.07696019300361882,False,nan,nan,nan,True,True,True,nan,nan,nan,False,2,4,-0.10499999999999998,0.0006825576654790888,2.871563936912971,False,False
341126060,65221,65221,OK,,0,0.0,9,0.05493310463651956,1.8097405134143685,0.8615620976054026,False,1.4473104855166836,1738.8611475739492,0.17,0.03193337829051479,5.8053673425212724e-05,550.066454134944,False,False,7662,False,0.0,False,137,False,0.034194727225267556,0.03897517670688889,False,0.03786669715426716,598.7671210335092,1.1858030431285358,False,False,False,0.021104759268133266,0.03913810508865134,156.85619542721142,True,4520,4677,-0.33499999999999996,0.0006782530271891574,1.5693807563482702,False,False
342232987,69921,69908,OK,,13,0.0001859241143576322,7,0.06639048260960206,1.236814157989614,0.7767342685624848,False,1.4019791492734857,2362.303632019827,0.17,0.018390105957307203,0.0001240412449253093,148.25799247968445,False,False,8691,False,0.0013589288779538823,False,133,False,0.04867103900586814,0.04181209589746524,False,0.012932568919709397,98.26106203372744,0.7032351499079165,False,False,False,0.012680811765670263,0.008530861990034944,5.6135901566602415,True,5382,5034,0.355,0.0018376445149150822,0.8775261709329515,False,False
342243709,8118,8118,OK,,0,0.0,5,0.027048231546043317,1.0744369496270978,0.6022990467770304,False,17.52494621250771,2021.8124050938336,0.12,0.001849337237959471,0.0002759643931861038,6.7013617829758285,False,False,40,True,0.0,False,3,False,0.15,0.1063069721606307,False,0.0017886100212027856,5.144762122253203,0.9671627134790781,True,True,False,nan,nan,nan,False,0,49,0.06500000000000006,0.0012040285030373576,3.6157111313940935,False,False
342251767,1046,1029,OK,,17,0.016252390057361378,2,0.19475977744857656,1.0606293074631936,0.9393706925368064,False,12.95922640767379,1627.9410280757284,0.35000000000000003,0.1414845648192097,0.00014986140235078777,944.1027682900631,False,False,22,False,0.01652089407191448,False,2,True,0.0,0.022351797862001945,False,0.1533014026322701,41.729571440276565,1.0835203319044735,False,True,False,0.030278619544859442,0.15949734413118843,4.761154532085714,True,8,18,-0.065,0.050236047203867096,1.5351613718098192,False,False
342282644,14533,14533,OK,,0,0.0,3,0.017978412456736165,1.0767982422625444,0.9713569589993237,False,39.647437437096194,2801.8179906867126,0.5,0.4485061189368893,0.0018205456861546108,246.3580685438507,False,False,118,False,0.00020642675290717677,False,1,True,0.0,0.059657331590174084,False,0.483015571143391,236.27297322490628,1.0769431023333655,False,True,False,nan,nan,nan,False,0,160,-0.015000000000000013,0.035606467008211906,4.544491665081796,False,False
342308067,3073,3071,OK,,2,0.0006508298080052066,5,0.038002305864761665,1.1492237809100807,0.17722151514494136,True,38.23749348119128,1517.439733712358,0.02,0.6940884557432013,0.0005657167614046903,1226.9186686633793,False,False,1,False,0.00488440247476392,False,0,True,0.0,0.0755454249430153,False,nan,nan,nan,True,True,True,nan,nan,nan,False,0,3,-0.315,0.053621497883087677,5.065616104980881,True,False
342314656,166296,166296,OK,,0,0.0,16,0.03112683523520874,1.1879722392755212,0.9324706581247052,False,39.62569057701242,2248.4446602538683,0.12,0.0012207813182207748,7.396971416452858e-05,16.50379931853499,False,False,433,False,0.0,False,5,False,0.004618937644341801,0.06543753307355558,False,0.0011005906075944871,12.041428952778862,0.9015460764082961,False,False,False,0.0009114615913539126,0.0006923213765297476,1.6051909229524135,False,208,322,0.015000000000000013,6.99108484529809e-05,2.2094064301916116,False,False
344922627,1086,1086,OK,,0,0.0,2,0.014084430044144508,1.0844377118067867,0.9155622881932134,False,13.939483163110095,1625.058919850052,0.17,0.02815035610891035,0.0007258834324925764,38.78082189070797,False,False,12,False,0.0,False,2,True,0.25,0.02117863720073665,False,0.03683978272288457,23.499133105376956,1.30867910090927,False,True,False,-0.0009810985845755127,0.04003331314385905,13.602141547070788,True,4,11,0.10499999999999998,0.012065865834136158,3.3507416502496143,False,False
348401003,1046,1028,OK,,18,0.017208413001912046,2,0.007289859954821969,1.1088908856133033,0.8911091143866967,False,4.583041300475482,1626.6740213706191,0.02,0.40033041370765104,0.0025998017834461687,153.9849754149306,False,False,1,False,0.0029182879377431907,False,0,True,0.0,0.02237354085603113,False,nan,nan,nan,True,True,True,nan,nan,nan,False,2,4,0.03500000000000003,0.0045506232868621765,2.679744812925301,False,False
348825535,2292,200,UNRELIABLE_DATA,,2090,0.9118673647469459,,,,,,,,,,,,,,,,,,,,,,,,,,,,,,,,,,,,,,,
349410506,81495,81495,OK,,0,0.0,54,0.05187733291865116,1.8979194354745503,0.5393048158934103,False,5.630400772396829,1327.5334767349634,0.084,0.00015843343725773916,2.5867853644980873e-05,6.124722964345359,False,False,1220,True,0.0,False,109,False,0.027868852459016394,0.07864286152524695,False,0.00015153831844583188,4.345319076468636,0.9564793964503192,True,True,False,0.00012592648305220777,0.00015928615190263784,0.5674025343167504,False,742,722,-0.495,0.00012165859584500893,2.3710861656813145,False,False
349413295,170830,170830,OK,,0,0.0,22,0.01646820050306169,1.0486147605256797,0.9626047968652868,False,2.168567642390867,1327.418948495853,0.04,8.779969157360511e-05,1.639621788622672e-05,5.35487465358455,False,False,3084,True,0.0,False,111,False,0.11705577172503243,0.09383012351460517,False,8.581043361743923e-05,4.263352654658546,0.9773432238711428,True,True,False,8.948805844721797e-05,4.434585971679894e-05,1.5112369357301212,False,1759,1946,0.015000000000000013,9.536089780326495e-05,3.589229132773571,False,False
349413507,11253,11253,OK,,0,0.0,21,48.30613428207313,11.273789159537287,0.6869103717105075,True,39.56052154030232,1331.8067531119052,0.02,0.5877966315814485,0.00024935774531019964,2357.2423260814808,False,False,1,False,0.0003554607660179508,False,0,True,1.0,0.08673242690837998,True,nan,nan,nan,True,True,True,nan,nan,nan,False,2,1,0.32500000000000007,0.0006033869908361744,2.663173170663038,False,False
349429649,1177,1177,OK,,0,0.0,1,nan,nan,nan,False,14.177301302956867,1654.2034676256983,0.5,0.026281812784512148,5.0513600637414455e-05,520.291811568976,False,False,24,False,0.0016992353440951572,False,1,True,0.0,0.03313508920985556,False,0.027440711465992806,99.26041927013071,1.0440950816818693,False,True,False,nan,nan,nan,False,2,29,0.18500000000000005,0.005261028496607256,2.5321771447757917,False,False
349725115,14634,14634,OK,,0,0.0,3,0.01556900605782942,1.3331142926326445,0.9597321616235367,False,16.2203202005104,2777.6829315043638,0.17,0.16866517726441851,0.0009523313659700033,177.10765736737392,False,False,197,False,0.003963372967063004,False,4,False,0.0,0.05917725843925106,False,0.1845502771456763,149.16606933078555,1.0941812657413836,False,False,False,0.13932320848302648,0.17354777522511766,6.650845415653905,True,117,117,-0.15499999999999997,0.0033784964182397292,2.3648707275192296,False,False
349749090,1177,1170,OK,,7,0.00594732370433305,1,nan,nan,nan,False,12.669246890597538,1657.0644657000394,0.058,0.27212557970794704,0.002097293018310045,129.75086329482951,False,False,3,False,0.007692307692307693,False,1,True,0.0,0.03333333333333333,False,0.23850795054622476,77.38164313561313,0.8764628110381917,False,True,True,nan,nan,nan,False,2,3,-0.135,0.010389885584472625,3.9555547286648447,False,False
3521519,1962,1932,OK,,30,0.01529051987767584,4,0.11891340972427426,1.0403963089898833,0.943185064456118,False,13.335172520233819,1530.2799285447816,0.17,0.9590175220473344,0.00031471238355121605,3047.282446358723,False,False,7,False,0.008281573498964804,False,1,True,1.0,0.06987577639751552,True,0.6978751914762462,170.35332521755404,0.7276980612266656,False,True,True,nan,nan,nan,False,1,7,0.025000000000000022,0.07555962080453893,7.682022323106706,True,False
355944089,3073,3073,OK,,0,0.0,5,0.08346762197264228,1.299808503411849,0.909526715992642,False,32.98464345988393,1517.4428662649223,0.028,0.07660972537133115,0.000995331367992413,76.96906561465379,False,False,4,False,0.0026033192320208264,False,0,True,0.0,0.07191669378457534,False,0.081139278291529,72.03170949629714,1.0591250379536394,False,True,True,nan,nan,nan,False,1,3,0.0050000000000000044,0.012704900042042278,8.33096207055397,True,False
355950056,3292,3292,OK,,0,0.0,6,0.028367793666323696,1.149224263749261,0.8759288684808628,False,23.343029412367734,1547.2310471716407,0.02,0.018494271127840224,0.00031742632606815646,58.26319246082069,False,False,3,False,0.0006075334143377885,False,0,True,0.3333333333333333,0.06743620899149454,True,0.02497264960758927,39.36526084748494,1.3502910947378113,False,True,True,nan,nan,nan,False,2,3,0.10499999999999998,0.0009400138411950199,2.603479616977123,False,False
356068166,1966,1961,OK,,5,0.00254323499491353,4,0.14442682819666344,1.016676626044413,0.9415178572809648,False,13.437821485998022,1529.9849087323914,0.35000000000000003,0.2110551972167275,0.0007174554741995759,294.1718403531449,False,False,14,False,0.007649158592554819,False,1,True,1.0,0.06272310045894952,True,0.20917842873994597,148.58635987269577,0.9911076888817179,False,True,False,nan,nan,nan,False,2,13,0.03500000000000003,0.008275208300319692,3.261613295339811,False,False
35799943,21861,21821,OK,,40,0.0018297424637482274,2,0.0011721294871471681,1.0635153747094086,0.9364846252905915,False,19.762400131810114,3493.446134484376,0.028,0.5158922363291011,0.0020848823539115213,247.4442912144263,False,False,13,False,0.004903533293616241,False,1,True,0.0,0.019797442830301087,False,0.4614139344612045,120.6211080074652,0.8943998416112169,False,True,False,nan,nan,nan,False,15,0,0.245,0.008260100118304692,4.973158396917457,False,False
35808742,22038,21712,OK,,326,0.014792630910245939,2,0.0889543809187563,1.1083163233957074,0.8916836766042926,False,0.6510707612592623,3480.276147756026,0.5,0.23050397822847923,0.0004017215564825006,573.79041405392,False,False,16753,False,0.006125644804716286,False,82,False,0.02142899779144034,0.01989683124539425,False,0.0025515627863779144,8.904674657448698,0.01106949565898062,True,True,False,0.0033131355630589,0.00179219850417911,1.1281567556991574,False,9929,10104,nan,nan,nan,False,False
358376140,2211,2211,OK,,0,0.0,4,0.03768066628710129,1.0808809261059242,0.8697428497810609,False,25.00698270102222,1556.8799119106527,0.244,0.01571862404333283,0.0002615502355502321,60.097915837334384,False,False,10,False,0.0,False,1,True,1.0,0.06512890094979647,True,0.015271462999867147,52.189414902255756,0.97155215098771,False,True,False,nan,nan,nan,False,2,11,-0.395,0.0007625240330043637,2.7626704030152944,False,False
358386162,30320,30320,OK,,0,0.0,7,0.004961051225868104,1.8460047716381318,0.9638805704782988,False,12.899656436672695,2486.7178738492735,0.12,0.3999464339607306,0.0010871529901800491,367.88422381517194,False,False,46,False,0.001187335092348285,False,1,True,1.0,0.07381266490765172,True,0.44693451717354193,356.40510122019236,1.1174859411733746,False,True,False,nan,nan,nan,False,0,51,-0.024999999999999994,0.00876676001152299,3.194591364737118,False,False
358825428,62732,62732,OK,,0,0.0,13,0.04839494605727189,2.5247722440020834,0.18919272407839946,True,9.834435096709953,1772.6986549580536,0.5,0.00495079567861671,8.416519588134025e-05,58.82236269724313,False,False,3045,False,1.594082764777147e-05,False,25,False,0.07947454844006568,0.04355034113371166,False,0.005341674863829193,46.19964150302933,1.0789528008398235,False,True,False,0.0058502903223960345,0.004828968426876745,5.386187278607466,True,1689,1982,0.42500000000000004,0.00041850719118197155,1.7408248669790318,False,False
358840294,2211,2211,OK,,0,0.0,3,0.01875360506335411,1.0891099050979418,0.8750104080773762,False,13.644444765353024,1555.9965793130473,0.5,0.38886901664671797,0.0004427606470332779,878.2827002633107,False,False,19,False,0.0009045680687471732,False,2,True,0.8421052631578947,0.06558118498417007,True,0.3761223633000651,1128.478676738358,0.9672212163967976,False,True,False,0.4894034798483693,0.24469261643382234,34.58370131538847,True,9,15,0.08499999999999996,0.003080156800572942,1.8792935784851201,False,False
359392815,2292,269,UNRELIABLE_DATA,,2021,0.881762652705061,,,,,,,,,,,,,,,,,,,,,,,,,,,,,,,,,,,,,,,
360003037,2167,2166,OK,,1,0.00046146746654360867,4,0.14377313622249768,1.701792025715941,0.6256943159457029,False,14.725959997534797,1611.287260644107,0.5,0.11369557602968149,0.0006300016881217158,180.46868472472346,False,False,39,False,0.0023084025854108957,False,3,False,0.1282051282051282,0.04662973222530009,False,0.1497857556068397,156.31987833547802,1.3174281782761406,False,False,False,0.17467867736281384,0.056753567741808175,12.89976473660314,True,28,25,0.03500000000000003,0.02145826756827196,5.336727329188054,True,False
363798392,1086,1086,OK,,0,0.0,2,0.029700832660948414,1.0554546066418162,0.9445453933581837,False,9.468394620312091,1626.0568389344503,0.084,0.12103232304875029,0.0011395818367598664,106.20766244649643,False,False,9,False,0.0,False,2,True,0.0,0.02117863720073665,False,0.08423856277976438,59.65175757052685,0.6960005447952458,False,True,True,nan,nan,nan,False,0,10,0.265,0.0038254006372944183,2.6787300423622025,False,False
365944568,35094,35094,OK,,0,0.0,14,0.17200726352566045,1.0613030012531266,0.0,True,0.6682614698470972,1765.2945505245946,0.058,0.003169692063587844,1.701707390401602e-05,186.26539917886814,False,False,3089,False,0.0,False,230,False,0.08157979928779541,0.06605117683934576,False,0.0051029705091905075,53.90259771622433,1.6099262662803726,False,True,False,0.004566217387784288,0.004524612119857441,0.3334553785881138,False,1825,1886,-0.495,0.007379938318900048,2.0973927233034275,False,False
365965666,21140,21140,OK,,0,0.0,6,0.06315893562471153,1.134026964830668,0.0,True,0.7811539961360858,1765.108116055765,0.084,0.02727262758293853,3.0929049854041564e-05,881.7803234060473,False,False,2250,False,0.0,False,82,False,0.03244444444444444,0.09403973509933775,False,0.03330489912932699,37.28864262491043,1.2211840985267657,False,True,False,0.03077328491132425,0.030758120303447045,0.013896279967448555,False,1268,1436,-0.495,0.041513374685218096,1.5307249029878172,False,False
366721730,3255,3255,OK,,0,0.0,2,0.007132618233417037,1.0388245609164777,0.9611754390835225,False,8.072643707048638,2556.949984632925,0.058,0.016653690018789562,0.0006703180226460141,24.84446107095669,False,False,16,False,0.0,False,2,True,0.0,0.04423963133640553,False,0.015532078390573356,18.682612617388816,0.932650864345935,False,True,False,nan,nan,nan,False,0,20,0.28500000000000003,0.00131079622425756,2.221080046304438,False,False
366725821,63489,63489,OK,,0,0.0,5,0.12862015925050976,1.051738712685759,0.7666684692111108,False,0.6677117270400738,2420.64927083889,0.058,0.09226224119666734,0.0008280953890627128,111.41499205918197,False,False,5497,False,0.0,False,273,False,0.024195015462979808,0.024964954559057475,False,0.11445529398481946,126.08436287177223,1.240543178881219,False,False,False,0.11147675302765192,0.11333886022257234,1.5874180893137377,False,3310,3284,0.08499999999999996,0.08304671494104521,2.1932992328674445,False,False
366728412,64669,64669,OK,,0,0.0,7,0.021560405039709286,56.27702280151999,0.8192645752112326,True,38.6593289121609,1735.2421950532594,0.5,0.05320668123819405,0.00011722317714893383,453.89216136493343,False,False,506,False,0.0,False,5,False,0.0,0.02673614869566562,False,0.0004906981591352721,3.144946546309046,0.009222491381082944,True,True,False,0.00037000843830858887,0.0003683671065920491,0.0010963214072350412,False,166,459,0.025000000000000022,0.0006007116232108478,3.174506604918302,False,False
366734331,64670,64670,OK,,0,0.0,7,0.029641499368588745,19.652277567520045,0.8434672036414629,True,38.28991804909525,1721.0462227759117,0.02,0.36638435454663687,0.0013166999530633842,278.2595637633471,False,False,9,False,0.0003092624091541673,False,1,True,0.0,0.026720272150920054,False,-0.000725890781959615,-0.3340590061399557,-0.0019812275632179505,True,True,True,nan,nan,nan,False,10,1,-0.355,0.0005534283154680075,2.8995787950229825,False,False
367152049,10937,10937,OK,,0,0.0,8,0.1080624754841594,2.071749232003554,0.8842156724409289,False,26.66488757143112,2486.2013351717987,0.12,0.003941681946724951,0.00026496024037949074,14.876503512675923,False,False,51,False,0.0,False,1,True,1.0,0.1191368748285636,True,0.003869559870229744,17.060466548990295,0.9817027153712563,False,True,False,nan,nan,nan,False,63,0,0.07500000000000001,0.0007142154462883576,1.412403692437988,False,False
367154070,21422,21421,OK,,1,4.668098216786481e-05,9,0.035783133262687374,1.8097644308848748,0.6741984715073721,False,1.825380975509165,1817.427614970009,0.084,0.03305244903540471,0.0001849450100333359,178.7150084743951,False,False,1014,False,0.0002800989683021334,False,65,False,0.06903353057199212,0.0723589001447178,False,0.03270316338419055,132.42115053352643,0.9894323821257536,False,False,False,0.03041017869413931,0.03031579663298234,0.09432097568975864,False,605,624,0.29500000000000004,0.0012298068306710874,1.3760923348950636,False,False
370549851,19875,19875,OK,,0,0.0,6,0.06319805952376292,1.5308778905090938,0.0,True,32.22150668000666,1711.0291939237313,0.028,0.3495496853290901,0.0016494513340864986,211.91876238208516,False,False,12,False,0.0003018867924528302,False,1,True,0.0,0.06545911949685534,False,0.35982803210331227,197.60866222824933,1.029404537339364,False,True,False,nan,nan,nan,False,0,14,-0.015000000000000013,0.006964163276200974,6.104976937001851,True,False
370553309,2188,2188,OK,,0,0.0,4,0.1084519404202993,1.1969209651089348,0.7789456127459978,False,11.540027868452151,1576.2790734891225,0.35000000000000003,0.026206286384635603,7.374573129072906e-05,355.36004492683264,False,False,80,False,0.003656307129798903,False,5,False,0.1625,0.06855575868372943,False,0.027671548831449733,178.95560544402332,1.0559126320039451,False,False,False,0.017684536597808886,0.026760617119875985,1.9735310372712274,False,35,60,-0.365,0.006536402880960579,5.696678207198898,True,False
370557903,9859,9859,OK,,0,0.0,2,0.009825305822725944,1.0331752350142456,0.9668247649857543,False,11.731534336338973,3077.137678962573,0.12,0.003721573901861014,0.00014508722832310265,25.650596161181316,False,False,104,False,0.0,False,2,True,0.0,0.04402069175372756,False,0.0036476846316391143,18.179235315900268,0.9801456931474744,False,True,False,0.0037717911753567535,0.0028606175171981274,2.6196900757140074,False,62,62,-0.46499999999999997,0.0015383140933222794,3.084040668798452,False,False
372966655,1081,1081,OK,,0,0.0,2,0.03197093631109322,1.016538472254844,0.983461527745156,False,10.690954379448105,1597.5549277904406,0.244,0.04360259098060759,0.000992885551424096,43.915022147384846,False,False,29,False,0.0,False,3,False,0.0,0.037927844588344126,False,0.045005129999014404,20.128852336206688,1.032166414583725,False,False,False,0.05319274220646508,0.03211824835982613,5.645698720669892,True,14,22,-0.425,0.014859957839938986,3.1163434949566367,False,False
373658346,6733,6733,OK,,0,0.0,3,0.006213654958939173,1.0227811114212457,0.9748304606829467,False,0.7350565149917885,3340.022672663028,0.17,0.0002628657785127325,2.853698551853634e-05,9.211406661785869,False,False,1616,True,0.0,False,22,False,0.1318069306930693,0.1277290954997772,False,0.0002549863533186647,8.36020012545528,0.9700249106648694,False,True,False,0.00020356341679450551,0.00026837101355547954,1.4245952008524079,False,968,972,-0.395,0.00047003119873179067,2.87303614809737,False,False
373662379,61898,61898,OK,,0,0.0,7,0.049772839456983235,18.277464571684618,0.3238533132633534,True,39.452144565455576,1749.951779791139,0.5,0.04998366616470736,0.0001701295298560823,293.7977093511635,False,False,366,False,0.000145400497592814,False,4,False,0.04918032786885246,0.030647193770396458,False,0.0005430050849084544,2.126559630249185,0.010863650599760554,True,True,False,6.71874553961338e-05,0.0007945347931703761,0.9432008552446932,False,252,203,0.06500000000000006,0.0025044338700664914,7.85165334262358,True,False
373771873,12404,12368,OK,,36,0.0029022895840051595,22,0.18798803045986756,1.5902346796607867,0.23789454359034334,True,39.68008010707681,1344.9079919261458,0.5,0.992810584500628,1.3038552817712439e-05,76144.23152483057,False,False,80,False,0.002021345407503234,False,5,False,0.125,0.08141979301423027,False,0.02393734042247675,7.820173664284865,0.024110682134313617,True,True,False,0.04347894345989345,0.003655647628385439,5.534243397923059,True,34,62,0.355,0.016440364293439425,2.5817986007370686,False,False
373938251,2188,2188,OK,,0,0.0,4,0.031019806490177777,1.1576124708459903,0.7279922498259666,False,18.39607369856951,1572.9405895203292,0.02,0.07972746450277826,0.003854401092741606,20.684786711200502,False,False,1,False,0.013254113345521023,False,0,True,0.0,0.0690127970749543,False,nan,nan,nan,True,True,True,nan,nan,nan,False,2,2,-0.16499999999999998,0.0037919894494160555,2.7501438553984405,False,False
374197488,13639,13596,OK,,43,0.003152723806730699,3,0.0025283068364748197,2.1518165687962147,0.7924224825238353,False,14.60656941914596,2777.7268151640396,0.02,0.6972628246413162,0.0014193391272201976,491.2587916933697,False,False,5,False,0.008237716975581053,False,1,True,0.0,0.02846425419240953,False,0.8162031522824769,90.722803714311,1.1705817712314515,False,True,True,nan,nan,nan,False,3,2,-0.185,0.012910485004739014,5.389990716889051,True,False
374689514,2211,2211,OK,,0,0.0,4,0.04018434641727504,1.1125000308732067,0.9398053659581143,False,2.3214727766368117,1544.687483322918,0.5,0.002163095756461883,6.76763537580026e-05,31.962356662959273,False,False,452,False,0.0013568521031207597,False,21,False,0.03761061946902655,0.06467661691542288,False,0.0015896621482380802,12.07678899933526,0.7349014224124074,False,False,False,0.0017113161535606825,0.0012996863440808415,0.18097065872857748,False,247,302,-0.265,0.0017498874459370706,1.5777538188365603,False,False
375574991,13552,13510,OK,,42,0.0030991735537190084,3,0.021400495496028384,1.4444384953487892,0.7107670216834998,False,0.7102239880403661,2770.171288252423,0.5,0.2839040376711029,9.24468982406171e-05,3070.9958156970156,False,False,9591,False,0.016654330125832718,False,73,False,0.058492336565530184,0.060325684678016286,False,0.0002897618908650479,2.423737040317982,0.0010206332155118245,True,True,False,0.0,0.0,0.0,False,5382,6054,nan,nan,nan,False,False
375575235,8008,8008,OK,,0,0.0,3,0.03270165229164746,1.1725106738543545,0.9845180116272316,False,13.179620629516076,3519.3802382043264,0.5,0.0008739620303914757,0.0001150912041347973,7.5936474638658975,False,False,249,True,0.0,False,2,True,0.9477911646586346,0.11738261738261738,True,0.0007904327777953357,5.597050815699671,0.9044246206454477,True,True,False,0.0007330709035675564,0.0005235547690992659,0.763860304898663,False,252,51,-0.185,0.0007711526708193972,2.432697172230209,False,False
375576744,2702,2693,OK,,9,0.0033308660251665434,2,0.019626675245587547,1.073777817497127,0.9262221825028729,False,12.938312408511024,2779.4012837952364,0.02,0.802854924119494,0.00040005218657107426,2006.875480423994,False,False,2,False,0.0014853323431117712,False,0,True,0.5,0.08020794652803565,True,nan,nan,nan,True,True,True,nan,nan,nan,False,2,3,0.0050000000000000044,0.13439672460792706,6.963541075197609,True,False
375578212,1692,1692,OK,,0,0.0,3,0.5986116914530488,1.8980558735470126,0.8827841414597511,False,6.42769848875037,2770.189210609118,0.5,0.0020374155846458923,0.0001408806635056036,14.461995947121965,False,False,141,False,0.0,False,2,True,0.0,0.1702127659574468,False,0.0018782905147379791,9.550826525703881,0.9218985703716557,False,True,False,nan,nan,nan,False,0,160,-0.305,0.0012761266991709874,1.33524292392866,False,False
376095198,2165,2159,OK,,6,0.002771362586605081,4,0.1818923311416533,1.1763694117813306,0.795204884599933,False,13.676240772350411,1583.8995121800017,0.058,0.16745194542225755,0.0013051459746086303,128.30131546968974,False,False,5,False,0.0,False,1,True,0.4,0.06067623899953682,True,0.11535965386682057,72.18231681028516,0.6889119954738195,False,True,True,0.10692188417728488,0.0757059247774815,4.349019140714495,True,3,4,-0.065,0.06906754267016668,7.5664948285175,True,False
376097932,2165,2161,OK,,4,0.0018475750577367205,4,0.06555174031016806,1.7415374146206277,0.5571085785737465,False,3.322509773894587,1570.3115119199806,0.084,0.07563294845346362,0.0008008845520833069,94.43676776724293,False,False,48,False,0.0023137436372049976,False,11,False,0.08333333333333333,0.07126330402591392,False,0.009174750500416051,5.822589235969101,0.12130626516644669,True,True,False,-0.0713644646720577,0.0383255406994546,5.134113636797756,True,30,26,0.495,0.012455544217712666,3.372046255479256,False,False
376809615,2188,2188,OK,,0,0.0,4,0.08415946394479025,1.506064489283451,0.621257669773782,False,27.20148090406552,1569.535615924079,0.17,0.32847049243604864,0.0003645521986998553,901.0245819597604,False,False,9,False,0.0,False,1,True,0.8888888888888888,0.0690127970749543,True,0.37643934983548977,238.60165872508753,1.1460370368238797,False,True,True,nan,nan,nan,False,2,10,0.495,0.06347402186490281,7.842257079273268,True,False
376812341,3506,3378,OK,,128,0.03650884198516828,2,0.08533448200226261,1.1166328379627004,0.8833671620372994,False,0.6526388380961613,2551.81418614426,0.5,0.08937227377611734,0.00013415716408044258,666.1759317044629,False,False,2587,False,0.009769094138543518,False,38,False,0.03904136064940085,0.040556542332741266,False,0.0004503201625090103,2.908950904986631,0.005038700969353069,True,True,False,0.00011956548314873139,0.000236227032311076,0.01953328224323641,False,1550,1559,nan,nan,nan,False,False
378076396,59638,59638,OK,,0,0.0,7,0.00785274013874449,1.5080820519034255,0.8112515406690645,False,38.40563663787065,2419.447019034448,0.02,0.09145651099531105,0.000503389003746351,181.68158286070627,False,False,11,False,0.0,False,1,True,0.0,0.036302357557262147,False,0.0013312864895130838,1.9851719842817726,0.014556497673318618,True,True,False,nan,nan,nan,False,0,14,0.475,0.00021448319389971715,2.036040471898192,False,False
378077333,59638,59638,OK,,0,0.0,7,0.10766804022935765,1.4570383511363274,0.6824677252439736,False,38.40563663787065,2419.4469964782097,0.02,0.1515277983191453,0.002426968841982506,62.434999451977944,False,False,11,False,0.0,False,1,True,0.0,0.036302357557262147,False,-0.00011228232855242659,-0.03348328778593396,-0.0007410015178597094,True,True,False,nan,nan,nan,False,0,14,-0.135,0.0016582007756280603,2.6796284057200555,False,False
378077493,59637,59637,OK,,0,0.0,7,0.06066649302669451,1.478640489000317,0.7378905674515172,False,37.17212570085237,2418.1149944889603,0.02,0.19414883069605465,0.0023218196026350436,83.619257273784,False,False,13,False,0.0,False,2,True,0.0,0.03630296627932324,False,-5.406051300083092e-05,-0.018002273658932692,-0.00027844882097417394,True,True,False,-0.005381309288753466,0.007730707311335627,2.2527666832739133,False,10,8,-0.065,0.0015017895136142378,3.066423924374121,False,False
378969152,2188,2188,OK,,0,0.0,4,0.0767910129733474,1.0478328998247872,0.8506013925196405,False,26.911807784550295,1583.0187353514484,0.5,0.27174144592210764,0.0007185726695449763,378.16835713245706,False,False,20,False,0.0,False,1,True,1.0,0.0690127970749543,True,0.3008165955720583,339.4546219627925,1.1069956390026894,False,True,False,-0.0013119883839465274,0.3008147074860452,19.338996163493476,True,3,20,0.025000000000000022,0.013208202357976817,5.7908319666406864,True,False
382163135,2165,2160,OK,,5,0.0023094688221709007,4,0.027706490150715208,1.1310024938315526,0.8819617209410165,False,13.723475262649094,1582.949442908719,0.244,0.303097095175664,0.0016804510332397596,180.3665142157221,False,False,11,False,0.001388888888888889,False,1,True,1.0,0.0712962962962963,True,0.3538147453373519,122.8653635873186,1.1673313633451148,False,True,False,nan,nan,nan,False,1,13,0.08499999999999996,0.009531700847446034,1.5301894501127893,False,False
383087333,2165,2159,OK,,6,0.002771362586605081,4,0.09430002290410809,1.1981120420381528,0.6668153999481184,False,25.994378303771594,1584.2884552182552,0.244,0.18364523454359297,0.0006515417526299407,281.86257258619435,False,False,10,False,0.0041685965724872626,False,1,True,0.8,0.06067623899953682,True,0.1978359603177915,87.12483167443696,1.0772724966670997,False,True,False,nan,nan,nan,False,0,11,-0.07500000000000001,0.028028960355004795,2.6398925333839194,False,False
383220929,2258,2258,OK,,0,0.0,3,0.27412504431108353,1.1465278840371318,0.887072786549365,False,16.44433767120961,1605.808273617757,0.02,0.444728004701293,0.0019661871812760865,226.18802977479362,False,False,1,False,0.011957484499557131,False,0,True,0.0,0.05535872453498671,False,nan,nan,nan,True,True,True,nan,nan,nan,False,3,2,0.335,0.042369315386264206,5.326630476692286,True,False
383296680,3344,3344,OK,,0,0.0,5,0.12598835835907096,1.3770791255935375,0.925922302269091,False,21.534276034187283,1607.921310027421,0.35000000000000003,0.10381436584931607,0.0001650788757635833,628.877349504083,False,False,49,False,0.0,False,4,False,0.0,0.05562200956937799,False,0.1318505143611357,502.0934044291348,1.2700603936888022,False,False,False,-0.0001306557041773626,0.1464716469973959,26.749756083155148,True,22,40,0.365,0.002584272642147445,4.430961184159733,False,False
383306124,25270,25270,OK,,0,0.0,2,0.020615831880256164,1.2051461345785486,0.7948538654214515,False,17.806016464333464,2799.221895053199,0.12,0.08061819377680743,0.0004400788885142232,183.19032310090438,False,False,188,False,0.01408785120696478,False,5,False,0.0,0.04756628413138109,False,0.08064414484428917,128.3091910476572,1.000321900879516,False,False,False,0.07231461744728118,0.07293907450868198,0.10423485591877533,False,84,146,0.22499999999999998,0.003863291446686734,3.0379480192491988,False,False
383312814,1177,1177,OK,,0,0.0,1,nan,nan,nan,False,5.7502499374175615,1659.2527315683167,0.02,0.20827894154327917,0.000527909000451379,394.53568960785674,False,False,3,False,0.0,False,0,True,0.0,0.03313508920985556,False,0.26653320937811864,180.7780056322634,1.2796935081539895,False,True,True,0.000707377650125629,0.001286578136120653,0.16287614027573752,False,4,6,-0.315,0.0015157764498675563,1.6618531794964249,False,False
383318780,10792,10762,OK,,30,0.0027798369162342477,1,nan,nan,nan,False,9.538078214721752,3485.9644438687023,0.04,0.23570262150121524,0.002862618920903972,82.33810647306974,False,False,52,False,0.005296413306076937,False,3,False,0.0,0.0,False,0.2428039439874301,65.2794234544392,1.0301283135545365,False,False,False,-0.015161376728798581,0.2921857017829099,25.32618434864519,True,21,40,0.475,0.02533871355246098,2.0434271092238263,False,False
383836012,45662,45662,OK,,0,0.0,7,0.01997648074447852,1.1174143127074518,0.0,True,35.081569420133484,1696.4599304128687,0.12,0.1336190308692797,0.0006651388143264544,200.8889392578714,False,False,154,False,0.0020367044807498577,False,5,False,0.09740259740259741,0.04421619727563401,False,0.007239589889742382,7.764521018618368,0.05418082920257756,True,True,False,0.17194543076727575,0.0012942298808760189,41.241220626873485,True,81,101,0.04500000000000004,0.0017754844783612889,3.69624019839,False,False
385116886,17021,17005,OK,,16,0.0009400152752482228,4,0.014885280762571756,1.8557763046740576,0.8912925400585082,False,28.33149765143043,2456.20626435573,0.028,0.7107878759498073,0.003036100476333211,234.11210580495907,False,False,5,False,0.008056453984122317,False,1,True,0.0,0.03745957071449574,False,0.6959394150373549,50.464122610421846,0.9791098562385989,False,True,True,0.1853002836143749,0.6959394150373549,9.254839473226529,True,4,3,-0.024999999999999994,0.0073836215331399835,4.558176335870241,False,False
385222663,2211,2211,OK,,0,0.0,3,0.9017570322702942,16.02221253200234,0.31212180347860685,True,1.0105163177304728,1543.73447139439,0.17,0.042422916763645624,0.00020041093607405238,211.6796497970063,False,False,357,False,0.0013568521031207597,False,46,False,0.06442577030812324,0.06558118498417007,False,0.0009550187210003447,22.082265261798327,0.022511859010570186,True,True,False,0.0005571115284281891,0.00020821236219803474,0.16696438097541597,False,238,207,-0.175,0.0003987158755082154,1.97329546757093,False,False
385457809,2211,2211,OK,,0,0.0,3,0.11001189429544789,1.0846470806516175,0.8113526537837727,False,8.909514036860777,1548.5654103336694,0.02,0.20194469562282477,0.0005520428979466106,365.81341119319194,False,False,3,False,0.0004522840343735866,False,0,True,0.0,0.06512890094979647,False,0.2564812449525554,180.58045351262072,1.2700568547320965,False,True,True,0.0015021637958637646,0.0025144065881997912,0.06222397672073654,False,4,3,-0.485,0.0031105787058534062,4.211578865052837,False,False
385466048,2211,2211,OK,,0,0.0,3,0.13622564759288175,1.371473964057794,0.7431240363610367,False,8.90950668318587,1548.5654982621525,0.02,0.3262517813639157,0.00022902699037663954,1424.512372220357,False,False,3,False,0.004975124378109453,False,0,True,0.0,0.06558118498417007,False,0.34308455988730724,529.4093302360219,1.0515944417315397,False,True,True,-0.0005465272740805549,0.00020554310652642904,0.03349013954003936,False,4,3,0.08499999999999996,0.0008372146178319273,2.2425501217845727,False,False
386263513,862,842,OK,,20,0.02320185614849188,2,0.09372556138948894,1.0674669412298663,0.9325330587701337,False,1.0079269898344079,1518.6029712302625,0.5,0.006236870448565649,0.00017855952350669392,34.92880315807876,False,False,412,False,0.015439429928741092,False,18,False,0.050970873786407765,0.05938242280285035,False,0.00032198654562831663,1.7183567006193103,0.05162630012659103,True,True,False,0.00036615619582258674,0.00036954525019017304,0.00034209617351448697,False,254,241,nan,nan,nan,False,False
386512277,1104,1104,OK,,0,0.0,2,0.002064808202872894,1.0484535670386756,0.9515464329613242,False,11.753865106457285,1545.168722181385,0.35000000000000003,0.03131072675249868,0.0013365025050890284,23.427361066123087,False,False,31,False,0.0,False,2,True,0.4838709677419355,0.041666666666666664,True,0.024363237312890584,14.47044202100069,0.7781115240624791,False,True,False,0.09108546841096565,0.004433668416982006,27.17009725436007,True,16,20,0.22499999999999998,0.006997177600278848,2.339645454569623,False,False
386512830,1104,1104,OK,,0,0.0,2,0.022392471679498573,1.05528904325482,0.9447109567451799,False,12.552651977763237,1544.3767108111595,0.35000000000000003,0.014253974352881517,0.0002272165966385027,62.732980617429625,False,False,31,False,0.0,False,2,True,0.4838709677419355,0.041666666666666664,True,0.014468497074449638,34.36418188510833,1.0150500285925346,False,True,False,0.031370352572636095,0.0006460018059180062,21.895784121151777,True,17,20,-0.10499999999999998,0.00485086556003933,4.198632629648957,False,False
386849883,1104,1104,OK,,0,0.0,2,8.030124567892924e-05,1.0508878459366087,0.9491121540633912,False,12.397480849428945,1543.8327172625632,0.35000000000000003,0.02687090978207721,0.00028917367139351445,92.92308546828467,False,False,5,False,0.0,False,1,True,0.0,0.041666666666666664,False,0.030620203707937832,75.03311140440722,1.1395298468219854,False,True,True,nan,nan,nan,False,0,9,0.06500000000000006,0.004741976508331858,8.014652643405821,True,False
387151893,904,904,OK,,0,0.0,2,0.01352220695548375,1.051321784994499,0.948678215005501,False,0.6569964935121162,1468.7130664581211,0.5,0.006067293214216513,0.0001288446234707873,47.089999184887525,False,False,680,False,0.00995575221238938,False,31,False,0.030882352941176472,0.04092920353982301,False,-1.740465063204688e-05,-0.22702587378760455,-0.002868602195006063,True,True,False,0.0003558895158380926,0.00013267079751799749,0.06087849353952866,False,383,441,nan,nan,nan,False,False
387168415,21280,21223,OK,,57,0.0026785714285714286,2,0.008077361497458756,1.2180195834586283,0.7819804165413717,False,28.006941476107993,3507.6503232093564,0.5,0.49349429113771803,0.0003292944385902689,1498.6414384961965,False,False,23,False,0.007444753333647458,False,1,True,0.0,0.020355274937567735,False,0.8773728465880226,410.47010080776977,1.7778784118561903,False,True,False,nan,nan,nan,False,66,0,-0.015000000000000013,0.5709822202110887,9.851489195521957,False,True
387858879,64095,64095,OK,,0,0.0,7,0.06014277070365454,1.2086371075979208,0.5128379686746466,False,6.108346551571646,1744.0544103159311,0.5,0.10824168308574947,0.0002708503340045478,399.63651321889085,False,False,5589,False,0.0,False,30,False,0.03310073358382537,0.03811529760511741,False,0.08624963407546316,325.93628238958655,0.7968245838078467,False,False,False,0.07225179005910431,0.07859107200307158,15.244123107556101,True,3022,3683,0.495,0.011425803571590398,2.8621229367881185,False,False
3911774,1962,1962,OK,,0,0.0,4,0.06787628685496115,1.350187762651851,0.7252752876624871,False,21.9842657995311,1535.0727873380358,0.5,0.08009737950989408,0.00048247829361501603,166.01240008075098,False,False,38,False,0.0,False,2,True,1.0,0.06829765545361875,True,0.08621412888042546,140.70564925575414,1.0763664105862014,False,True,False,0.09691781465493854,0.07726736548738222,3.95154031365231,True,25,18,-0.185,0.013209518614140991,6.022292148090466,True,False
393912016,862,847,OK,,15,0.01740139211136891,2,0.14239938230803337,1.0165823873174227,0.9834176126825773,False,1.0085806285400243,1518.4956836994274,0.5,0.006855770414280849,0.00010633463544297598,64.47354040121189,False,False,411,False,0.01652892561983471,False,18,False,0.04866180048661801,0.0590318772136954,False,0.0002545273211367327,2.592720899943438,0.03712599835702519,True,True,False,-2.7681781994637333e-05,0.0004258022255572147,0.04757427521335673,False,259,240,nan,nan,nan,False,False
393978806,1062,1060,OK,,2,0.0018832391713747645,2,0.00029976731160016423,1.2451739774582589,0.7548260225417411,False,9.554101709519536,1325.415818312567,0.058,0.23050020682966166,0.00021048985215156487,1095.0656503083492,False,False,4,False,0.002830188679245283,False,1,True,0.0,0.07452830188679245,False,0.21890878436168104,8.682298733984165,0.9497118782346837,False,True,True,nan,nan,nan,False,0,5,-0.28500000000000003,0.036488671364587444,2.321532834619108,False,False
393983556,862,844,OK,,18,0.02088167053364269,2,0.055096321668666445,1.035531356295568,0.964468643704432,False,11.375754023370716,1523.7972328906826,0.35000000000000003,0.029375555197790722,0.0003760162397981171,78.12310237866971,False,False,31,False,0.015402843601895734,False,2,True,0.5483870967741935,0.05924170616113744,True,0.023373105246766834,53.65885511412568,0.7956651402634487,False,True,False,0.045257616925356015,0.00011148578524489139,1.3324366805850416,False,18,18,-0.10499999999999998,0.002328256183291799,2.6410926923486318,False,False
394178826,36415,36415,OK,,0,0.0,18,0.17343774092681505,1.3752653018322887,0.7440160735388675,False,27.991579498713577,175.77390063096956,0.5,0.003036659686683536,6.65390117861788e-06,456.3728262814835,False,False,624,False,0.0,False,27,False,0.21474358974358973,0.04330632980914458,False,0.00011162152207844223,4.1774399367689465,0.03675799516420254,True,True,False,2.171726614963454e-05,0.00029644701336284385,1.5774225079262258,False,386,345,0.015000000000000013,0.0002275372353195415,2.751510434807243,False,False
394420403,25493,25455,OK,,38,0.0014906052641901698,3,0.12040312983942889,1.0352343163188333,0.970944878810525,False,26.60643227731899,2796.3160976922977,0.04,0.3537869641397665,0.0006613586774870908,534.9396268361085,False,False,32,False,0.0017285405617756826,False,2,True,0.0,0.034060106069534475,False,0.3746707151139501,329.45960836880164,1.0590291703510402,False,True,False,0.3930142979084442,0.024013325530832907,35.03897903350099,True,21,17,0.015000000000000013,0.10518063423219381,9.916438418331875,True,False
394431024,25490,25475,OK,,15,0.0005884660651235779,3,0.002426154573580362,1.1885772112042536,0.9243661280355048,False,26.62103407609238,2796.3430318770224,0.17,0.5039898186999032,0.0006291973262520416,801.0043871324666,False,False,72,False,0.0010598626104023554,False,1,True,0.0,0.034033366045142295,False,0.4946499126549171,309.1552801623309,0.9814680660234776,False,True,False,nan,nan,nan,False,0,85,-0.0050000000000000044,0.10061754343027651,9.895751463225912,True,False
394441318,5779,5779,OK,,0,0.0,5,0.011679175790930639,1.5001024735298516,0.8896351169756578,False,0.7160931417260584,1599.3537601979033,0.084,0.00994776001833377,5.431840446421065e-05,183.13792749358382,False,False,674,False,0.0,False,96,False,0.08753709198813056,0.06662052258176156,False,0.011363377377941575,103.03047334537746,1.1423051377394322,False,False,False,0.010066607671411099,0.010266007421354972,0.7974933767499417,False,405,406,0.485,0.010362319220400318,3.3348602298416097,False,False
394455242,2167,2167,OK,,0,0.0,4,0.031401136506082915,1.1532984582396955,0.9523429572975061,False,21.97469930923816,1618.736392227461,0.02,0.2055115610144373,0.0009105187955033879,225.70820287220815,False,False,1,False,0.0,False,0,True,0.0,0.046608214120904476,False,nan,nan,nan,True,True,True,nan,nan,nan,False,2,1,-0.41500000000000004,0.0040260506882336955,4.815209909149537,False,False
394508536,2167,2166,OK,,1,0.00046146746654360867,4,0.0631100664683242,1.372617482718047,0.7442216171450403,False,9.764942481545642,1604.3574375901467,0.02,0.8911735437750469,8.965708480504805e-05,9939.800582551066,False,False,1,False,0.0,False,0,True,0.0,0.04662973222530009,False,nan,nan,nan,True,True,True,nan,nan,nan,False,1,2,0.20500000000000002,0.0045457477924353284,2.1029976681507887,False,False
395279192,1616,182,UNRELIABLE_DATA,,1432,0.8861386138613861,,,,,,,,,,,,,,,,,,,,,,,,,,,,,,,,,,,,,,,
397010842,19884,19884,OK,,0,0.0,10,0.05124954297521662,3.512545818431892,0.0,True,31.212294096949645,1690.6204353297576,0.17,0.006085676226991597,4.47614902044677e-05,135.95785571911495,False,False,59,False,0.0,False,3,False,0.0,0.06547978273989137,False,0.003915153472503041,44.3825625918095,0.6433391009430129,False,True,False,nan,nan,nan,False,0,67,0.29500000000000004,0.00045824758912260677,7.739522467851871,True,False
397010857,10874,10874,OK,,0,0.0,1,nan,nan,nan,False,10.866756905485861,3541.3862547566882,0.17,0.06428315763584959,8.999801153318763e-05,714.2730882686732,False,False,74,False,0.0,False,1,True,0.0,0.0,False,0.06726589415429562,484.5537623045784,1.0463999689520949,False,True,False,0.0003741474103223785,0.06346780367692906,133.0905282013456,True,7,88,0.265,0.00034675091801616986,2.8866943811210812,False,False
398397960,2165,2159,OK,,6,0.002771362586605081,4,0.22481269479288088,1.233457246679287,0.7577437768829195,False,3.722487167890119,1573.077533302096,0.17,0.04219699134872752,0.00036134185661147245,116.77858675005155,False,False,99,False,0.002779064381658175,False,13,False,0.1414141414141414,0.06067623899953682,False,0.04425235800917093,57.359442521823546,1.0487088438001966,False,False,False,0.03988287861888162,0.04281067506737124,0.3730712437293933,False,61,59,0.16500000000000004,0.003092931607203031,2.057083660782195,False,False
399584439,22300,22283,OK,,17,0.0007623318385650224,2,0.008914355611128652,1.0578176922529487,0.9421823077470514,False,21.933735698384215,2903.4909409104093,0.084,0.7821670442667983,0.0035079103130352357,222.9723608840001,False,False,16,False,0.0025131265987524123,False,1,True,0.0,0.019431853879639187,False,0.800144931390407,511.9081431595406,1.0229847156759988,False,True,False,nan,nan,nan,False,16,0,-0.315,0.0033224954723365396,3.0968284409519837,False,False
399586249,23382,23347,OK,,35,0.0014968779402959541,4,0.04235312709629708,1.0518091315495572,0.0,True,37.60289187203052,1822.5003862925214,0.084,0.867515720348761,0.0003449978470560327,2514.5540117178293,False,False,11,False,0.0017132822204137576,False,1,True,0.0,0.03075341585642695,False,0.9769991468116529,536.512334084078,1.1262033919326293,False,True,False,nan,nan,nan,False,0,15,0.025000000000000022,0.003709032169549431,2.1335363231701567,False,False
399593526,46501,46501,OK,,0,0.0,7,0.1265415147837538,1.4288975972152766,0.0,True,39.56052154030232,1736.9076962810864,0.12,0.021389843448195618,0.00023438073834648314,91.26109764436012,False,False,109,False,0.0,False,3,False,0.027522935779816515,0.03455839659362164,False,0.024545334086484405,81.50606184089602,1.1475228486796136,False,True,False,nan,nan,nan,False,0,131,-0.175,0.00021603076255982678,1.3191872840007985,False,False
399593548,46501,46501,OK,,0,0.0,7,0.25449307510160835,2.053408563796281,0.0,True,38.66993571406194,1741.9416966286558,0.02,0.4063037591406942,0.00459875664135098,88.35078496811566,False,False,3,False,0.0,False,1,True,1.0,0.03455839659362164,True,0.44574681025583074,71.05860056342786,1.0970777410441783,False,True,True,nan,nan,nan,False,4,2,-0.07500000000000001,0.0018328731041491464,1.6445249871411645,False,False
399792855,50434,50433,OK,,1,1.9827893881111947e-05,10,0.2629946230055429,1.8630643905456885,0.0,True,34.254205473258644,1690.9569654740528,0.17,0.07102086821805466,0.0007388525789657975,96.12319187877168,False,False,184,False,9.914143517141554e-05,False,7,False,0.0,0.047687030317450876,False,0.06961360220237345,81.9727632936786,0.980185175836481,False,True,False,-0.0015378526650156044,0.0698698439824268,20.40759954181171,True,64,165,0.20500000000000002,0.009052059197951157,3.600373871560336,False,False
399795323,46087,46087,OK,,0,0.0,8,0.013583968904835672,1.1388712489114916,0.9296627776886034,False,26.701487329898704,2898.5184042387,0.02,0.011900433410855608,6.940055462551768e-05,171.474615369716,False,False,8,False,0.0,False,1,True,0.0,0.05786881333130818,False,-0.00039575495099830604,-3.1072731436653833,-0.033255507369781785,True,True,True,nan,nan,nan,False,0,10,0.245,0.0001426912142359349,2.8273394944286094,False,False
400847491,1966,1957,OK,,9,0.004577822990844354,4,0.07338989431463189,1.2183517246917805,0.6458660696328321,False,1.1505079949414592,1518.5173891147629,0.5,0.0059035700673211395,7.492473047143656e-05,78.79334406910878,False,False,845,False,0.011752682677567705,False,37,False,0.06863905325443787,0.0633622892181911,False,0.00013520240837772146,1.6823437252159217,0.022901804642944164,True,True,False,-3.305300001410494e-05,0.0002070238559234161,0.039788117776322025,False,510,505,-0.46499999999999997,0.000586516079494892,1.414316483574844,False,False
402658843,95514,95514,OK,,0,0.0,47,0.04331654037520019,1.7981260296356882,0.0,True,1.2559336965106511,1683.8801020295155,0.5,0.00013316123415893345,8.239167345721217e-06,16.16197712358483,False,False,37913,False,0.0,False,513,False,0.0771239416558964,0.07896224637225957,False,0.0,0.0,0.0,True,True,False,0.0,0.0,0.0,False,23044,22475,-0.495,0.0,0.0,False,False
402659104,177039,177039,OK,,0,0.0,33,0.12644665093106616,1.7304661284581648,0.0,True,0.6569915557728051,1711.7281741467716,0.35000000000000003,0.018104148234539864,5.075499798298e-05,356.6968565462429,False,False,94402,False,0.005495964166087698,False,1120,False,0.04167284591428148,0.042013341693073275,False,0.018952733836008484,348.184096156941,1.0468724399775766,False,True,False,0.01882032232602593,0.01899719268663036,0.9976342086289486,False,56642,56567,nan,nan,nan,False,False
402659272,4260,315,UNRELIABLE_DATA,,3943,0.9255868544600939,,,,,,,,,,,,,,,,,,,,,,,,,,,,,,,,,,,,,,,
402663027,13679,13637,OK,,42,0.003070399883032385,3,0.008996864144293485,1.4312414756317382,0.6287333863879285,False,26.767493536668955,2793.4991647117263,0.02,0.47594797883006024,0.00152556943267868,311.9805422388178,False,False,4,False,0.005353083522768937,False,1,True,0.0,0.05983720759697881,False,0.487366841860294,135.34795285674159,1.0239918300699642,False,True,True,nan,nan,nan,False,1,4,0.11499999999999999,0.003794366142203187,5.3589446446164075,True,False
403653836,13097,13030,OK,,67,0.005115675345498969,4,0.013329036388525678,1.3234533596560376,0.5131775857638164,False,13.482162706887241,2778.5487770397867,0.02,0.5615123448755581,0.00043078221050276696,1303.4715250200693,False,False,10,False,0.00283960092095165,False,1,True,0.0,0.054105909439754414,False,0.002539282116839181,2.5950343174470554,0.004522219573644342,True,True,False,nan,nan,nan,False,10,2,-0.185,0.0009812440736818306,4.358957621834837,False,False
403669274,30585,30498,OK,,87,0.0028445316331535066,7,0.01304685740871092,1.410332367071076,0.0,True,34.386014985172864,1697.1455423936504,0.04,0.7866032235257019,0.0015645524928423176,502.7656324248235,False,False,13,False,0.001836185979408486,False,1,True,0.0,0.04265853498590071,False,0.8590333912230435,277.5971239341138,1.092079673119945,False,True,False,nan,nan,nan,False,0,15,-0.435,0.0021403434809108557,3.0684689616299328,False,False
403677762,1072,1072,OK,,0,0.0,2,0.04457077671246816,1.0301740143381715,0.9698259856618285,False,12.063479015585125,1491.7637624275073,0.084,0.010506599483842494,0.00034037567141334356,30.867657022065913,False,False,9,False,0.0,False,2,True,0.0,0.04664179104477612,False,0.01034123914179963,18.963711008881997,0.9842612881268423,False,True,True,nan,nan,nan,False,0,10,-0.065,0.0025058922772391856,3.7434168507955214,False,False
405220976,1072,1072,OK,,0,0.0,2,0.027109219877558967,1.2471238889923908,0.7528761110076094,False,12.19877696089222,1491.7463311006663,0.17,0.03928382569408314,0.000233130478796478,168.50574792658392,False,False,9,False,0.0,False,1,True,0.0,0.0457089552238806,False,0.03751676091380318,20.855992875108267,0.9550180067990143,False,True,True,nan,nan,nan,False,0,11,0.06500000000000006,0.012750897420293228,3.467997012467792,False,False
40577332,34714,34714,OK,,0,0.0,9,0.14481440582478394,1.164532048665526,0.0,True,0.6712010847665517,1683.942258821458,0.058,0.022821869257420548,0.00035499546704832974,64.2877765374777,False,False,3035,False,0.00011522728582128248,False,225,False,0.06029654036243822,0.05824739298265829,False,0.029369817166027157,84.75990529846389,1.2869154947278272,False,True,False,0.02689548067893266,0.027032345708261296,0.24405722590663925,False,1793,1844,-0.495,0.03630409059526163,2.377635027446803,False,False
40612527,58147,58146,OK,,1,1.7197791803532427e-05,10,0.06926060791837316,1.918842844346861,0.0,True,0.7684016759074205,1683.7708741741271,0.12,0.013331980366535816,0.00012320552298588004,108.20927539152386,False,False,9019,False,3.439617514532384e-05,False,302,False,0.031489078611819495,0.03637395521617996,False,0.01371045836120699,103.58339009712708,1.0283887302760495,False,True,False,0.012285675733481716,0.012079833255612016,0.7733008833696275,False,5264,5552,0.485,0.011493100484041063,2.5934039074082884,False,False
410900358,2837,2806,OK,,31,0.010927035600986958,6,0.16830367917061073,1.489581739290956,0.8265351485218104,False,31.713931548350025,1471.7502579816585,0.17,0.9529939161930938,4.0209127924250864e-05,23700.934722792772,False,False,8,False,0.002851033499643621,False,1,True,1.0,0.07804704205274413,True,0.7047239975013537,729.0092510904271,0.7394842564331375,False,True,True,nan,nan,nan,False,0,9,0.0050000000000000044,0.1984874648810523,9.694953114293977,True,False
411471665,22258,22258,OK,,0,0.0,2,0.02232000373100172,1.007218216066557,0.9927817839334429,False,0.6949976487772026,2825.349155080567,0.12,0.13682632665637412,0.0010247666308623234,133.5194985235196,False,False,3809,False,0.005031898643184473,False,76,False,0.009976371751115778,0.01945367957588283,False,0.11872638890908715,96.78299598337419,0.8677159711175819,False,False,False,0.10419166812064584,0.10449279886306873,0.1406519090487784,False,2283,2297,-0.175,0.042629701073088166,0.6241687277610387,False,False
411495979,26639,26639,OK,,0,0.0,7,0.030992433107044755,1.3063917508848804,0.8695539103613729,False,14.963475665057882,2449.6216067867713,0.35000000000000003,0.0006174737383145026,5.360087803990846e-05,11.51984372074583,False,False,318,False,0.0,False,6,False,0.0,0.059311535718307745,False,0.0005960572158285604,7.008006818481539,0.9653158974106296,False,False,False,0.00038068842037741746,0.00040984979975100533,0.24028013791011452,False,209,209,0.21499999999999997,0.00031107380235328996,2.6342328873146816,False,False
411607787,22678,22676,OK,,2,8.819119851838787e-05,5,0.015586159239184867,28.705220524232455,0.9192213655795078,True,23.99884176275827,1782.7678541454516,0.12,0.22793903886417236,0.0003394105179110905,671.5732920329876,False,False,109,False,0.0006614923266890104,False,3,False,0.0,0.05027341682836479,False,0.2487057213370263,567.2998139327735,1.0911063000718744,False,True,False,0.22648984207856349,0.22688462063028436,0.08330944112530811,False,62,69,0.395,0.14162576579554242,10.043406951471958,True,False
411610204,36072,36072,OK,,0,0.0,12,0.019632748441379917,1.096125867361552,0.0,True,28.30819085050168,1792.356705635248,0.12,0.003257096229165506,0.00013895262323418469,23.440336377645338,False,False,52,False,0.0,False,1,True,0.0,0.08369372366378354,False,0.003261715367617768,21.131424641103674,1.0014181768444235,False,True,False,nan,nan,nan,False,0,62,-0.034999999999999976,0.0003067639821333623,3.8634599559332643,False,False
412605502,1078,1078,OK,,0,0.0,2,0.28051445696062727,1.2549976186211969,0.745002381378803,False,1.09727066622073,1597.854478738176,0.084,0.04696432150930829,0.0001376919947059802,341.0824399021402,False,False,86,False,0.02040816326530612,True,21,False,0.046511627906976744,0.03710575139146568,False,0.05073039944583435,31.08750483313409,1.0801901915218688,False,True,False,0.03959631386622475,0.040603517590524385,0.0680177941255453,False,51,52,0.495,0.052920320554511235,4.0866519713523894,False,False
414327878,13369,13326,OK,,43,0.0032163961403246315,3,0.005062804056720283,2.3677223761720105,0.782864163295516,False,14.942965212272599,2776.2149153854857,0.02,0.7334986829894992,0.003209153339119872,228.56454817788955,False,False,1,False,0.00435239381659913,False,0,True,0.0,0.03114212817049377,False,nan,nan,nan,True,True,True,nan,nan,nan,False,3,0,0.485,0.006128448509628792,3.912358156463606,False,False
414532961,2167,2167,OK,,0,0.0,4,0.10207474633711378,1.343059622302452,0.6869060576200138,False,8.9820719877122,1598.2906854571984,0.02,0.3819907122217154,0.0020555735379845473,185.831693764773,False,False,4,False,0.0023073373327180432,False,0,True,0.0,0.046608214120904476,False,0.18464191672751307,29.188312351519958,0.4833675553355942,True,True,True,nan,nan,nan,False,1,5,0.19500000000000006,0.01777969316483352,3.7451698471913653,False,False
417450527,1988,181,UNRELIABLE_DATA,,1805,0.9079476861167002,,,,,,,,,,,,,,,,,,,,,,,,,,,,,,,,,,,,,,,
417495867,1988,315,UNRELIABLE_DATA,,1671,0.8405432595573441,,,,,,,,,,,,,,,,,,,,,,,,,,,,,,,,,,,,,,,
41959215,49288,49288,OK,,0,0.0,9,0.11722639228283316,8.150420550584634,0.6170205173211122,True,32.972626399482664,1693.8738498641335,0.028,0.22389854333339548,0.0014823567111607334,151.04228398445045,False,False,22,False,0.00042606719688362277,False,3,False,0.18181818181818182,0.04688768057133582,False,0.0032822981469997625,1.3250067974092397,0.014659756593915245,True,True,False,0.0012772053960979912,0.34278893306904823,41.85531680142248,True,20,7,-0.09499999999999997,0.0016606201929938447,3.5649782263313745,False,False
419744983,2239,2239,OK,,0,0.0,3,0.022226916670263396,1.0798493727391063,0.9516265154705391,False,7.0044519051284295,1330.6861584457595,0.35000000000000003,0.019801411518827243,0.0007339698567008962,26.978507820242292,False,False,119,False,0.0,False,8,False,0.0,0.07235372934345691,False,0.018449790003823296,14.386722568754646,0.931741153214314,False,False,False,0.017050659790686096,0.013380810799594078,1.8098754755581152,False,70,75,-0.435,0.023790192223973605,4.803242692416631,False,False
42143884,1086,1086,OK,,0,0.0,2,0.027143361163685854,1.0728283792166537,0.9271716207833463,False,11.563596007988346,1625.0589464274494,0.17,0.0119459887891133,0.0004175480041106408,28.60985724158289,False,False,24,False,0.0,False,3,False,0.0,0.022099447513812154,False,0.014513953997468687,21.244390868957126,1.2149646424158411,False,False,False,-0.0014585421034114532,0.01827769632037679,11.689565706617476,True,10,19,-0.28500000000000003,0.009198339033227532,6.065489676062484,True,False
421567488,1086,1086,OK,,0,0.0,2,0.04327612486467157,1.0049785570289171,0.995021442971083,False,7.824214777372564,1627.7339801420708,0.02,0.039676404975379935,0.0015708383674197532,25.2581078984925,False,False,3,False,0.0,False,0,True,0.0,0.022099447513812154,False,0.05012359397951682,17.30867184396077,1.2633098691935318,False,True,True,nan,nan,nan,False,1,3,0.405,0.0052917181955928205,2.50584617999581,False,False
42176081,904,904,OK,,0,0.0,2,0.10593350643658203,1.069753116294823,0.9302468837051768,False,0.7013753851910646,1468.7448616031131,0.5,0.0021467930478536543,2.199922882821445e-05,97.58492284512943,False,False,639,False,0.0,False,30,False,0.0297339593114241,0.04092920353982301,False,2.6995041602972947e-05,0.9682842584100244,0.01257458963264408,True,True,False,3.7140932213741706e-05,-3.2497231099881674e-05,0.07903967215385335,False,380,398,nan,nan,nan,False,False
421993150,36117,36094,OK,,23,0.0006368192264030789,6,0.013296443834125333,1.2533455986386681,0.5113808277855506,False,24.13749554332528,2448.745592662288,0.02,0.425828806300989,0.009313699342677888,45.72069492835423,False,False,17,False,0.010555771042278495,False,2,True,0.058823529411764705,0.050396187732033026,False,0.022380821932181383,1.0224271564178797,0.052558261914206726,True,True,False,0.012311875773888037,0.3082889590850799,7.32962260269097,True,11,8,-0.15499999999999997,0.013579199877639003,3.095654472318084,False,False
423202567,3478,3478,OK,,0,0.0,2,0.008395722536124717,1.0069419476957637,0.9930580523042362,False,1.1525846205149612,2459229.675994132,0.5,0.004025946415159392,0.0002349308899906794,17.136726529742923,False,False,1502,False,0.0002875215641173088,False,22,False,0.03994673768308921,0.041978148361127086,False,0.0022167374884014546,22.240203997012433,0.5506127652505507,False,False,False,0.002434121140406087,0.002755126668529728,0.7598444209981684,False,947,864,0.46499999999999997,0.001798594239472484,0.5986574278112915,False,False
425067915,12404,12389,OK,,15,0.0012092873266688164,22,0.23855128307059487,1.755014966609785,0.8068369110924076,False,1.7236671911612436,1326.794894122084,0.35000000000000003,0.002325067641981817,2.714702737036366e-05,85.64722797311089,False,False,2479,False,0.0018564855920574703,False,166,False,0.08188785800726099,0.08192751634514489,False,0.0015447529543356486,38.463607368834964,0.6643905435021873,False,False,False,0.0013283135071154861,0.0014044859803996612,0.06944370437583365,False,1489,1488,-0.255,0.00033368378671472243,1.9390492153551702,False,False
426260478,21001,20978,OK,,23,0.0010951859435264987,3,0.007275368397705988,1.2170035601604592,0.8418945619259002,False,22.611900379712967,2916.928042062616,0.028,0.6440130752528664,0.01657531135421133,38.85375432716928,False,False,12,False,0.012536943464581942,False,1,True,0.0,0.061206978739632,False,0.6649959593860431,34.27342680719833,1.032581456711788,False,True,False,nan,nan,nan,False,14,0,0.31500000000000006,0.017266959110418312,3.345107501247798,False,False
427347849,904,904,OK,,0,0.0,2,0.01736889830821077,1.033314197101989,0.966685802898011,False,5.527322832584689,1470.5569895785186,0.244,0.006720375364200309,9.58154789418898e-05,70.1387232878738,False,False,46,False,0.0,False,4,False,0.0,0.0420353982300885,False,0.005638019549976003,22.66997893598275,0.8389441429134963,False,False,False,0.004763586116083074,0.005151836259952636,0.1355682987607632,False,28,28,-0.20500000000000002,0.0017394612980377033,2.0371217171492244,False,False
427348925,4406,4406,OK,,0,0.0,4,0.045461970443829436,1.0868604004024611,0.9586675105794177,False,0.7796553870751207,1468.4238677766034,0.084,0.026487776859759393,6.242275831405072e-05,424.32884376077413,False,False,470,False,0.0,False,56,False,0.06595744680851064,0.0658193372673627,False,0.02803973371084756,22.227047408314466,1.0585914348080272,False,False,False,0.025469339920031975,0.02563938978178215,0.11054384307622082,False,285,281,-0.495,0.037305884789921695,2.1453040656344537,False,False
427352243,4406,4406,OK,,0,0.0,4,0.03601639942589012,1.2083830667773812,0.7899642136799855,False,1.2621507197139104,1468.8536860988522,0.084,0.0013792132665995762,3.299218199206845e-05,41.804245227889105,False,False,292,False,0.0,False,35,False,0.0410958904109589,0.06559237403540627,False,0.0013463429427309492,19.757408522646223,0.9761673378116003,False,False,False,0.0010343002924080302,0.001222278971170665,1.6306546974851843,False,175,174,0.345,0.00031974766360653994,1.79098074582046,False,False
430302857,3571,3571,OK,,0,0.0,2,0.007919766761700066,1.0196278544990507,0.9803721455009492,False,12.66148510924891,2777.2186981214018,0.02,0.009251504909359843,0.0017904290702555092,5.167199898088996,False,False,5,True,0.0,False,1,True,0.0,0.04032483898067768,False,0.007577339525751681,4.1145032826638746,0.8190385888554853,True,True,True,0.001360322937004499,0.007099490701109823,2.3515391875872322,False,4,4,-0.315,0.0016761143610328766,2.1529856487692784,False,False
430311659,18405,18405,OK,,0,0.0,3,0.0072204206187308365,1.0700770130324149,0.9780698089850174,False,34.09483014006602,2776.0735055579457,0.02,0.2459259728141522,0.002526367171275738,97.34371773441275,False,False,2,False,0.0,False,0,True,0.0,0.06264602010323282,False,nan,nan,nan,True,True,True,nan,nan,nan,False,0,4,0.14500000000000002,0.0034498786462746622,3.039756285786926,False,False
430314843,6223,6223,OK,,0,0.0,4,0.04066180660807462,1.1342654114420483,0.8786882678283547,False,1.144288653404174,2474.603596804986,0.058,0.06743615804097855,0.00010559889422994071,638.6066684953811,False,False,313,False,0.0,False,39,False,0.08626198083067092,0.06877711714607103,False,0.07293080565944887,74.60099197314823,1.0814792505695745,False,False,False,0.07255406037747736,0.0708209016090835,1.1730262859278422,False,177,194,-0.485,0.033109353216142834,2.3995743400155796,False,False
430327259,23409,23400,OK,,9,0.00038446751249519417,4,0.039266671984230714,14.880800500498188,0.48465637672085876,True,32.568088927756015,1803.1265736929643,0.5,0.8695354320848069,0.00033286107840199556,2612.3073212983795,False,False,159,False,0.0009401709401709402,False,1,True,0.0,0.03051282051282051,False,0.9297918738395069,2215.8692070829634,1.069297281664795,False,True,False,nan,nan,nan,False,0,186,-0.435,0.00121653875649963,1.1262452884041827,False,False
43312632,35574,35574,OK,,0,0.0,10,0.02816495701535044,9.389493278498273,0.7496481469237368,True,3.422169825558299,1686.010782598006,0.5,0.010417529506136388,0.00018015714731896404,57.824680625589586,False,False,5529,False,0.004834991847978861,False,56,False,0.06963284499909568,0.055939731264406586,False,0.0,0.0,0.0,True,True,False,0.0,0.0,0.0,False,3290,3307,0.15500000000000003,0.0010517174898519999,2.595713597827979,False,False
43316567,46618,46618,OK,,0,0.0,10,0.05180772699400918,6.040824729132757,0.6749779029350993,True,18.8464083478536,1688.4777712480654,0.35000000000000003,0.272665055638417,0.00022741093157680058,1198.997135924107,False,False,1057,False,0.0008151357844609379,False,13,False,0.0,0.051954180788536614,False,0.2695370518081035,1000.9490478373082,0.9885280355306639,False,True,False,0.2271592140076656,0.26546352837864506,14.469153845456743,True,684,584,0.395,0.33895215928000855,9.920160613945217,True,False
43330648,70071,70071,OK,,0,0.0,10,0.013892316771557788,1.1374823804094345,0.9240070114163833,False,14.285582291313856,1991.2749566013536,0.17,0.0003118545316607433,2.058517406991537e-05,15.149472654521274,False,False,726,False,0.0,False,6,False,0.33608815426997246,0.14391117580739535,False,0.0002941744192999085,10.89436431246044,0.9433065401785843,False,False,False,0.00025656585191535797,0.00023150220749434958,0.621473481699111,False,444,436,-0.405,0.00011869171969169923,1.8616779691440613,False,False
43337770,18594,18561,OK,,33,0.0017747660535656663,5,0.003805558735886758,1.767675680421899,0.0,True,21.921704911221664,1989.430261261448,0.02,0.39046834170456113,0.0023919496459199126,163.2427097161538,False,False,12,False,0.007434944237918215,False,1,True,0.0,0.04374764290717095,False,0.6598527775366488,171.37289704969115,1.6899008371744288,False,True,False,0.6677316008163363,0.1071330165348523,14.332718504322626,True,9,4,-0.065,0.0023263267936346477,1.1316997695115205,False,False
433873891,21601,21542,OK,,59,0.002731355029859729,2,0.0005385752293591985,1.2204399079398394,0.7795600920601607,False,38.723013391712016,3504.480217962521,0.02,0.45388561189542825,0.00036013038395571207,1260.3369005133595,False,False,17,False,0.010444712654349642,False,2,True,0.0,0.020053848296351314,False,0.4334161320800519,167.24238910712668,0.9549016772532275,False,True,False,nan,nan,nan,False,0,20,-0.33499999999999996,0.03216066090133474,4.1466744105251765,False,False
433884379,43500,43500,OK,,0,0.0,10,0.012985997479804237,4.705037736243882,0.0,True,37.57195799320811,1763.0749952682083,0.17,0.19601060521522995,0.001729489228448453,113.33438913121974,False,False,9,False,0.0,False,1,True,1.0,0.05062068965517241,True,0.19728794027468033,59.020498479809476,1.0065166630042686,False,True,True,0.0051262329523199535,0.19728794027468033,25.95248273941169,True,3,9,-0.034999999999999976,0.001967114075866805,4.80402611705411,False,False
435412184,1081,1077,OK,,4,0.0037002775208140612,2,0.18396891945881752,1.2928115701729481,0.707188429827052,False,8.231033614112727,1597.5819243850183,0.02,0.9107562127206601,0.0006230534241801043,1461.7626312208347,False,False,2,False,0.007428040854224698,False,0,True,0.0,0.03714020427112349,False,nan,nan,nan,True,True,True,nan,nan,nan,False,2,2,0.0050000000000000044,0.031575609098770996,3.444716957988686,False,False
43674956,2292,345,UNRELIABLE_DATA,,1945,0.8486038394415357,,,,,,,,,,,,,,,,,,,,,,,,,,,,,,,,,,,,,,,
437172789,2211,2211,OK,,0,0.0,3,0.052397300081589965,1.1374526586884643,0.98338919342512,False,13.168865525101413,1556.3448679565888,0.17,0.05358649285107246,0.0001415613514474575,378.53900307642834,False,False,8,False,0.0,False,1,True,1.0,0.06558118498417007,True,0.05402569129821033,157.318373897355,1.0081960662803309,False,True,True,nan,nan,nan,False,8,1,-0.485,0.0008640261528429782,0.5507839963129806,False,False
437192251,14586,14586,OK,,0,0.0,8,0.03414280609342584,2.3097900905514157,0.26024725181396924,True,3.6430514794780366,1495.2486976449093,0.084,0.002042071250083383,3.219930564501666e-05,63.41972937541978,False,False,318,False,0.0,False,22,False,0.006289308176100629,0.07582613464966406,False,0.0023414527917802186,47.29695983921376,1.1466068050684377,False,True,False,0.0019508842160326223,0.002229824033382788,3.1776225459650274,True,179,204,0.495,0.0016940345761139453,7.686887795813154,True,False
437219226,1934,1934,OK,,0,0.0,4,0.05337544386043476,1.4239859270652238,0.9208058538964331,False,24.340030822860584,1504.7049362933958,0.028,0.025278365999437884,0.0007728109829114404,32.709636066772404,False,False,2,False,0.0025853154084798345,False,0,True,1.0,0.07652533609100311,True,nan,nan,nan,True,True,True,nan,nan,nan,False,2,0,0.43500000000000005,0.0016225943449221791,1.1201818657281943,False,False
437226603,25846,25846,OK,,0,0.0,4,0.01688281654086806,1.0911272017507174,0.5498879035544427,False,1.6927398729215692,2229.6947429845086,0.12,0.01380942832019109,0.0001661810062657156,83.0987164568643,False,False,1806,False,0.0,False,45,False,0.05703211517165006,0.033390079702855374,False,0.013381986718317251,64.88576648770238,0.9690471182468238,False,False,False,0.011106710874694281,0.011993820143509915,2.331282586603008,False,1010,1160,-0.29500000000000004,0.001824649489670982,1.8947520644935443,False,False
43792371,29573,29569,OK,,4,0.0001352585128326514,4,0.0029396049074124513,1.7789576217183563,0.0,True,35.36177465990205,2036.447918969705,0.5,0.9080330149830586,0.0011344899737002437,800.3887526845434,False,False,32,False,0.003584835469579627,False,1,True,0.0,0.027562650072711286,False,0.9279186754120529,672.6512341093666,1.0218997108044197,False,True,False,nan,nan,nan,False,54,0,0.03500000000000003,0.00281321580895999,1.711077698128016,False,False
43794052,29740,29708,OK,,32,0.0010759919300605246,4,0.015880973992700508,1.6500048974411567,0.0,True,33.722748284636346,2035.2430230212985,0.058,0.6010778037512543,0.0002694784913949229,2230.5223717108092,False,False,24,False,0.0030294870068668374,False,1,True,0.0,0.02743368789551636,False,0.5392706308654844,641.1903204730635,0.8971727578359429,False,True,False,nan,nan,nan,False,29,0,0.0050000000000000044,0.10319666221603918,10.052893166800827,True,False
442703447,1081,1078,OK,,3,0.0027752081406105457,2,0.014756366326827586,1.1166056249391196,0.8833943750608804,False,12.022794581750063,1599.7841491066536,0.5,0.002961815609742301,0.00014424106204453694,20.533789530943615,False,False,45,False,0.0,False,3,False,0.0,0.03710575139146568,False,0.0025985903483893846,9.246349316120751,0.8773639857396391,False,False,False,0.00044300161503019186,0.0026332944010498682,2.9996030264884905,False,14,40,0.04500000000000004,0.003203324781507977,2.85295547629065,False,False
444494015,18807,18807,OK,,0,0.0,4,2.456843428079734,7.9915538515640545,0.9653429236873804,True,16.621216908094382,2896.260920581084,0.17,0.016949210371380766,2.251000285673919e-05,752.9634926859372,False,False,67,False,0.0,False,1,True,1.0,0.08023608230977827,True,0.016089703022521773,122.12471809532192,0.9492892394379449,False,True,False,nan,nan,nan,False,74,0,-0.20500000000000002,0.0013079827176278869,2.5009865089645387,False,False
444495081,32278,32256,OK,,22,0.0006815787843112957,8,0.03369800326060488,1.7660971807977077,0.0,True,32.88229711759271,1818.3211129568242,0.028,0.3772743305794398,0.0025346700833937634,148.84553735462617,False,False,12,False,0.0007130456349206349,False,1,True,0.0,0.041914682539682536,False,0.37991439457465925,104.47618300859978,1.006997730248874,False,True,False,nan,nan,nan,False,14,0,0.31500000000000006,0.005502726208116204,2.60605801410632,False,False
444513332,34853,34806,OK,,47,0.0013485209307663615,5,0.009945078709148132,3.814968376275653,0.6288136225293538,True,0.6949976487772026,2362.1157526836873,0.5,0.04734887435374457,0.0005190655137714532,91.21945707722837,False,False,24758,False,0.0035626041487099927,False,150,False,0.0499232571290088,0.05039361029707522,False,0.003483210328644848,8.837098597880475,0.07356479697113179,True,True,False,0.0019146840292965095,0.0009158057062625957,1.1014076749182409,False,14489,15387,nan,nan,nan,False,False
444528660,24745,24742,OK,,3,0.00012123661345726409,5,0.05710276360023426,1.157062084995956,0.0,True,30.143592129821926,1818.2614205158588,0.028,0.18189786612013203,0.0010094764780526984,180.19029672788105,False,False,12,False,0.0020612723304502464,False,1,True,0.0,0.03326327701883437,False,0.18533900733555186,146.2168069088787,1.0189179856191781,False,True,False,nan,nan,nan,False,0,15,0.345,0.004923833822360946,3.682211097574541,False,False
44532737,27125,27111,OK,,14,0.0005161290322580645,3,0.005766354227515178,1.2484324322641607,0.0,True,39.19324963473447,2036.192994181904,0.35000000000000003,0.5833424835401375,0.0005539835736055358,1052.9959936240036,False,False,122,False,0.0010327911179963851,False,1,True,0.0,0.021430415698424993,False,0.6187632114664416,1094.6187783381872,1.0607202954109325,False,True,False,nan,nan,nan,False,137,0,0.0050000000000000044,0.008489643292434845,2.4600723139416467,False,False
44532997,4121,4121,OK,,0,0.0,4,0.037488364671214136,1.0377357201570845,0.6689214490315719,False,26.021741784056314,2014.306817869921,0.084,0.002402603494584486,0.0003585248486869733,6.701358367163527,False,False,17,True,0.0,False,2,True,0.0,0.1412278573161854,False,0.0025720847926121726,5.567551966103662,1.0705406857226758,True,True,False,0.001618628044758319,0.003403922299607398,2.1485474555582664,False,14,5,-0.475,0.0008158677269165526,2.284145148260192,False,False
446540982,43986,43890,OK,,96,0.0021825126176510706,3,0.008314272202723778,1.4390022620538405,0.8520911822083664,False,14.419449553640272,3138.9534312326814,0.084,0.12952908338827002,0.0007953033014118079,162.86752885136067,False,False,233,False,0.004032809295967191,False,7,False,0.0,0.026133515607199818,False,0.002201681036894776,5.08312253833764,0.01699758061512043,True,True,False,-0.001926051857215949,0.007063031641016404,1.031210148297466,False,150,130,0.09499999999999997,0.0034456167680714245,4.334113188793056,False,False
446549017,4455,4455,OK,,0,0.0,3,0.014349885372730499,1.0247432903933649,0.6158891393064753,False,23.03134991765867,1668.2599137118011,0.17,0.001298278820760985,0.00019811206983205416,6.553254538512352,False,False,49,True,0.0,False,2,True,0.3469387755102041,0.06487093153759821,True,0.0011882490704062665,5.988669055826635,0.9152495222172502,True,True,False,0.0015792532645355628,0.000515093745367512,3.4492275706176856,True,28,30,-0.215,0.0008301415311195992,3.7316013957144727,False,False
449823787,1081,1078,OK,,3,0.0027752081406105457,2,0.02472991618295894,1.0365890038185008,0.9634109961814992,False,6.427463455560626,1600.348419579137,0.5,0.0034247405185493674,0.0002704095375879544,12.665013775394012,False,False,67,False,0.0,False,4,False,0.0,0.03710575139146568,False,0.0034364885796911437,7.963122974068428,1.0034303507311417,False,False,False,0.0026010317740106093,0.004646713652918355,2.3681230779350275,False,46,35,-0.375,0.002152283946987188,1.9200620648204167,False,False
450440918,1081,1081,OK,,0,0.0,2,0.01875491829546194,1.0926729809600355,0.9073270190399645,False,13.52021517736885,1600.4121521375428,0.5,0.008362879797175572,0.00026518455388034904,31.53607431053052,False,False,26,False,0.0,False,2,True,0.0,0.037927844588344126,False,0.0072145823887518334,14.959394344552578,0.8626911499060936,False,True,False,0.0072670465568956955,0.00011053318099529807,2.059772118194392,False,25,7,-0.215,0.0064763951901574135,1.1070117215985322,False,False
451022388,1081,1081,OK,,0,0.0,2,0.11843170665788129,1.1530654895541625,0.8469345104458377,False,2.364395642713065,1598.2030060320174,0.35000000000000003,0.01442070469869121,0.00011135411841795442,129.5031104692941,False,False,137,False,0.011100832562442183,False,10,False,0.0,0.037927844588344126,False,0.01466236445218061,27.44682799866892,1.016757832473425,False,False,False,0.011484669596791619,0.013798998813991936,0.3424368008737702,False,62,110,-0.485,0.009192583085595674,2.7978881686352266,False,False
451555758,2188,2188,OK,,0,0.0,4,0.035983508049043,1.1667586281382991,0.9403905662307094,False,13.604319750353826,1569.5364441128809,0.17,0.4885182838801585,0.00031190990381956105,1566.2160062822657,False,False,16,False,0.0,False,2,True,1.0,0.0690127970749543,True,0.46003081002459134,481.2531009984494,0.9416859618246026,False,True,False,0.43981191555463284,0.5450440579034627,9.1457311173936,True,7,11,-0.015000000000000013,0.13744335725783652,9.817256122566787,True,False
451923750,2165,2138,OK,,27,0.012471131639722863,4,0.08679444563966046,2.174508639600482,0.6562984059228328,False,13.740453196178954,1569.4632099021846,0.02,0.929506566825975,0.00012220016081596416,7606.42670696506,False,False,2,False,0.015434985968194575,False,0,True,1.0,0.06875584658559401,True,nan,nan,nan,True,True,True,nan,nan,nan,False,0,3,0.09499999999999997,0.1503387890540706,4.608950869427061,False,False
453692800,3274,3274,OK,,0,0.0,6,0.25479653554897697,1.1954738678072134,0.6882094077218548,False,1.0782644471705594,1570.3860423234808,0.244,0.01083123838792786,6.9204435686399e-05,156.51075368939917,False,False,725,False,0.004886988393402566,False,68,False,0.028965517241379312,0.06414172266340867,False,0.009509062231828569,56.49907618077589,0.8779293642384471,False,False,False,0.008946634901819572,0.00863083493960326,0.13690532071521797,False,449,428,0.485,0.003605203977847138,1.5884038251531116,False,False
453840224,1086,1086,OK,,0,0.0,2,0.03072564974123968,1.097757529661309,0.9022424703386911,False,1.6162604697575567,1625.8452141647333,0.084,0.006684638416715964,0.00027403910347490633,24.393009362359393,False,False,59,False,0.0,False,14,False,0.06779661016949153,0.022099447513812154,False,0.006270730553843973,14.94611132363622,0.9380807401882874,False,False,False,0.005998479143377922,0.0062416489720320545,0.3538619968078216,False,34,34,-0.425,0.0018486972524625056,2.2585174168794535,False,False
453999374,1086,1086,OK,,0,0.0,2,0.08861572952999673,1.1231245229304834,0.8768754770695167,False,13.198797182317055,1631.9113949584594,0.5,0.04336303031797506,0.0001830342594240009,236.91209751899024,False,False,34,False,0.0,False,2,True,0.0,0.022099447513812154,False,0.05146465991364846,144.83750177438955,1.1868326437581802,False,True,False,0.061326016036811426,0.00027831171877745753,51.931845928416074,True,28,14,-0.28500000000000003,0.0050344297050543,4.0264246244530915,False,False
454008678,1087,1087,OK,,0,0.0,2,0.03421144583384774,1.000221734521904,0.9997782654780958,False,13.096248671222526,1569.718824662245,0.5,0.018499034384709033,0.0005407333868053861,34.21100830115188,False,False,18,False,0.0,False,2,True,1.0,0.07727690892364306,True,0.02059846005200272,51.58280302550834,1.1134883920767797,False,True,False,0.019017287357315782,0.011782218178767234,7.520985894214332,True,16,8,0.18500000000000005,0.002422866493859921,3.107893306631458,False,False
454012553,7175,7175,OK,,0,0.0,6,0.01435302943757723,1.1759453479478033,0.5830326322752258,False,26.540823232979086,1585.6726239248587,0.058,0.0017510999432131815,0.00029449399761163507,5.946131185744744,False,False,18,True,0.0,False,2,True,0.1111111111111111,0.08097560975609756,False,0.0015833145187800213,4.405435495941906,0.9041828394298944,True,True,False,0.0013158244294887433,0.00132774983090711,0.022390366615792058,False,10,14,-0.33499999999999996,0.0005434106215287393,2.9800883220836987,False,False
454016347,1087,1087,OK,,0,0.0,2,0.0195680251872519,1.0077940688180178,0.9922059311819823,False,8.811087193440628,1577.9007848907895,0.02,0.09194359403726916,0.0009583165847332737,95.94281837756114,False,False,2,False,0.0009199632014719411,False,0,True,0.0,0.07727690892364306,False,nan,nan,nan,True,True,True,nan,nan,nan,False,2,3,0.10499999999999998,0.0015731774449493363,2.3672778417944875,False,False
457534991,2211,2209,OK,,2,0.0009045680687471732,4,0.12469183809070067,1.2657356096901544,0.8622166835372324,False,0.7249821125280497,1544.0599498548231,0.058,0.04030695079479943,0.0004101914261300224,98.26375742437615,False,False,178,False,0.0,False,48,False,0.06179775280898876,0.0647351742870077,False,0.041145119503690486,56.401454064815965,1.0207946444065723,False,False,False,0.041672754788096844,0.03333892755475276,4.50267001979312,True,112,105,-0.125,0.006504279705465077,2.560786978642814,False,False
457805570,1107,1107,OK,,0,0.0,2,0.007893700354728013,1.0357721655186822,0.9642278344813178,False,13.096291910847553,1569.5523188930276,0.17,0.10677006080083445,0.0014188976077162683,75.24860160465143,False,False,7,False,0.0,False,1,True,1.0,0.06594399277326106,True,0.11575809025172246,71.53757198269075,1.084181177602343,False,True,True,nan,nan,nan,False,0,9,0.03500000000000003,0.06349575537738816,8.96815105712498,True,False
457822202,1107,1107,OK,,0,0.0,2,0.025853587766729465,1.04818591724051,0.9518140827594904,False,0.9268896890186558,1569.6113467467842,0.084,0.01398618427088992,0.00020971269715185358,66.69211955613008,False,False,100,False,0.0,False,23,False,0.07,0.06684733514001806,False,0.013045505029081195,27.841541518489638,0.9327422530985379,False,False,False,0.012619068448912696,0.012786437090113734,0.18673942163005844,False,61,55,-0.185,0.0037297783371327276,2.5328331981938796,False,False
458259912,1107,1107,OK,,0,0.0,2,0.00919692289159262,1.025049848649274,0.9749501513507258,False,13.096330802707058,1569.5522076119569,0.17,0.0671659763837672,0.0006829720970715219,98.34366099547032,False,False,7,False,0.0,False,1,True,1.0,0.06594399277326106,True,0.07003041745540872,72.52483762704249,1.0426472036269514,False,True,True,nan,nan,nan,False,0,9,0.03500000000000003,0.004897543791516967,2.251166060929746,False,False
458340637,1107,1107,OK,,0,0.0,2,0.015546206235421179,1.0077415233082399,0.9922584766917604,False,3.507879364415242,1570.8355623759494,0.12,0.0545327181684507,0.0003562020920089715,153.0948845945498,False,False,45,False,0.0,False,8,False,0.24444444444444444,0.06684733514001806,False,0.055493520436031174,71.62447328687443,1.0176188222382858,False,False,False,0.053972087181301864,0.05461340859459429,0.2791560613496569,False,28,27,0.41500000000000004,0.029506642636019875,5.71616558305185,True,False
462785412,2211,2211,OK,,0,0.0,4,0.0501783667015711,1.2481725263557213,0.7732717783152981,False,1.17092087728016,1543.5227305289925,0.35000000000000003,0.004097592140086531,2.6395812420807606e-05,155.23644715918772,False,False,652,False,0.0,False,41,False,0.05828220858895705,0.06467661691542288,False,0.0031931609154114415,25.351181216414123,0.7792773917572017,False,False,False,0.0021047439850228056,0.004382248246944442,3.9521760343992636,True,377,408,-0.305,0.002328583271114959,2.282072395743072,False,False
46289117,1032,1029,OK,,3,0.0029069767441860465,2,0.01028285266729327,1.0727910066927209,0.9272089933072789,False,13.135445005169315,1626.7750970605753,0.35000000000000003,0.5639611114368767,0.0003142110125894589,1794.8483307099605,False,False,14,False,0.003887269193391642,False,1,True,0.07142857142857142,0.022351797862001945,False,0.5215473803089269,426.84286011491747,0.9247931634507798,False,True,False,nan,nan,nan,False,2,17,0.08499999999999996,0.045180172451085854,6.18031105956847,True,False
463113110,2211,2211,OK,,0,0.0,4,0.09190270430385838,1.1064692046101716,0.6637996372515382,False,13.38816209689903,1556.4598260457026,0.5,0.12208824685697617,0.0006871910704225362,177.66273764574274,False,False,14,False,0.0013568521031207597,False,1,True,0.7857142857142857,0.06467661691542288,True,0.12608042114416307,153.95240429314126,1.0326990876678215,False,True,False,-0.0010921314967609064,0.12381903971360153,18.057971730111824,True,6,15,0.06500000000000006,0.0054036070031140415,1.8102849145469768,False,False
464045561,1029,1028,OK,,1,0.0009718172983479105,2,0.07265822253885748,1.1391406158457775,0.8608593841542225,False,13.314072245389031,1627.0958584110228,0.244,0.2973409418401758,0.00034835488457227615,853.5575500979776,False,False,14,False,0.0029182879377431907,False,1,True,0.14285714285714285,0.02237354085603113,False,0.28439410156969913,305.70914066553456,0.9564579294383357,False,True,False,-0.006149309741783515,0.2844021996192214,21.24787611201413,True,3,14,-0.024999999999999994,0.014942397983038314,1.2065716666642463,False,False
464393444,2211,2211,OK,,0,0.0,4,0.05547014475109975,1.2489643888722168,0.7521337469728128,False,13.136612748221685,1556.3767517762733,0.17,0.14482501230895908,0.0003064512150797019,472.5874957659834,False,False,8,False,0.0,False,1,True,1.0,0.06467661691542288,True,0.14622947163677957,35.523041952166935,1.009697629611274,False,True,True,nan,nan,nan,False,9,0,0.405,0.009285331660725094,1.583619588717828,False,False
464738698,1107,1107,OK,,0,0.0,2,0.10679660522039865,1.0324140112451954,0.9675859887548046,False,1.5651187232315484,1570.2212491643377,0.244,0.05741392002111408,0.0002882700412805682,199.1671412196251,False,False,174,False,0.0009033423667570009,False,16,False,0.034482758620689655,0.06684733514001806,False,0.060383204679784086,60.927848190995405,1.0517171560063838,False,False,False,0.05554257778053606,0.06107291963980821,1.322801079614065,False,110,97,0.29500000000000004,0.006338302436434962,2.5329819624949828,False,False
465328732,1029,1000,OK,,29,0.028182701652089408,2,0.0010480989316031196,1.0330311852523875,0.9669688147476126,False,13.095898881795955,1626.7168409966919,0.058,0.8651742737391147,0.003476104015361454,248.89194049308438,False,False,2,False,0.024,True,0,True,0.0,0.023,False,nan,nan,nan,True,True,True,nan,nan,nan,False,0,3,0.135,0.19034824096808522,2.6861684611269454,False,False
465415427,2188,2188,OK,,0,0.0,4,0.09020984906796167,1.2091962054762713,0.9273223086221947,False,26.61858182222276,1570.540107054943,0.058,0.015345436188050718,0.00042919658085369697,35.75386401617588,False,False,4,False,0.0,False,1,True,0.25,0.0690127970749543,False,0.016737306257830875,18.874108364565597,1.0907025419625405,False,True,True,nan,nan,nan,False,1,4,-0.485,0.004770854326870189,5.505603968995948,True,False
466069938,2188,2188,OK,,0,0.0,4,0.03811380220857842,1.017566271588286,0.9907034238996097,False,0.6503237416620311,1569.8341888171894,0.35000000000000003,0.007544525326145135,7.603226436100315e-05,99.22794473571818,False,False,1168,False,0.0009140767824497258,False,79,False,0.0642123287671233,0.0690127970749543,False,0.006720271694157787,26.385204181359278,0.8907481125245954,False,False,False,0.006774725066296949,0.0063670001075749605,0.372734172014866,False,703,699,nan,nan,nan,False,False
466071009,2188,2188,OK,,0,0.0,4,0.08006399092187111,1.4028237655844036,0.8764161300264053,False,27.046117694271675,1570.0271974491623,0.5,0.17108120188686793,0.0006307271913773624,271.24437351950235,False,False,11,False,0.0,False,1,True,1.0,0.0690127970749543,True,0.1782901213155691,83.81774754875411,1.042137413983497,False,True,False,0.1752463958914705,-0.0012863770685345166,38.95535902942257,True,12,4,0.475,0.011230237674530796,3.028155486550489,False,False
466071790,2188,2188,OK,,0,0.0,4,0.15334301458292443,1.1069292833171855,0.7229737496903443,False,14.231384140040747,1582.5332037111389,0.5,0.032154196733686906,0.00015986644882471328,201.1316131062785,False,False,27,False,0.0,False,2,True,1.0,0.0690127970749543,True,0.03510114397391184,102.1041523672299,1.0916504699101226,False,True,False,0.03992647105090941,0.027297454426049028,9.526234348320076,True,11,19,0.05500000000000005,0.005376884002584181,4.631983825524016,False,False
466073566,2188,2188,OK,,0,0.0,4,0.027852404334719128,1.3606643553573972,0.7165443400733049,False,14.231381928355907,1582.6612171470485,0.244,0.2990765994640751,0.0008074368915350985,370.4024458127878,False,False,17,False,0.0013711151736745886,False,2,True,1.0,0.0690127970749543,True,0.4030049670388718,331.2357022705437,1.3474974898104004,False,True,False,0.4236698991709543,0.17356445996126368,32.637535915883205,True,11,9,0.04500000000000004,0.015573342618352082,2.128855447146613,False,False
466465177,2188,2188,OK,,0,0.0,4,0.05194665179813411,1.1865117987671159,0.743675369773157,False,27.194664837369633,1569.5392464680795,0.12,0.08182053653980607,0.0011896337867786126,68.77791926317627,False,False,6,False,0.0,False,1,True,1.0,0.0690127970749543,True,0.08089330938376327,45.29200701415963,0.9886675497955002,False,True,True,nan,nan,nan,False,1,8,-0.10499999999999998,0.0038255693598048257,0.2429898476313148,False,False
467220950,977,977,OK,,0,0.0,2,0.0039025838137524216,1.0668445684675716,0.9331554315324284,False,4.405332543354839,1739.342415065919,0.35000000000000003,0.000884371538506658,0.00020603910462957723,4.292250930213493,False,False,102,True,0.0,False,6,False,0.058823529411764705,0.05015353121801433,False,0.0006960675459082299,4.52240524532989,0.7870759240891034,True,True,False,0.00048083260579501186,0.000764252085988737,1.2530196712756723,False,60,60,-0.46499999999999997,0.00138846237156387,2.84663200942373,False,False
467227644,67004,67004,OK,,0,0.0,11,0.04149359556968189,15.546557241666836,0.0,True,0.8327144590274409,1683.3852411117368,0.04,0.0098520278668336,0.0001859211439649019,52.9903573995514,False,False,3271,False,0.0013282789087218673,False,221,False,0.023234484867013145,0.028714703599785087,False,0.008992549683544682,43.066343107269056,0.9127612918978525,False,True,False,0.008743790537231955,0.008328927846655731,0.7147196137022505,False,1915,2001,0.19500000000000006,0.011856408970262189,1.990800900276999,False,False
467847973,2188,2188,OK,,0,0.0,4,0.3829466377944396,1.1793219514468367,0.775228958054148,False,0.7824696173601369,1569.9953484904918,0.084,0.031069697557407534,9.537851566999761e-05,325.7515315598569,False,False,223,False,0.0,False,56,False,0.03587443946188341,0.0690127970749543,False,0.035057839194782114,48.80702766513215,1.1283611348326028,False,False,False,0.03292476862673821,0.03247744499001315,0.19013685813868955,False,136,136,-0.495,0.04275458078524896,3.4500449217645253,False,False
468644458,62131,62123,OK,,8,0.00012876020022211136,7,0.058483378556389576,3.96976691508468,0.42184666627052764,True,3.0969548087609873,1712.2711441618344,0.17,0.39797026597443724,0.0005003137562310224,795.4413825684866,False,False,3280,False,0.00037023324694557573,False,67,False,0.00975609756097561,0.024789530447660288,False,0.5616468670960855,983.1806136154529,1.411278467553055,False,True,False,0.5186785300676038,0.49078035065129266,21.340380950402537,True,2005,1954,-0.495,0.052776045115007886,4.460177310850184,False,False
469345601,2211,2211,OK,,0,0.0,4,0.06045685861841369,1.3505567580390954,0.8468817648607244,False,14.019398887539857,1556.733531959637,0.02,0.07166342283215323,0.0003847982913979178,186.23633325348234,False,False,1,False,0.0,False,0,True,0.0,0.06467661691542288,False,nan,nan,nan,True,True,True,nan,nan,nan,False,2,2,0.025000000000000022,0.002164101965420606,3.7653594774436545,False,False
469350979,2725,2725,OK,,0,0.0,2,0.015917196297548557,1.0311709977025318,0.9688290022974684,False,0.8424692239501679,2256.006447439113,0.058,0.018469834364875422,0.00021670520148651788,85.23023092283508,False,False,190,False,0.0,False,24,False,0.05789473684210526,0.053577981651376144,False,0.019531581744655746,11.923654834249165,1.0574854846451398,False,False,False,0.019063432584824347,0.01908799289089047,0.013020179880990378,False,114,112,-0.32499999999999996,0.023665136665448117,1.690876908763843,False,False
46969449,1054,1039,OK,,15,0.014231499051233396,2,0.010696313450981203,1.2211928278480757,0.7788071721519242,False,0.6542638191523972,1625.3397539986488,0.5,0.04778267289130008,0.007602821320548763,6.284860695351865,False,False,795,True,0.02213666987487969,True,41,False,0.061635220125786164,0.06544754571703561,False,0.003476273938632146,2.3859797433407883,0.07275176812607904,True,True,False,0.0001486191292436878,0.0007103512070263385,0.049724089631932256,False,457,494,nan,nan,nan,False,False
47879619,86942,86942,OK,,0,0.0,9,0.01815982156222967,3.2619419378433117,0.7849045902051502,True,27.724104769271573,1708.6044301246463,0.02,0.025484641777766475,0.0010571049346961418,24.10795838834285,False,False,66,False,2.300384164155414e-05,False,11,False,0.0,0.029939499896482712,False,0.002336997654868833,1.6630043132938004,0.09170219755286874,True,True,False,0.00023361989791803595,0.002572134514705615,0.9349482491827867,False,37,43,0.495,0.0006201153169514972,2.128748413639961,False,False
48506642,51502,51502,OK,,0,0.0,21,0.03812974487596693,1.0456684159274297,0.9112233607509839,False,7.881412132969799,132.00243138647988,0.028,0.00016253782978569687,2.435042763515479e-05,6.674947652707359,False,False,186,True,0.0,False,0,True,0.06989247311827956,0.04114403324142752,False,0.00015958680681393833,4.967104264439236,0.9818440853083285,True,True,False,0.0001679000346131998,0.00010031340687577384,1.107162830432101,False,108,119,0.28500000000000003,4.309031569238453e-05,2.2107343580968184,False,False
512785815,1081,1081,OK,,0,0.0,2,0.23537169454613946,1.209151852066913,0.790848147933087,False,0.7150141348526531,1596.937006817845,0.04,0.007094618076441061,5.513391815375345e-05,128.6797367938935,False,False,62,False,0.0,False,0,True,0.016129032258064516,0.037927844588344126,False,0.007378069281349653,30.260573622091663,1.0399529899783952,False,True,False,0.007764248442347799,0.006837971971154988,1.3577786218881662,False,32,38,0.495,0.007527777123813695,4.029545004938929,False,False
52030981,18058,18058,OK,,0,0.0,2,0.010054842302878056,1.068165117113868,0.9318348828861323,False,3.3286527609048817,2882.531741760017,0.244,0.6008842749504794,0.0024185705963832584,248.44603496339715,False,False,1452,False,0.0048731863993797765,False,14,False,0.0,0.02403366928785026,False,0.615054147596197,330.58845925235227,1.0235816998986793,False,False,False,0.5513558077770269,0.5190855951862234,9.688664594513885,True,754,988,0.495,0.06866903720855766,2.694572329995306,False,False
54251337,960,957,OK,,3,0.003125,2,0.19976034306654183,1.0199019887585994,0.9800980112414005,False,4.270554099753547,1597.7776876731111,0.02,0.5932619271046885,0.0008577377684459277,691.658860002838,False,False,3,False,0.003134796238244514,False,0,True,0.0,0.10762800417972831,False,0.48022723706111725,28.30897452445773,0.8094691655080288,False,True,True,0.022286633715388415,-0.00727680099654382,0.7575507124845601,False,4,6,0.275,0.040283250940491455,4.359512885351224,False,False
55523128,13367,13303,OK,,64,0.004787910525922047,24,0.1614696644182565,12.378113239172732,0.7877640821955618,True,39.636562515609675,1344.507628112361,0.5,0.13835415498946796,0.0006787322996783548,203.8420081894331,False,False,85,False,0.0060136811245583704,False,5,False,0.18823529411764706,0.08607081109524167,False,0.0020999365557176075,2.133629255666812,0.015177979699109598,True,True,False,0.024595745025144167,-4.6918251831895574e-05,2.1212410744320325,False,56,51,-0.32499999999999996,0.002899773297927788,2.5822348955740986,False,False
55557993,12295,12234,OK,,61,0.004961366409109394,22,0.1734141312236803,9.216823647590292,0.532975691176018,True,32.92743078369721,1334.8135848173906,0.02,0.426855899485771,0.0014967289282848532,285.1925231210157,False,False,2,False,0.005558280202713748,False,0,True,0.0,0.08484551250613045,False,nan,nan,nan,True,True,True,nan,nan,nan,False,2,2,0.375,0.0014997582027086453,2.6050142138418466,False,False
57242094,1147,1120,OK,,27,0.023539668700959023,1,nan,nan,nan,False,0.8333503207315475,1656.1322339201984,0.02,0.3312982025645183,0.012647212972404087,26.195352548217773,False,False,30,False,0.0,False,0,True,0.03333333333333333,0.03482142857142857,False,-0.0010525748682048697,-0.779847588655653,-0.003177122181940867,True,True,False,0.00050108131763138,-0.0002147121261613094,0.19492662965101923,False,25,23,0.365,0.0019435487822550002,1.7731180770383663,False,False
58674267,1147,1120,OK,,27,0.023539668700959023,1,nan,nan,nan,False,1.0258371415098513,1656.0482393713582,0.084,0.02490215407547493,0.00022683629138358407,109.7802909912901,False,False,89,False,0.0017857142857142857,False,21,False,0.0449438202247191,0.03482142857142857,False,0.026263498110037697,17.97355973715568,1.0546677219342842,False,False,False,0.023124128394968357,0.025122093250900757,0.5857387793609916,False,52,53,0.495,0.03704101125203885,3.2497828810722877,False,False
59576988,30431,30426,OK,,5,0.00016430613519108803,6,0.03700746463174362,1.5662102919830807,0.9091842339321136,False,38.6593289121609,2512.9332225684,0.028,0.3038754950128061,0.0006280288281621154,483.8559655009429,False,False,3,False,0.0014132649707487017,False,1,True,1.0,0.07017024912903438,True,0.41652639399073366,82.31849841341318,1.3707139957869263,False,True,True,nan,nan,nan,False,4,0,0.015000000000000013,0.0020179198301645274,1.1523022553796747,False,False
59613727,904,904,OK,,0,0.0,2,0.017886003043120755,1.0822580777535022,0.9177419222464979,False,10.072791879499434,1478.2242686219874,0.17,0.01906569465380897,0.00018792319082267087,101.4547197200363,False,False,17,False,0.0,False,2,True,0.5294117647058824,0.04092920353982301,True,0.020945096329756274,89.76085374834403,1.0985750432949388,False,True,False,0.0006616490254811591,0.029975132748249034,32.088778274477136,True,10,9,0.365,0.0009137185756074029,2.6243035138952884,False,False
59621300,13883,13883,OK,,0,0.0,10,0.016893935984468783,1.0734926749227702,0.5264792252015891,False,28.284903222825836,1479.6950625241655,0.17,0.0016788968881920443,0.0001934933799219662,8.676766558468954,False,False,57,True,0.0,False,3,False,0.8596491228070176,0.08312324425556436,True,0.0017776282433427104,6.676085513404098,1.0588072774719282,True,True,False,0.0017508944565505224,0.0013721170903149282,0.9457883753984311,False,29,40,-0.11499999999999999,0.0004932493951387285,2.2370797811290006,False,False
59624904,904,904,OK,,0,0.0,2,0.07564021611892516,1.068806363429451,0.931193636570549,False,7.605324067239344,1471.5491514993032,0.028,0.37997099932045814,0.0007378659505302194,514.9593893679695,False,False,2,False,0.0011061946902654867,False,0,True,0.0,0.04092920353982301,False,nan,nan,nan,True,True,True,nan,nan,nan,False,1,2,-0.46499999999999997,0.007831735561246611,3.577494616228001,False,False
60206699,1147,1120,OK,,27,0.023539668700959023,1,nan,nan,nan,False,12.439163344179155,1655.3222296274055,0.028,0.11613270813529432,0.008298164204106255,13.994987961051352,False,False,3,False,0.0,False,0,True,0.0,0.03482142857142857,False,0.15993803743050494,25.79081180741822,1.3772006181426297,False,True,True,nan,nan,nan,False,0,3,0.025000000000000022,0.02273834551700249,4.132542938257956,False,False
60885998,30274,30255,OK,,19,0.0006276012419898263,7,0.005324590554635377,1.7786281719128254,0.9325800569920867,False,39.344064491868465,2525.5810077587325,0.02,0.9428453331626672,0.0026127916806219496,360.8574461390783,False,False,2,False,0.0023797719385225584,False,0,True,1.0,0.07033548173855561,True,nan,nan,nan,True,True,True,nan,nan,nan,False,0,2,-0.33499999999999996,0.0043348542489434205,1.4073596001946196,False,False
60889307,32836,32707,OK,,129,0.003928614934827628,3,0.0061089701374877105,1.052322456335142,0.5979891592505641,False,35.497846076358705,3126.469672035067,0.12,0.3049764300356074,0.0009718743090400418,313.80233760561543,False,False,48,False,0.005870302993243036,False,1,True,0.0,0.020515485981594153,False,0.324565393500017,360.98306346201286,1.0642310734049922,False,True,False,nan,nan,nan,False,0,57,0.14500000000000002,0.002569046962901611,4.030826180097307,False,False
612156342,2239,2239,OK,,0,0.0,3,0.010414663585425633,1.0118532435727168,0.9211897928533146,False,28.253882850391683,1336.3667452420152,0.17,0.05753245770555728,0.0008288095806609057,69.41577299297144,False,False,13,False,0.0,False,2,True,0.0,0.07235372934345691,False,0.0607628960975416,58.60841058270593,1.0561498416861874,False,True,False,nan,nan,nan,False,0,14,-0.385,0.00393952389736596,3.73197773089601,False,False
63207731,4414,485,UNRELIABLE_DATA,,3927,0.8896692342546443,,,,,,,,,,,,,,,,,,,,,,,,,,,,,,,,,,,,,,,
64226350,28235,28235,OK,,0,0.0,8,0.21602486394421422,2.2553398250258203,0.0,True,1.0770819023879152,1683.8263937311654,0.5,0.002617833495927253,0.00010178874764804767,25.718299482167403,False,False,13344,False,0.0,False,122,False,0.05845323741007194,0.04997343722330441,False,0.0,0.0,0.0,True,True,False,0.0,0.0,0.0,False,7813,8132,nan,nan,nan,False,False
64229167,1147,1120,OK,,27,0.023539668700959023,1,nan,nan,nan,False,0.8541789734943547,1655.318258151036,0.02,0.6458667684053688,0.003061565951396306,210.95961304077238,False,False,1,False,0.0,False,0,True,0.0,0.03482142857142857,False,nan,nan,nan,True,True,True,-0.000854214578570045,0.0004812367245515814,0.26426194275006154,False,27,30,0.32500000000000007,0.0012731527375448026,2.8513518404535962,False,False
64781731,1072,1072,OK,,0,0.0,2,0.049265975354692244,1.0802394435864422,0.9197605564135576,False,1.8380476585295926,1493.1766549372721,0.084,0.0259927407038771,0.0005616553229834912,46.27881129267087,False,False,47,False,0.008395522388059701,False,12,False,0.0,0.04664179104477612,False,0.022645962111201512,27.953584552383763,0.8712417966691608,False,False,False,0.021849911409153377,0.020078566134683618,0.14594009031940383,False,29,26,-0.455,0.0054374898343744205,2.845306859031264,False,False
66693647,6282,6282,OK,,0,0.0,7,0.07015954960929331,1.4625948838157716,0.6061059979825536,False,13.19312152152451,1932.4818784535123,0.058,0.010558353113360586,0.0008778477605004223,12.02754462498342,False,False,11,False,0.0,False,2,True,0.0,0.1076090417064629,False,0.009212285948888566,8.801320248232901,0.8725116360458999,False,True,False,nan,nan,nan,False,0,14,-0.32499999999999996,0.001372539923215843,2.3611794755013684,False,False
66696709,18222,18222,OK,,0,0.0,2,0.008973769811432723,1.0025746246709797,0.9974253753290205,False,8.228086939634652,1871.7385916450025,0.04,0.0006901790618278663,0.00012084357174447164,5.711342786915272,False,False,114,True,0.0,False,4,False,0.0,0.039238283393699926,False,0.0007977735959814325,5.056156984223967,1.155893651523727,True,True,False,0.00027859074226488367,0.0003541003873248627,0.31681420658774573,False,69,68,-0.445,0.0003109876393178057,2.6035265160858487,False,False
66702756,53950,53950,OK,,0,0.0,7,0.3197331346821067,1.2826718276345865,0.8909870041903615,False,1.0563062306529818,1712.051110148162,0.17,0.2231298790369308,0.0007127240949720959,313.06627713444516,False,False,8640,False,0.0,False,175,False,0.03877314814814815,0.03772011121408712,False,0.2765813148097007,382.3967608527113,1.239553017298607,False,False,False,0.23875264985746836,0.23172554309149862,5.296632189161921,True,5226,5137,0.455,0.1592826068247124,2.612221065581033,False,False
66704204,53950,53950,OK,,0,0.0,7,0.20802937032926258,4.309938768556158,0.7947309286189456,True,1.1106886286157962,1711.7981056738108,0.244,0.008830844961081458,4.665863494389565e-05,189.26496610327425,False,False,11911,False,0.0,False,168,False,0.036688775081857104,0.03772011121408712,False,0.006566154815954461,140.39870070550973,0.7435477403229538,False,True,False,0.003592407435362599,0.010269046923797043,53.777959364142575,True,7077,7225,0.44500000000000006,0.0012347839555881812,0.782763408827982,False,False
67270986,1081,1049,OK,,32,0.02960222016651249,2,0.004681390524775101,1.0031969436097128,0.9968030563902873,False,13.29366929181278,1627.558620737789,0.084,0.7329919094847487,0.005559780649299092,131.83827847185935,False,False,5,False,0.009532888465204958,False,1,True,0.0,0.022878932316491896,False,0.6897481881840684,87.06733243771002,0.9410038218142432,False,True,True,nan,nan,nan,False,1,5,0.09499999999999997,0.22964736640512362,6.5210149904954955,True,False
68184752,1081,1081,OK,,0,0.0,2,0.0036621973398633617,1.3144690035199997,0.6855309964800002,False,12.957633441550861,1600.0783946291021,0.5,0.057456090256969,0.0015273745608127387,37.61755088181891,False,False,30,False,0.014801110083256245,False,2,True,0.0,0.037927844588344126,False,0.106320781276528,40.37754674726718,1.8504701729793052,False,True,False,0.11547975842310221,0.021560486636410525,4.380379823773659,True,27,12,-0.125,0.0428488657035514,4.156971693437092,False,False
70683788,24651,24613,OK,,38,0.0015415196138087704,4,0.017017372186606778,1.3392880672822134,0.6172075792842461,False,14.203521168247608,2779.0248440916394,0.02,0.4534197150458568,0.0011607247731576728,390.6349942134511,False,False,30,False,0.011538617803599724,False,4,False,0.1,0.05744931540242961,False,0.04487736080766935,4.836966046286934,0.09897531871354703,True,True,False,0.036057901078602406,0.048979452948755386,0.4944445744540458,False,23,13,-0.044999999999999984,0.023130172260974025,4.00844456795339,False,False
71824761,1086,1085,OK,,1,0.0009208103130755065,2,0.018936349419813616,1.1340016296669118,0.865998370333088,False,6.939965344320671,1572.3243300356044,0.5,0.008588461271947598,0.0003712268520921962,23.13534493408523,False,False,88,False,0.023963133640552997,True,4,False,0.0,0.07649769585253456,False,0.008372300119237508,12.094523364096059,0.9748312129652217,False,True,False,0.0015123314598424198,0.01643221529330141,0.8328274360884002,False,54,51,-0.15499999999999997,0.01056896375137284,1.4381758787895584,False,False
72384776,44949,44949,OK,,0,0.0,6,0.048645734350643684,1.6424062756166182,0.8863225127768571,False,3.788804722185859,2423.708103181545,0.17,0.052027504825590536,0.0005199503576537573,100.06244646193016,False,False,1965,False,0.00031146410376204145,False,42,False,0.0717557251908397,0.04178068477607956,False,0.05592885929741176,86.42540111345498,1.0749863843153646,False,False,False,0.053719590572495535,0.04881398405957693,4.145037557731595,True,1191,1179,0.485,0.046741988641673116,4.109894124983797,False,False
72385954,44954,44954,OK,,0,0.0,6,0.0688002989513305,2.173508125497032,0.8863736290021782,False,38.776163922854366,2454.525088660837,0.02,0.3426879673371258,0.006419317779558639,53.383860887579765,False,False,2,False,0.0006895938070027138,False,0,True,0.0,0.04177603772745473,False,nan,nan,nan,True,True,True,nan,nan,nan,False,4,0,0.03500000000000003,0.00400292789899126,2.2059020916552683,False,False
73260849,2292,168,UNRELIABLE_DATA,,2122,0.9258289703315882,,,,,,,,,,,,,,,,,,,,,,,,,,,,,,,,,,,,,,,
73532606,4069,4069,OK,,0,0.0,4,0.036661517648812515,1.241325662171318,0.7765108428199375,False,4.69021297658455,1575.8244097425343,0.244,0.011998529963772868,7.707443055686299e-05,155.67458464608112,False,False,182,False,0.0,False,8,False,0.0,0.07102482182354387,False,0.013770943727430374,113.34435571097669,1.147719243024683,False,False,False,0.012754786247024086,0.012979610745826764,1.0187521862794422,False,112,108,0.485,0.005088663825574047,4.694324036521986,False,False
73539779,3592,3591,OK,,1,0.00027839643652561246,3,0.0020262165824006624,1.5207106329797448,0.9544566285798592,False,13.448916918740439,1941.6231595627173,0.35000000000000003,0.9421359167219155,0.00027211762647071737,3462.2377423363973,False,False,6,False,0.003620161514898357,False,1,True,1.0,0.09579504316346421,True,0.983171791111627,2016.8723144263954,1.04355621483203,False,True,True,nan,nan,nan,False,6,2,0.05500000000000005,0.0072363848147857235,6.047631294305211,True,False
73547544,1101,1101,OK,,0,0.0,2,0.014103253440994678,1.0002654293966817,0.9997345706033183,False,12.232479970930934,1544.1631744289896,0.35000000000000003,0.006675366760024798,0.00038516547651340315,17.331165867853958,False,False,16,False,0.0,False,1,True,0.0,0.04178019981834696,False,0.006622952456214359,13.901643108184993,0.9921481012662376,False,True,False,nan,nan,nan,False,0,20,0.14500000000000002,0.002089190700937049,2.2641077847928743,False,False
73549796,1101,1101,OK,,0,0.0,2,0.016230198666451125,1.04520204625718,0.9547979537428201,False,12.365365594129905,1543.8771589552393,0.35000000000000003,0.16696996842119283,0.00027153878589597556,614.9028319113047,False,False,8,False,0.0,False,1,True,0.0,0.04178019981834696,False,0.12520336624484918,77.18633510946299,0.7498556023500907,False,True,True,nan,nan,nan,False,0,12,0.05500000000000005,0.0614823643198148,7.674634965546696,True,False
74184108,2263,2261,OK,,2,0.0008837825894829872,3,0.14874665454573202,1.0051695716968727,0.9272687913521875,False,14.585291460995935,1639.4334183888238,0.244,0.30972521857186336,0.001701386614187709,182.04282083160453,False,False,15,False,0.0013268465280849183,False,2,True,1.0,0.04820875718708536,True,0.32701870343243167,45.386748967154205,1.0558349266498486,False,True,False,0.3397255342170473,0.19299993281645322,9.742394567918696,True,12,6,0.125,0.02232926892952003,1.805586508664506,False,False
75634925,1966,1966,OK,,0,0.0,4,0.13229163677382919,1.428735081361797,0.9665964514062848,False,25.504284322977554,1518.5654773893855,0.35000000000000003,0.022963497602697534,0.00033306513523591395,68.94596633908326,False,False,18,False,0.0,False,2,True,0.0,0.06307222787385554,False,0.02644381677024943,57.57277649198907,1.1515587576320716,False,True,False,0.03557577885237351,0.0007691045686668563,5.3125536167185485,True,15,8,-0.034999999999999976,0.0035630453859527567,0.34524812296850327,False,False
76080156,1966,1966,OK,,0,0.0,4,0.11271703363462968,1.0519479780003558,0.9630938849185856,False,21.79152995947769,1535.118451176407,0.5,0.09639409732924387,0.00028623378927100787,336.76700984445046,False,False,35,False,0.0,False,2,True,1.0,0.06307222787385554,True,0.09718165532339285,308.881510991269,1.0081701890050279,False,True,False,0.08311883585352609,0.09853579761141917,5.674681011274597,True,20,20,0.025000000000000022,0.007107953398441391,7.140282254099559,True,False
76850669,1966,1960,OK,,6,0.003051881993896236,4,0.24604857814867825,1.0821672447054014,0.9426867622404221,False,20.601893110794286,1535.1083903409874,0.35000000000000003,0.0862109544443081,0.0003603901591904957,239.21561742405558,False,False,13,False,0.010714285714285714,False,1,True,1.0,0.06326530612244897,True,0.09237995160647394,117.08713339805371,1.0715569987819935,False,True,False,nan,nan,nan,False,2,15,0.025000000000000022,0.0067157855694606194,6.188728676071053,True,False
76861285,2659,2659,OK,,0,0.0,3,0.1452932452258247,1.1249143206458556,0.9365591979884805,False,2.6749284417755246,2799.416185744404,0.17,0.004171276392791167,6.181882486867628e-05,67.47582798043061,False,False,149,False,0.0,False,6,False,0.0,0.16284317412561114,False,0.004144373863537831,48.901922101813646,0.9935505282508182,False,False,False,0.003583382918429412,0.004142878603967448,4.2111754127459315,True,117,58,0.365,0.0005470665073048497,2.1775348857049632,False,False
76863005,42692,42692,OK,,0,0.0,5,0.029838039323438235,1.166863004130019,0.8968526543870379,False,1.2690946240358556,2826.2638686645787,0.12,0.003531285323969064,1.7221346348034288e-05,205.05280206341934,False,False,3994,False,0.0,False,79,False,0.038307461191787684,0.04052281457884381,False,0.0030793719594759406,131.03509888924012,0.8720258141063533,False,False,False,0.002745381737219832,0.0028245910953808018,2.2045011046540215,False,2425,2374,0.495,0.002101652386298336,3.7673995340262736,False,False
76873434,6419,6419,OK,,0,0.0,4,0.19204019474212772,1.2013401494499927,0.833461445197857,False,1.0846440285328547,2474.4717777285264,0.17,0.01155425570844657,4.132164757689934e-05,279.6174979941003,False,False,1044,False,0.0,False,43,False,0.10440613026819924,0.0673002025237576,False,0.011660282588214943,89.27149162234842,1.009176435284435,False,False,False,0.010593845489581089,0.010565553083056511,0.15376826772605773,False,583,667,0.475,0.003964027865002273,2.6541742661161023,False,False
79403675,198642,198642,OK,,0,0.0,14,0.10072791904399077,2.7407069043506094,0.7896477150822091,False,38.78680278029931,1334.7684852993257,0.5,0.009848513127139484,1.8856042144925588e-05,522.3001227640898,False,False,351,False,0.0,False,1,True,0.0,0.08791192195004077,False,0.010524076589656595,193.51913237662023,1.0685954776925122,False,True,False,nan,nan,nan,False,0,420,0.015000000000000013,0.0002535719823211213,4.456678099128165,False,False
79404252,1062,1062,OK,,0,0.0,2,0.002135107235028162,1.0975791339214744,0.9024208660785257,False,10.530135522214952,1331.965243821198,0.35000000000000003,0.0014588136826326663,0.0001559351957775527,9.355256043117539,False,False,44,True,0.0,False,3,False,0.0,0.07532956685499058,False,0.0015064417536604369,6.8332750845999,1.032648494865923,True,True,False,0.0016088890948926515,0.0009409711292089895,1.9261186033032889,False,21,33,0.05500000000000005,0.0013671000746638962,2.3410737696325676,False,False
79405858,1062,1062,OK,,0,0.0,2,0.0191929272773611,1.4209997797709553,0.5790002202290448,False,10.710211532848145,1328.4224713585395,0.02,0.06257047790648483,0.0005106609937443098,122.52840665918208,False,False,1,False,0.0,False,0,True,1.0,0.07532956685499058,True,nan,nan,nan,True,True,True,nan,nan,nan,False,0,3,0.365,0.004161085356867988,3.689806374636013,False,False
79410615,20047,20040,OK,,7,0.000349179428343393,7,0.027105963774968007,1.7954982800899628,0.9370833859729152,False,26.215196836157336,2486.7076261419147,0.02,0.9502857157883041,0.002221813006816645,427.7073330981388,False,False,1,False,0.0007984031936127744,False,0,True,1.0,0.06671656686626747,True,nan,nan,nan,True,True,True,nan,nan,nan,False,0,1,0.485,0.00795378962500104,8.267556701530046,True,False
802855134,1072,1068,OK,,4,0.0037313432835820895,2,0.1667627443879348,1.1700582732285847,0.8299417267714154,False,0.881186412665659,1491.960778572543,0.04,0.07820200092518845,0.0005352984350883435,146.09047178006844,False,False,50,False,0.019662921348314606,False,0,True,0.06,0.0449438202247191,False,0.07880170044614498,8.734957633952854,1.007668595609596,False,True,False,0.07939518395368483,0.07595908872767188,0.11075976834080348,False,28,32,-0.33499999999999996,0.1252088443474746,2.7035832620046043,False,False
80842364,1086,1085,OK,,1,0.0009208103130755065,2,0.028131510296689203,1.0881956177672003,0.9118043822327997,False,1.3125165844604825,1570.7767740407858,0.02,0.9494885485483798,0.004812070187734803,197.3139442081444,False,False,19,False,0.011981566820276499,False,0,True,0.21052631578947367,0.07649769585253456,False,0.005700797849262584,2.018507824757913,0.0060040722534023365,True,True,False,0.00570489297058141,0.0030464255921391903,0.086519352193238,False,9,10,0.19500000000000006,0.009724645319289404,2.955482766986057,False,False
809432257,1969,1969,OK,,0,0.0,4,0.08521455044844911,1.1670353686474026,0.8086842540501767,False,24.557460086511075,1534.753308388239,0.5,0.11007435010567171,0.0013329940214784014,82.57677703879729,False,False,16,False,0.007110208227526663,False,1,True,0.0,0.07465718638902996,False,0.1179656217126821,107.93627533640843,1.0716903765448966,False,True,False,nan,nan,nan,False,0,20,0.08499999999999996,0.006270073115805297,1.691452010052297,False,False
81096834,1104,1102,OK,,2,0.0018115942028985507,2,0.02298532135126907,1.0624295630790184,0.9375704369209815,False,12.365042824885084,1543.8229139548062,0.244,0.5686279405803444,0.0009786643837646615,581.0244553837588,False,False,4,False,0.0,False,1,True,0.0,0.043557168784029036,False,0.4086888261954227,97.4466683665781,0.7187280065385336,False,True,True,nan,nan,nan,False,0,7,0.025000000000000022,0.16073289997940876,9.052963289373714,True,False
8360032,2292,309,UNRELIABLE_DATA,,1983,0.8651832460732984,,,,,,,,,,,,,,,,,,,,,,,,,,,,,,,,,,,,,,,
84693825,30179,30179,OK,,0,0.0,7,0.037426944621093076,1.5800773353941044,0.8267728381169316,False,26.67952145088461,2486.461020171025,0.12,0.5762534118176477,0.0032123953259614152,179.38433889520894,False,False,11,False,0.005036614864640975,False,1,True,0.0,0.07382617051592166,False,0.6082857913973543,108.73685066238959,1.0555873144050782,False,True,False,nan,nan,nan,False,1,13,-0.0050000000000000044,0.045949402698163944,3.7733838581756642,False,False
86937318,56952,56952,OK,,0,0.0,8,0.01832419593305365,2.017527281368294,0.31118407826768335,True,36.65568122050468,1719.5450045422117,0.02,0.21365680145888571,0.00137335148375119,155.57328476123297,False,False,19,False,0.00042140750105351877,False,2,True,0.0,0.03546846467200449,False,0.01662038326238524,9.207927513165032,0.07779009677622421,True,True,False,0.45704194650094854,0.00420650743408979,63.69183177505815,True,10,12,0.28500000000000003,0.0013448078313734735,3.2226274448131607,False,False
86942014,56956,56931,OK,,25,0.0004389353184914671,8,0.011729515185539054,1.5321605052937695,0.0,True,23.21530705049343,1706.0760021749086,0.17,0.15446905968214866,0.0005394404409837505,286.3505364937994,False,False,401,False,0.0017565122692382005,False,9,False,0.06234413965087282,0.035481547838611655,False,0.16623156785952364,227.50620126386224,1.0761479884811802,False,True,False,0.14345941843439236,0.161353627675641,5.428563886229549,True,233,243,-0.445,0.010872111856276456,5.517729905018087,True,False
86951579,30160,30157,OK,,3,9.946949602122016e-05,7,0.05765398658866313,1.8573020788294636,0.8323943628402476,False,2.8180647249668302,2474.980875521834,0.244,0.03334013855489534,0.00015421506022120167,216.1924944753982,False,False,2678,False,0.0012932320854196371,False,43,False,0.07729648991784914,0.07305103292767848,False,0.031507076949755186,159.43905714836686,0.9450193765055303,False,False,False,0.029926957745560534,0.022890409746745055,8.065716107872312,True,1664,1564,-0.185,0.002368241291622275,1.3714258315554635,False,False
86956236,10594,10594,OK,,0,0.0,8,0.046014963958839264,1.0641167535297582,0.6114100901590994,False,35.42002699584757,1843.8892835465117,0.12,0.049742381339327,0.00022058049906132618,225.5067041329775,False,False,38,False,0.0,False,3,False,0.0,0.08174438361336606,False,0.05342608805175586,200.3068736706045,1.0740556968372656,False,False,False,0.045110677719514936,0.04769918187730071,6.263918699315454,True,20,28,0.475,0.0004613122165690875,2.2632866660032387,False,False
87146617,30194,30194,OK,,0,0.0,7,0.00040058448228591097,1.7277852328167485,0.8764090297391414,False,36.03750046891315,2504.112824277356,0.02,0.28722835631058613,0.0029901653995814148,96.05768174255326,False,False,4,False,0.0015897198118831556,False,0,True,0.0,0.07378949460157647,False,0.3046348275608327,54.008639362161965,1.0606015070163357,False,True,True,0.031031597855736393,0.001802654023538297,1.886068280709608,False,4,4,-0.044999999999999984,0.002079054548761894,3.2003548056509974,False,False
87924646,56713,56710,OK,,3,5.289792463809003e-05,8,0.057580333735315035,4.768099820680791,0.7746521342280666,True,2.6977880204571023,1684.0188437649495,0.5,0.010476040295707041,0.00024151788122281636,43.37583719543397,False,False,10887,False,0.010756480338564627,False,81,False,0.04445669146688711,0.04101569388114971,False,0.0007899773215350736,2.5940021054422386,0.07540800715121314,True,True,False,0.0003363649855760986,0.0010906785761548576,0.818518725625831,False,6382,6649,0.18500000000000005,0.0034542069878771287,2.676590930762747,False,False
89387348,56715,56715,OK,,0,0.0,8,0.014349119665691034,7.634929083467155,0.7144848512811709,True,32.87327781085901,1692.9517165965945,0.17,0.1172154730563369,0.0007556648214178644,155.11569380245052,False,False,178,False,0.002715331041170766,False,4,False,0.0,0.041012077933527284,False,0.00262651516572876,2.535689436004925,0.022407580648216865,True,True,False,0.319810337550408,-0.00039969216484392334,48.068599417192345,True,29,184,-0.355,0.0009830452722335847,2.2999337780189624,False,False
90394127,31141,31141,OK,,0,0.0,7,0.029077774402904242,1.4153184340101783,0.0,True,35.429745043735295,1696.1034564119736,0.02,0.4481469235460345,0.002536753831126955,176.6615735618875,False,False,2,False,0.0,False,0,True,0.0,0.055650107575222374,False,nan,nan,nan,True,True,True,nan,nan,nan,False,4,2,0.07500000000000001,0.0022836209764791615,4.175706599098553,False,False
90396789,31143,31143,OK,,0,0.0,7,0.02565169637703718,1.3618290793460097,0.16308620462741394,True,18.83607097848206,1697.5674385655852,0.244,0.02648794474587366,0.0001051376058506218,251.93597030835383,False,False,433,False,0.0,False,7,False,0.09468822170900693,0.055646533731496646,False,0.032146020904955774,241.9411611435774,1.213609482100854,False,True,False,0.024670478001462604,0.025696347651727014,1.764071871411008,False,338,183,0.495,0.00045001024157120817,3.5651250580167244,False,False
90419608,1177,1177,OK,,0,0.0,1,nan,nan,nan,False,14.18901915644788,1654.0606960250216,0.17,0.21064177152116859,0.0008136486636524774,258.8854144681999,False,False,8,False,0.0,False,1,True,0.0,0.03313508920985556,False,0.18129374404001486,211.82224544139888,0.8606732782903681,False,True,True,nan,nan,nan,False,0,10,0.025000000000000022,0.012716453923513504,4.072617390601156,False,False
90427014,1129,1129,OK,,0,0.0,1,nan,nan,nan,False,10.334083418398967,1657.68098676075,0.084,0.05906860166765581,0.0001407978439586685,419.5277428040412,False,False,5,False,0.0,False,1,True,0.0,0.042515500442869794,False,0.060059484702642774,81.60263968519926,1.0167751226034107,False,True,True,nan,nan,nan,False,0,6,-0.235,0.001645114604098219,2.154302202148052,False,False
91627942,1085,1072,OK,,13,0.011981566820276499,2,0.14079701571772144,1.0682034473877309,0.9317965526122689,False,0.6876264391177895,1569.9560309252981,0.244,2.3654411762663585e-12,6.4012269593658535e-15,369.5293404345554,True,False,405,False,0.0,False,35,False,0.0962962962962963,0.07835820895522388,False,-0.0005680635754439223,-2.1261308297507946,-240151216.248193,True,True,False,-0.0005175347291801469,-0.0003328779724276476,0.015555619595855582,False,250,219,-0.495,0.0017176491246573278,1.950544600743791,False,False
93129731,11088,11088,OK,,0,0.0,1,nan,nan,nan,False,11.83759965367802,3488.1772565405263,0.028,0.7892898212174159,0.0012906332758532608,611.5523564938322,False,False,11,False,0.001443001443001443,False,1,True,0.0,0.0,False,0.7965325913986758,373.8580432733843,1.0091763126630577,False,True,False,nan,nan,nan,False,2,11,-0.07500000000000001,0.015139772220403747,1.1198265922868467,False,False
93131198,11074,11053,OK,,21,0.0018963337547408343,1,nan,nan,nan,False,0.9611005751086826,3480.3212616247974,0.5,0.04624480441196788,0.00017844513189455466,259.1541944629483,False,False,5872,False,0.01827558129014747,False,28,False,0.0,0.0,False,0.00021864888514766534,1.2371955768441683,0.004728074600550809,True,True,False,1.7458364260924952e-06,-0.0007624435306767818,0.18688610139744172,False,3496,3532,nan,nan,nan,False,False
93624265,1086,1080,OK,,6,0.0055248618784530384,2,0.1335316052391156,1.018559212272559,0.9814407877274409,False,0.65,1569.969102413908,0.17,6.977973754374034e-12,4.85846770403959e-14,143.62499000605013,True,False,289,False,0.017592592592592594,False,37,False,0.10034602076124567,0.0712962962962963,False,-5.088948769960133e-05,-0.16126315025997862,-7292874.621046267,True,True,False,-0.0001171120261127534,-0.00048594908052268515,0.027490125450684456,False,169,177,0.475,0.0026537729339105587,1.7570352074350293,False,False
93625489,1085,1077,OK,,8,0.007373271889400922,2,0.16647159563833147,1.068087083960835,0.9319129160391653,False,7.989663651638392,1575.0671640410746,0.02,0.8373089128017815,0.002777124967751519,301.50206509421264,False,False,1,False,0.018570102135561744,False,0,True,1.0,0.05013927576601671,True,nan,nan,nan,True,True,True,nan,nan,nan,False,1,4,0.06500000000000006,0.019024078937669997,7.621965038523196,True,False
96925272,9446,9446,OK,,0,0.0,2,0.015802274807597987,1.0237042614271887,0.9762957385728112,False,1.197629789939447,2964.5378422966014,0.244,0.00025562930453112,3.3240682373725626e-05,7.690254419481371,False,False,1832,True,0.0,False,18,False,0.0,0.045945373703154775,False,0.00024095545281754838,6.47422132691851,0.9425971457361406,True,True,False,0.000274855615138514,0.0002257534832476038,0.9081443017683178,False,1115,1076,0.395,0.0005930103503505313,2.6480837714038667,False,False
96952163,49510,49464,OK,,46,0.0009291052312664108,11,0.022430652554704507,1.5862604135158584,0.0,True,36.52519007359922,1842.5397183175605,0.02,0.7457200715087496,0.0018853492187232066,395.534187567524,False,False,5,False,0.0022642730066310852,False,1,True,1.0,0.07732896652110625,True,0.6871268177483147,386.6665800576455,0.9214272808268545,False,True,True,nan,nan,nan,False,0,6,-0.015000000000000013,0.013344816599691445,7.109092239115073,True,False
96954562,50121,50050,OK,,71,0.0014165718960116517,11,0.08247759595062402,1.2148244034574351,0.0,True,36.53521134055884,1842.155690082643,0.084,0.4229952022568585,0.001145146124541072,369.38098395641674,False,False,28,False,0.0064335664335664336,False,1,True,1.0,0.061558441558441555,True,0.27960537577763134,161.74381867779425,0.6610131138268668,False,True,False,nan,nan,nan,False,0,34,-0.034999999999999976,0.0025101720841682607,0.18143817012549882,False,False
