TIC,bls_period,bls_depth,bls_snr,n_eclipses_observed,gap_edge_suspect,verdict,exoplanet_conflict,vsx_match,vsx_name,vsx_type,vsx_period,asassn_match,asassn_queried_ok,asassn_name,asassn_type,asassn_period,gaia_veb_match,gaia_veb_period,gaia_class_match,gaia_class,gaia_class_score,tess_eb_match,tess_eb_period,tess_eb_morph,toi_match,toi,toi_tess_disp,toi_tfopwg_disp,toi_period,period_check_source,period_check
111149941,5.240091764822175,0.0004546419920715,10.185398171399184,3.0,False,NOVEL,False,False,,,,False,True,,,,False,,False,,,False,,,False,,,,,,no_catalog_period
118352931,27.0405710547776,0.3329912019049989,1035.8642633975048,3.0,False,NOVEL,False,False,,,,False,True,,,,False,,False,,,False,,,False,,,,,,no_catalog_period
119459681,5.944205171807016,0.1597707075177683,310.5707953376803,3.0,False,NOVEL,False,False,,,,False,True,,,,False,,False,,,False,,,False,,,,,,no_catalog_period
122328031,24.60005074464305,0.0125579914506316,70.26337245360904,3.0,True,NOVEL,False,False,,,,False,True,,,,False,,False,,,False,,,False,,,,,,no_catalog_period
125900581,3.265462365578779,0.0258281203990943,13.374851242380425,7.0,False,NOVEL,False,False,,,,False,True,,,,False,,False,,,False,,,False,,,,,,no_catalog_period
1326118009,6.034863511026644,0.0350042744208291,56.07358787081197,5.0,False,NOVEL,False,False,,,,False,True,,,,False,,False,,,False,,,False,,,,,,no_catalog_period
136191877,0.9021624954798596,0.5656905815020541,555.2885829234801,171.0,False,NOVEL,False,False,,,,False,True,,,,False,,False,,,False,,,False,,,,,,no_catalog_period
137091217,13.589848101136296,0.0010750287904441,149.3420560037325,104.0,False,KNOWN_OTHER_TYPE,False,True,KIC 4922031,ROT,13.622,False,True,,,,False,,True,SOLAR_LIKE,0.39762568,False,,,False,,,,,vsx,agrees_1x
138407805,0.8779908345776146,0.0051599895060274,78.9407971409491,67.0,False,KNOWN_OTHER_TYPE,False,True,Gaia DR3 3440308111637608576,DSCT|GDOR|SXPHE,,False,True,,,,False,,True,DSCT|GDOR|SXPHE,0.54127276,False,,,False,,,,,,no_catalog_period
142841561,0.7550291699559759,0.0309780403043623,96.8776297735366,23.0,False,NOVEL,False,False,,,,False,True,,,,False,,False,,,False,,,False,,,,,,no_catalog_period
146204013,14.190971289039512,0.2063522345940655,2793.690762175509,4.0,False,NOVEL,False,False,,,,False,True,,,,False,,False,,,False,,,False,,,,,,no_catalog_period
146608979,3.687471924797949,0.0096821746189435,36.47146913521904,13.0,False,NOVEL,False,False,,,,False,True,,,,False,,False,,,False,,,False,,,,,,no_catalog_period
153080360,0.7825225996516298,0.0065641126907423,111.9771643914806,28.0,False,NOVEL,False,False,,,,False,True,,,,False,,False,,,False,,,False,,,,,,no_catalog_period
153336799,1.1312302183921423,0.0096974595409396,56.13702699606745,35.0,False,KNOWN_OTHER_TYPE,False,True,Gaia DR3 5597495980550215680,DSCT|GDOR|SXPHE,,False,True,,,,False,,True,DSCT|GDOR|SXPHE,0.8333429,False,,,False,,,,,,no_catalog_period
154831114,1.582454434959247,0.0321311863896544,114.75730765267308,25.0,False,NOVEL,False,False,,,,False,True,,,,False,,False,,,False,,,False,,,,,,no_catalog_period
158329671,1.5333946458252492,0.1181365006913262,674.2709071442584,15.0,False,CONTAMINATED,False,False,,,,False,True,,,,False,,False,,,False,,,False,,,,,,no_catalog_period
160130060,3.105666960115145,0.0591262341718899,67.71893756567215,8.0,False,NOVEL,False,False,,,,False,True,,,,False,,False,,,False,,,False,,,,,,no_catalog_period
19938261,2.320534793072512,0.0648366854418897,139.4451713677607,9.0,False,KNOWN_OTHER_TYPE,False,True,Gaia DR3 5752881854296179968,RS,,False,True,,,,False,,True,RS,0.569559,False,,,False,,,,,,no_catalog_period
203279104,1.2344142866893872,0.0002040231467662,32.51581597281258,21.0,False,NOVEL,False,False,,,,False,True,,,,False,,False,,,False,,,False,,,,,,no_catalog_period
207754858,10.197636246489369,0.0028047412999111,14.044313028566512,3.0,False,NOVEL,False,False,,,,False,True,,,,False,,False,,,False,,,False,,,,,,no_catalog_period
208358448,1.678437364059726,0.0150610035627843,118.66098785556149,8.0,False,NOVEL,False,False,,,,False,True,,,,False,,False,,,False,,,False,,,,,,no_catalog_period
220148279,3.6427614196385134,0.0156983523137653,35.864218316498786,5.0,False,NOVEL,False,False,,,,False,True,,,,False,,False,,,False,,,False,,,,,,no_catalog_period
230275619,3.1561343130066786,0.0004485323326751,11.45843335931336,25.0,False,NOVEL,False,False,,,,False,True,,,,False,,False,,,False,,,False,,,,,,no_catalog_period
231260455,1.1126977080058151,0.0884634213696254,109.0356776339106,23.0,False,NOVEL,False,False,,,,False,True,,,,False,,False,,,False,,,False,,,,,,no_catalog_period
23259249,3.9740155961235786,0.0391535931649554,59.74630065357756,5.0,False,NOVEL,False,False,,,,False,True,,,,False,,False,,,False,,,False,,,,,,no_catalog_period
233415701,5.271641732651179,0.0100988652846398,63.155952515957104,43.0,False,KNOWN_TOI,True,False,,,,False,True,,,,False,,False,,,False,,,True,3555.01,PC,PC,5.271813,toi,agrees_1x
237115819,14.79205908513923,0.088832292054031,506.9717837496276,75.0,False,NOVEL,False,False,,,,False,True,,,,False,,False,,,False,,,False,,,,,,no_catalog_period
250630820,1.132055270127599,0.0242731388705002,321.75923440785914,19.0,False,KNOWN_OTHER_TYPE,False,True,Gaia DR3 358196458556224640,DSCT|GDOR|SXPHE,,False,True,,,,False,,True,DSCT|GDOR|SXPHE,0.18921366,False,,,False,,,,,,no_catalog_period
253168781,3.7402726304851774,0.0081922718239505,54.98500105540781,7.0,False,NOVEL,False,False,,,,False,True,,,,False,,False,,,False,,,False,,,,,,no_catalog_period
273158289,1.151882938585293,0.0125462734332341,41.26919130495207,19.0,False,NOVEL,False,False,,,,False,True,,,,False,,False,,,False,,,False,,,,,,no_catalog_period
278233128,33.59348122668497,0.2504616924293998,156.38205599887652,3.0,False,KNOWN_OTHER_TYPE,False,True,Gaia DR3 1820622828503613824,SR|M,46.23,False,True,,,,False,,True,LPV,0.8698307,False,,,False,,,,,vsx,disagrees(ratio=0.7267)
281286325,17.01801073242722,0.0066087982330431,12.934877501170693,4.0,False,KNOWN_TOI,True,False,,,,False,True,,,,False,,False,,,False,,,True,6485.01,PC,PC,17.0180939,toi,agrees_1x
282345650,27.09254689624314,0.3511603424632393,1235.8258851333342,3.0,False,KNOWN_OTHER_TYPE,False,True,ASASSN-V J190138.92+183820.8,SR,71.09,True,True,J190138.83+183821.7,SR,71.094,False,,True,LPV,0.95210844,False,,,False,,,,,vsx,disagrees(ratio=0.3811)
287846593,1.7622511272952033,0.0846077443033173,3076.457002581413,11.0,False,NOVEL,False,False,,,,False,True,,,,False,,False,,,False,,,False,,,,,,no_catalog_period
29216744,1.108326864407436,0.0451810713037801,141.48774443607496,39.0,False,KNOWN_OTHER_TYPE,False,True,Gaia DR3 5331550029333155584,VAR,0.015124,False,True,,,,False,,False,,,False,,,False,,,,,vsx,disagrees(ratio=73.2827)
294852916,2.546779832363934,0.0144593405933424,357.39540457810057,19.0,False,NOVEL,False,False,,,,False,True,,,,False,,False,,,False,,,False,,,,,,no_catalog_period
29495157,5.147448543522719,0.0857856252931797,333.23644002774006,4.0,False,NOVEL,False,False,,,,False,True,,,,False,,False,,,False,,,False,,,,,,no_catalog_period
298215657,3.0975897908114414,0.0036197085661879,16.34983997169683,8.0,False,NOVEL,False,False,,,,False,True,,,,False,,False,,,False,,,False,,,,,,no_catalog_period
303470667,5.431909907725591,0.0221977249554096,56.9755696599801,4.0,False,NOVEL,False,False,,,,False,True,,,,False,,False,,,False,,,False,,,,,,no_catalog_period
304809821,0.7697173295530879,0.0372732709724049,127.16795161523324,65.0,False,KNOWN_OTHER_TYPE,False,True,Gaia DR3 5335202087268263552,S,,False,True,,,,False,,True,S,0.9438097,False,,,False,,,,,,no_catalog_period
304889252,0.7932578257742319,0.0567387241544411,230.28107172110185,42.0,False,NOVEL,False,False,,,,False,True,,,,False,,False,,,False,,,False,,,,,,no_catalog_period
309240602,4.119454357700242,0.0706914616810379,234.36121843983744,13.0,False,NOVEL,False,False,,,,False,True,,,,False,,False,,,False,,,False,,,,,,no_catalog_period
309672362,1.8162914726229744,0.0041137198726922,23.285909148859467,14.0,False,NOVEL,False,False,,,,False,True,,,,False,,False,,,False,,,False,,,,,,no_catalog_period
313356920,3.335965931423492,0.0084937860584415,52.94050393866905,11.0,False,KNOWN_OTHER_TYPE,False,True,ZTF J142745.11+324810.3,BY,3.2773385,False,True,,,,False,,True,SOLAR_LIKE,0.72951424,False,,,False,,,,,vsx,disagrees(ratio=1.0179)
313569577,0.9025875981330648,0.0167141688738997,205.25053185791583,24.0,False,NOVEL,False,False,,,,False,True,,,,False,,False,,,False,,,False,,,,,,no_catalog_period
318928219,2.7149268133440856,0.0418325279225744,383.1461845522305,10.0,False,NOVEL,False,False,,,,False,True,,,,False,,False,,,False,,,False,,,,,,no_catalog_period
320474615,4.584394125843311,0.0154674647474779,21.722492785169344,4.0,False,NOVEL,False,False,,,,False,True,,,,False,,False,,,False,,,False,,,,,,no_catalog_period
323961620,1.5750813413094311,0.0043311300626525,61.19139479354838,27.0,False,NOVEL,False,False,,,,False,True,,,,False,,False,,,False,,,False,,,,,,no_catalog_period
329832608,13.945488523013434,0.0396381064565958,386.2556267008232,3.0,False,NOVEL,False,False,,,,False,True,,,,False,,False,,,False,,,False,,,,,,no_catalog_period
330901906,3.732068126022025,0.0049831981812006,60.09782681820708,29.0,False,NOVEL,False,False,,,,False,True,,,,False,,False,,,False,,,False,,,,,,no_catalog_period
343034455,3.110793937829511,0.0398908938207056,27.58901255002687,5.0,False,NOVEL,False,False,,,,False,True,,,,False,,False,,,False,,,False,,,,,,no_catalog_period
3516691,0.9593438431486404,0.0133155272651564,50.16086867429706,43.0,False,NOVEL,False,False,,,,False,True,,,,False,,False,,,False,,,False,,,,,,no_catalog_period
35727587,0.7470882998160427,0.0019910663231604,58.19149981825976,37.0,False,NOVEL,False,False,,,,False,True,,,,False,,False,,,False,,,False,,,,,,no_catalog_period
362115607,0.8076008601229427,0.0331508678066683,100.58679309436036,31.0,False,KNOWN_OTHER_TYPE,False,True,Gaia DR3 5821109849349072128,ROT,0.371395,False,True,,,,False,,False,,,False,,,False,,,,,vsx,disagrees(ratio=2.1745)
366749440,20.49675969432868,0.0004139979884085,19.208539822537823,4.0,True,NOVEL,False,False,,,,False,True,,,,False,,False,,,False,,,False,,,,,,no_catalog_period
378067576,1.1061276196860994,0.0604560919642945,91.20615401682365,120.0,False,NOVEL,False,False,,,,False,True,,,,False,,False,,,False,,,False,,,,,,no_catalog_period
386206443,7.328388787150551,0.0170532460434892,27.31876969950387,3.0,False,KNOWN_OTHER_TYPE,False,True,Gaia DR3 3031738180692053760,DSCT|GDOR|SXPHE,,False,True,,,,False,,True,DSCT|GDOR|SXPHE,0.3043258,False,,,False,,,,,,no_catalog_period
387142107,1.7165187147790577,0.0457525891663695,184.35170617405257,11.0,False,NOVEL,False,False,,,,False,True,,,,False,,False,,,False,,,False,,,,,,no_catalog_period
394085020,0.7152064916664156,0.0181221086783018,60.45959917531625,22.0,False,KNOWN_OTHER_TYPE,False,True,Gaia DR3 6408095195658016896,VAR,0.143075,False,True,,,,False,,False,,,False,,,False,,,,,vsx,disagrees(ratio=4.9988)
394420407,26.2727925718536,0.5223103091295546,446.6717517043114,3.0,False,KNOWN_OTHER_TYPE,False,True,Gaia DR3 4313900680080770688,RS,,False,True,,,,False,,True,RS,0.08929928,False,,,False,,,,,,no_catalog_period
402613330,9.050034267510537,0.0004915445103502,19.737580811956462,3.0,False,NOVEL,False,False,,,,False,True,,,,False,,False,,,False,,,False,,,,,,no_catalog_period
411434067,1.353604313972901,0.0428867735512509,192.9009286180517,39.0,False,NOVEL,False,False,,,,False,True,,,,False,,False,,,False,,,False,,,,,,no_catalog_period
412633548,1.0168616335497216,0.0850527512443017,199.49707093160563,23.0,False,NOVEL,False,False,,,,False,True,,,,False,,False,,,False,,,False,,,,,,no_catalog_period
417861102,2.514278332071979,0.0194097209347311,27.07948562962417,19.0,False,NOVEL,False,False,,,,False,True,,,,False,,False,,,False,,,False,,,,,,no_catalog_period
421566477,1.110034236550112,0.0441018363772221,541.5146106696648,22.0,False,NOVEL,False,False,,,,False,True,,,,False,,False,,,False,,,False,,,,,,no_catalog_period
426236217,3.7338081468256674,0.3589824217873917,894.8374121331576,5.0,False,NOVEL,False,False,,,,False,True,,,,False,,False,,,False,,,False,,,,,,no_catalog_period
427332229,2.7184029339124,0.0086033562781794,80.869982689952,5.0,False,KNOWN_TOI,True,True,WASP-32,EP,2.718659,False,True,,,,False,,False,,,False,,,True,4523.01,KP,KP,2.7186256,toi,agrees_1x
43333100,0.8084676331326976,0.0002380657932495,12.213604720524106,24.0,False,NOVEL,False,False,,,,False,True,,,,False,,False,,,False,,,False,,,,,,no_catalog_period
433770378,10.436249073720782,0.0016108858075791,27.13193207553424,3.0,True,KNOWN_OTHER_TYPE,False,True,GDS_J1836425-152947,VAR,,True,True,J183642.55-152946.5,SR,5.8246,False,,False,,,False,,,False,,,,,asassn,disagrees(ratio=1.7918)
437150434,5.285343164440589,0.1500325939135055,1081.0130168195617,4.0,False,NOVEL,False,False,,,,False,True,,,,False,,False,,,False,,,False,,,,,,no_catalog_period
453937711,9.85743621669378,0.0248961409351603,197.4208424063532,6.0,False,KNOWN_OTHER_TYPE,False,True,Gaia DR3 5230671143152436096,ROT,,False,True,,,,False,,True,SOLAR_LIKE,0.2809426,False,,,False,,,,,,no_catalog_period
458301068,0.8726687256218794,0.0108876301318767,94.97506605038768,28.0,False,NOVEL,False,False,,,,False,True,,,,False,,False,,,False,,,False,,,,,,no_catalog_period
458340718,3.5064747119505983,0.0205926840581518,48.787422904593946,8.0,False,NOVEL,False,False,,,,False,True,,,,False,,False,,,False,,,False,,,,,,no_catalog_period
459536921,2.725047516858224,0.0311563494790435,32.903109424360174,8.0,False,NOVEL,False,False,,,,False,True,,,,False,,False,,,False,,,False,,,,,,no_catalog_period
46387913,0.9012593910104824,0.0209063849117579,79.7023409087892,24.0,False,KNOWN_OTHER_TYPE,False,True,Gaia DR3 2970542563240566400,VAR,0.0176371,False,True,,,,False,,False,,,False,,,False,,,,,vsx,disagrees(ratio=51.1002)
464366239,22.038158416233543,0.0185895476290496,16.93403470414399,3.0,False,NOVEL,False,False,,,,False,True,,,,False,,False,,,False,,,False,,,,,,no_catalog_period
464765654,1.745460232020874,0.046196883600501,460.780956732253,15.0,False,NOVEL,False,False,,,,False,True,,,,False,,False,,,False,,,False,,,,,,no_catalog_period
467213914,3.07157193232895,0.0758144021115869,842.8159915980361,155.0,False,KNOWN_OTHER_TYPE,False,True,Gaia DR3 2235025084475867776,VAR,0.0185023,False,True,,,,False,,False,,,False,,,False,,,,,vsx,disagrees(ratio=166.0103)
467851846,2.184099430441886,0.0070885348569819,102.36013145710108,23.0,False,NOVEL,False,False,,,,False,True,,,,False,,False,,,False,,,False,,,,,,no_catalog_period
59656329,0.879620332288007,0.0082401928551672,71.04230286649613,46.0,False,NOVEL,False,False,,,,False,True,,,,False,,False,,,False,,,False,,,,,,no_catalog_period
60234259,0.993544467294796,0.0083944442318096,78.50327041494315,20.0,False,KNOWN_OTHER_TYPE,False,True,Gaia DR3 2938159437547262336,RS,0.0149295,False,True,,,,False,,True,RS,0.43928862,False,,,False,,,,,vsx,disagrees(ratio=66.5491)
66732476,3.1087371204482817,0.098141164207321,369.6589519011568,8.0,False,NOVEL,False,False,,,,False,True,,,,False,,False,,,False,,,False,,,,,,no_catalog_period
67408849,3.3548600700239417,0.0158375653531966,62.32888585164957,15.0,False,NOVEL,False,False,,,,False,True,,,,False,,False,,,False,,,False,,,,,,no_catalog_period
72005925,3.477792878911364,0.0028686454829899,22.1020309823292,6.0,False,KNOWN_OTHER_TYPE,False,True,Gaia DR3 5387030389632178176,ROT,,False,True,,,,False,,True,SOLAR_LIKE,0.703115,False,,,False,,,,,,no_catalog_period
73561499,1.9571084460973944,0.0213216788763715,390.4322176762722,67.0,False,NOVEL,False,False,,,,False,True,,,,False,,False,,,False,,,False,,,,,,no_catalog_period
76879277,0.655911057081352,0.0749384754400554,380.0923082697573,172.0,False,NOVEL,False,False,,,,False,True,,,,False,,False,,,False,,,False,,,,,,no_catalog_period
806803694,21.86264635797429,0.0510637464363392,340.48280100376246,3.0,True,NOVEL,False,False,,,,False,True,,,,False,,False,,,False,,,False,,,,,,no_catalog_period
81551538,2.978437376482449,0.0022092639516128,39.27430753225786,7.0,False,NOVEL,False,False,,,,False,True,,,,False,,False,,,False,,,False,,,,,,no_catalog_period
87175731,0.8567099095358135,0.0231636507815942,53.1928150802693,19.0,False,NOVEL,False,False,,,,False,True,,,,False,,False,,,False,,,False,,,,,,no_catalog_period
91599324,7.011139459958951,0.0624009737728471,147.27486856777858,3.0,False,NOVEL,False,False,,,,False,True,,,,False,,False,,,False,,,False,,,,,,no_catalog_period
97032752,0.7927609814185551,0.0086952226874071,104.80022741634536,31.0,False,KNOWN_OTHER_TYPE,False,True,Gaia DR3 185889143805613184,DSCT|GDOR|SXPHE,,False,True,,,,False,,True,DSCT|GDOR|SXPHE,0.09703679,False,,,False,,,,,,no_catalog_period
100424264,1.3228437147457428,0.0140513869181793,317.36829543381776,17.0,False,NOVEL,False,False,,,,False,True,,,,False,,False,,,False,,,False,,,,,,no_catalog_period
111122174,1.3747277442257522,0.0003540693232247,33.27088068936675,18.0,False,NOVEL,False,False,,,,False,True,,,,False,,False,,,False,,,False,,,,,,no_catalog_period
111381330,2.239914316732505,0.0161697265128179,79.8373098073775,48.0,False,NOVEL,False,False,,,,False,True,,,,False,,False,,,False,,,False,,,,,,no_catalog_period
120017739,10.49014469075967,0.0246961188118027,25.547916887953768,3.0,False,NOVEL,False,False,,,,False,True,,,,False,,False,,,False,,,False,,,,,,no_catalog_period
121490919,2.46324919067918,0.0137039352817923,19.961480493786684,9.0,False,NOVEL,False,False,,,,False,True,,,,False,,False,,,False,,,False,,,,,,no_catalog_period
125941416,2.159830069365802,0.0102954030317123,53.02911950145998,10.0,False,NOVEL,False,False,,,,False,True,,,,False,,False,,,False,,,False,,,,,,no_catalog_period
127263318,3.3850934888121875,0.030948932810048,85.99470849438636,8.0,False,NOVEL,False,False,,,,False,True,,,,False,,False,,,False,,,False,,,,,,no_catalog_period
135330868,2.3080699852011786,0.066781109840227,161.69653810564594,11.0,False,NOVEL,False,False,,,,False,True,,,,False,,False,,,False,,,False,,,,,,no_catalog_period
154831865,4.149911125016282,0.0861595001300866,254.98950809912017,9.0,False,NOVEL,False,False,,,,False,True,,,,False,,False,,,False,,,False,,,,,,no_catalog_period
222705458,8.930101999659563,0.1022785516309667,121.3795262904901,3.0,False,NOVEL,False,False,,,,False,True,,,,False,,False,,,False,,,False,,,,,,no_catalog_period
229494598,0.9741902095880742,0.0020298333573652,153.3257672739347,161.0,False,NOVEL,False,False,,,,False,True,,,,False,,False,,,False,,,False,,,,,,no_catalog_period
229494833,15.383868064542838,0.0003716524502771,14.90248105384826,19.0,False,NOVEL,False,False,,,,False,True,,,,False,,False,,,False,,,False,,,,,,no_catalog_period
233459038,25.33843893363065,0.0831463073204632,236.6169478798572,6.0,False,NOVEL,False,False,,,,False,True,,,,False,,False,,,False,,,False,,,,,,no_catalog_period
233666475,1.1859403791758476,0.0161249124060782,62.63374900680092,19.0,False,NOVEL,False,False,,,,False,True,,,,False,,False,,,False,,,False,,,,,,no_catalog_period
237507898,3.695844096360272,0.0468143392549513,104.10800026056394,6.0,False,NOVEL,False,False,,,,False,True,,,,False,,False,,,False,,,False,,,,,,no_catalog_period
247637164,4.102612525828581,0.0263011406318284,72.46006206422604,4.0,False,NOVEL,False,False,,,,False,True,,,,False,,False,,,False,,,False,,,,,,no_catalog_period
251898081,27.308941821683568,0.1863041391168927,5534.523510196895,5.0,False,NOVEL,False,False,,,,False,True,,,,False,,False,,,False,,,False,,,,,,no_catalog_period
257301155,4.359765420294886,0.0224232223979701,86.05941988794083,6.0,False,KNOWN_OTHER_TYPE,False,True,Gaia DR3 3078505151863589760,VAR,0.0365991,False,True,,,,False,,False,,,False,,,False,,,,,vsx,disagrees(ratio=119.1222)
261590581,8.914511806693824,0.1390722820964522,146.36275051271326,10.0,False,KNOWN_OTHER_TYPE,False,True,Gaia DR3 6380557995660243840,VAR,0.0196034,False,True,,,,False,,False,,,False,,,False,,,,,vsx,disagrees(ratio=454.7431)
273148514,0.9613139022087518,0.0033705797919588,222.5955971521154,27.0,False,NOVEL,False,False,,,,False,True,,,,False,,False,,,False,,,False,,,,,,no_catalog_period
273150032,3.5470907738817847,0.0260029719632163,94.88238556844028,6.0,False,NOVEL,False,False,,,,False,True,,,,False,,False,,,False,,,False,,,,,,no_catalog_period
281310348,1.7702142184960212,0.0727297763991251,179.71717247011716,11.0,False,NOVEL,False,False,,,,False,True,,,,False,,False,,,False,,,False,,,,,,no_catalog_period
282344989,26.61373217528412,0.3542417296442593,471.1469792476249,3.0,False,NOVEL,False,False,,,,False,True,,,,False,,False,,,False,,,False,,,,,,no_catalog_period
29454613,4.422794521149218,0.065433708631412,545.6333542732605,30.0,False,NOVEL,False,False,,,,False,True,,,,False,,False,,,False,,,False,,,,,,no_catalog_period
294658624,12.634188400660546,0.0218178270406439,38.67877886705848,4.0,False,NOVEL,False,False,,,,False,True,,,,False,,False,,,False,,,False,,,,,,no_catalog_period
295348592,0.7118155612785168,0.0069873355023653,61.04780725279149,67.0,False,NOVEL,False,False,,,,False,True,,,,False,,False,,,False,,,False,,,,,,no_catalog_period
297350195,1.3767316372249678,0.0087023838923125,20.988624373735213,17.0,False,NOVEL,False,False,,,,False,True,,,,False,,False,,,False,,,False,,,,,,no_catalog_period
298231916,0.7804951527384956,0.0422542225817544,221.65324097645257,33.0,False,NOVEL,False,False,,,,False,True,,,,False,,False,,,False,,,False,,,,,,no_catalog_period
299139880,10.08738470409955,0.0455831582994897,110.3176001204469,6.0,False,NOVEL,False,False,,,,False,True,,,,False,,False,,,False,,,False,,,,,,no_catalog_period
308628103,2.6209643374095326,0.0685510758389176,79.93675623358139,8.0,False,NOVEL,False,False,,,,False,True,,,,False,,False,,,False,,,False,,,,,,no_catalog_period
309223749,4.47332957643921,0.0033844474747381,35.76623966566716,6.0,False,NOVEL,False,False,,,,False,True,,,,False,,False,,,False,,,False,,,,,,no_catalog_period
309656476,28.920445384241564,0.0004954977074599,24.60608357338353,6.0,False,NOVEL,False,False,,,,False,True,,,,False,,False,,,False,,,False,,,,,,no_catalog_period
311051394,7.080831199658748,0.0007609383960212,12.87293450677101,4.0,False,KNOWN_OTHER_TYPE,False,True,OGLE-GD-LPV-002638,M,442.4,False,True,,,,False,,True,LPV,0.9811984,False,,,False,,,,,vsx,disagrees(ratio=0.0160)
31165161,1.11148415910788,0.0910692166884198,412.897759198804,23.0,False,NOVEL,False,False,,,,False,True,,,,False,,False,,,False,,,False,,,,,,no_catalog_period
313365243,2.1012404531797464,0.0203149163954044,57.46347585064022,13.0,False,NOVEL,False,False,,,,False,True,,,,False,,False,,,False,,,False,,,,,,no_catalog_period
313371518,1.5338735100528418,0.0070839218664799,35.54743755608732,15.0,False,NOVEL,False,False,,,,False,True,,,,False,,False,,,False,,,False,,,,,,no_catalog_period
315681366,1.1625208308040975,0.0194407150606133,82.098374397933,20.0,False,NOVEL,False,False,,,,False,True,,,,False,,False,,,False,,,False,,,,,,no_catalog_period
318887646,14.281663889625127,0.0360494851192526,149.87732244709204,3.0,False,NOVEL,False,False,,,,False,True,,,,False,,False,,,False,,,False,,,,,,no_catalog_period
323764927,1.452583852349482,0.0077297186652595,76.56479646119588,19.0,False,NOVEL,False,False,,,,False,True,,,,False,,False,,,False,,,False,,,,,,no_catalog_period
326257760,36.11667616097966,0.000759732665063,18.24871040535082,8.0,False,KNOWN_OTHER_TYPE,False,False,,,,True,True,J195528.25+664427.5,L,--,False,,False,,,False,,,False,,,,,,no_catalog_period
329814247,1.7888355121697397,0.080007100252554,99.93723848423453,12.0,False,NOVEL,False,False,,,,False,True,,,,False,,False,,,False,,,False,,,,,,no_catalog_period
330871525,1.2694428203354196,0.1027129696724762,329.69298098251613,59.0,False,NOVEL,False,False,,,,False,True,,,,False,,False,,,False,,,False,,,,,,no_catalog_period
333569564,11.62314302219762,0.0173530714567269,146.31239779941296,4.0,False,NOVEL,False,False,,,,False,True,,,,False,,False,,,False,,,False,,,,,,no_catalog_period
333569585,11.605889954030934,0.0398616187184792,229.18536526079944,4.0,False,NOVEL,False,False,,,,False,True,,,,False,,False,,,False,,,False,,,,,,no_catalog_period
333732585,1.2330604906162843,0.0004061754793286,27.22695939265904,232.0,False,NOVEL,False,False,,,,False,True,,,,False,,False,,,False,,,False,,,,,,no_catalog_period
339901386,1.041345479842832,0.0114874117407563,27.56462311594321,42.0,False,NOVEL,False,False,,,,False,True,,,,False,,False,,,False,,,False,,,,,,no_catalog_period
344493385,14.506737269634511,0.067060248644215,285.9861973979182,3.0,True,NOVEL,False,False,,,,False,True,,,,False,,False,,,False,,,False,,,,,,no_catalog_period
346535587,6.093094634117019,0.0151622854763167,150.04725490876726,5.0,False,NOVEL,False,False,,,,False,True,,,,False,,False,,,False,,,False,,,,,,no_catalog_period
348345578,2.318967492949814,0.0524130509137125,75.95854419655619,10.0,False,NOVEL,False,False,,,,False,True,,,,False,,False,,,False,,,False,,,,,,no_catalog_period
349701853,30.342708642712942,0.28445208271133,343.46043198791466,4.0,False,NOVEL,False,False,,,,False,True,,,,False,,False,,,False,,,False,,,,,,no_catalog_period
360088761,1.6810190119851482,0.0125967166487498,36.50522425187919,29.0,False,NOVEL,False,False,,,,False,True,,,,False,,False,,,False,,,False,,,,,,no_catalog_period
365996460,5.895115943088325,0.0073657834365039,44.74404144866233,5.0,False,NOVEL,False,False,,,,False,True,,,,False,,False,,,False,,,False,,,,,,no_catalog_period
371603115,7.719363292396075,0.062562400625086,251.5780844066604,7.0,False,NOVEL,False,False,,,,False,True,,,,False,,False,,,False,,,False,,,,,,no_catalog_period
376802340,2.996395910235059,0.0013258075430079,33.197908637281905,7.0,False,KNOWN_OTHER_TYPE,False,True,ASASSN-V J101400.08-635207.0,SRS,24.349,True,True,J101400.28-635207.6,SR,24.349,False,,False,,,False,,,False,,,,,vsx,disagrees(ratio=0.1231)
380943251,0.7209347459493273,0.0766701880813365,100.95096880973294,14.0,False,NOVEL,False,False,,,,False,True,,,,False,,False,,,False,,,False,,,,,,no_catalog_period
383101733,16.445230198545072,0.1568498307817311,526.9871658617137,4.0,False,NOVEL,False,False,,,,False,True,,,,False,,False,,,False,,,False,,,,,,no_catalog_period
387142211,0.901420334866036,0.0383160080731358,4928.228445639369,50.0,False,KNOWN_OTHER_TYPE,False,True,ASAS J065051+1614.3,ESD|DCEP-FU|DCEP-FO|ACV|EC|ED,1.804807,True,True,J065050.63+161417.5,ROT:,--,False,,False,,,False,,,False,,,,,vsx,agrees_0.5x
387142213,0.9038053548483824,0.0249827103845678,364.553755478572,21.0,False,NOVEL,False,False,,,,False,True,,,,False,,False,,,False,,,False,,,,,,no_catalog_period
394111941,27.211724282125395,0.3350742966987372,309.0067108088376,3.0,False,NOVEL,False,False,,,,False,True,,,,False,,False,,,False,,,False,,,,,,no_catalog_period
397004906,1.004862170132626,0.0005268330102768,15.333653405095518,92.0,False,NOVEL,False,False,,,,False,True,,,,False,,False,,,False,,,False,,,,,,no_catalog_period
399552998,0.9267535093385034,0.0004230240234117,13.050927955560846,19.0,False,NOVEL,False,False,,,,False,True,,,,False,,False,,,False,,,False,,,,,,no_catalog_period
399573126,3.384823186989982,0.0514803414574796,252.7493552885409,36.0,False,KNOWN_OTHER_TYPE,False,False,,,,True,True,J213624.52+361022.5,ROT,3.3839,False,,False,,,False,,,False,,,,,asassn,agrees_1x
399770041,1.5801885652386525,0.0429056219128949,488.6485399391096,30.0,False,NOVEL,False,False,,,,False,True,,,,False,,False,,,False,,,False,,,,,,no_catalog_period
402630334,1.3114770562776166,0.001254865353365,35.714387922811724,17.0,False,NOVEL,False,False,,,,False,True,,,,False,,False,,,False,,,False,,,,,,no_catalog_period
402641241,0.776041355847002,0.0082896127359635,256.9514791925314,35.0,False,NOVEL,False,False,,,,False,True,,,,False,,False,,,False,,,False,,,,,,no_catalog_period
410907337,6.231133174816255,0.0171988840160771,52.122884714760666,4.0,False,NOVEL,False,False,,,,False,True,,,,False,,False,,,False,,,False,,,,,,no_catalog_period
411536289,2.827333748610149,0.0150769600546131,124.65114190787088,17.0,False,NOVEL,False,False,,,,False,True,,,,False,,False,,,False,,,False,,,,,,no_catalog_period
414257425,0.9046249679321476,0.0780041080401229,431.8702016412568,22.0,False,NOVEL,False,False,,,,False,True,,,,False,,False,,,False,,,False,,,,,,no_catalog_period
430253781,3.013155493660133,0.0025248403654742,18.27943383834713,8.0,False,NOVEL,False,False,,,,False,True,,,,False,,False,,,False,,,False,,,,,,no_catalog_period
437162640,1.4735136925026235,0.0179011843506832,331.24223102868467,29.0,False,NOVEL,False,False,,,,False,True,,,,False,,False,,,False,,,False,,,,,,no_catalog_period
444465823,18.513330110923107,0.0347550982913245,146.60658281070934,8.0,False,NOVEL,False,False,,,,False,True,,,,False,,False,,,False,,,False,,,,,,no_catalog_period
44533527,14.5951886483809,0.0010129590172977,11.99140867125008,3.0,False,NOVEL,False,False,,,,False,True,,,,False,,False,,,False,,,False,,,,,,no_catalog_period
451041955,8.043791805313102,0.0082081169147247,15.695979650342576,3.0,False,NOVEL,False,False,,,,False,True,,,,False,,False,,,False,,,False,,,,,,no_catalog_period
452557937,15.92054584764415,0.1377191983537152,192.4640953980194,4.0,False,NOVEL,False,False,,,,False,True,,,,False,,False,,,False,,,False,,,,,,no_catalog_period
453947125,3.988905643806901,0.0076853914782657,32.39615851260734,5.0,False,NOVEL,False,False,,,,False,True,,,,False,,False,,,False,,,False,,,,,,no_catalog_period
457850280,2.0969951337378463,0.0711277375052171,270.67388194836224,12.0,False,KNOWN_OTHER_TYPE,False,True,Gaia DR3 5899215410175438336,VAR,0.0142232,False,True,,,,False,,False,,,False,,,False,,,,,vsx,disagrees(ratio=147.4348)
465334170,0.7855927844280166,0.0065277981276859,75.37200776141937,55.0,False,NOVEL,False,False,,,,False,True,,,,False,,False,,,False,,,False,,,,,,no_catalog_period
465390277,6.383815212004594,0.0207924913718205,121.4470901133744,8.0,False,NOVEL,False,False,,,,False,True,,,,False,,False,,,False,,,False,,,,,,no_catalog_period
467214801,0.7608504295646796,0.009504972458957,2133.735287899865,329.0,False,NOVEL,False,False,,,,False,True,,,,False,,False,,,False,,,False,,,,,,no_catalog_period
54282826,0.8382950463606561,0.0159413998991685,50.51995258998735,26.0,False,NOVEL,False,False,,,,False,True,,,,False,,False,,,False,,,False,,,,,,no_catalog_period
57131520,1.0327102948724105,0.1940775852247716,18.090953999115115,22.0,False,KNOWN_OTHER_TYPE,False,True,ASASSN-V J181647.70-385902.2,RRAB,0.516714,True,True,J181647.70-385902.2,RRAB,0.51671,False,,True,RR,0.9268793,False,,,False,,,,,vsx,agrees_2x
66716482,8.028258931278463,0.0332873069707548,64.88516548097682,3.0,False,NOVEL,False,False,,,,False,True,,,,False,,False,,,False,,,False,,,,,,no_catalog_period
73190461,0.7697876035682693,0.0469336322190994,150.01285765436344,28.0,False,NOVEL,False,False,,,,False,True,,,,False,,False,,,False,,,False,,,,,,no_catalog_period
79414156,2.2996872335593306,0.0305453189074298,407.98645000574726,42.0,False,NOVEL,False,False,,,,False,True,,,,False,,False,,,False,,,False,,,,,,no_catalog_period
80644534,0.9726428014091496,0.0497883351058787,160.16925589044678,15.0,False,NOVEL,False,False,,,,False,True,,,,False,,False,,,False,,,False,,,,,,no_catalog_period
80886802,0.9677973275382268,0.1568408468193328,382.7669344845568,124.0,False,NOVEL,False,False,,,,False,True,,,,False,,False,,,False,,,False,,,,,,no_catalog_period
810800604,3.112962565979254,0.0078814002913503,107.38952722643744,20.0,False,NOVEL,False,False,,,,False,True,,,,False,,False,,,False,,,False,,,,,,no_catalog_period
86966148,0.8181485501593181,0.0869072518004786,575.5381485381514,27.0,False,NOVEL,False,False,,,,False,True,,,,False,,False,,,False,,,False,,,,,,no_catalog_period
87175640,1.7126228801185852,0.0533172177337626,90.82026005298492,11.0,False,NOVEL,False,False,,,,False,True,,,,False,,False,,,False,,,False,,,,,,no_catalog_period
87926466,0.978475574230071,0.1194779529816039,169.08721638471758,189.0,False,NOVEL,False,False,,,,False,True,,,,False,,False,,,False,,,False,,,,,,no_catalog_period
90130748,1.6198618108684262,0.0144325005165,258.45508630639864,26.0,False,NOVEL,False,False,,,,False,True,,,,False,,False,,,False,,,False,,,,,,no_catalog_period
93196458,20.66964748951484,0.0157632890181625,78.22291288932324,3.0,False,KNOWN_OTHER_TYPE,False,True,Gaia DR3 5329202468936153600,ROT,,False,True,,,,False,,True,SOLAR_LIKE,0.10859698,False,,,False,,,,,,no_catalog_period
93622174,1.0549032747619749,0.0154905454443943,50.65516322301078,22.0,False,NOVEL,False,False,,,,False,True,,,,False,,False,,,False,,,False,,,,,,no_catalog_period
139850283,1.2958316643057688,0.6186081745466384,659.6974002303643,59.0,False,NOVEL,False,False,,,,False,True,,,,False,,False,,,False,,,False,,,,,,no_catalog_period
231200465,3.885901600055567,0.0901982240846761,26.058132036084988,6.0,False,KNOWN_OTHER_TYPE,False,False,,,,True,True,J064350.15+090946.4,ROT,3.889,False,,False,,,False,,,False,,,,,asassn,agrees_1x
349702481,27.09998016748735,0.2509319710238842,28.35142797095017,3.0,True,NOVEL,False,False,,,,False,True,,,,False,,False,,,False,,,False,,,,,,no_catalog_period
42256323,1.153858841587889,0.000462194840594,27.59639385423237,98.0,False,NOVEL,False,False,,,,False,True,,,,False,,False,,,False,,,False,,,,,,no_catalog_period
230907580,9.400124276763387,0.0469284918313638,141.82993616344297,3.0,False,NOVEL,False,False,,,,False,True,,,,False,,False,,,False,,,False,,,,,,no_catalog_period
379653933,14.192600763486334,0.1001386488483784,116.66379331613356,3.0,True,NOVEL,False,False,,,,False,True,,,,False,,False,,,False,,,False,,,,,,no_catalog_period
42256493,1.1570285483814955,0.0166288003081468,1057.4645308998647,127.0,False,NOVEL,False,False,,,,False,True,,,,False,,False,,,False,,,False,,,,,,no_catalog_period
230376393,38.416173835260345,0.0286212209306009,22.00666889078472,19.0,False,NOVEL,False,False,,,,False,True,,,,False,,False,,,False,,,False,,,,,,no_catalog_period
330569407,3.602843082491972,0.0304795861923836,97.30692061841158,6.0,False,NOVEL,False,False,,,,False,True,,,,False,,False,,,False,,,False,,,,,,no_catalog_period
102509246,2.562883002632999,0.2455373910465728,330.58380800539624,61.0,False,NOVEL,False,False,,,,False,True,,,,False,,False,,,False,,,False,,,,,,no_catalog_period
102566477,6.69398051721121,0.0022891902844508,83.3174291743009,4.0,False,NOVEL,False,False,,,,False,True,,,,False,,False,,,False,,,False,,,,,,no_catalog_period
12079324,28.94425626876261,0.071384835749972,59.46161732421727,6.0,False,NOVEL,False,False,,,,False,True,,,,False,,False,,,False,,,False,,,,,,no_catalog_period
123508954,2.202588410447408,0.0369711000167947,116.0740523433189,13.0,False,NOVEL,False,False,,,,False,True,,,,False,,False,,,False,,,False,,,,,,no_catalog_period
135324633,13.056635067421462,0.2157417897259192,252.4512615129776,3.0,True,NOVEL,False,False,,,,False,True,,,,False,,False,,,False,,,False,,,,,,no_catalog_period
142837844,6.736161129412147,0.055656936197492,76.61963733055721,4.0,False,NOVEL,False,False,,,,False,True,,,,False,,False,,,False,,,False,,,,,,no_catalog_period
145599024,17.57453692042574,0.0216594526261377,82.44323395676957,3.0,True,NOVEL,False,False,,,,False,True,,,,False,,False,,,False,,,False,,,,,,no_catalog_period
146612348,1.547228084204541,0.0184104343860854,130.56087670027617,31.0,False,NOVEL,False,False,,,,False,True,,,,False,,False,,,False,,,False,,,,,,no_catalog_period
158493845,0.7989251224357521,0.0006119808539859,52.35994020823438,127.0,False,NOVEL,False,False,,,,False,True,,,,False,,False,,,False,,,False,,,,,,no_catalog_period
160147252,9.737790015907317,0.0521386283048908,53.75628815590207,26.0,False,NOVEL,False,False,,,,False,True,,,,False,,False,,,False,,,False,,,,,,no_catalog_period
180187028,0.8900678291550078,0.0020806534882296,66.26187237755265,30.0,False,NOVEL,False,False,,,,False,True,,,,False,,False,,,False,,,False,,,,,,no_catalog_period
188855091,6.385454838025522,0.0081349060527109,35.663361211225535,5.0,False,NOVEL,False,False,,,,False,True,,,,False,,False,,,False,,,False,,,,,,no_catalog_period
192855779,10.290781728205788,0.118835941423882,235.23733356553507,5.0,False,NOVEL,False,False,,,,False,True,,,,False,,False,,,False,,,False,,,,,,no_catalog_period
1966164973,0.7752202551795369,0.0095042671234073,21.409414160433364,66.0,False,NOVEL,False,False,,,,False,True,,,,False,,False,,,False,,,False,,,,,,no_catalog_period
217028234,1.1356687957644538,0.0548477030258158,258.3104074550125,25.0,False,NOVEL,False,False,,,,False,True,,,,False,,False,,,False,,,False,,,,,,no_catalog_period
218193457,7.596041180805007,0.1514796287202492,864.8179882598915,4.0,False,NOVEL,False,False,,,,False,True,,,,False,,False,,,False,,,False,,,,,,no_catalog_period
220423668,3.651055395353677,0.0452465275230349,755.375924778826,55.0,False,NOVEL,False,False,,,,False,True,,,,False,,False,,,False,,,False,,,,,,no_catalog_period
233409941,4.425221782156663,0.006588703661465,32.48032203924666,34.0,False,KNOWN_TOI,True,False,,,,False,True,,,,False,,False,,,False,,,True,5221.01,PC,PC,4.4247361,toi,agrees_1x
233452636,1.9063211046429025,0.054672925498727,202.45204275073417,14.0,False,NOVEL,False,False,,,,False,True,,,,False,,False,,,False,,,False,,,,,,no_catalog_period
234065903,4.040734211513496,0.0327442538761846,114.8542401960932,5.0,False,NOVEL,False,False,,,,False,True,,,,False,,False,,,False,,,False,,,,,,no_catalog_period
237514076,5.1331730614326725,0.0404948100835356,117.45635569388408,3.0,False,NOVEL,False,False,,,,False,True,,,,False,,False,,,False,,,False,,,,,,no_catalog_period
239727281,7.791125307702467,0.0057720916469008,117.17194131548818,11.0,False,NOVEL,False,False,,,,False,True,,,,False,,False,,,False,,,False,,,,,,no_catalog_period
244978644,4.128504947931621,0.1440640101130285,546.1551757626027,37.0,False,NOVEL,False,False,,,,False,True,,,,False,,False,,,False,,,False,,,,,,no_catalog_period
247637169,4.102612531348586,0.0263011181410637,72.4600011470638,4.0,False,NOVEL,False,False,,,,False,True,,,,False,,False,,,False,,,False,,,,,,no_catalog_period
277917453,1.9423316431065507,0.0947924475393268,86.73418278616953,12.0,False,NOVEL,False,False,,,,False,True,,,,False,,False,,,False,,,False,,,,,,no_catalog_period
295347171,21.35431348594499,0.0416901871140046,105.7070158892373,3.0,False,KNOWN_OTHER_TYPE,False,True,Gaia DR3 5877830080857906688,L,,False,True,,,,False,,True,LPV,0.78710675,False,,,False,,,,,,no_catalog_period
297357238,3.8345574579503774,0.0119939870400014,33.30194961485299,6.0,False,NOVEL,False,False,,,,False,True,,,,False,,False,,,False,,,False,,,,,,no_catalog_period
299138242,1.742253292931907,0.0053164505096314,30.65474646213637,25.0,False,NOVEL,False,False,,,,False,True,,,,False,,False,,,False,,,False,,,,,,no_catalog_period
304803946,4.926321401946884,0.0037235082241019,63.07976309863465,10.0,False,NOVEL,False,False,,,,False,True,,,,False,,False,,,False,,,False,,,,,,no_catalog_period
307380812,2.871828951010736,0.0222937495368333,30.131721343095755,7.0,False,NOVEL,False,False,,,,False,True,,,,False,,False,,,False,,,False,,,,,,no_catalog_period
308473058,0.8013137507567636,0.0278381514795036,90.44832381309335,23.0,False,NOVEL,False,False,,,,False,True,,,,False,,False,,,False,,,False,,,,,,no_catalog_period
308626244,3.996189428305452,0.033531791410783,178.40897066456748,7.0,False,NOVEL,False,False,,,,False,True,,,,False,,False,,,False,,,False,,,,,,no_catalog_period
309657355,0.9229396991809732,0.0042380757525843,238.1158179919524,564.0,False,NOVEL,False,False,,,,False,True,,,,False,,False,,,False,,,False,,,,,,no_catalog_period
311054491,1.926087587747632,0.0221172684866732,144.4333721404807,14.0,False,KNOWN_OTHER_TYPE,False,True,Gaia DR3 6058226713100074624,L,,False,True,,,,False,,True,LPV,0.9646572,False,,,False,,,,,,no_catalog_period
316215136,1.8026363076423648,0.0340159372316684,79.08932683967755,14.0,False,NOVEL,False,False,,,,False,True,,,,False,,False,,,False,,,False,,,,,,no_catalog_period
323965420,16.25910716085501,0.0324175733569704,55.12769509127365,4.0,False,NOVEL,False,False,,,,False,True,,,,False,,False,,,False,,,False,,,,,,no_catalog_period
333569592,11.657725627421408,0.0136940639524613,48.24951841863693,4.0,False,NOVEL,False,False,,,,False,True,,,,False,,False,,,False,,,False,,,,,,no_catalog_period
338685900,3.5299092927824343,0.002174363681317,30.53277794408261,6.0,False,NOVEL,False,False,,,,False,True,,,,False,,False,,,False,,,False,,,,,,no_catalog_period
33986702,8.892529430616571,0.0206138901281379,49.52028395021655,5.0,False,NOVEL,False,False,,,,False,True,,,,False,,False,,,False,,,False,,,,,,no_catalog_period
345086748,10.304179356032474,0.0348266920506995,39.45967406830544,3.0,False,NOVEL,False,False,,,,False,True,,,,False,,False,,,False,,,False,,,,,,no_catalog_period
348337167,0.8643706382027255,0.1921526649230062,576.2186023765057,17.0,False,KNOWN_OTHER_TYPE,False,True,Gaia DR3 5938497627787925632,VAR,0.0341702,False,True,,,,False,,False,,,False,,,False,,,,,vsx,disagrees(ratio=25.2960)
349453472,0.9117174410313378,0.0235354845084585,338.96536647046605,24.0,False,KNOWN_OTHER_TYPE,False,False,,,,True,True,J040641.46+322225.1,L,--,False,,False,,,False,,,False,,,,,,no_catalog_period
356500024,34.26360365946508,0.1960182857388698,143.239276215993,3.0,False,NOVEL,False,False,,,,False,True,,,,False,,False,,,False,,,False,,,,,,no_catalog_period
365998904,1.2493575875979597,0.023984161764587,375.00703950353017,22.0,False,NOVEL,False,False,,,,False,True,,,,False,,False,,,False,,,False,,,,,,no_catalog_period
369395377,2.430864241911104,0.0166119555851038,157.81406629977923,7.0,False,NOVEL,False,False,,,,False,True,,,,False,,False,,,False,,,False,,,,,,no_catalog_period
371605670,2.6285424807291244,0.026700030252985,163.4186982112155,19.0,False,NOVEL,False,False,,,,False,True,,,,False,,False,,,False,,,False,,,,,,no_catalog_period
376808346,0.7710597454831566,0.0022317172685963,73.60699060573485,64.0,False,NOVEL,False,False,,,,False,True,,,,False,,False,,,False,,,False,,,,,,no_catalog_period
378070153,1.8694705810796843,0.0309127854904923,325.94690023752247,74.0,False,NOVEL,False,False,,,,False,True,,,,False,,False,,,False,,,False,,,,,,no_catalog_period
383287412,21.74344091190656,0.1711521545599789,924.0715714444258,3.0,True,NOVEL,False,False,,,,False,True,,,,False,,False,,,False,,,False,,,,,,no_catalog_period
383801019,2.48990040198025,0.0116112364113856,115.70117006970904,28.0,False,NOVEL,False,False,,,,False,True,,,,False,,False,,,False,,,False,,,,,,no_catalog_period
386205667,1.4547582105247114,0.0133237891918476,42.44030319896291,16.0,False,NOVEL,False,False,,,,False,True,,,,False,,False,,,False,,,False,,,,,,no_catalog_period
3933500,10.91637036738487,0.0531464255388583,49.62503292818191,3.0,False,NOVEL,False,False,,,,False,True,,,,False,,False,,,False,,,False,,,,,,no_catalog_period
398475596,14.005159116599415,0.0370270976302257,23.402260150848058,3.0,True,NOVEL,False,False,,,,False,True,,,,False,,False,,,False,,,False,,,,,,no_catalog_period
403676355,2.641200838548084,0.0903301922335358,160.0868158456103,10.0,False,NOVEL,False,False,,,,False,True,,,,False,,False,,,False,,,False,,,,,,no_catalog_period
421567487,3.6047913633031774,0.0246895636744611,108.17383631114777,7.0,False,NOVEL,False,False,,,,False,True,,,,False,,False,,,False,,,False,,,,,,no_catalog_period
425071197,33.926200320852665,0.0065513554337724,58.74786293487179,3.0,False,NOVEL,False,False,,,,False,True,,,,False,,False,,,False,,,False,,,,,,no_catalog_period
435411138,1.868496733591966,0.0086485158442018,99.57844399745872,13.0,False,NOVEL,False,False,,,,False,True,,,,False,,False,,,False,,,False,,,,,,no_catalog_period
43796360,10.17112462645766,0.0006396872431256,12.787900547937785,3.0,False,NOVEL,False,False,,,,False,True,,,,False,,False,,,False,,,False,,,,,,no_catalog_period
449836001,3.24816419967992,0.0078195381122442,57.25488887354913,7.0,False,NOVEL,False,False,,,,False,True,,,,False,,False,,,False,,,False,,,,,,no_catalog_period
451039310,1.6277022062028532,0.0100423312515383,59.03527071793852,29.0,False,KNOWN_OTHER_TYPE,False,True,Gaia DR3 5339696792049339136,DSCT|GDOR|SXPHE,0.0261561,False,True,,,,False,,True,DSCT|GDOR|SXPHE,0.296815,False,,,False,,,,,vsx,disagrees(ratio=62.2303)
453947226,3.9905205256448286,0.0125768987532941,23.59588787134781,6.0,False,KNOWN_OTHER_TYPE,False,True,Gaia DR3 5245295541161891840,DSCT|GDOR|SXPHE,,False,True,,,,False,,True,DSCT|GDOR|SXPHE,0.8022365,False,,,False,,,,,,no_catalog_period
457855575,1.160076027788903,0.0340871289339503,211.40048036994096,19.0,False,NOVEL,False,False,,,,False,True,,,,False,,False,,,False,,,False,,,,,,no_catalog_period
458340700,3.509284725412064,0.0511139571585478,74.55128805958493,8.0,False,NOVEL,False,False,,,,False,True,,,,False,,False,,,False,,,False,,,,,,no_catalog_period
462781859,0.785005223391878,0.0145088427546195,230.37363749369177,60.0,False,NOVEL,False,False,,,,False,True,,,,False,,False,,,False,,,False,,,,,,no_catalog_period
464366281,0.813199949881453,0.0293050152228156,60.24358410328973,57.0,False,NOVEL,False,False,,,,False,True,,,,False,,False,,,False,,,False,,,,,,no_catalog_period
465390333,14.062318742275014,0.0693431654123152,139.9070202900882,3.0,True,NOVEL,False,False,,,,False,True,,,,False,,False,,,False,,,False,,,,,,no_catalog_period
467851810,2.1851872491231936,0.0079137188695589,111.7221662782529,23.0,False,NOVEL,False,False,,,,False,True,,,,False,,False,,,False,,,False,,,,,,no_catalog_period
468888299,5.839751580079744,0.0370585695800195,37.524810942325054,4.0,False,NOVEL,False,False,,,,False,True,,,,False,,False,,,False,,,False,,,,,,no_catalog_period
46896701,2.591558972696179,0.193152995148222,2496.6845906388726,10.0,False,NOVEL,False,False,,,,False,True,,,,False,,False,,,False,,,False,,,,,,no_catalog_period
516402299,1.270436060545716,0.0053143582546946,26.704826743258693,18.0,False,NOVEL,False,False,,,,False,True,,,,False,,False,,,False,,,False,,,,,,no_catalog_period
54280159,7.552494349506187,0.0435301339144888,98.40691577284436,3.0,False,NOVEL,False,False,,,,False,True,,,,False,,False,,,False,,,False,,,,,,no_catalog_period
57135731,4.080101471632431,0.0016712133146214,167.58063215829145,6.0,False,NOVEL,False,False,,,,False,True,,,,False,,False,,,False,,,False,,,,,,no_catalog_period
73928199,4.001768959899281,0.0289270539068796,57.29797525650623,4.0,False,NOVEL,False,False,,,,False,True,,,,False,,False,,,False,,,False,,,,,,no_catalog_period
80996206,1.2146890404759534,0.0102475614189907,52.922588875990456,35.0,False,NOVEL,False,False,,,,False,True,,,,False,,False,,,False,,,False,,,,,,no_catalog_period
83759084,3.668298362556557,0.0852180525745846,90.5127965740608,6.0,False,KNOWN_OTHER_TYPE,False,True,Gaia DR3 6271328009431363072,RS,,False,True,,,,False,,True,RS,0.19463354,False,,,False,,,,,,no_catalog_period
87168144,1.1734159418340429,0.0163354906901946,79.81569642788718,21.0,False,NOVEL,False,False,,,,False,True,,,,False,,False,,,False,,,False,,,,,,no_catalog_period
87926353,0.978475574230071,0.0240373696492477,76.26855905800903,189.0,False,NOVEL,False,False,,,,False,True,,,,False,,False,,,False,,,False,,,,,,no_catalog_period
90463599,1.2781788443689726,0.0352565292837875,298.95958502769344,160.0,False,KNOWN_OTHER_TYPE,False,True,Gaia DR3 2059047144645819520,ROT,,False,True,,,,False,,True,SOLAR_LIKE,0.34017247,False,,,False,,,,,,no_catalog_period
96982201,0.9445068374756564,0.0085451420899806,76.72413159692469,44.0,False,NOVEL,False,False,,,,False,True,,,,False,,False,,,False,,,False,,,,,,no_catalog_period
152404913,0.9866410557739074,0.0026575352461251,14.41845802092007,43.0,False,NOVEL,False,False,,,,False,True,,,,False,,False,,,False,,,False,,,,,,no_catalog_period
153727748,0.7274854237787647,0.0366987795364195,177.245748886038,56.0,False,KNOWN_OTHER_TYPE,False,True,Gaia DR3 5697171111961877760,ROT,,False,True,,,,False,,True,SOLAR_LIKE,0.6109754,False,,,False,,,,,,no_catalog_period
173381003,14.365732234670734,0.0191577456774523,80.07284235473227,4.0,False,NOVEL,False,False,,,,False,True,,,,False,,False,,,False,,,False,,,,,,no_catalog_period
178331790,1.8201616943799543,0.0219234784852023,66.4741699490644,14.0,False,NOVEL,False,False,,,,False,True,,,,False,,False,,,False,,,False,,,,,,no_catalog_period
186430453,9.557366747952786,0.2746930455740624,74.31294623739961,3.0,False,NOVEL,False,False,,,,False,True,,,,False,,False,,,False,,,False,,,,,,no_catalog_period
221066239,1.075415267209821,0.0691681722437257,820.1459296827378,23.0,False,KNOWN_OTHER_TYPE,False,True,Gaia DR3 5928160741008989824,ROT,,False,True,,,,False,,True,SOLAR_LIKE,0.59266555,False,,,False,,,,,,no_catalog_period
233662516,5.585155517297195,0.0276822902425247,54.47861740822915,5.0,False,NOVEL,False,False,,,,False,True,,,,False,,False,,,False,,,False,,,,,,no_catalog_period
246552692,1.954839094090856,0.0289755499304881,350.4548824645254,13.0,False,NOVEL,False,False,,,,False,True,,,,False,,False,,,False,,,False,,,,,,no_catalog_period
259073145,2.516181667598921,0.0098511284238682,37.350994890636926,8.0,False,NOVEL,False,False,,,,False,True,,,,False,,False,,,False,,,False,,,,,,no_catalog_period
300359095,8.112001786341326,0.1283461227066501,1961.023637573556,3.0,False,NOVEL,False,False,,,,False,True,,,,False,,False,,,False,,,False,,,,,,no_catalog_period
308498714,0.6770407148325107,0.0146763722312752,38.58592895997756,28.0,False,NOVEL,False,False,,,,False,True,,,,False,,False,,,False,,,False,,,,,,no_catalog_period
317639628,5.629618717619599,0.0367415821336391,115.98429727484302,8.0,False,NOVEL,False,False,,,,False,True,,,,False,,False,,,False,,,False,,,,,,no_catalog_period
378112774,2.435109665721203,0.0450247420616119,85.94611814218366,11.0,False,NOVEL,False,False,,,,False,True,,,,False,,False,,,False,,,False,,,,,,no_catalog_period
378232913,1.4425587052941695,0.0020881862769999,51.086089861671375,35.0,False,NOVEL,False,False,,,,False,True,,,,False,,False,,,False,,,False,,,,,,no_catalog_period
405181219,5.549281725667371,0.0584414885903894,195.41952126489,4.0,False,KNOWN_OTHER_TYPE,False,True,ASASSN-V J120414.58-443001.8,ROT,10.986,False,True,,,,False,,True,RS,0.40666884,False,,,False,,,,,vsx,disagrees(ratio=0.5051)
418883686,9.407641173642922,0.1262806480902242,96.03644032347673,5.0,False,NOVEL,False,False,,,,False,True,,,,False,,False,,,False,,,False,,,,,,no_catalog_period
446737326,2.8918888574400787,0.0075432015536124,25.79804966502478,13.0,False,NOVEL,False,False,,,,False,True,,,,False,,False,,,False,,,False,,,,,,no_catalog_period
45663447,0.7731183973957789,0.0315511131414779,59.569498857362895,22.0,False,NOVEL,False,False,,,,False,True,,,,False,,False,,,False,,,False,,,,,,no_catalog_period
467847068,2.2447413620975625,0.0085727817866398,93.31019154898686,21.0,False,NOVEL,False,False,,,,False,True,,,,False,,False,,,False,,,False,,,,,,no_catalog_period
468353260,11.741224131957171,0.2168915619873067,127.27308475623568,7.0,False,NOVEL,False,False,,,,False,True,,,,False,,False,,,False,,,False,,,,,,no_catalog_period
469136093,2.4041191246247178,0.049087703771265,90.01024896658535,19.0,False,NOVEL,False,False,,,,False,True,,,,False,,False,,,False,,,False,,,,,,no_catalog_period
469444192,0.808272710620047,0.0141542012736508,127.108460240202,31.0,False,NOVEL,False,False,,,,False,True,,,,False,,False,,,False,,,False,,,,,,no_catalog_period
65504442,0.7319777043041997,0.0194155427516741,148.7657684317472,34.0,False,NOVEL,False,False,,,,False,True,,,,False,,False,,,False,,,False,,,,,,no_catalog_period
117150608,1.4973540369937886,0.0765227744284646,68.5776362248387,18.0,False,NOVEL,False,False,,,,False,True,,,,False,,False,,,False,,,False,,,,,,no_catalog_period
138384167,0.9609190380094252,0.0026656176846219,432.1637355097295,97.0,False,KNOWN_OTHER_TYPE,False,True,Gaia DR3 5405047433856798336,ACV|roAm|roAp|SXARI,,False,True,,,,False,,True,ACV|CP|MCP|ROAM|ROAP|SXARI,0.44792977,False,,,False,,,,,,no_catalog_period
146159655,10.655715473119775,0.0021050881175802,14.491025558035338,3.0,False,NOVEL,False,False,,,,False,True,,,,False,,False,,,False,,,False,,,,,,no_catalog_period
146617448,4.907689942383161,0.0130855657199238,146.92656921126058,8.0,False,NOVEL,False,False,,,,False,True,,,,False,,False,,,False,,,False,,,,,,no_catalog_period
154168756,2.571069166839897,0.0185293480248782,93.4628395614131,14.0,False,NOVEL,False,False,,,,False,True,,,,False,,False,,,False,,,False,,,,,,no_catalog_period
154818955,12.844658945265545,0.0391748139361311,60.01773883047935,4.0,True,NOVEL,False,False,,,,False,True,,,,False,,False,,,False,,,False,,,,,,no_catalog_period
162918014,4.551011860153593,0.0206715201576001,78.4033254281419,6.0,False,NOVEL,False,False,,,,False,True,,,,False,,False,,,False,,,False,,,,,,no_catalog_period
170084761,1.6123581042788182,0.0071046178945446,27.5288260161537,14.0,False,NOVEL,False,False,,,,False,True,,,,False,,False,,,False,,,False,,,,,,no_catalog_period
172779889,3.8507549829001366,0.0174937323269185,91.47024216857574,11.0,False,NOVEL,False,False,,,,False,True,,,,False,,False,,,False,,,False,,,,,,no_catalog_period
176245581,2.926207736351486,0.0049730926550276,16.56350806086495,8.0,False,NOVEL,False,False,,,,False,True,,,,False,,False,,,False,,,False,,,,,,no_catalog_period
193558729,0.7969239238302226,0.0150344869136867,491.28178172331377,53.0,False,NOVEL,False,False,,,,False,True,,,,False,,False,,,False,,,False,,,,,,no_catalog_period
207760490,1.7446797705456063,0.0110730026214407,49.67630095560904,13.0,False,NOVEL,False,False,,,,False,True,,,,False,,False,,,False,,,False,,,,,,no_catalog_period
217024538,2.668984937988,0.0350348251222295,241.45432323224205,10.0,False,NOVEL,False,False,,,,False,True,,,,False,,False,,,False,,,False,,,,,,no_catalog_period
222608562,1.197063924116345,0.035630449905574,79.21250841228027,44.0,False,NOVEL,False,False,,,,False,True,,,,False,,False,,,False,,,False,,,,,,no_catalog_period
230267345,27.278991797127446,0.3241587195870666,252.4203906186632,3.0,False,NOVEL,False,False,,,,False,True,,,,False,,False,,,False,,,False,,,,,,no_catalog_period
250598318,6.83507335375776,0.196856678718492,200.51372718961008,4.0,False,NOVEL,False,False,,,,False,True,,,,False,,False,,,False,,,False,,,,,,no_catalog_period
251896439,1.244273861300581,0.0235320466705152,130.66204913522245,111.0,False,NOVEL,False,False,,,,False,True,,,,False,,False,,,False,,,False,,,,,,no_catalog_period
256521802,2.1390257387884435,0.1607462318807278,206.71374727793648,36.0,False,NOVEL,False,False,,,,False,True,,,,False,,False,,,False,,,False,,,,,,no_catalog_period
261575656,0.8750780952029387,0.0196109926097188,42.25610209635816,54.0,False,NOVEL,False,False,,,,False,True,,,,False,,False,,,False,,,False,,,,,,no_catalog_period
262755917,3.1934318852085304,0.0388604506527195,72.43569030407755,8.0,False,NOVEL,False,False,,,,False,True,,,,False,,False,,,False,,,False,,,,,,no_catalog_period
29445056,2.309169768685567,0.0475636060065345,128.93167068096776,30.0,False,NOVEL,False,False,,,,False,True,,,,False,,False,,,False,,,False,,,,,,no_catalog_period
294659582,0.7348856817205882,0.0034624293241613,25.79982427285678,40.0,False,NOVEL,False,False,,,,False,True,,,,False,,False,,,False,,,False,,,,,,no_catalog_period
295373509,5.42187167334061,0.0802592717574074,246.8174049814097,6.0,False,NOVEL,False,False,,,,False,True,,,,False,,False,,,False,,,False,,,,,,no_catalog_period
296483158,1.4948528795851803,0.0125790374592413,185.33389818119045,16.0,False,NOVEL,False,False,,,,False,True,,,,False,,False,,,False,,,False,,,,,,no_catalog_period
298242897,10.416636707835265,0.0012267483338372,23.086310805916312,3.0,False,NOVEL,False,False,,,,False,True,,,,False,,False,,,False,,,False,,,,,,no_catalog_period
308629571,2.870889280709937,0.0339146111555269,142.2475439686495,8.0,False,NOVEL,False,False,,,,False,True,,,,False,,False,,,False,,,False,,,,,,no_catalog_period
311025334,2.0337351141892905,0.0017737649977794,17.633833004496974,43.0,False,NOVEL,False,False,,,,False,True,,,,False,,False,,,False,,,False,,,,,,no_catalog_period
313372676,2.7264922976833685,0.0160605135198477,52.46792392295549,9.0,False,NOVEL,False,False,,,,False,True,,,,False,,False,,,False,,,False,,,,,,no_catalog_period
318850005,2.4873826561550683,0.1447463382215527,696.925954827272,55.0,False,NOVEL,False,False,,,,False,True,,,,False,,False,,,False,,,False,,,,,,no_catalog_period
322079215,2.1061379249858563,0.0113917350509815,72.84054850875228,26.0,False,NOVEL,False,False,,,,False,True,,,,False,,False,,,False,,,False,,,,,,no_catalog_period
329787152,3.9527725836812855,0.0049506024938806,23.2436909521826,7.0,False,NOVEL,False,False,,,,False,True,,,,False,,False,,,False,,,False,,,,,,no_catalog_period
331043325,17.267249878353592,0.0297345196863163,65.21842265352086,10.0,False,NOVEL,False,False,,,,False,True,,,,False,,False,,,False,,,False,,,,,,no_catalog_period
338106162,0.7264807816764804,0.0309513634680069,114.22548852859563,33.0,False,NOVEL,False,False,,,,False,True,,,,False,,False,,,False,,,False,,,,,,no_catalog_period
33973845,0.9680628581312926,0.049212642375744,180.3357123632841,180.0,False,NOVEL,False,False,,,,False,True,,,,False,,False,,,False,,,False,,,,,,no_catalog_period
348884775,6.73163073924306,0.1475115431689847,111.31355076481832,3.0,False,NOVEL,False,False,,,,False,True,,,,False,,False,,,False,,,False,,,,,,no_catalog_period
358411347,29.84736465275586,0.2016393326824896,25.73467889007042,3.0,False,NOVEL,False,False,,,,False,True,,,,False,,False,,,False,,,False,,,,,,no_catalog_period
369341817,1.0919797697093605,0.0257308473640863,421.5605072252927,24.0,False,NOVEL,False,False,,,,False,True,,,,False,,False,,,False,,,False,,,,,,no_catalog_period
374158907,14.656290352177676,0.0497398369862315,178.62095409326457,4.0,False,NOVEL,False,False,,,,False,True,,,,False,,False,,,False,,,False,,,,,,no_catalog_period
379012394,4.739841104655057,0.0187981330337571,203.4270717442174,9.0,False,NOVEL,False,False,,,,False,True,,,,False,,False,,,False,,,False,,,,,,no_catalog_period
382059023,1.1626729291757023,0.0177221388377934,72.3609152310482,41.0,False,NOVEL,False,False,,,,False,True,,,,False,,False,,,False,,,False,,,,,,no_catalog_period
386539709,1.901823505275696,0.0151867315362485,95.08845732272547,10.0,False,NOVEL,False,False,,,,False,True,,,,False,,False,,,False,,,False,,,,,,no_catalog_period
394600714,1.3967315041593538,0.0124416553825222,54.48708879762083,34.0,False,NOVEL,False,False,,,,False,True,,,,False,,False,,,False,,,False,,,,,,no_catalog_period
399788046,0.7067256110682727,0.0021029294825227,145.82442813739976,439.0,False,NOVEL,False,False,,,,False,True,,,,False,,False,,,False,,,False,,,,,,no_catalog_period
411457490,2.4323523376532443,0.0553127154389459,431.2242737028826,12.0,False,NOVEL,False,False,,,,False,True,,,,False,,False,,,False,,,False,,,,,,no_catalog_period
411553811,7.000609920743285,0.0176410210346135,80.92681011472897,8.0,False,NOVEL,False,False,,,,False,True,,,,False,,False,,,False,,,False,,,,,,no_catalog_period
421580853,1.110034235924102,0.0441018324988918,541.5145469531594,22.0,False,NOVEL,False,False,,,,False,True,,,,False,,False,,,False,,,False,,,,,,no_catalog_period
427344176,5.280325839943536,0.0015391110002812,26.49857365475564,22.0,False,NOVEL,False,False,,,,False,True,,,,False,,False,,,False,,,False,,,,,,no_catalog_period
435411143,0.9332376718077976,0.0048394335991287,38.66067192201138,26.0,False,NOVEL,False,False,,,,False,True,,,,False,,False,,,False,,,False,,,,,,no_catalog_period
437171483,1.4735136951378769,0.0494718958371457,922.830837410917,30.0,False,NOVEL,False,False,,,,False,True,,,,False,,False,,,False,,,False,,,,,,no_catalog_period
43795649,0.9080433402608816,0.0008222090208551,20.273145721277626,30.0,False,NOVEL,False,False,,,,False,True,,,,False,,False,,,False,,,False,,,,,,no_catalog_period
442691390,2.8695471965596244,0.0380016039774175,100.7690158124919,6.0,False,NOVEL,False,False,,,,False,True,,,,False,,False,,,False,,,False,,,,,,no_catalog_period
444478675,1.681971136467182,0.0316870454220919,768.8333466777018,15.0,False,KNOWN_OTHER_TYPE,False,True,ASASSN-V J175026.76-331404.5,SR,162.0,False,True,,,,False,,False,,,False,,,False,,,,,vsx,disagrees(ratio=0.0104)
446502638,1.1079572971866851,0.002309848927742,12.46710893532115,16.0,False,NOVEL,False,False,,,,False,True,,,,False,,False,,,False,,,False,,,,,,no_catalog_period
450458029,0.7670365971331629,0.0057802551739124,62.10635651929211,29.0,False,NOVEL,False,False,,,,False,True,,,,False,,False,,,False,,,False,,,,,,no_catalog_period
451543198,3.570371867316861,0.0555490815983847,74.51435987027023,14.0,False,KNOWN_OTHER_TYPE,False,True,Gaia DR3 5336756423075718528,DSCT|GDOR|SXPHE,,False,True,,,,False,,True,DSCT|GDOR|SXPHE,0.6346921,False,,,False,,,,,,no_catalog_period
457550536,0.777824608004996,0.0370142558525342,80.31136402331083,26.0,False,NOVEL,False,False,,,,False,True,,,,False,,False,,,False,,,False,,,,,,no_catalog_period
457631456,0.9995780340937231,0.018350426449804,43.66828670316747,26.0,False,NOVEL,False,False,,,,False,True,,,,False,,False,,,False,,,False,,,,,,no_catalog_period
457804419,7.123049574065749,0.010966062802687,45.2906176100134,4.0,False,NOVEL,False,False,,,,False,True,,,,False,,False,,,False,,,False,,,,,,no_catalog_period
458342304,4.6888609873360085,0.0119339754578714,27.474199269297053,4.0,False,NOVEL,False,False,,,,False,True,,,,False,,False,,,False,,,False,,,,,,no_catalog_period
459439463,4.931568512273567,0.0096745728864433,37.07374163023094,5.0,False,NOVEL,False,False,,,,False,True,,,,False,,False,,,False,,,False,,,,,,no_catalog_period
465392301,1.0152373256982603,0.0091082642195962,125.3512694723361,48.0,False,NOVEL,False,False,,,,False,True,,,,False,,False,,,False,,,False,,,,,,no_catalog_period
466504538,3.628621875922687,0.0778248128223836,214.35339811945428,12.0,False,NOVEL,False,False,,,,False,True,,,,False,,False,,,False,,,False,,,,,,no_catalog_period
467216111,27.24907461910109,0.0002438336288434,11.360993432455434,9.0,False,NOVEL,False,False,,,,False,True,,,,False,,False,,,False,,,False,,,,,,no_catalog_period
512887979,1.3309964949165485,0.011366799792478,122.57830646734524,19.0,False,NOVEL,False,False,,,,False,True,,,,False,,False,,,False,,,False,,,,,,no_catalog_period
51894332,2.1677168537262883,0.0339150207167714,96.8131433962675,19.0,False,NOVEL,False,False,,,,False,True,,,,False,,False,,,False,,,False,,,,,,no_catalog_period
63206894,1.8158914091851264,0.0001432277278743,23.229219517727525,55.0,False,NOVEL,False,False,,,,False,True,,,,False,,False,,,False,,,False,,,,,,no_catalog_period
64256419,2.167006574876605,0.0462971011177412,134.19681327117678,10.0,False,NOVEL,False,False,,,,False,True,,,,False,,False,,,False,,,False,,,,,,no_catalog_period
64728461,3.793816869480004,0.0307897481602619,47.0185859998804,6.0,False,NOVEL,False,False,,,,False,True,,,,False,,False,,,False,,,False,,,,,,no_catalog_period
70366294,1.085387030828482,0.0376022186185479,137.797147175784,197.0,False,NOVEL,False,False,,,,False,True,,,,False,,False,,,False,,,False,,,,,,no_catalog_period
70762350,3.7910850223245527,0.071472099803254,66.17481245441121,7.0,False,NOVEL,False,False,,,,False,True,,,,False,,False,,,False,,,False,,,,,,no_catalog_period
72388084,0.964881293571148,0.0132793859381486,59.66475254713736,187.0,False,NOVEL,False,False,,,,False,True,,,,False,,False,,,False,,,False,,,,,,no_catalog_period
73994520,0.7898044753567087,0.0099987584835952,116.338010321347,17.0,False,NOVEL,False,False,,,,False,True,,,,False,,False,,,False,,,False,,,,,,no_catalog_period
810681765,5.945139970992995,0.0603346766920732,136.4103584367195,7.0,False,NOVEL,False,False,,,,False,True,,,,False,,False,,,False,,,False,,,,,,no_catalog_period
90456042,3.678447472080482,0.0047839539441225,70.04676686469794,11.0,False,NOVEL,False,False,,,,False,True,,,,False,,False,,,False,,,False,,,,,,no_catalog_period
100129572,13.309447238932682,0.2892422595605021,502.5397784300758,4.0,False,NOVEL,False,False,,,,False,True,,,,False,,False,,,False,,,False,,,,,,no_catalog_period
111365249,2.133165827703776,0.1426779222710294,377.5999361390265,48.0,False,NOVEL,False,False,,,,False,True,,,,False,,False,,,False,,,False,,,,,,no_catalog_period
118307212,6.390616169778137,0.1563298157536593,615.8566244571542,8.0,False,NOVEL,False,False,,,,False,True,,,,False,,False,,,False,,,False,,,,,,no_catalog_period
123580762,1.0000994740818985,0.0041150873705314,30.81702756435354,20.0,False,NOVEL,False,False,,,,False,True,,,,False,,False,,,False,,,False,,,,,,no_catalog_period
126971563,4.489442915620061,0.1284800093581914,278.29396871921426,5.0,False,NOVEL,False,False,,,,False,True,,,,False,,False,,,False,,,False,,,,,,no_catalog_period
127107006,3.031988899022804,0.0098111600098376,16.498904730454846,7.0,False,NOVEL,False,False,,,,False,True,,,,False,,False,,,False,,,False,,,,,,no_catalog_period
1324191533,7.63018730229835,0.0356479944825628,92.85481668525313,3.0,False,NOVEL,False,False,,,,False,True,,,,False,,False,,,False,,,False,,,,,,no_catalog_period
133688675,2.8524264709579223,0.0195079887811705,71.6828538514573,14.0,False,NOVEL,False,False,,,,False,True,,,,False,,False,,,False,,,False,,,,,,no_catalog_period
139783888,2.9822154661029634,0.0073704059218797,46.57189995888107,8.0,False,NOVEL,False,False,,,,False,True,,,,False,,False,,,False,,,False,,,,,,no_catalog_period
139805341,2.931490939119338,0.0108343547351491,22.572282756087496,4.0,False,NOVEL,False,False,,,,False,True,,,,False,,False,,,False,,,False,,,,,,no_catalog_period
142785734,2.7493398729926866,0.0040075391192507,85.9149986228901,68.0,False,NOVEL,False,False,,,,False,True,,,,False,,False,,,False,,,False,,,,,,no_catalog_period
145599063,13.22863733470855,0.0330236044882858,53.74891797551112,3.0,False,NOVEL,False,False,,,,False,True,,,,False,,False,,,False,,,False,,,,,,no_catalog_period
146628522,2.649979052744812,0.0856052527809092,152.82392277462574,15.0,False,NOVEL,False,False,,,,False,True,,,,False,,False,,,False,,,False,,,,,,no_catalog_period
151718783,2.018799415825682,0.0343592301510297,117.91443188706448,20.0,False,NOVEL,False,False,,,,False,True,,,,False,,False,,,False,,,False,,,,,,no_catalog_period
153332970,4.313912729511634,0.1474476991224978,220.31707608699253,7.0,False,NOVEL,False,False,,,,False,True,,,,False,,False,,,False,,,False,,,,,,no_catalog_period
154229997,1.0112343888594786,0.0253784000704919,89.94130329242564,39.0,False,KNOWN_OTHER_TYPE,False,True,Gaia DR3 5597666099921881216,DSCT|GDOR|SXPHE,,False,True,,,,False,,True,DSCT|GDOR|SXPHE,0.7960331,False,,,False,,,,,,no_catalog_period
158436333,0.6832811160215566,0.0001666355575048,39.15032947588658,62.0,False,NOVEL,False,False,,,,False,True,,,,False,,False,,,False,,,False,,,,,,no_catalog_period
170149900,1.1853195295072274,0.0155222817890708,95.44391290351888,22.0,False,NOVEL,False,False,,,,False,True,,,,False,,False,,,False,,,False,,,,,,no_catalog_period
173814613,0.7738239218571173,0.006875312409044,84.05411416866072,18.0,False,NOVEL,False,False,,,,False,True,,,,False,,False,,,False,,,False,,,,,,no_catalog_period
183479054,6.842035163047055,0.1279138912774172,244.1376926456389,4.0,False,NOVEL,False,False,,,,False,True,,,,False,,False,,,False,,,False,,,,,,no_catalog_period
183532608,8.158598937694084,0.3029159669527961,468.8643307133421,7.0,False,KNOWN_OTHER_TYPE,True,True,WASP-8,EP,8.158715,False,True,,,,False,,True,SOLAR_LIKE,0.07854572,False,,,False,,,,,vsx,agrees_1x
192860401,2.913007961571275,0.0421690858538409,208.98296698737136,20.0,False,NOVEL,False,False,,,,False,True,,,,False,,False,,,False,,,False,,,,,,no_catalog_period
193548084,0.9530432727144372,0.0051710135318989,83.10519074337638,252.0,False,NOVEL,False,False,,,,False,True,,,,False,,False,,,False,,,False,,,,,,no_catalog_period
207812312,2.8304511838046094,0.0429881046990599,163.47377399336924,10.0,False,NOVEL,False,False,,,,False,True,,,,False,,False,,,False,,,False,,,,,,no_catalog_period
218135121,2.453006010989355,0.0169310290073739,46.43360297054812,9.0,False,NOVEL,False,False,,,,False,True,,,,False,,False,,,False,,,False,,,,,,no_catalog_period
220115262,6.364804540215625,0.0183306097002806,51.77801846042067,4.0,False,NOVEL,False,False,,,,False,True,,,,False,,False,,,False,,,False,,,,,,no_catalog_period
22300053,5.70899298691973,0.0447557009020011,62.125250211569416,5.0,False,NOVEL,False,False,,,,False,True,,,,False,,False,,,False,,,False,,,,,,no_catalog_period
224215371,5.49309077514592,0.0143113322652091,52.19420517999145,5.0,False,NOVEL,False,False,,,,False,True,,,,False,,False,,,False,,,False,,,,,,no_catalog_period
230182033,6.225070541104936,0.037816399408867,76.8406772088419,8.0,False,KNOWN_OTHER_TYPE,False,True,Gaia DR3 1760571042400363264,ROT,17.338,False,True,,,,False,,True,SOLAR_LIKE,0.6762519,False,,,False,,,,,vsx,disagrees(ratio=0.3590)
230244165,4.590378008406698,0.0114883938325703,254.59024818964224,6.0,False,NOVEL,False,False,,,,False,True,,,,False,,False,,,False,,,False,,,,,,no_catalog_period
230253564,4.592254266954784,0.042808346407771,871.8196514925163,6.0,False,NOVEL,False,False,,,,False,True,,,,False,,False,,,False,,,False,,,,,,no_catalog_period
235512374,3.744060356550739,0.034100219267513,173.8001738740093,4.0,False,NOVEL,False,False,,,,False,True,,,,False,,False,,,False,,,False,,,,,,no_catalog_period
235517749,4.7139474067721965,0.0218754972367131,169.30922460909488,6.0,False,NOVEL,False,False,,,,False,True,,,,False,,False,,,False,,,False,,,,,,no_catalog_period
239711580,0.6584349899853145,0.0003376736167482,48.27805859412143,104.0,False,NOVEL,False,False,,,,False,True,,,,False,,False,,,False,,,False,,,,,,no_catalog_period
244999763,1.764116102594366,0.0363842908462792,159.79578250033538,13.0,False,NOVEL,False,False,,,,False,True,,,,False,,False,,,False,,,False,,,,,,no_catalog_period
250517377,0.7069195124826514,0.014448046468488,4095.566866565295,65.0,False,KNOWN_OTHER_TYPE,False,True,HIP 29859,VAR,0.35381,True,True,J061715.48-052037.8,VAR,--,False,,False,,,False,,,False,,,,,vsx,agrees_2x
250549396,2.1928961891401686,0.0689506005364732,837.7843574177585,9.0,False,NOVEL,False,False,,,,False,True,,,,False,,False,,,False,,,False,,,,,,no_catalog_period
250568183,4.585884842647417,0.0059647181789347,158.8728992121273,11.0,False,NOVEL,False,False,,,,False,True,,,,False,,False,,,False,,,False,,,,,,no_catalog_period
256541183,2.46970443201544,0.2141788108897006,115.9612411657829,30.0,False,NOVEL,False,False,,,,False,True,,,,False,,False,,,False,,,False,,,,,,no_catalog_period
258243750,0.8636583833279665,0.0179506414191213,334.3948575319725,19.0,False,KNOWN_OTHER_TYPE,False,True,Gaia DR3 1300060491395602944,DSCT|GDOR|SXPHE,,False,True,,,,False,,True,DSCT|GDOR|SXPHE,0.6996253,False,,,False,,,,,,no_catalog_period
260342124,1.6165908936057491,0.0181500636258139,132.92973711744648,14.0,False,NOVEL,False,False,,,,False,True,,,,False,,False,,,False,,,False,,,,,,no_catalog_period
261459141,3.039433370977413,0.074770429846947,191.3425770082468,8.0,False,NOVEL,False,False,,,,False,True,,,,False,,False,,,False,,,False,,,,,,no_catalog_period
264245944,9.26240084520664,0.1202238723983484,188.0610409983588,3.0,False,NOVEL,False,False,,,,False,True,,,,False,,False,,,False,,,False,,,,,,no_catalog_period
264345632,12.052585111190574,0.0033401503425898,287.84161327521053,3.0,True,NOVEL,False,False,,,,False,True,,,,False,,False,,,False,,,False,,,,,,no_catalog_period
267516382,6.8173435922485455,0.0190852479563965,134.67436737428312,8.0,False,NOVEL,False,False,,,,False,True,,,,False,,False,,,False,,,False,,,,,,no_catalog_period
273125583,1.0553265091381752,0.0363619621721216,325.40126032720406,22.0,False,KNOWN_OTHER_TYPE,False,True,Gaia DR3 5368373945064008192,VAR,0.0185482,False,True,,,,False,,False,,,False,,,False,,,,,vsx,disagrees(ratio=56.8964)
278199349,9.471687050561211,0.0022990945435846,32.16834379398599,13.0,False,KNOWN_TOI,False,False,,,,False,True,,,,False,,False,,,False,,,True,922.01,PC,FP,9.46516,toi,agrees_1x
29418536,3.2571879105739208,0.0045264758821555,18.279940800744978,8.0,False,KNOWN_TOI,True,False,,,,False,True,,,,False,,False,,,False,,,True,2932.01,PC,PC,3.2569118,toi,agrees_1x
297089673,1.094485995647827,0.008370685347066,36.4761472466196,22.0,False,NOVEL,False,False,,,,False,True,,,,False,,False,,,False,,,False,,,,,,no_catalog_period
299182924,1.0366049530101298,0.0258862659190663,306.00945702767353,24.0,False,NOVEL,False,False,,,,False,True,,,,False,,False,,,False,,,False,,,,,,no_catalog_period
304790516,0.9103341159250372,0.0151838175635161,30.24684300478168,26.0,False,NOVEL,False,False,,,,False,True,,,,False,,False,,,False,,,False,,,,,,no_catalog_period
307299562,5.722737719582767,0.0561136122813135,57.89945573867173,3.0,False,NOVEL,False,False,,,,False,True,,,,False,,False,,,False,,,False,,,,,,no_catalog_period
309141465,5.316663871640427,0.02326625693146,96.20200491468572,9.0,False,NOVEL,False,False,,,,False,True,,,,False,,False,,,False,,,False,,,,,,no_catalog_period
309622406,35.36177465990205,0.051892611704658,227.49197276293884,3.0,True,NOVEL,False,False,,,,False,True,,,,False,,False,,,False,,,False,,,,,,no_catalog_period
313659902,0.899123269523998,0.0104998870459471,109.52940436409176,28.0,False,NOVEL,False,False,,,,False,True,,,,False,,False,,,False,,,False,,,,,,no_catalog_period
315531484,2.0267060633383323,0.001458083150234,14.49604284313756,13.0,False,NOVEL,False,False,,,,False,True,,,,False,,False,,,False,,,False,,,,,,no_catalog_period
326169163,7.790194786571147,0.0106354642448603,60.900871890384536,3.0,True,NOVEL,False,False,,,,False,True,,,,False,,False,,,False,,,False,,,,,,no_catalog_period
326172757,2.5328473974391947,0.0319980483863855,121.40693707346068,9.0,False,NOVEL,False,False,,,,False,True,,,,False,,False,,,False,,,False,,,,,,no_catalog_period
326225355,15.291302611570758,0.0776166335611695,1242.8458206026323,4.0,False,NOVEL,False,False,,,,False,True,,,,False,,False,,,False,,,False,,,,,,no_catalog_period
329718159,2.0460590580738587,0.1119418327859632,184.3176219935618,13.0,False,NOVEL,False,False,,,,False,True,,,,False,,False,,,False,,,False,,,,,,no_catalog_period
330774804,0.8835480753849678,0.0010808227781482,77.69088705339286,86.0,False,NOVEL,False,False,,,,False,True,,,,False,,False,,,False,,,False,,,,,,no_catalog_period
330791148,3.429837925629089,0.0073221118093783,21.724148754816884,8.0,False,KNOWN_OTHER_TYPE,False,True,Gaia DR3 6091425882542641536,YSO,,False,True,,,,False,,True,YSO,0.09471251,False,,,False,,,,,,no_catalog_period
331084390,0.9280173851228632,0.0790205934742544,56.84759830312089,82.0,False,NOVEL,False,False,,,,False,True,,,,False,,False,,,False,,,False,,,,,,no_catalog_period
333696426,5.081474257965129,0.0115125519507285,124.49164176754758,6.0,False,NOVEL,False,False,,,,False,True,,,,False,,False,,,False,,,False,,,,,,no_catalog_period
33945481,1.0660955337880775,0.1194534493264148,564.4160759814092,22.0,False,NOVEL,False,False,,,,False,True,,,,False,,False,,,False,,,False,,,,,,no_catalog_period
341077131,2.5416165880281687,0.0055328368235953,62.939095627390486,10.0,False,NOVEL,False,False,,,,False,True,,,,False,,False,,,False,,,False,,,,,,no_catalog_period
341126060,1.4473104855166836,0.0319333782905147,550.066454134944,137.0,False,NOVEL,False,False,,,,False,True,,,,False,,False,,,False,,,False,,,,,,no_catalog_period
342232987,1.4019791492734857,0.0183901059573072,148.25799247968445,133.0,False,NOVEL,False,False,,,,False,True,,,,False,,False,,,False,,,False,,,,,,no_catalog_period
342314656,39.62569057701242,0.0012207813182207,16.50379931853499,5.0,False,KNOWN_TOI,True,False,,,,False,True,,,,False,,False,,,False,,,True,4404.01,PC,PC,39.62519255204484,toi,agrees_1x
349725115,16.2203202005104,0.1686651772644185,177.10765736737392,4.0,False,NOVEL,False,False,,,,False,True,,,,False,,False,,,False,,,False,,,,,,no_catalog_period
360003037,14.725959997534796,0.1136955760296814,180.46868472472343,3.0,False,NOVEL,False,False,,,,False,True,,,,False,,False,,,False,,,False,,,,,,no_catalog_period
366725821,0.6677117270400738,0.0922622411966673,111.41499205918196,273.0,False,NOVEL,False,False,,,,False,True,,,,False,,False,,,False,,,False,,,,,,no_catalog_period
367154070,1.825380975509165,0.0330524490354047,178.7150084743951,65.0,False,NOVEL,False,False,,,,False,True,,,,False,,False,,,False,,,False,,,,,,no_catalog_period
370553309,11.540027868452151,0.0262062863846356,355.36004492683264,5.0,False,NOVEL,False,False,,,,False,True,,,,False,,False,,,False,,,False,,,,,,no_catalog_period
372966655,10.690954379448105,0.0436025909806075,43.915022147384846,3.0,False,KNOWN_OTHER_TYPE,False,True,Gaia DR3 5245423118873211776,RS,,False,True,,,,False,,True,RS,0.4042909,False,,,False,,,,,,no_catalog_period
374689514,2.321472776636812,0.0021630957564618,31.96235666295928,21.0,False,KNOWN_OTHER_TYPE,False,True,Gaia DR3 5256688405789523712,RS,,False,True,,,,False,,True,RS,0.64940816,False,,,False,,,,,,no_catalog_period
383296680,21.534276034187283,0.103814365849316,628.877349504083,4.0,False,NOVEL,False,False,,,,False,True,,,,False,,False,,,False,,,False,,,,,,no_catalog_period
383306124,17.806016464333464,0.0806181937768074,183.1903231009044,5.0,False,NOVEL,False,False,,,,False,True,,,,False,,False,,,False,,,False,,,,,,no_catalog_period
383318780,9.538078214721752,0.2357026215012152,82.33810647306974,3.0,False,KNOWN_OTHER_TYPE,False,True,ZTF J181254.86-062440.4,SR,144.4381775,False,True,,,,False,,False,,,False,,,False,,,,,vsx,disagrees(ratio=0.0660)
387858879,6.108346551571646,0.1082416830857494,399.63651321889085,30.0,False,NOVEL,False,False,,,,False,True,,,,False,,False,,,False,,,False,,,,,,no_catalog_period
394441318,0.7160931417260584,0.0099477600183337,183.13792749358385,96.0,False,KNOWN_OTHER_TYPE,False,True,Gaia DR3 5840210114358854144,ROT,,False,True,,,,False,,True,SOLAR_LIKE,0.10300098,False,,,False,,,,,,no_catalog_period
398397960,3.722487167890119,0.0421969913487275,116.77858675005156,13.0,False,NOVEL,False,False,,,,False,True,,,,False,,False,,,False,,,False,,,,,,no_catalog_period
411471665,0.6949976487772026,0.1368263266563741,133.5194985235196,76.0,False,KNOWN_OTHER_TYPE,False,True,ASAS J235523+1356.3,RRAB,0.6956696,True,True,J235522.90+135619.1,RRAB,0.69566,False,,True,RR,0.93346477,False,,,False,,,,,vsx,agrees_1x
411495979,14.963475665057882,0.0006174737383145,11.51984372074583,6.0,False,NOVEL,False,False,,,,False,True,,,,False,,False,,,False,,,False,,,,,,no_catalog_period
419744983,7.0044519051284295,0.0198014115188272,26.97850782024229,8.0,False,NOVEL,False,False,,,,False,True,,,,False,,False,,,False,,,False,,,,,,no_catalog_period
42143884,11.563596007988346,0.0119459887891133,28.60985724158289,3.0,False,NOVEL,False,False,,,,False,True,,,,False,,False,,,False,,,False,,,,,,no_catalog_period
423202567,1.1525846205149612,0.0040259464151593,17.136726529742923,22.0,False,NOVEL,False,False,,,,False,True,,,,False,,False,,,False,,,False,,,,,,no_catalog_period
425067915,1.7236671911612436,0.0023250676419818,85.64722797311089,166.0,False,NOVEL,False,False,,,,False,True,,,,False,,False,,,False,,,False,,,,,,no_catalog_period
427347849,5.527322832584689,0.0067203753642003,70.1387232878738,4.0,False,KNOWN_OTHER_TYPE,False,True,Gaia DR3 3217663814537584640,RS,,False,True,,,,False,,True,RS,0.45271212,False,,,False,,,,,,no_catalog_period
427348925,0.7796553870751207,0.0264877768597593,424.3288437607741,56.0,False,KNOWN_OTHER_TYPE,False,True,Gaia DR3 3220805325415398528,RS,,False,True,,,,False,,True,RS,0.35845894,False,,,False,,,,,,no_catalog_period
427352243,1.2621507197139104,0.0013792132665995,41.80424522788911,35.0,False,CONTAMINATED,False,False,,,,False,True,,,,False,,False,,,False,,,False,,,,,,no_catalog_period
430314843,1.144288653404174,0.0674361580409785,638.6066684953811,39.0,False,NOVEL,False,False,,,,False,True,,,,False,,False,,,False,,,False,,,,,,no_catalog_period
43330648,14.285582291313856,0.0003118545316607,15.149472654521274,6.0,False,NOVEL,False,False,,,,False,True,,,,False,,False,,,False,,,False,,,,,,no_catalog_period
437226603,1.6927398729215692,0.013809428320191,83.0987164568643,45.0,False,NOVEL,False,False,,,,False,True,,,,False,,False,,,False,,,False,,,,,,no_catalog_period
442703447,12.022794581750064,0.0029618156097423,20.53378953094361,3.0,False,NOVEL,False,False,,,,False,True,,,,False,,False,,,False,,,False,,,,,,no_catalog_period
449823787,6.427463455560626,0.0034247405185493,12.665013775394012,4.0,False,NOVEL,False,False,,,,False,True,,,,False,,False,,,False,,,False,,,,,,no_catalog_period
451022388,2.364395642713065,0.0144207046986912,129.5031104692941,10.0,False,NOVEL,False,False,,,,False,True,,,,False,,False,,,False,,,False,,,,,,no_catalog_period
453692800,1.0782644471705594,0.0108312383879278,156.51075368939917,68.0,False,NOVEL,False,False,,,,False,True,,,,False,,False,,,False,,,False,,,,,,no_catalog_period
453840224,1.6162604697575569,0.0066846384167159,24.3930093623594,14.0,False,NOVEL,False,False,,,,False,True,,,,False,,False,,,False,,,False,,,,,,no_catalog_period
457534991,0.7249821125280497,0.0403069507947994,98.26375742437617,48.0,False,NOVEL,False,False,,,,False,True,,,,False,,False,,,False,,,False,,,,,,no_catalog_period
457822202,0.9268896890186558,0.0139861842708899,66.69211955613008,23.0,False,NOVEL,False,False,,,,False,True,,,,False,,False,,,False,,,False,,,,,,no_catalog_period
458340637,3.507879364415242,0.0545327181684507,153.0948845945498,8.0,False,NOVEL,False,False,,,,False,True,,,,False,,False,,,False,,,False,,,,,,no_catalog_period
462785412,1.17092087728016,0.0040975921400865,155.23644715918772,41.0,False,NOVEL,False,False,,,,False,True,,,,False,,False,,,False,,,False,,,,,,no_catalog_period
464738698,1.5651187232315484,0.057413920021114,199.1671412196251,16.0,False,NOVEL,False,False,,,,False,True,,,,False,,False,,,False,,,False,,,,,,no_catalog_period
466069938,0.6503237416620311,0.0075445253261451,99.22794473571818,79.0,False,NOVEL,False,False,,,,False,True,,,,False,,False,,,False,,,False,,,,,,no_catalog_period
467847973,0.7824696173601369,0.0310696975574075,325.7515315598569,56.0,False,NOVEL,False,False,,,,False,True,,,,False,,False,,,False,,,False,,,,,,no_catalog_period
469350979,0.8424692239501679,0.0184698343648754,85.23023092283508,24.0,False,KNOWN_OTHER_TYPE,False,True,Gaia DR3 3844881322112193792,RS,,False,True,,,,False,,True,RS,0.58969176,False,,,False,,,,,,no_catalog_period
52030981,3.3286527609048817,0.6008842749504794,248.44603496339715,14.0,False,NOVEL,False,False,,,,False,True,,,,False,,False,,,False,,,False,,,,,,no_catalog_period
58674267,1.0258371415098513,0.0249021540754749,109.7802909912901,21.0,False,NOVEL,False,False,,,,False,True,,,,False,,False,,,False,,,False,,,,,,no_catalog_period
64781731,1.8380476585295928,0.0259927407038771,46.27881129267087,12.0,False,NOVEL,False,False,,,,False,True,,,,False,,False,,,False,,,False,,,,,,no_catalog_period
66702756,1.0563062306529818,0.2231298790369308,313.0662771344452,175.0,False,NOVEL,False,False,,,,False,True,,,,False,,False,,,False,,,False,,,,,,no_catalog_period
72384776,3.788804722185859,0.0520275048255905,100.06244646193016,42.0,False,NOVEL,False,False,,,,False,True,,,,False,,False,,,False,,,False,,,,,,no_catalog_period
73532606,4.69021297658455,0.0119985299637728,155.67458464608112,8.0,False,NOVEL,False,False,,,,False,True,,,,False,,False,,,False,,,False,,,,,,no_catalog_period
76861285,2.6749284417755246,0.0041712763927911,67.47582798043061,6.0,False,NOVEL,False,False,,,,False,True,,,,False,,False,,,False,,,False,,,,,,no_catalog_period
76863005,1.2690946240358556,0.003531285323969,205.0528020634193,79.0,False,NOVEL,False,False,,,,False,True,,,,False,,False,,,False,,,False,,,,,,no_catalog_period
76873434,1.084644028532855,0.0115542557084465,279.6174979941003,43.0,False,NOVEL,False,False,,,,False,True,,,,False,,False,,,False,,,False,,,,,,no_catalog_period
86951579,2.8180647249668302,0.0333401385548953,216.1924944753982,43.0,False,NOVEL,False,False,,,,False,True,,,,False,,False,,,False,,,False,,,,,,no_catalog_period
86956236,35.42002699584757,0.049742381339327,225.5067041329775,3.0,False,NOVEL,False,False,,,,False,True,,,,False,,False,,,False,,,False,,,,,,no_catalog_period
178335238,0.9591955612459946,0.0227202960794273,149.9867504953823,24.0,False,NOVEL,False,False,,,,False,True,,,,False,,False,,,False,,,False,,,,,,no_catalog_period
183675732,2.7410559397469885,0.0019368448647995,18.10978254576076,44.0,False,KNOWN_TOI,True,False,,,,False,True,,,,False,,False,,,False,,,True,374.01,PC,PC,5.48209536150249,toi,agrees_0.5x
213660927,1.1294205267352817,0.0251239922977807,188.17035627690063,24.0,False,KNOWN_OTHER_TYPE,False,True,Gaia DR3 5926469485953101568,RS,,False,True,,,,False,,True,RS,0.51763046,False,,,False,,,,,,no_catalog_period
221066214,1.0769552324016702,0.0311597024549261,109.29337016582537,23.0,False,NOVEL,False,False,,,,False,True,,,,False,,False,,,False,,,False,,,,,,no_catalog_period
229506826,0.6842146955189059,7.343203371554567e-05,15.11758461025725,413.0,False,NOVEL,False,False,,,,False,True,,,,False,,False,,,False,,,False,,,,,,no_catalog_period
237465911,2.716530154327157,0.0287905413095426,99.87258899960526,8.0,False,KNOWN_OTHER_TYPE,False,True,Gaia DR3 3113672657621519744,DSCT|GDOR|SXPHE,,False,True,,,,False,,True,DSCT|GDOR|SXPHE,0.5763342,False,,,False,,,,,,no_catalog_period
290146135,1.353756083676965,0.0323234788946172,66.0188093314419,16.0,False,NOVEL,False,False,,,,False,True,,,,False,,False,,,False,,,False,,,,,,no_catalog_period
313731012,13.519198868663947,0.0015886097236632,29.41433704437639,3.0,False,NOVEL,False,False,,,,False,True,,,,False,,False,,,False,,,False,,,,,,no_catalog_period
318511155,14.122057794717218,0.0249450521368512,45.373338120106446,3.0,True,NOVEL,False,False,,,,False,True,,,,False,,False,,,False,,,False,,,,,,no_catalog_period
330431529,6.488941494358636,0.1006758117651011,524.8365513546387,3.0,False,NOVEL,False,False,,,,False,True,,,,False,,False,,,False,,,False,,,,,,no_catalog_period
373896170,2.038473459614416,0.0064316750365575,61.04972614360216,13.0,False,NOVEL,False,False,,,,False,True,,,,False,,False,,,False,,,False,,,,,,no_catalog_period
377770027,9.364535209100085,0.0117943354751795,16.16175569268681,5.0,False,NOVEL,False,False,,,,False,True,,,,False,,False,,,False,,,False,,,,,,no_catalog_period
391708053,1.5697674040112226,0.0222184379050827,154.60166864845863,25.0,False,NOVEL,False,False,,,,False,True,,,,False,,False,,,False,,,False,,,,,,no_catalog_period
40655754,4.009848583121933,0.0064747077387184,97.58318198682814,7.0,False,KNOWN_OTHER_TYPE,False,True,Gaia DR3 6028284842466657280,SR|M,527.0,False,True,,,,False,,True,LPV,0.92806697,False,,,False,,,,,vsx,disagrees(ratio=0.0076)
441262791,9.885659710893044,0.2941574111072943,1553.35562168324,3.0,False,NOVEL,False,False,,,,False,True,,,,False,,False,,,False,,,False,,,,,,no_catalog_period
446758441,2.299835954484418,0.1427863690710786,1216.7427616738262,20.0,False,NOVEL,False,False,,,,False,True,,,,False,,False,,,False,,,False,,,,,,no_catalog_period
450674516,0.977408512558526,0.0020034424299545,34.844049805140294,24.0,False,NOVEL,False,False,,,,False,True,,,,False,,False,,,False,,,False,,,,,,no_catalog_period
469447216,8.584378351415625,0.0115048671577333,85.54247522149649,4.0,False,NOVEL,False,False,,,,False,True,,,,False,,False,,,False,,,False,,,,,,no_catalog_period
54077740,4.568305464090355,0.0850755275517406,62.44596591326799,5.0,False,KNOWN_OTHER_TYPE,False,True,Gaia DR3 6208112099492092416,RS,,False,True,,,,False,,True,RS,0.6786083,False,,,False,,,,,,no_catalog_period
87448561,1.6737595379986938,0.0195416988956516,409.59283666852406,15.0,False,NOVEL,False,False,,,,False,True,,,,False,,False,,,False,,,False,,,,,,no_catalog_period
120152239,2.0878522352251427,0.0132670854930391,58.657075386173325,12.0,False,NOVEL,False,False,,,,False,True,,,,False,,False,,,False,,,False,,,,,,no_catalog_period
153038604,1.2206231498026612,0.0210553332104212,60.99138694023047,33.0,False,NOVEL,False,False,,,,False,True,,,,False,,False,,,False,,,False,,,,,,no_catalog_period
246561638,2.2154071940446904,0.0120374260556423,48.97585569096533,9.0,False,NOVEL,False,False,,,,False,True,,,,False,,False,,,False,,,False,,,,,,no_catalog_period
251936538,1.182522533392842,0.0107271038910508,128.77806794421312,10.0,False,NOVEL,False,False,,,,False,True,,,,False,,False,,,False,,,False,,,,,,no_catalog_period
273212554,6.264834344303526,0.0002579678712187,33.43239499680072,5.0,False,NOVEL,False,False,,,,False,True,,,,False,,False,,,False,,,False,,,,,,no_catalog_period
307424361,2.6406907510690814,0.0132134608863197,58.06662752817883,8.0,False,NOVEL,False,False,,,,False,True,,,,False,,False,,,False,,,False,,,,,,no_catalog_period
330435841,1.2647955482988418,0.0108011254504613,110.10834513392705,20.0,False,NOVEL,False,False,,,,False,True,,,,False,,False,,,False,,,False,,,,,,no_catalog_period
337529045,0.7258954129174382,0.0461842512967967,104.18919696168774,31.0,False,NOVEL,False,False,,,,False,True,,,,False,,False,,,False,,,False,,,,,,no_catalog_period
367266138,1.1164929147935334,0.0492087814515912,165.43190887998486,127.0,False,NOVEL,False,False,,,,False,True,,,,False,,False,,,False,,,False,,,,,,no_catalog_period
378273145,0.8596392953606395,0.0033450421944214,210.87595000907493,80.0,False,NOVEL,False,False,,,,False,True,,,,False,,False,,,False,,,False,,,,,,no_catalog_period
418888630,1.762052246529063,0.0023136807771349,27.863872204811223,24.0,False,NOVEL,False,False,,,,False,True,,,,False,,False,,,False,,,False,,,,,,no_catalog_period
43796424,1.354347181622552,0.0009121413525253,38.75814494588515,40.0,False,NOVEL,False,False,,,,False,True,,,,False,,False,,,False,,,False,,,,,,no_catalog_period
469449874,3.717454080632783,0.0007728782900351,31.63751974076731,7.0,False,NOVEL,False,False,,,,False,True,,,,False,,False,,,False,,,False,,,,,,no_catalog_period
65497458,3.968352694857305,0.1000084770501684,285.0773202885194,6.0,False,NOVEL,False,False,,,,False,True,,,,False,,False,,,False,,,False,,,,,,no_catalog_period
78957274,1.399763103376001,0.1331195099782222,152.25785861742983,33.0,False,NOVEL,False,False,,,,False,True,,,,False,,False,,,False,,,False,,,,,,no_catalog_period
87009784,9.573373107513314,0.0080090024199346,47.58968319478016,3.0,False,KNOWN_OTHER_TYPE,False,True,Gaia DR3 5884739996012019584,ROT,,False,True,,,,False,,True,SOLAR_LIKE,0.39803612,False,,,False,,,,,,no_catalog_period
91690216,3.918104677757568,0.0431597557998251,54.04001762298747,4.0,False,NOVEL,False,False,,,,False,True,,,,False,,False,,,False,,,False,,,,,,no_catalog_period
97017864,0.6543091613795686,0.0002786808007222,49.17413955300434,33.0,False,NOVEL,False,False,,,,False,True,,,,False,,False,,,False,,,False,,,,,,no_catalog_period
162825247,2.740582040544599,0.0392541765324788,35.0229240831323,9.0,False,NOVEL,False,False,,,,False,True,,,,False,,False,,,False,,,False,,,,,,no_catalog_period
165598669,3.336945687412376,0.0229998076017394,46.939799662070286,12.0,False,KNOWN_TOI,True,False,,,,False,True,,,,False,,False,,,False,,,True,7393.01,PC,CP,3.3370666386722765,toi,agrees_1x
169863685,6.706647762993174,0.0009241310393777,24.25447232940872,4.0,False,NOVEL,False,False,,,,False,True,,,,False,,False,,,False,,,False,,,,,,no_catalog_period
221088464,1.169911747385383,0.0037176299510094,19.104887129416827,16.0,False,NOVEL,False,False,,,,False,True,,,,False,,False,,,False,,,False,,,,,,no_catalog_period
285490479,1.9783977923838587,0.0047073684249691,18.4391193496048,14.0,False,NOVEL,False,False,,,,False,True,,,,False,,False,,,False,,,False,,,,,,no_catalog_period
287652215,13.534041804983106,0.0664022962161319,157.45154387386157,9.0,False,NOVEL,False,False,,,,False,True,,,,False,,False,,,False,,,False,,,,,,no_catalog_period
290187330,13.350697377424074,0.0523523750107755,109.84067293449267,4.0,True,NOVEL,False,False,,,,False,True,,,,False,,False,,,False,,,False,,,,,,no_catalog_period
318520774,1.2010110792561242,0.1329136666436118,109.82482022782618,58.0,False,NOVEL,False,False,,,,False,True,,,,False,,False,,,False,,,False,,,,,,no_catalog_period
319039733,1.0171472918737363,0.0066252775723348,57.2557872567237,22.0,False,NOVEL,False,False,,,,False,True,,,,False,,False,,,False,,,False,,,,,,no_catalog_period
343785964,0.9728791425359006,0.011570630350956,86.46085432420334,48.0,False,NOVEL,False,False,,,,False,True,,,,False,,False,,,False,,,False,,,,,,no_catalog_period
377519200,27.54217219595766,0.5360564225822682,330.7148368372926,3.0,False,NOVEL,False,False,,,,False,True,,,,False,,False,,,False,,,False,,,,,,no_catalog_period
377776359,6.428461677231733,0.0091670141831239,34.596540506855355,7.0,False,NOVEL,False,False,,,,False,True,,,,False,,False,,,False,,,False,,,,,,no_catalog_period
378273307,0.9229396991809732,0.000727671028246,62.13782835138744,75.0,False,NOVEL,False,False,,,,False,True,,,,False,,False,,,False,,,False,,,,,,no_catalog_period
388766570,2.9826009935430404,0.0378991941628632,104.4891664640648,12.0,False,NOVEL,False,False,,,,False,True,,,,False,,False,,,False,,,False,,,,,,no_catalog_period
391729889,11.772126552217337,0.0456717186849279,262.967996522668,5.0,False,NOVEL,False,False,,,,False,True,,,,False,,False,,,False,,,False,,,,,,no_catalog_period
411767966,11.066518177762836,0.0683925095450785,302.02587129258006,3.0,False,NOVEL,False,False,,,,False,True,,,,False,,False,,,False,,,False,,,,,,no_catalog_period
441227343,2.901312087044489,0.0020323639421421,20.300061965458006,9.0,False,NOVEL,False,False,,,,False,True,,,,False,,False,,,False,,,False,,,,,,no_catalog_period
446777359,6.118209433081071,0.0372121979487463,101.57131198889196,6.0,False,NOVEL,False,False,,,,False,True,,,,False,,False,,,False,,,False,,,,,,no_catalog_period
447134694,4.111179974022796,0.0160769443024394,17.499749737859357,6.0,False,NOVEL,False,False,,,,False,True,,,,False,,False,,,False,,,False,,,,,,no_catalog_period
450663300,1.0526712922690744,0.0077363490687053,100.49991176597678,22.0,False,NOVEL,False,False,,,,False,True,,,,False,,False,,,False,,,False,,,,,,no_catalog_period
46032792,13.686984058561496,0.1456836096664776,55.79724245494368,3.0,True,NOVEL,False,False,,,,False,True,,,,False,,False,,,False,,,False,,,,,,no_catalog_period
469447206,8.123032120438111,0.0053107275956213,33.27490736034245,3.0,False,NOVEL,False,False,,,,False,True,,,,False,,False,,,False,,,False,,,,,,no_catalog_period
75204054,10.270858617679115,0.0831450534736346,140.40391178698806,5.0,False,NOVEL,False,False,,,,False,True,,,,False,,False,,,False,,,False,,,,,,no_catalog_period
78955414,1.99668584600498,0.0316913197056352,59.51176907657997,21.0,False,NOVEL,False,False,,,,False,True,,,,False,,False,,,False,,,False,,,,,,no_catalog_period
94249335,6.758984978985197,0.0140989024550877,18.602383715752733,4.0,True,NOVEL,False,False,,,,False,True,,,,False,,False,,,False,,,False,,,,,,no_catalog_period
1007466710,2.1243331943146533,0.0379317096623005,494.56155141711525,11.0,False,NOVEL,False,False,,,,False,True,,,,False,,False,,,False,,,False,,,,,,no_catalog_period
114872594,29.96221672748513,0.1735784206137106,84.9749924623151,4.0,False,NOVEL,False,False,,,,False,True,,,,False,,False,,,False,,,False,,,,,,no_catalog_period
165591122,1.3077411528082858,0.0126269801750224,218.20682281249185,16.0,False,NOVEL,False,False,,,,False,True,,,,False,,False,,,False,,,False,,,,,,no_catalog_period
214681795,0.8660816924820491,0.126337807378358,422.3778926472288,27.0,False,NOVEL,False,False,,,,False,True,,,,False,,False,,,False,,,False,,,,,,no_catalog_period
230116482,0.9643520503250488,0.02198144744239,67.75293641934176,216.0,False,NOVEL,False,False,,,,False,True,,,,False,,False,,,False,,,False,,,,,,no_catalog_period
246576538,1.119091428719091,0.0150575866650437,106.55096477184586,20.0,False,NOVEL,False,False,,,,False,True,,,,False,,False,,,False,,,False,,,,,,no_catalog_period
257824366,0.9518806290295828,0.2560206164007337,276.7583056077896,27.0,False,NOVEL,False,False,,,,False,True,,,,False,,False,,,False,,,False,,,,,,no_catalog_period
258290731,1.9093799510547649,0.0005692959011777,22.88430429678017,20.0,False,NOVEL,False,False,,,,False,True,,,,False,,False,,,False,,,False,,,,,,no_catalog_period
285475473,6.793500483121117,0.0324340630835244,51.77168156912099,4.0,False,NOVEL,False,False,,,,False,True,,,,False,,False,,,False,,,False,,,,,,no_catalog_period
290218819,14.486154854303392,0.020257521369456,67.82667634860664,4.0,True,NOVEL,False,False,,,,False,True,,,,False,,False,,,False,,,False,,,,,,no_catalog_period
294976780,0.9586186729310926,0.0489952069792047,133.08687555806452,48.0,False,NOVEL,False,False,,,,False,True,,,,False,,False,,,False,,,False,,,,,,no_catalog_period
298866749,2.9632924231616418,0.0214594784644749,152.15865079052958,9.0,False,NOVEL,False,False,,,,False,True,,,,False,,False,,,False,,,False,,,,,,no_catalog_period
318465653,0.6978573304137674,0.010431112901401,122.1000456526885,37.0,False,NOVEL,False,False,,,,False,True,,,,False,,False,,,False,,,False,,,,,,no_catalog_period
318907244,1.023331473215669,0.0194858220169253,154.21722893762987,20.0,False,NOVEL,False,False,,,,False,True,,,,False,,False,,,False,,,False,,,,,,no_catalog_period
330423835,2.169525474936183,0.0224088636071127,67.27392027562708,11.0,False,NOVEL,False,False,,,,False,True,,,,False,,False,,,False,,,False,,,,,,no_catalog_period
341241815,0.9724153288385038,0.0001759497794947,14.926787774972484,45.0,False,NOVEL,False,False,,,,False,True,,,,False,,False,,,False,,,False,,,,,,no_catalog_period
356014887,0.8148620729126356,0.0001163758730234,18.92011531581008,491.0,False,NOVEL,False,False,,,,False,True,,,,False,,False,,,False,,,False,,,,,,no_catalog_period
388576061,8.774512120858525,0.0264794971319079,32.79181436588198,3.0,True,NOVEL,False,False,,,,False,True,,,,False,,False,,,False,,,False,,,,,,no_catalog_period
402844955,3.474580701930282,0.0324501020884528,222.29212843258463,7.0,False,KNOWN_OTHER_TYPE,False,True,Gaia DR3 5830147731852870016,RRC,0.252393,False,True,,,,False,,True,RR,0.1295048,False,,,False,,,,,vsx,disagrees(ratio=13.7665)
40574102,1.7276003322847278,0.0026594552753201,67.32986332350704,12.0,False,NOVEL,False,False,,,,False,True,,,,False,,False,,,False,,,False,,,,,,no_catalog_period
418883704,16.74512154643544,0.0238413396474174,47.59136133816717,3.0,False,NOVEL,False,False,,,,False,True,,,,False,,False,,,False,,,False,,,,,,no_catalog_period
467855166,1.080436509064712,0.0027382802284995,23.155859273343783,46.0,False,NOVEL,False,False,,,,False,True,,,,False,,False,,,False,,,False,,,,,,no_catalog_period
80717380,0.6748937943935455,0.0522712254505667,68.6109161952632,223.0,False,NOVEL,False,False,,,,False,True,,,,False,,False,,,False,,,False,,,,,,no_catalog_period
1007259218,2.507064853656417,0.0158681642486315,61.35069165000128,18.0,False,NOVEL,False,False,,,,False,True,,,,False,,False,,,False,,,False,,,,,,no_catalog_period
109311492,4.960285270265872,0.0149536356946897,58.66134670753007,4.0,False,KNOWN_OTHER_TYPE,False,True,Gaia DR3 5613647329626273280,RS,,False,True,,,,False,,True,RS,0.51515603,False,,,False,,,,,,no_catalog_period
157654826,7.05147755628503,0.0268330266182485,36.1790664948008,4.0,False,NOVEL,False,False,,,,False,True,,,,False,,False,,,False,,,False,,,,,,no_catalog_period
169949222,5.335333030439449,0.0070688503287692,35.39335603908785,6.0,False,NOVEL,False,False,,,,False,True,,,,False,,False,,,False,,,False,,,,,,no_catalog_period
214672965,10.989838772599798,0.0239695744150968,64.78983051764774,3.0,False,NOVEL,False,False,,,,False,True,,,,False,,False,,,False,,,False,,,,,,no_catalog_period
221066136,1.0765150176824358,0.0305879411817095,142.25505801288037,22.0,False,NOVEL,False,False,,,,False,True,,,,False,,False,,,False,,,False,,,,,,no_catalog_period
229490432,1.1643519577055024,0.015931843115379,325.8784302647218,216.0,False,NOVEL,False,False,,,,False,True,,,,False,,False,,,False,,,False,,,,,,no_catalog_period
230458415,0.8080104040855984,0.0226683433870688,66.07209721695443,27.0,False,NOVEL,False,False,,,,False,True,,,,False,,False,,,False,,,False,,,,,,no_catalog_period
290114000,1.5789899550402664,0.0350611128927076,131.81171505785775,16.0,False,NOVEL,False,False,,,,False,True,,,,False,,False,,,False,,,False,,,,,,no_catalog_period
313684677,3.316590296010634,0.0090648523279167,83.14866852109088,7.0,False,NOVEL,False,False,,,,False,True,,,,False,,False,,,False,,,False,,,,,,no_catalog_period
319988008,2.3884547018237643,0.0735935394351329,254.5995776997944,12.0,False,NOVEL,False,False,,,,False,True,,,,False,,False,,,False,,,False,,,,,,no_catalog_period
334485117,0.8655551423953826,0.1126092107255432,571.1672434520002,182.0,False,NOVEL,False,False,,,,False,True,,,,False,,False,,,False,,,False,,,,,,no_catalog_period
411838663,1.1775218843008628,0.0016218583765755,49.82448492501275,19.0,False,NOVEL,False,False,,,,False,True,,,,False,,False,,,False,,,False,,,,,,no_catalog_period
42613466,1.1198332074156518,0.0206404988226034,116.68696288706889,24.0,False,KNOWN_OTHER_TYPE,False,True,Gaia DR3 5876736990154674432,L,,False,True,,,,False,,True,LPV,0.47829908,False,,,False,,,,,,no_catalog_period
442551080,3.062906174018789,0.0064155473195189,62.5499247950554,16.0,False,NOVEL,False,False,,,,False,True,,,,False,,False,,,False,,,False,,,,,,no_catalog_period
44664792,3.4279789882457155,0.0176559438892222,64.63044437474836,8.0,False,KNOWN_OTHER_TYPE,False,True,Gaia DR3 5887174933258414464,VAR,0.0149641,False,True,,,,False,,False,,,False,,,False,,,,,vsx,disagrees(ratio=229.0802)
446838667,2.940894250170659,0.0209020114886192,265.76248665665787,17.0,False,NOVEL,False,False,,,,False,True,,,,False,,False,,,False,,,False,,,,,,no_catalog_period
467854305,3.5420430698491168,0.0131423309023388,51.22663104013896,15.0,False,NOVEL,False,False,,,,False,True,,,,False,,False,,,False,,,False,,,,,,no_catalog_period
48178046,0.7439912147897919,0.0085652190464133,56.55304083449125,56.0,False,NOVEL,False,False,,,,False,True,,,,False,,False,,,False,,,False,,,,,,no_catalog_period
59603820,7.689930310792376,0.1735312094343877,547.4853031337055,3.0,False,NOVEL,False,False,,,,False,True,,,,False,,False,,,False,,,False,,,,,,no_catalog_period
78817261,17.772186366277932,0.0457492290050524,295.64936442704726,3.0,False,NOVEL,False,False,,,,False,True,,,,False,,False,,,False,,,False,,,,,,no_catalog_period
87538041,0.9763918078185936,0.0087272834293671,68.3372710933526,28.0,False,NOVEL,False,False,,,,False,True,,,,False,,False,,,False,,,False,,,,,,no_catalog_period
153227379,2.6215011326804967,0.0694152299532287,188.8851835892945,10.0,False,NOVEL,False,False,,,,False,True,,,,False,,False,,,False,,,False,,,,,,no_catalog_period
153816845,0.811633818692771,0.0722900384476634,849.2843165228874,29.0,False,NOVEL,False,False,,,,False,True,,,,False,,False,,,False,,,False,,,,,,no_catalog_period
165561584,0.7637157149703278,0.0863663977094338,214.26837065279776,21.0,False,KNOWN_OTHER_TYPE,False,True,SSS_J120402.0-370112,ROT,0.38177,True,True,J120402.12-370112.0,RRAB,0.57264,False,,False,,,False,,,False,,,,,vsx,agrees_2x
221066179,1.0751954480554742,0.0050494695160717,54.82504954124327,23.0,False,NOVEL,False,False,,,,False,True,,,,False,,False,,,False,,,False,,,,,,no_catalog_period
229488142,0.8731868709996559,0.0085395135637683,102.73760474717604,244.0,False,NOVEL,False,False,,,,False,True,,,,False,,False,,,False,,,False,,,,,,no_catalog_period
230458181,2.0293130623346527,0.0246161223060648,81.5279679980035,8.0,False,NOVEL,False,False,,,,False,True,,,,False,,False,,,False,,,False,,,,,,no_catalog_period
237307453,21.849658639786227,0.0518608468043357,89.4318125336502,22.0,False,NOVEL,False,False,,,,False,True,,,,False,,False,,,False,,,False,,,,,,no_catalog_period
290129286,0.8890204583576605,0.1556412216254199,256.7079076190405,26.0,False,NOVEL,False,False,,,,False,True,,,,False,,False,,,False,,,False,,,,,,no_catalog_period
300267162,2.4838479176622936,0.011243279600852,50.80553209697903,11.0,False,NOVEL,False,False,,,,False,True,,,,False,,False,,,False,,,False,,,,,,no_catalog_period
308473067,0.8013137507907284,0.0278375491965141,90.44632021765946,23.0,False,NOVEL,False,False,,,,False,True,,,,False,,False,,,False,,,False,,,,,,no_catalog_period
341471277,3.673231728547696,0.0172144703404922,60.45937508170069,6.0,False,NOVEL,False,False,,,,False,True,,,,False,,False,,,False,,,False,,,,,,no_catalog_period
342586820,1.9511295290376067,0.0292607419006102,196.91842366448935,28.0,False,NOVEL,False,False,,,,False,True,,,,False,,False,,,False,,,False,,,,,,no_catalog_period
356009858,4.9929396243875415,0.0776047994929547,219.97945017554895,7.0,False,KNOWN_OTHER_TYPE,False,True,Gaia DR3 1319742368007548032,VAR,0.0150093,False,True,,,,False,,False,,,False,,,False,,,,,vsx,disagrees(ratio=332.6564)
376905285,4.496683004053996,0.0278435361012126,569.9818285879737,6.0,False,NOVEL,False,False,,,,False,True,,,,False,,False,,,False,,,False,,,,,,no_catalog_period
441263248,7.036805006431723,0.1242743271032511,66.0608569488154,4.0,False,NOVEL,False,False,,,,False,True,,,,False,,False,,,False,,,False,,,,,,no_catalog_period
442550825,12.188617420651584,0.0463826750069929,62.60822275679243,4.0,False,NOVEL,False,False,,,,False,True,,,,False,,False,,,False,,,False,,,,,,no_catalog_period
446838709,2.3283432887331457,0.0014865383378887,18.36095763966117,21.0,False,NOVEL,False,False,,,,False,True,,,,False,,False,,,False,,,False,,,,,,no_catalog_period
447076072,1.3509941256865146,0.0362621310078669,66.78270880563355,19.0,False,NOVEL,False,False,,,,False,True,,,,False,,False,,,False,,,False,,,,,,no_catalog_period
457555870,4.488543802138297,0.0216436669851949,69.73169936058396,4.0,False,NOVEL,False,False,,,,False,True,,,,False,,False,,,False,,,False,,,,,,no_catalog_period
467856038,1.727497588032914,0.0034622419404874,28.482141881873996,26.0,False,NOVEL,False,False,,,,False,True,,,,False,,False,,,False,,,False,,,,,,no_catalog_period
65409906,4.006542529323842,0.0131508979069521,29.53781320943388,6.0,False,NOVEL,False,False,,,,False,True,,,,False,,False,,,False,,,False,,,,,,no_catalog_period
82378781,6.822843165887423,0.4626586274360602,762.3573771589928,4.0,False,NOVEL,False,False,,,,False,True,,,,False,,False,,,False,,,False,,,,,,no_catalog_period
103833883,4.911902996301569,0.0060013058117675,76.9696758177322,6.0,False,NOVEL,False,False,,,,False,True,,,,False,,False,,,False,,,False,,,,,,no_catalog_period
10535986,3.197189331318876,0.0224097210155758,122.36979096818676,8.0,False,NOVEL,False,False,,,,False,True,,,,False,,False,,,False,,,False,,,,,,no_catalog_period
109310537,1.648699889981913,0.0181450942660332,93.74013522107866,14.0,False,NOVEL,False,False,,,,False,True,,,,False,,False,,,False,,,False,,,,,,no_catalog_period
1109500987,0.8685642260070428,0.0515024869415102,114.81098199651466,26.0,False,NOVEL,False,False,,,,False,True,,,,False,,False,,,False,,,False,,,,,,no_catalog_period
115207613,8.082856150138609,0.2293195425384769,281.5081857227673,11.0,False,NOVEL,False,False,,,,False,True,,,,False,,False,,,False,,,False,,,,,,no_catalog_period
118191063,2.650972382759148,0.0152610391845517,262.9502074933413,8.0,False,NOVEL,False,False,,,,False,True,,,,False,,False,,,False,,,False,,,,,,no_catalog_period
1228495160,9.948485738897451,0.003447371161688,17.24777272409831,3.0,False,NOVEL,False,False,,,,False,True,,,,False,,False,,,False,,,False,,,,,,no_catalog_period
124321784,0.8743852429181991,0.0453312093421202,160.9852434937682,47.0,False,NOVEL,False,False,,,,False,True,,,,False,,False,,,False,,,False,,,,,,no_catalog_period
125290702,1.2504414517568594,0.0222416572171501,65.23614974529418,17.0,False,NOVEL,False,False,,,,False,True,,,,False,,False,,,False,,,False,,,,,,no_catalog_period
1331731163,9.488927852364789,0.0547028951538785,166.08283531967174,3.0,False,NOVEL,False,False,,,,False,True,,,,False,,False,,,False,,,False,,,,,,no_catalog_period
1338994390,1.1433499678975267,0.0218221415449003,210.7057163225982,18.0,False,NOVEL,False,False,,,,False,True,,,,False,,False,,,False,,,False,,,,,,no_catalog_period
1370863228,4.723690836017955,0.0186453939191552,121.78942396768616,4.0,False,NOVEL,False,False,,,,False,True,,,,False,,False,,,False,,,False,,,,,,no_catalog_period
138988784,0.9798708657301446,0.0150901017798697,46.616143712268,47.0,False,NOVEL,False,False,,,,False,True,,,,False,,False,,,False,,,False,,,,,,no_catalog_period
141644050,0.7252198714942897,0.003720105026162,27.99425351693257,32.0,False,NOVEL,False,False,,,,False,True,,,,False,,False,,,False,,,False,,,,,,no_catalog_period
144012229,6.594399744925219,0.0180348383397887,21.048525222561885,4.0,False,NOVEL,False,False,,,,False,True,,,,False,,False,,,False,,,False,,,,,,no_catalog_period
145338418,0.6669794400568634,0.000431094020773,34.326488283286544,129.0,False,NOVEL,False,False,,,,False,True,,,,False,,False,,,False,,,False,,,,,,no_catalog_period
145410279,2.148275185689311,0.0193323648434633,92.72352051061162,18.0,False,NOVEL,False,False,,,,False,True,,,,False,,False,,,False,,,False,,,,,,no_catalog_period
145794123,0.942591490942854,0.0097950392926597,81.70022474940899,34.0,False,NOVEL,False,False,,,,False,True,,,,False,,False,,,False,,,False,,,,,,no_catalog_period
14877230,8.438212287600935,0.1752052980841853,78.23734961188285,3.0,False,NOVEL,False,False,,,,False,True,,,,False,,False,,,False,,,False,,,,,,no_catalog_period
1512685244,12.240172879308435,0.0062012562784924,377.6173609867933,3.0,False,NOVEL,False,False,,,,False,True,,,,False,,False,,,False,,,False,,,,,,no_catalog_period
152160223,3.333216328494999,0.048147761429672,73.55553664689731,11.0,False,NOVEL,False,False,,,,False,True,,,,False,,False,,,False,,,False,,,,,,no_catalog_period
152676628,5.259928596056072,0.0101210458805747,159.0932292472716,4.0,False,NOVEL,False,False,,,,False,True,,,,False,,False,,,False,,,False,,,,,,no_catalog_period
157099355,1.2010110792561242,0.0020028516026571,47.227353994602765,60.0,False,NOVEL,False,False,,,,False,True,,,,False,,False,,,False,,,False,,,,,,no_catalog_period
157329268,1.1428330943097766,0.1169445895986481,74.22334705910133,67.0,False,NOVEL,False,False,,,,False,True,,,,False,,False,,,False,,,False,,,,,,no_catalog_period
164320544,28.424916903585267,0.45109110557574,278.0362663193802,7.0,False,NOVEL,False,False,,,,False,True,,,,False,,False,,,False,,,False,,,,,,no_catalog_period
176348607,1.482622152914936,0.0836111835977301,160.70533080261015,14.0,False,NOVEL,False,False,,,,False,True,,,,False,,False,,,False,,,False,,,,,,no_catalog_period
176761575,3.929159919542584,0.0120619923983828,41.73496744649078,5.0,False,NOVEL,False,False,,,,False,True,,,,False,,False,,,False,,,False,,,,,,no_catalog_period
178534308,2.1135095053993536,0.0010369373339118,23.065851218704932,12.0,False,NOVEL,False,False,,,,False,True,,,,False,,False,,,False,,,False,,,,,,no_catalog_period
190367347,2.17657177965559,0.0032970351915109,27.735782400274186,13.0,False,NOVEL,False,False,,,,False,True,,,,False,,False,,,False,,,False,,,,,,no_catalog_period
193192746,32.83722531625467,0.000359680288779,13.055786506987536,5.0,False,NOVEL,False,False,,,,False,True,,,,False,,False,,,False,,,False,,,,,,no_catalog_period
197734660,1.47695250472392,0.2248175086404785,274.8546695073993,14.0,False,KNOWN_OTHER_TYPE,False,True,Gaia DR3 6571857213414186880,VAR,0.0248656,False,True,,,,False,,False,,,False,,,False,,,,,vsx,disagrees(ratio=59.3974)
206444793,9.518936372050677,0.3302943314203296,85.08268988124328,3.0,False,KNOWN_OTHER_TYPE,False,True,Gaia DR3 4172595710593717248,YSO,,False,True,,,,False,,True,YSO,0.51069295,False,,,False,,,,,,no_catalog_period
207139927,0.688344367536334,0.0164098165494966,431.2083676314592,38.0,False,KNOWN_OTHER_TYPE,False,True,ASASSN-V J025548.47-580526.3,DSCT,0.137679,True,True,J025548.49-580526.2,DSCT,0.13768,False,,True,DSCT|GDOR|SXPHE,0.2179976,False,,,False,,,,,vsx,disagrees(ratio=4.9996)
216935767,0.98593046869713,0.0299972556811979,281.8684678923618,21.0,False,NOVEL,False,False,,,,False,True,,,,False,,False,,,False,,,False,,,,,,no_catalog_period
219265042,1.2489934375195162,0.0201323317505245,65.33438982282239,39.0,False,NOVEL,False,False,,,,False,True,,,,False,,False,,,False,,,False,,,,,,no_catalog_period
220043101,14.013873705503832,0.0096748069858088,24.086396466803087,3.0,True,NOVEL,False,False,,,,False,True,,,,False,,False,,,False,,,False,,,,,,no_catalog_period
220864349,3.003322313365441,0.0050969886533474,28.27891259757041,9.0,False,NOVEL,False,False,,,,False,True,,,,False,,False,,,False,,,False,,,,,,no_catalog_period
223831061,1.067522502542577,0.0002998202113948,10.889875109195662,16.0,False,NOVEL,False,False,,,,False,True,,,,False,,False,,,False,,,False,,,,,,no_catalog_period
225410119,2.1849022936586286,0.0039498046083957,120.1672853478312,12.0,False,KNOWN_OTHER_TYPE,False,True,Gaia DR3 5972271670020378368,L,,False,True,,,,False,,True,LPV,0.09432318,False,,,False,,,,,,no_catalog_period
229146166,1.9951285454044425,0.1542638591521045,446.2872545591662,13.0,False,NOVEL,False,False,,,,False,True,,,,False,,False,,,False,,,False,,,,,,no_catalog_period
22991394,4.103510072402741,0.023242320340478,75.04577137074774,7.0,False,NOVEL,False,False,,,,False,True,,,,False,,False,,,False,,,False,,,,,,no_catalog_period
230136849,1.241546139523261,0.0068906308564545,136.52215682964484,75.0,False,KNOWN_OTHER_TYPE,False,True,Gaia DR3 1649204357184650496,ROT,,False,True,,,,False,,True,SOLAR_LIKE,0.1369604,False,,,False,,,,,,no_catalog_period
234721268,3.363897919398707,0.0081939605445483,78.29355534871684,5.0,False,NOVEL,False,False,,,,False,True,,,,False,,False,,,False,,,False,,,,,,no_catalog_period
234933892,6.939187944239102,0.0192202089354554,147.20832147046795,3.0,False,CONTAMINATED,False,False,,,,False,True,,,,False,,False,,,False,,,False,,,,,,no_catalog_period
236300238,1.8232741138397743,0.0091030801822974,69.06391102342668,13.0,False,NOVEL,False,False,,,,False,True,,,,False,,False,,,False,,,False,,,,,,no_catalog_period
237230115,0.827476945753968,0.0001300941088602,82.22248945803017,446.0,False,NOVEL,False,False,,,,False,True,,,,False,,False,,,False,,,False,,,,,,no_catalog_period
237305366,1.4236831765956417,0.0044081418456081,77.42801966787452,426.0,False,NOVEL,False,False,,,,False,True,,,,False,,False,,,False,,,False,,,,,,no_catalog_period
23822834,2.0030987580991804,0.0710650538426613,288.97372970211416,14.0,False,NOVEL,False,False,,,,False,True,,,,False,,False,,,False,,,False,,,,,,no_catalog_period
238618726,3.166692115967953,0.1182350209180049,374.2399218194366,19.0,False,NOVEL,False,False,,,,False,True,,,,False,,False,,,False,,,False,,,,,,no_catalog_period
238931334,8.167556388920461,0.1975123980308152,288.5623599451535,10.0,False,NOVEL,False,False,,,,False,True,,,,False,,False,,,False,,,False,,,,,,no_catalog_period
244872990,6.664538252120011,0.0137116697457771,27.642983819448663,4.0,False,NOVEL,False,False,,,,False,True,,,,False,,False,,,False,,,False,,,,,,no_catalog_period
245486169,0.9832639344372306,0.002414382853984,23.47799969077539,26.0,False,NOVEL,False,False,,,,False,True,,,,False,,False,,,False,,,False,,,,,,no_catalog_period
246254072,1.837985974407076,0.0557389527541737,69.25543437087552,13.0,False,NOVEL,False,False,,,,False,True,,,,False,,False,,,False,,,False,,,,,,no_catalog_period
246561671,2.2154071910239543,0.0243763077038196,97.87361753831595,10.0,False,NOVEL,False,False,,,,False,True,,,,False,,False,,,False,,,False,,,,,,no_catalog_period
246634639,5.813372532804136,0.0103771470332551,72.84371221883715,5.0,False,NOVEL,False,False,,,,False,True,,,,False,,False,,,False,,,False,,,,,,no_catalog_period
247221656,5.8110011806767385,0.1386837060534262,262.5341856401444,5.0,False,NOVEL,False,False,,,,False,True,,,,False,,False,,,False,,,False,,,,,,no_catalog_period
258490713,4.240042174407837,0.0729516442431114,89.5218427148586,6.0,False,NOVEL,False,False,,,,False,True,,,,False,,False,,,False,,,False,,,,,,no_catalog_period
261367380,0.9000469989532629,0.011396161674952,25.326941611847964,30.0,False,NOVEL,False,False,,,,False,True,,,,False,,False,,,False,,,False,,,,,,no_catalog_period
263662928,1.0302254354015885,0.1113322641141066,166.88015739151965,21.0,False,NOVEL,False,False,,,,False,True,,,,False,,False,,,False,,,False,,,,,,no_catalog_period
265511935,7.198719261711497,0.0195438448321857,103.09720649139209,4.0,False,NOVEL,False,False,,,,False,True,,,,False,,False,,,False,,,False,,,,,,no_catalog_period
27127246,8.586654415100085,0.1451395998265356,387.7252470415151,3.0,False,NOVEL,False,False,,,,False,True,,,,False,,False,,,False,,,False,,,,,,no_catalog_period
271944854,14.502745189417755,0.0605274655949478,168.9250090397065,3.0,False,NOVEL,False,False,,,,False,True,,,,False,,False,,,False,,,False,,,,,,no_catalog_period
273956302,0.964003751142935,0.0096884897331531,32.08015383402864,26.0,False,KNOWN_OTHER_TYPE,False,True,Gaia DR3 5982344605289315456,ROT,,False,True,,,,False,,True,SOLAR_LIKE,0.74376667,False,,,False,,,,,,no_catalog_period
274871756,0.9608560840806982,0.0014534358909627,20.129516499170027,29.0,False,NOVEL,False,False,,,,False,True,,,,False,,False,,,False,,,False,,,,,,no_catalog_period
278023096,28.30042617836081,0.0011807311756259,15.159267865041809,6.0,True,KNOWN_OTHER_TYPE,False,True,ASASSN-V J070051.90-780148.0,SR,136.0,True,True,J070051.71-780147.2,SR,136.19,False,,True,LPV,0.84736806,False,,,False,,,,,vsx,disagrees(ratio=0.2081)
280385022,2.280798260874291,0.0117169854579577,71.32731615957461,19.0,False,NOVEL,False,False,,,,False,True,,,,False,,False,,,False,,,False,,,,,,no_catalog_period
283952911,3.7246302125311104,0.0228850187382258,29.156461320212,6.0,False,NOVEL,False,False,,,,False,True,,,,False,,False,,,False,,,False,,,,,,no_catalog_period
286434343,1.1368907291796089,0.0084183146997184,52.59704102958342,37.0,False,NOVEL,False,False,,,,False,True,,,,False,,False,,,False,,,False,,,,,,no_catalog_period
290524602,1.0011814150022689,0.0313558669504499,77.24264713621925,36.0,False,NOVEL,False,False,,,,False,True,,,,False,,False,,,False,,,False,,,,,,no_catalog_period
290735904,0.7339192292915634,0.0049385111333868,61.25079265510344,34.0,False,NOVEL,False,False,,,,False,True,,,,False,,False,,,False,,,False,,,,,,no_catalog_period
29340725,1.055138836196695,0.0099852782082814,225.0971500570108,41.0,False,NOVEL,False,False,,,,False,True,,,,False,,False,,,False,,,False,,,,,,no_catalog_period
296423618,0.7063929061042659,0.0468332302231448,144.92698527231266,31.0,False,NOVEL,False,False,,,,False,True,,,,False,,False,,,False,,,False,,,,,,no_catalog_period
299478287,0.7215719595162183,0.0042500194491182,75.12361651177255,45.0,False,NOVEL,False,False,,,,False,True,,,,False,,False,,,False,,,False,,,,,,no_catalog_period
300297733,13.796682528186716,0.1293667191463482,75.42889240503355,3.0,True,NOVEL,False,False,,,,False,True,,,,False,,False,,,False,,,False,,,,,,no_catalog_period
301151548,8.30217872214257,0.0234577002732887,113.73525606748,3.0,False,NOVEL,False,False,,,,False,True,,,,False,,False,,,False,,,False,,,,,,no_catalog_period
302615789,1.199958354321887,0.092728304999174,603.9406742209615,14.0,False,NOVEL,False,False,,,,False,True,,,,False,,False,,,False,,,False,,,,,,no_catalog_period
304891773,4.058806454516402,0.01310776812379,44.713778004578096,13.0,False,NOVEL,False,False,,,,False,True,,,,False,,False,,,False,,,False,,,,,,no_catalog_period
306294675,2.982219390805787,0.0243414942309125,179.77388933287932,14.0,False,NOVEL,False,False,,,,False,True,,,,False,,False,,,False,,,False,,,,,,no_catalog_period
308347760,1.352141143143821,0.0021514344100462,47.61769860476412,36.0,False,NOVEL,False,False,,,,False,True,,,,False,,False,,,False,,,False,,,,,,no_catalog_period
311762942,0.7801889094785078,0.0140655204775867,54.94624442292088,31.0,False,NOVEL,False,False,,,,False,True,,,,False,,False,,,False,,,False,,,,,,no_catalog_period
312599571,0.7469668297913443,0.0290747301035872,438.16792938287136,30.0,False,KNOWN_OTHER_TYPE,False,True,Gaia DR3 5868626000293330560,L,,False,True,,,,False,,True,LPV,0.45479476,False,,,False,,,,,,no_catalog_period
313372757,2.730910600247772,0.0068782095658372,28.658862174708005,9.0,False,NOVEL,False,False,,,,False,True,,,,False,,False,,,False,,,False,,,,,,no_catalog_period
313397687,0.910116996568493,0.047324430794444,129.17859594545024,165.0,False,NOVEL,False,False,,,,False,True,,,,False,,False,,,False,,,False,,,,,,no_catalog_period
313868305,4.707168122116789,0.0374387310475679,44.95721008471475,3.0,False,NOVEL,False,False,,,,False,True,,,,False,,False,,,False,,,False,,,,,,no_catalog_period
314011819,1.4643984427915004,0.0056858182398519,35.84172249743534,14.0,False,NOVEL,False,False,,,,False,True,,,,False,,False,,,False,,,False,,,,,,no_catalog_period
316371627,0.6762471820675904,0.007716399396578,47.81866049891635,68.0,False,NOVEL,False,False,,,,False,True,,,,False,,False,,,False,,,False,,,,,,no_catalog_period
323617591,1.6079696821636185,0.0061503516183689,108.90964738660492,30.0,False,NOVEL,False,False,,,,False,True,,,,False,,False,,,False,,,False,,,,,,no_catalog_period
325229396,1.2093320238494845,0.000462183394788,10.773712331768898,13.0,False,NOVEL,False,False,,,,False,True,,,,False,,False,,,False,,,False,,,,,,no_catalog_period
327422997,1.7089443589098496,0.0574001647015663,110.0680221131818,12.0,False,NOVEL,False,False,,,,False,True,,,,False,,False,,,False,,,False,,,,,,no_catalog_period
329412831,0.916763187433866,0.03610416092664,134.16619603094745,24.0,False,NOVEL,False,False,,,,False,True,,,,False,,False,,,False,,,False,,,,,,no_catalog_period
331085987,3.570290942674878,0.0005387429349728,17.18564149572916,8.0,False,KNOWN_OTHER_TYPE,False,True,Gaia DR3 1812344738555243264,ROT,,False,True,,,,False,,True,SOLAR_LIKE,0.5220746,False,,,False,,,,,,no_catalog_period
331098807,1.3678473856430573,0.0178836505070594,34.67900071347078,10.0,False,NOVEL,False,False,,,,False,True,,,,False,,False,,,False,,,False,,,,,,no_catalog_period
333145823,0.8984577927468811,0.0118303054548303,270.01500880292184,28.0,False,NOVEL,False,False,,,,False,True,,,,False,,False,,,False,,,False,,,,,,no_catalog_period
336926907,0.9988558348896232,0.017759659931465,50.415201935054256,33.0,False,NOVEL,False,False,,,,False,True,,,,False,,False,,,False,,,False,,,,,,no_catalog_period
338210132,2.140074737504316,0.0121676278818316,28.63996444161939,11.0,False,NOVEL,False,False,,,,False,True,,,,False,,False,,,False,,,False,,,,,,no_catalog_period
340729559,4.250695205712849,0.0060485376728637,43.416000826395965,5.0,False,NOVEL,False,False,,,,False,True,,,,False,,False,,,False,,,False,,,,,,no_catalog_period
342489895,2.697680908880315,0.0356995159007821,161.90570719099154,19.0,False,NOVEL,False,False,,,,False,True,,,,False,,False,,,False,,,False,,,,,,no_catalog_period
360082593,3.4733038778636094,0.0222967527979662,46.95043823117551,10.0,False,NOVEL,False,False,,,,False,True,,,,False,,False,,,False,,,False,,,,,,no_catalog_period
365764494,0.780297295736665,0.0077820837005417,1042.20681859676,166.0,False,NOVEL,False,False,,,,False,True,,,,False,,False,,,False,,,False,,,,,,no_catalog_period
366528229,22.830053931886,0.0724593783541475,241.01419436994036,7.0,False,KNOWN_OTHER_TYPE,False,True,ASASSN-V J050540.14+325009.8,SR,56.05,True,True,J050540.14+325010.0,SR,56.052,False,,False,,,False,,,False,,,,,vsx,disagrees(ratio=0.4073)
377014052,0.8470996522521583,0.0180889772934549,155.1594408163689,58.0,False,NOVEL,False,False,,,,False,True,,,,False,,False,,,False,,,False,,,,,,no_catalog_period
377549741,1.052036603694537,0.0016523196142441,25.9627621215184,18.0,False,NOVEL,False,False,,,,False,True,,,,False,,False,,,False,,,False,,,,,,no_catalog_period
378579388,2.63995072356022,0.1160117120252535,281.38427150685345,62.0,False,KNOWN_OTHER_TYPE,False,True,Gaia DR3 528592796333207680,YSO,,False,True,,,,False,,True,YSO,0.8027487,False,,,False,,,,,,no_catalog_period
383092059,1.0533693455283817,0.0443707503101053,217.6763201048992,43.0,False,NOVEL,False,False,,,,False,True,,,,False,,False,,,False,,,False,,,,,,no_catalog_period
383233440,1.904379721163293,0.0064253030882985,56.08801262251294,13.0,False,NOVEL,False,False,,,,False,True,,,,False,,False,,,False,,,False,,,,,,no_catalog_period
384773438,4.90591112705379,0.0081702958404748,21.47390724997757,4.0,False,NOVEL,False,False,,,,False,True,,,,False,,False,,,False,,,False,,,,,,no_catalog_period
392559026,2.6712762850435774,0.0430247330356917,90.06196608179383,48.0,False,NOVEL,False,False,,,,False,True,,,,False,,False,,,False,,,False,,,,,,no_catalog_period
394178348,32.82821837229477,0.0022447504617332,11.998678654655013,3.0,False,NOVEL,False,False,,,,False,True,,,,False,,False,,,False,,,False,,,,,,no_catalog_period
397888247,1.7210424183872226,0.0082573096953626,92.19216991858713,33.0,False,KNOWN_OTHER_TYPE,False,True,Gaia DR3 5877294133314980352,L,,False,True,,,,False,,True,LPV,0.845568,False,,,False,,,,,,no_catalog_period
399544063,0.6929035773293827,0.0312950171813291,947.4382960135472,66.0,False,NOVEL,False,False,,,,False,True,,,,False,,False,,,False,,,False,,,,,,no_catalog_period
399643791,0.8400083979358322,0.0143633687256037,211.3177641208129,27.0,False,KNOWN_OTHER_TYPE,False,True,Gaia DR3 5231187604383748992,VAR,0.41965,False,True,,,,False,,False,,,False,,,False,,,,,vsx,agrees_2x
403014725,4.935531331080767,0.0186129109666848,39.00808377235954,6.0,False,NOVEL,False,False,,,,False,True,,,,False,,False,,,False,,,False,,,,,,no_catalog_period
403515554,1.714626330495049,0.009667477795605,62.92985001532978,15.0,False,NOVEL,False,False,,,,False,True,,,,False,,False,,,False,,,False,,,,,,no_catalog_period
40492079,1.1195442313309407,0.0065046565009121,134.9222730169336,23.0,False,KNOWN_OTHER_TYPE,False,True,Gaia DR3 6028200459393303296,VAR,0.0345402,False,True,,,,False,,False,,,False,,,False,,,,,vsx,disagrees(ratio=32.4128)
408730508,23.6264974973692,0.0623459694856848,153.41697305209595,9.0,False,NOVEL,False,False,,,,False,True,,,,False,,False,,,False,,,False,,,,,,no_catalog_period
409083544,1.6110890893942795,0.0100425368346452,99.38460743885172,14.0,False,NOVEL,False,False,,,,False,True,,,,False,,False,,,False,,,False,,,,,,no_catalog_period
410516593,4.105294053683543,0.0060306748796753,94.27921803153752,7.0,False,KNOWN_OTHER_TYPE,False,True,Gaia DR3 5933093047121405952,L,,False,True,,,,False,,True,LPV,0.83593297,False,,,False,,,,,,no_catalog_period
411399308,0.7876461357794535,0.0077285368087049,35.42842976147952,28.0,False,NOVEL,False,False,,,,False,True,,,,False,,False,,,False,,,False,,,,,,no_catalog_period
42099404,1.1116030847496297,0.0125909886783892,97.98536611010095,168.0,False,NOVEL,False,False,,,,False,True,,,,False,,False,,,False,,,False,,,,,,no_catalog_period
42548988,34.31063328277799,0.1417708533468687,117.57557241279018,5.0,False,NOVEL,False,False,,,,False,True,,,,False,,False,,,False,,,False,,,,,,no_catalog_period
426453055,8.487416846357048,0.0177687759173917,18.2397720217906,4.0,False,NOVEL,False,False,,,,False,True,,,,False,,False,,,False,,,False,,,,,,no_catalog_period
430672525,2.4384426729414868,0.3074476055555368,620.4017654697798,20.0,False,NOVEL,False,False,,,,False,True,,,,False,,False,,,False,,,False,,,,,,no_catalog_period
431589382,32.23919007144426,0.1583139835286923,258.20405986134534,5.0,False,NOVEL,False,False,,,,False,True,,,,False,,False,,,False,,,False,,,,,,no_catalog_period
434321668,5.563850297806913,0.1847873942835782,151.5792409412038,3.0,False,NOVEL,False,False,,,,False,True,,,,False,,False,,,False,,,False,,,,,,no_catalog_period
435110418,2.6379971853852315,0.0081903457750444,48.07306081481693,9.0,False,NOVEL,False,False,,,,False,True,,,,False,,False,,,False,,,False,,,,,,no_catalog_period
435467259,1.2357695691160158,0.0214760842990274,103.79416631237984,83.0,False,KNOWN_OTHER_TYPE,False,True,Gaia DR3 2027787479306866944,RS,,False,True,,,,False,,True,RS,0.02642795,False,,,False,,,,,,no_catalog_period
437003164,0.9892533299783371,0.0047951626770735,29.23925115256926,22.0,False,NOVEL,False,False,,,,False,True,,,,False,,False,,,False,,,False,,,,,,no_catalog_period
437613680,2.464065181369967,0.0376837456889718,135.88767292880712,10.0,False,NOVEL,False,False,,,,False,True,,,,False,,False,,,False,,,False,,,,,,no_catalog_period
43785616,8.955650838999206,0.0114645742584605,160.826292375051,3.0,False,NOVEL,False,False,,,,False,True,,,,False,,False,,,False,,,False,,,,,,no_catalog_period
438456488,2.860526565940023,0.0333559596253087,66.90919342480322,7.0,False,NOVEL,False,False,,,,False,True,,,,False,,False,,,False,,,False,,,,,,no_catalog_period
443410478,4.229221017456746,0.0100356205044405,56.71179752177714,6.0,False,NOVEL,False,False,,,,False,True,,,,False,,False,,,False,,,False,,,,,,no_catalog_period
445266372,5.806269683814529,0.0884411877422305,106.37572164907024,4.0,False,NOVEL,False,False,,,,False,True,,,,False,,False,,,False,,,False,,,,,,no_catalog_period
450924355,9.66792704072849,0.0889415526583592,116.3181291891196,3.0,False,NOVEL,False,False,,,,False,True,,,,False,,False,,,False,,,False,,,,,,no_catalog_period
452951173,9.335673924310427,0.0089397405162484,53.46340902336965,3.0,True,NOVEL,False,False,,,,False,True,,,,False,,False,,,False,,,False,,,,,,no_catalog_period
456850805,7.281288745837919,0.0140010944668619,208.42013884930097,4.0,False,NOVEL,False,False,,,,False,True,,,,False,,False,,,False,,,False,,,,,,no_catalog_period
459533211,2.065815213882426,0.0884160692650078,185.39047477682848,13.0,False,NOVEL,False,False,,,,False,True,,,,False,,False,,,False,,,False,,,,,,no_catalog_period
463144593,3.113117337451329,0.0111496807596144,108.87081999023523,15.0,False,NOVEL,False,False,,,,False,True,,,,False,,False,,,False,,,False,,,,,,no_catalog_period
465348431,3.45236107141026,0.0095717032711684,97.46440216816372,16.0,False,NOVEL,False,False,,,,False,True,,,,False,,False,,,False,,,False,,,,,,no_catalog_period
465865896,0.7095350220474798,0.0372726161542532,344.3008508062397,66.0,False,NOVEL,False,False,,,,False,True,,,,False,,False,,,False,,,False,,,,,,no_catalog_period
467244068,0.7448322317402876,0.0116184091350375,326.7198736116117,66.0,False,NOVEL,False,False,,,,False,True,,,,False,,False,,,False,,,False,,,,,,no_catalog_period
467962259,4.061581565072715,0.0389325509268103,48.20231028389544,6.0,False,NOVEL,False,False,,,,False,True,,,,False,,False,,,False,,,False,,,,,,no_catalog_period
468006524,16.15417438551474,0.0354704828639435,36.1915019305191,3.0,False,NOVEL,False,False,,,,False,True,,,,False,,False,,,False,,,False,,,,,,no_catalog_period
469456984,1.1980654922462632,0.026747166101416,103.52849523494564,23.0,False,NOVEL,False,False,,,,False,True,,,,False,,False,,,False,,,False,,,,,,no_catalog_period
470039605,1.3090515234715314,0.0301944139130153,48.57514006736245,80.0,False,NOVEL,False,False,,,,False,True,,,,False,,False,,,False,,,False,,,,,,no_catalog_period
54704633,1.167494934242539,0.0041059950659113,52.778091174819735,20.0,False,KNOWN_OTHER_TYPE,False,True,Gaia DR3 5718286545569157248,DSCT|GDOR|SXPHE,,False,True,,,,False,,True,DSCT|GDOR|SXPHE,0.4045236,False,,,False,,,,,,no_catalog_period
56143903,1.2358515047391831,0.0079723545497781,36.41099746040363,18.0,False,NOVEL,False,False,,,,False,True,,,,False,,False,,,False,,,False,,,,,,no_catalog_period
60829240,0.688308121043817,0.0164717902981945,315.62760482567984,27.0,False,NOVEL,False,False,,,,False,True,,,,False,,False,,,False,,,False,,,,,,no_catalog_period
62280901,2.4168095536560354,0.11757609759587,797.210062682133,11.0,False,NOVEL,False,False,,,,False,True,,,,False,,False,,,False,,,False,,,,,,no_catalog_period
65701415,2.5319732268903103,0.05975338299896,77.62817192892065,10.0,False,NOVEL,False,False,,,,False,True,,,,False,,False,,,False,,,False,,,,,,no_catalog_period
65970288,1.370533916643225,0.0116942947615862,52.78190014747944,16.0,False,NOVEL,False,False,,,,False,True,,,,False,,False,,,False,,,False,,,,,,no_catalog_period
711891238,5.819309362091764,0.0132630251857534,44.028643775388296,4.0,False,NOVEL,False,False,,,,False,True,,,,False,,False,,,False,,,False,,,,,,no_catalog_period
73331789,7.322363212639402,0.0140273806201055,41.38639433301179,3.0,False,NOVEL,False,False,,,,False,True,,,,False,,False,,,False,,,False,,,,,,no_catalog_period
79792004,15.246228632581948,0.0009171866860897,12.640927148189965,3.0,True,NOVEL,False,False,,,,False,True,,,,False,,False,,,False,,,False,,,,,,no_catalog_period
88740497,2.523254876359608,0.057016767378195,171.7125042441379,10.0,False,NOVEL,False,False,,,,False,True,,,,False,,False,,,False,,,False,,,,,,no_catalog_period
928771178,1.8270332553724928,0.0211747871532085,64.6482875309846,26.0,False,NOVEL,False,False,,,,False,True,,,,False,,False,,,False,,,False,,,,,,no_catalog_period
93119532,0.6865607377412367,0.0062522361667904,828.5250929710044,73.0,False,KNOWN_OTHER_TYPE,False,True,Gaia DR3 5328980981750343168,SPB,,False,True,,,,False,,True,SPB,0.9268293,False,,,False,,,,,,no_catalog_period
941531396,2.0828665441259195,0.028861837441226,202.34920333465936,22.0,False,NOVEL,False,False,,,,False,True,,,,False,,False,,,False,,,False,,,,,,no_catalog_period
96825049,6.893781891401014,0.0004796799235933,14.159745705900146,4.0,False,NOVEL,False,False,,,,False,True,,,,False,,False,,,False,,,False,,,,,,no_catalog_period
10066367,8.326448942708128,0.0296485107823539,46.7444210080441,3.0,False,NOVEL,False,False,,,,False,True,,,,False,,False,,,False,,,False,,,,,,no_catalog_period
102637537,1.1821497870075368,0.015161333255626,75.67699932844727,20.0,False,NOVEL,False,False,,,,False,True,,,,False,,False,,,False,,,False,,,,,,no_catalog_period
111240209,33.245105807413445,0.1621372087724966,1156.614635433787,4.0,False,NOVEL,False,False,,,,False,True,,,,False,,False,,,False,,,False,,,,,,no_catalog_period
119552727,2.793626398209569,0.054775511533916,165.08449561591846,6.0,False,NOVEL,False,False,,,,False,True,,,,False,,False,,,False,,,False,,,,,,no_catalog_period
122962681,4.950884248605022,0.0266059656197031,64.47047151629228,4.0,False,NOVEL,False,False,,,,False,True,,,,False,,False,,,False,,,False,,,,,,no_catalog_period
125612555,1.0877095296940558,0.104892228907431,54.63669452397677,20.0,False,NOVEL,False,False,,,,False,True,,,,False,,False,,,False,,,False,,,,,,no_catalog_period
127008114,1.119648259224896,0.0054725379542382,46.60345225387854,20.0,False,NOVEL,False,False,,,,False,True,,,,False,,False,,,False,,,False,,,,,,no_catalog_period
12998390,9.68982421789938,0.1709383465128161,92.3370233649837,11.0,False,NOVEL,False,False,,,,False,True,,,,False,,False,,,False,,,False,,,,,,no_catalog_period
139781950,1.607944552384427,0.0040516201063073,34.96966156161853,14.0,False,NOVEL,False,False,,,,False,True,,,,False,,False,,,False,,,False,,,,,,no_catalog_period
139841201,0.7441180817671407,0.0205122928226706,37.48285037611173,27.0,False,NOVEL,False,False,,,,False,True,,,,False,,False,,,False,,,False,,,,,,no_catalog_period
1423111080,2.051104106549152,0.1046115551111559,305.1957778581205,48.0,False,NOVEL,False,False,,,,False,True,,,,False,,False,,,False,,,False,,,,,,no_catalog_period
146029257,17.51895164609107,0.0552814528904455,98.38289379787749,3.0,True,NOVEL,False,False,,,,False,True,,,,False,,False,,,False,,,False,,,,,,no_catalog_period
147569893,5.107684619564395,0.1171222186901466,77.91016510142948,9.0,False,KNOWN_OTHER_TYPE,False,True,Gaia DR3 5387567088746070784,VAR,0.0357313,False,True,,,,False,,False,,,False,,,False,,,,,vsx,disagrees(ratio=142.9471)
150230753,2.3341523164057696,0.1645493773960543,235.73179949137648,7.0,False,NOVEL,False,False,,,,False,True,,,,False,,False,,,False,,,False,,,,,,no_catalog_period
154756096,3.0346190191875264,0.0201343610728302,139.34888163426783,13.0,False,KNOWN_OTHER_TYPE,False,True,Gaia DR3 5697673898006120704,VAR,0.0863332,False,True,,,,False,,False,,,False,,,False,,,,,vsx,disagrees(ratio=35.1501)
158398880,3.430730263392483,0.0516574065935399,174.0550642241122,8.0,False,NOVEL,False,False,,,,False,True,,,,False,,False,,,False,,,False,,,,,,no_catalog_period
159614865,7.1031381224845775,0.0004760786996938,17.55451012877255,7.0,False,NOVEL,False,False,,,,False,True,,,,False,,False,,,False,,,False,,,,,,no_catalog_period
165449095,4.160338890906682,0.007144170015668,44.866825281441024,19.0,False,KNOWN_OTHER_TYPE,False,True,ZTF J132112.44+495230.9,BY,4.1209657,False,True,,,,False,,True,SOLAR_LIKE,0.25812402,False,,,False,,,,,vsx,agrees_1x
165584982,9.855556783978146,0.0027360529775089,31.878038682652114,3.0,False,NOVEL,False,False,,,,False,True,,,,False,,False,,,False,,,False,,,,,,no_catalog_period
173513888,0.7335906188955921,0.00218463538359,41.77979557810427,86.0,False,KNOWN_OTHER_TYPE,False,True,Gaia DR3 5586226192518171392,ROT,,False,True,,,,False,,True,SOLAR_LIKE,0.28817236,False,,,False,,,,,,no_catalog_period
183356036,7.739473833419185,0.0011677575482406,33.674563706405685,7.0,False,NOVEL,False,False,,,,False,True,,,,False,,False,,,False,,,False,,,,,,no_catalog_period
207981861,3.45708223307339,0.0303404135021098,66.25316350588051,26.0,False,KNOWN_TOI,True,False,,,,False,True,,,,False,,False,,,False,,,True,3442.01,PC,PC,3.4569274,toi,agrees_1x
216579879,3.418209785653065,0.0102699947912747,22.91760062146268,8.0,False,NOVEL,False,False,,,,False,True,,,,False,,False,,,False,,,False,,,,,,no_catalog_period
220168034,2.1270559731586727,0.0035338812256279,60.699845126031775,22.0,False,NOVEL,False,False,,,,False,True,,,,False,,False,,,False,,,False,,,,,,no_catalog_period
230151048,1.1095192463684476,0.1535251997381218,3678.932584850526,23.0,False,NOVEL,False,False,,,,False,True,,,,False,,False,,,False,,,False,,,,,,no_catalog_period
231055671,15.26146190982091,0.3257270396231462,652.2280577436619,3.0,False,NOVEL,False,False,,,,False,True,,,,False,,False,,,False,,,False,,,,,,no_catalog_period
239661046,1.0539905752346004,0.0624883941002692,889.2489012248482,36.0,False,NOVEL,False,False,,,,False,True,,,,False,,False,,,False,,,False,,,,,,no_catalog_period
260332994,2.881229601519858,0.03083159526906,68.25777383072244,10.0,False,NOVEL,False,False,,,,False,True,,,,False,,False,,,False,,,False,,,,,,no_catalog_period
262664113,6.46665266591704,0.0021643763447337,275.4720660927182,5.0,False,NOVEL,False,False,,,,False,True,,,,False,,False,,,False,,,False,,,,,,no_catalog_period
273787849,2.1425494093940736,0.0280299382026068,402.6696104039655,54.0,False,NOVEL,False,False,,,,False,True,,,,False,,False,,,False,,,False,,,,,,no_catalog_period
284657696,17.733565514334867,0.8696990939683917,16184.819883487104,3.0,True,NOVEL,False,False,,,,False,True,,,,False,,False,,,False,,,False,,,,,,no_catalog_period
29341425,17.574498416651334,0.0202135245457849,175.6758924429735,3.0,True,NOVEL,False,False,,,,False,True,,,,False,,False,,,False,,,False,,,,,,no_catalog_period
295403854,7.556828089499767,0.1449527379054422,644.5310741714161,3.0,False,KNOWN_OTHER_TYPE,False,True,GDS_J0714595-145101,VAR,,True,True,J071459.52-145101.3,ROT:,--,False,,False,,,False,,,False,,,,,,no_catalog_period
299181668,1.770205891212911,0.0616689763080875,127.21740433086882,14.0,False,NOVEL,False,False,,,,False,True,,,,False,,False,,,False,,,False,,,,,,no_catalog_period
304768365,12.309858925645525,0.0018971472146394,213.17024647683857,3.0,False,NOVEL,False,False,,,,False,True,,,,False,,False,,,False,,,False,,,,,,no_catalog_period
304817303,12.009009733343072,0.0151691810138572,39.443998113523726,4.0,False,NOVEL,False,False,,,,False,True,,,,False,,False,,,False,,,False,,,,,,no_catalog_period
310710295,0.7069556536215386,0.0320855354646189,12.35772847322735,31.0,False,NOVEL,False,False,,,,False,True,,,,False,,False,,,False,,,False,,,,,,no_catalog_period
313374362,2.4107957613353306,0.0180302783316289,59.34986133219466,8.0,False,NOVEL,False,False,,,,False,True,,,,False,,False,,,False,,,False,,,,,,no_catalog_period
31409371,36.22582684631796,0.0547363244786813,709.5383372800521,6.0,False,NOVEL,False,False,,,,False,True,,,,False,,False,,,False,,,False,,,,,,no_catalog_period
31595993,9.229137950597591,0.1433609110107712,58.84632816860599,3.0,False,NOVEL,False,False,,,,False,True,,,,False,,False,,,False,,,False,,,,,,no_catalog_period
318730680,7.478097095968489,0.1096452107513083,267.2442832025629,3.0,False,NOVEL,False,False,,,,False,True,,,,False,,False,,,False,,,False,,,,,,no_catalog_period
326070891,4.936261627022057,0.0368548426545425,253.13467459469683,6.0,False,NOVEL,False,False,,,,False,True,,,,False,,False,,,False,,,False,,,,,,no_catalog_period
329718302,2.046059052375737,0.0079830099987937,38.011599503581984,13.0,False,NOVEL,False,False,,,,False,True,,,,False,,False,,,False,,,False,,,,,,no_catalog_period
348371932,0.7276348037219281,0.0276019748546237,55.66990846307864,24.0,False,NOVEL,False,False,,,,False,True,,,,False,,False,,,False,,,False,,,,,,no_catalog_period
349408012,1.004586545832258,0.0049379007901651,172.42468750553135,285.0,False,NOVEL,False,False,,,,False,True,,,,False,,False,,,False,,,False,,,,,,no_catalog_period
355282141,0.7230018163589272,0.0188872889955015,251.75753112196415,80.0,False,KNOWN_OTHER_TYPE,False,True,ASASSN-V J071537.85-535036.7,DSCT:,0.180766,True,True,J071537.86-535036.7,DSCT:,0.18077,False,,False,,,False,,,False,,,,,vsx,disagrees(ratio=3.9997)
373035530,13.826307142383186,0.0294244179570407,385.0637316467841,3.0,True,NOVEL,False,False,,,,False,True,,,,False,,False,,,False,,,False,,,,,,no_catalog_period
383339032,2.6109044604416964,0.0084234331096648,19.270093558217365,8.0,False,NOVEL,False,False,,,,False,True,,,,False,,False,,,False,,,False,,,,,,no_catalog_period
387851535,4.270187432349221,0.0387013553452682,127.39646967530396,34.0,False,KNOWN_OTHER_TYPE,False,True,Gaia DR3 2173386909315948928,VAR,0.0889042,False,True,,,,False,,False,,,False,,,False,,,,,vsx,disagrees(ratio=48.0313)
394015874,0.8930240450629428,0.014365854625679,53.80256895987755,28.0,False,NOVEL,False,False,,,,False,True,,,,False,,False,,,False,,,False,,,,,,no_catalog_period
397061058,2.0695879196029905,0.0315496690563869,662.1713506894147,12.0,False,NOVEL,False,False,,,,False,True,,,,False,,False,,,False,,,False,,,,,,no_catalog_period
399639926,0.655852102040613,0.0097659581642331,268.752174241762,55.0,False,KNOWN_OTHER_TYPE,False,True,Gaia DR3 5231735951451717504,DSCT|GDOR|SXPHE,,False,True,,,,False,,True,DSCT|GDOR|SXPHE,0.76850116,False,,,False,,,,,,no_catalog_period
399840488,4.519711900745856,0.0016538136210739,37.06650373972728,11.0,False,NOVEL,False,False,,,,False,True,,,,False,,False,,,False,,,False,,,,,,no_catalog_period
402718926,0.8972262756481678,0.0252857648541646,1266.659323144983,52.0,False,KNOWN_OTHER_TYPE,False,True,Gaia DR3 5793864432245758464,DSCT|GDOR|SXPHE,0.448073,False,True,,,,False,,True,DSCT|GDOR|SXPHE,0.019123212,False,,,False,,,,,vsx,agrees_2x
410951497,2.4883215981649256,0.0391130592330359,344.60750414108975,11.0,False,NOVEL,False,False,,,,False,True,,,,False,,False,,,False,,,False,,,,,,no_catalog_period
427394892,6.489005661688685,0.0014387819221574,236.46005145673604,3.0,False,KNOWN_OTHER_TYPE,False,True,[H97b] 9232,TTS,,False,True,,,,False,,False,,,False,,,False,,,,,,no_catalog_period
43302206,1.2259773821643374,0.0509956893422754,132.69055815932796,171.0,False,NOVEL,False,False,,,,False,True,,,,False,,False,,,False,,,False,,,,,,no_catalog_period
453692345,0.8146385638629187,0.0970768913977311,397.785769507827,59.0,False,NOVEL,False,False,,,,False,True,,,,False,,False,,,False,,,False,,,,,,no_catalog_period
457801269,3.1561343130066777,0.1243145765569508,227.05625778774333,48.0,False,NOVEL,False,False,,,,False,True,,,,False,,False,,,False,,,False,,,,,,no_catalog_period
458235655,2.2327311655301068,0.0043662717637647,19.214136246227525,11.0,False,NOVEL,False,False,,,,False,True,,,,False,,False,,,False,,,False,,,,,,no_catalog_period
458362081,5.563419296337553,0.026178204974216,194.69913508858144,4.0,False,NOVEL,False,False,,,,False,True,,,,False,,False,,,False,,,False,,,,,,no_catalog_period
464731955,5.123847974090278,0.0129416796486186,49.67406408805415,4.0,False,NOVEL,False,False,,,,False,True,,,,False,,False,,,False,,,False,,,,,,no_catalog_period
466091533,8.855401814799244,0.0012345139938637,109.59104507964604,4.0,False,NOVEL,False,False,,,,False,True,,,,False,,False,,,False,,,False,,,,,,no_catalog_period
466456902,4.973132048265268,0.0716413075164326,88.5240182560254,10.0,False,NOVEL,False,False,,,,False,True,,,,False,,False,,,False,,,False,,,,,,no_catalog_period
469366078,1.520988442567739,0.0359272455309919,204.62267975190457,68.0,False,KNOWN_OTHER_TYPE,False,True,Gaia DR3 4039990274649965696,SR|M,127.5,False,True,,,,False,,True,LPV,0.90399045,False,,,False,,,,,vsx,disagrees(ratio=0.0119)
47148579,5.718090950009,0.1642483621990347,666.9903009314538,4.0,False,NOVEL,False,False,,,,False,True,,,,False,,False,,,False,,,False,,,,,,no_catalog_period
54279628,3.41768130453353,0.0298038079428045,47.4396733208642,6.0,False,NOVEL,False,False,,,,False,True,,,,False,,False,,,False,,,False,,,,,,no_catalog_period
73499448,4.642400900522122,0.0247919040644517,140.55393545602706,5.0,False,NOVEL,False,False,,,,False,True,,,,False,,False,,,False,,,False,,,,,,no_catalog_period
76798849,2.2701718943460665,0.0083077055815986,37.936280170411386,19.0,False,KNOWN_TOI,True,False,,,,False,True,,,,False,,False,,,False,,,True,5472.01,PC,PC,2.2703829,toi,agrees_1x
80735044,3.2129009073709707,0.0057682931224552,36.93209144224375,8.0,False,NOVEL,False,False,,,,False,True,,,,False,,False,,,False,,,False,,,,,,no_catalog_period
1005717774,3.46199895685271,0.0330677530049789,132.2910095851696,13.0,False,NOVEL,False,False,,,,False,True,,,,False,,False,,,False,,,False,,,,,,no_catalog_period
153847933,1.5126745689956045,0.0228501639676511,115.07716927739216,27.0,False,NOVEL,False,False,,,,False,True,,,,False,,False,,,False,,,False,,,,,,no_catalog_period
165606794,1.360678039774443,0.0524919369541349,329.478623235809,134.0,False,NOVEL,False,False,,,,False,True,,,,False,,False,,,False,,,False,,,,,,no_catalog_period
183480856,0.6859485389237403,0.0907432783524348,37.90994043765614,37.0,False,NOVEL,False,False,,,,False,True,,,,False,,False,,,False,,,False,,,,,,no_catalog_period
221066192,1.075195447126325,0.0050494424736203,54.82474827197094,23.0,False,KNOWN_OTHER_TYPE,False,True,Gaia DR3 5928160775368737792,ROT,,False,True,,,,False,,True,SOLAR_LIKE,0.25384936,False,,,False,,,,,,no_catalog_period
230265281,13.730625126952472,0.0049267156097524,14.427685359094694,3.0,False,NOVEL,False,False,,,,False,True,,,,False,,False,,,False,,,False,,,,,,no_catalog_period
232226631,5.102339631843011,0.0126132728858253,29.30209144599574,3.0,False,NOVEL,False,False,,,,False,True,,,,False,,False,,,False,,,False,,,,,,no_catalog_period
258573942,1.314668791561236,0.0262707728044608,243.0646543156844,19.0,False,NOVEL,False,False,,,,False,True,,,,False,,False,,,False,,,False,,,,,,no_catalog_period
285475457,9.477946455290894,0.0315464125517117,107.733335179285,3.0,False,NOVEL,False,False,,,,False,True,,,,False,,False,,,False,,,False,,,,,,no_catalog_period
287677245,0.8982113541726204,0.0925573425541586,174.94458265186768,114.0,False,NOVEL,False,False,,,,False,True,,,,False,,False,,,False,,,False,,,,,,no_catalog_period
300231919,0.9031349085548168,0.0059712200619947,59.080252970372605,29.0,False,NOVEL,False,False,,,,False,True,,,,False,,False,,,False,,,False,,,,,,no_catalog_period
308409944,0.8252100532903566,0.0045108114377823,10.489604509404003,68.0,False,NOVEL,False,False,,,,False,True,,,,False,,False,,,False,,,False,,,,,,no_catalog_period
317538704,0.946167722230545,0.0302288101595571,198.7649198675415,52.0,False,NOVEL,False,False,,,,False,True,,,,False,,False,,,False,,,False,,,,,,no_catalog_period
334476178,7.64163382177736,0.0236559863445065,128.51709309939406,6.0,False,NOVEL,False,False,,,,False,True,,,,False,,False,,,False,,,False,,,,,,no_catalog_period
335314943,2.5773285244181285,0.0296671945786384,108.5844987631746,7.0,False,NOVEL,False,False,,,,False,True,,,,False,,False,,,False,,,False,,,,,,no_catalog_period
336963973,4.492954167561515,0.0481815883651597,596.5908092809818,6.0,False,KNOWN_OTHER_TYPE,False,True,Gaia DR3 5968082217161575040,RS,,False,True,,,,False,,True,RS,0.42252716,False,,,False,,,,,,no_catalog_period
341461748,1.2903529469139792,0.02154795679756,90.46376237576791,21.0,False,NOVEL,False,False,,,,False,True,,,,False,,False,,,False,,,False,,,,,,no_catalog_period
367315395,7.919275845313248,0.0039062573687675,15.15890274740278,4.0,False,NOVEL,False,False,,,,False,True,,,,False,,False,,,False,,,False,,,,,,no_catalog_period
42614397,9.526473048048306,0.0243868998666428,93.6214008833149,3.0,False,NOVEL,False,False,,,,False,True,,,,False,,False,,,False,,,False,,,,,,no_catalog_period
446900421,13.19167022663746,0.0439464295126185,269.8163635863918,3.0,True,NOVEL,False,False,,,,False,True,,,,False,,False,,,False,,,False,,,,,,no_catalog_period
447039069,2.874180591672238,0.0755526803732175,600.1580889320154,9.0,False,NOVEL,False,False,,,,False,True,,,,False,,False,,,False,,,False,,,,,,no_catalog_period
469477138,1.3510769284553408,0.002808221941821,88.44349969359229,19.0,False,NOVEL,False,False,,,,False,True,,,,False,,False,,,False,,,False,,,,,,no_catalog_period
54227637,2.280489456008898,0.0291826206439539,576.3125339924037,10.0,False,KNOWN_OTHER_TYPE,False,True,Gaia DR3 5717799427557890048,DSCT|GDOR|SXPHE,,False,True,,,,False,,True,DSCT|GDOR|SXPHE,0.54936576,False,,,False,,,,,,no_catalog_period
59575189,2.5194581756491754,0.0029301993504942,20.77740820635534,15.0,False,KNOWN_TOI,True,False,,,,False,True,,,,False,,False,,,False,,,True,5490.01,PC,PC,2.5193047,toi,agrees_1x
65407576,3.20910295750927,0.1368413661897448,230.50985072150303,6.0,False,KNOWN_OTHER_TYPE,False,True,Gaia DR3 5617461088785048448,VAR,0.0177659,False,True,,,,False,,False,,,False,,,False,,,,,vsx,disagrees(ratio=180.6327)
72555157,1.186293324031729,0.1863421835134734,128.3405756974857,17.0,False,NOVEL,False,False,,,,False,True,,,,False,,False,,,False,,,False,,,,,,no_catalog_period
86934109,1.0522571656841455,0.0045694029494552,111.78537293548358,204.0,False,NOVEL,False,False,,,,False,True,,,,False,,False,,,False,,,False,,,,,,no_catalog_period
124508488,2.851039118055105,0.0862042869886476,464.03780871640254,8.0,False,NOVEL,False,False,,,,False,True,,,,False,,False,,,False,,,False,,,,,,no_catalog_period
153275485,17.60875297887254,0.081395347396046,1624.2468689290113,3.0,True,KNOWN_OTHER_TYPE,False,True,Gaia DR3 5597934689995782784,ROT,,False,True,,,,False,,True,SOLAR_LIKE,0.30506998,False,,,False,,,,,,no_catalog_period
153849710,2.116048094256846,0.0056563108963477,61.69786050011149,19.0,False,NOVEL,False,False,,,,False,True,,,,False,,False,,,False,,,False,,,,,,no_catalog_period
187971282,7.270701729247994,0.1715027195826834,1256.2986752157817,4.0,False,NOVEL,False,False,,,,False,True,,,,False,,False,,,False,,,False,,,,,,no_catalog_period
220212798,1.3102231533544486,0.0114804059629044,85.1695080923717,16.0,False,NOVEL,False,False,,,,False,True,,,,False,,False,,,False,,,False,,,,,,no_catalog_period
221087982,12.398625091032477,0.0033221843692987,24.950287091791665,3.0,False,NOVEL,False,False,,,,False,True,,,,False,,False,,,False,,,False,,,,,,no_catalog_period
232261044,0.810820648448669,0.0253431915859159,88.45101896074124,23.0,False,NOVEL,False,False,,,,False,True,,,,False,,False,,,False,,,False,,,,,,no_catalog_period
251909160,1.0322434693176803,0.0020060708664793,50.542433708973576,33.0,False,NOVEL,False,False,,,,False,True,,,,False,,False,,,False,,,False,,,,,,no_catalog_period
300228365,5.624899038909654,0.0010602696119162,28.700616146086507,5.0,False,NOVEL,False,False,,,,False,True,,,,False,,False,,,False,,,False,,,,,,no_catalog_period
307453359,3.740100951266336,0.0711057923100511,107.16268635712548,6.0,False,NOVEL,False,False,,,,False,True,,,,False,,False,,,False,,,False,,,,,,no_catalog_period
317238196,1.9859505738961376,0.017637449928787,54.4712929164539,25.0,False,NOVEL,False,False,,,,False,True,,,,False,,False,,,False,,,False,,,,,,no_catalog_period
318815324,17.110489291674728,0.0514105058778689,374.3870537157012,4.0,False,NOVEL,False,False,,,,False,True,,,,False,,False,,,False,,,False,,,,,,no_catalog_period
376909885,0.9078727307548738,0.0006695319913924,25.666446774062475,80.0,False,NOVEL,False,False,,,,False,True,,,,False,,False,,,False,,,False,,,,,,no_catalog_period
411924621,0.7329265430125713,0.0082229193620491,115.75032279618686,26.0,False,NOVEL,False,False,,,,False,True,,,,False,,False,,,False,,,False,,,,,,no_catalog_period
418902333,17.56164465398457,0.3848197422191489,7498.00840007644,3.0,True,NOVEL,False,False,,,,False,True,,,,False,,False,,,False,,,False,,,,,,no_catalog_period
42614554,9.48566518322221,0.024326282407478,125.81746154208058,3.0,False,NOVEL,False,False,,,,False,True,,,,False,,False,,,False,,,False,,,,,,no_catalog_period
44666113,3.936781346847762,0.0307887715863381,89.61020383885774,6.0,False,NOVEL,False,False,,,,False,True,,,,False,,False,,,False,,,False,,,,,,no_catalog_period
447039068,2.8735931007360893,0.1160222212301968,1319.3969768160673,9.0,False,NOVEL,False,False,,,,False,True,,,,False,,False,,,False,,,False,,,,,,no_catalog_period
54228799,2.009086202719359,0.0004015696182173,22.349274635451035,11.0,False,NOVEL,False,False,,,,False,True,,,,False,,False,,,False,,,False,,,,,,no_catalog_period
59565839,2.4877614195377653,0.0127420730814465,58.666020060301975,9.0,False,NOVEL,False,False,,,,False,True,,,,False,,False,,,False,,,False,,,,,,no_catalog_period
86933689,0.6615128259939845,0.0358782468174602,71.19506804248694,79.0,False,NOVEL,False,False,,,,False,True,,,,False,,False,,,False,,,False,,,,,,no_catalog_period
96953218,0.7453561614250659,0.032680970172373,273.4788737955818,31.0,False,KNOWN_OTHER_TYPE,False,True,ZTF J045810.52+315246.9,DSCT,0.106534,True,True,J045810.52+315246.9,HADS,0.10653,False,,False,,,False,,,False,,,,,vsx,disagrees(ratio=6.9964)
1026533862,3.555022961131032,0.0127389440138887,71.76477163579595,8.0,False,NOVEL,False,False,,,,False,True,,,,False,,False,,,False,,,False,,,,,,no_catalog_period
117918093,1.1058242192194927,0.1167485981780264,356.57663150135454,141.0,False,NOVEL,False,False,,,,False,True,,,,False,,False,,,False,,,False,,,,,,no_catalog_period
120696924,2.9572663560210604,0.0629407624205882,335.3890700256491,9.0,False,NOVEL,False,False,,,,False,True,,,,False,,False,,,False,,,False,,,,,,no_catalog_period
121020593,1.5222935674032678,0.000587554985243,19.8595582608332,6.0,False,NOVEL,False,False,,,,False,True,,,,False,,False,,,False,,,False,,,,,,no_catalog_period
121314359,1.3082779346069973,0.0550674573037118,755.9169974619607,16.0,False,NOVEL,False,False,,,,False,True,,,,False,,False,,,False,,,False,,,,,,no_catalog_period
125267676,0.8074045122524592,0.0342083320496507,369.5754512386043,28.0,False,NOVEL,False,False,,,,False,True,,,,False,,False,,,False,,,False,,,,,,no_catalog_period
130443651,2.6982073663323547,0.028847138728412,361.8416267578695,15.0,False,NOVEL,False,False,,,,False,True,,,,False,,False,,,False,,,False,,,,,,no_catalog_period
138390181,12.711387104282554,0.0437115770960423,56.8528941274862,3.0,False,NOVEL,False,False,,,,False,True,,,,False,,False,,,False,,,False,,,,,,no_catalog_period
1392468201,2.0509254645016224,0.0328690341895413,114.12416929407658,10.0,False,NOVEL,False,False,,,,False,True,,,,False,,False,,,False,,,False,,,,,,no_catalog_period
140306663,13.189760380186572,0.019957493408075,21.62414178836056,3.0,False,NOVEL,False,False,,,,False,True,,,,False,,False,,,False,,,False,,,,,,no_catalog_period
142614695,5.403416200150103,0.0002604990548161,29.125299288795063,9.0,False,NOVEL,False,False,,,,False,True,,,,False,,False,,,False,,,False,,,,,,no_catalog_period
143378568,1.514948726909098,0.0153410784096334,99.7986192962969,14.0,False,NOVEL,False,False,,,,False,True,,,,False,,False,,,False,,,False,,,,,,no_catalog_period
144800712,19.223936637250816,0.1145698247906892,68.34290998447304,3.0,True,NOVEL,False,False,,,,False,True,,,,False,,False,,,False,,,False,,,,,,no_catalog_period
152246049,2.4237845561680538,0.044991816424395,135.34566232139716,17.0,False,KNOWN_OTHER_TYPE,False,True,Gaia DR3 5594279638463860608,ROT,,False,True,,,,False,,True,SOLAR_LIKE,0.2772953,False,,,False,,,,,,no_catalog_period
155125277,2.103192812985496,0.0079057259345609,43.14580780097312,19.0,False,NOVEL,False,False,,,,False,True,,,,False,,False,,,False,,,False,,,,,,no_catalog_period
157302212,0.9654108272696952,0.3751717571669744,153.86448062382445,80.0,False,NOVEL,False,False,,,,False,True,,,,False,,False,,,False,,,False,,,,,,no_catalog_period
158864044,5.715551792144392,0.1635810581807703,187.88314702348453,3.0,False,NOVEL,False,False,,,,False,True,,,,False,,False,,,False,,,False,,,,,,no_catalog_period
166636745,3.167410026711716,0.0113935074788987,143.11723932392812,58.0,False,NOVEL,False,False,,,,False,True,,,,False,,False,,,False,,,False,,,,,,no_catalog_period
176244979,1.6554902698347025,0.0079587253685625,52.12904676808671,13.0,False,NOVEL,False,False,,,,False,True,,,,False,,False,,,False,,,False,,,,,,no_catalog_period
178549342,2.7969709481723872,0.058428079163021,79.10086751742834,8.0,False,NOVEL,False,False,,,,False,True,,,,False,,False,,,False,,,False,,,,,,no_catalog_period
183197852,21.46350305815245,0.3087270439825351,4038.9553609196337,4.0,False,KNOWN_OTHER_TYPE,False,True,Gaia DR3 5527471937564317568,VAR,0.0369613,False,True,,,,False,,False,,,False,,,False,,,,,vsx,disagrees(ratio=580.7021)
1869034711,0.9267453506579074,0.0615053309759402,135.41699805761522,199.0,False,NOVEL,False,False,,,,False,True,,,,False,,False,,,False,,,False,,,,,,no_catalog_period
189504074,5.313366028463488,0.067139526967184,55.975385644296566,8.0,False,KNOWN_OTHER_TYPE,False,True,Gaia DR3 5879363933925729664,VAR,0.226043,False,True,,,,False,,False,,,False,,,False,,,,,vsx,disagrees(ratio=23.5060)
190357942,1.058834451314875,0.0068136299732519,17.183696681872433,19.0,False,NOVEL,False,False,,,,False,True,,,,False,,False,,,False,,,False,,,,,,no_catalog_period
207693990,2.7159525712256563,0.0083325099134411,45.778643117341154,9.0,False,CONTAMINATED,False,False,,,,False,True,,,,False,,False,,,False,,,False,,,,,,no_catalog_period
210153940,0.7040999018149344,0.1318650189541527,438.4594393112912,33.0,False,NOVEL,False,False,,,,False,True,,,,False,,False,,,False,,,False,,,,,,no_catalog_period
210378687,6.2961292728260165,0.0339376529755443,44.7298114386515,4.0,False,KNOWN_OTHER_TYPE,False,True,Gaia DR3 5896373206989906560,ROT,,False,True,,,,False,,True,SOLAR_LIKE,0.49043137,False,,,False,,,,,,no_catalog_period
212617453,0.834862557872346,0.0112657223749128,172.88595356610458,26.0,False,NOVEL,False,False,,,,False,True,,,,False,,False,,,False,,,False,,,,,,no_catalog_period
214431929,1.1789368512210192,0.0206436037992632,71.44184137559222,18.0,False,NOVEL,False,False,,,,False,True,,,,False,,False,,,False,,,False,,,,,,no_catalog_period
216935702,0.9871398961946608,0.0267372676359451,81.37825903038778,22.0,False,NOVEL,False,False,,,,False,True,,,,False,,False,,,False,,,False,,,,,,no_catalog_period
217095596,4.984395232202815,0.0073155433368185,37.4873701158473,6.0,False,NOVEL,False,False,,,,False,True,,,,False,,False,,,False,,,False,,,,,,no_catalog_period
217740456,2.361047641377488,0.028149731661281,822.5340024885705,11.0,False,NOVEL,False,False,,,,False,True,,,,False,,False,,,False,,,False,,,,,,no_catalog_period
222063436,3.252568684474128,0.0220972281327971,35.70652863067926,8.0,False,NOVEL,False,False,,,,False,True,,,,False,,False,,,False,,,False,,,,,,no_catalog_period
223684377,3.490934075836061,0.0188616659418264,55.43589399127281,7.0,False,NOVEL,False,False,,,,False,True,,,,False,,False,,,False,,,False,,,,,,no_catalog_period
225213212,5.363743527797912,0.006167835261252,218.37655969925729,4.0,False,NOVEL,False,False,,,,False,True,,,,False,,False,,,False,,,False,,,,,,no_catalog_period
229639434,1.197063924116345,0.000921923837072,23.66528398043557,149.0,False,NOVEL,False,False,,,,False,True,,,,False,,False,,,False,,,False,,,,,,no_catalog_period
230147248,1.1095192431997094,0.1023847115937171,1962.878428829648,23.0,False,NOVEL,False,False,,,,False,True,,,,False,,False,,,False,,,False,,,,,,no_catalog_period
234086846,1.6814163127471806,0.0197054755898971,80.15797425823513,8.0,False,NOVEL,False,False,,,,False,True,,,,False,,False,,,False,,,False,,,,,,no_catalog_period
234431746,1.2678838789482716,0.0097206881111087,128.28744750535773,18.0,False,NOVEL,False,False,,,,False,True,,,,False,,False,,,False,,,False,,,,,,no_catalog_period
234718501,0.9405199753026802,0.0260388254983201,46.651283747980536,21.0,False,NOVEL,False,False,,,,False,True,,,,False,,False,,,False,,,False,,,,,,no_catalog_period
234848247,3.0837186637312337,0.0124946753416563,115.87129349928976,7.0,False,NOVEL,False,False,,,,False,True,,,,False,,False,,,False,,,False,,,,,,no_catalog_period
237226943,1.9983404286027555,0.0101822234332575,168.54001376994526,318.0,False,NOVEL,False,False,,,,False,True,,,,False,,False,,,False,,,False,,,,,,no_catalog_period
238634632,3.623961472697808,0.0045230951202244,31.56329877363261,18.0,False,NOVEL,False,False,,,,False,True,,,,False,,False,,,False,,,False,,,,,,no_catalog_period
23896836,5.243448489176932,0.0945655933632625,217.21296651106283,4.0,False,NOVEL,False,False,,,,False,True,,,,False,,False,,,False,,,False,,,,,,no_catalog_period
246588754,5.250948177521562,0.0047673586350672,35.48451509816239,6.0,False,KNOWN_OTHER_TYPE,False,True,Gaia DR3 5964820309755835648,L,,False,True,,,,False,,True,LPV,0.83266026,False,,,False,,,,,,no_catalog_period
250295587,0.8514249754808026,0.0047604148873695,113.66494497070305,39.0,False,NOVEL,False,False,,,,False,True,,,,False,,False,,,False,,,False,,,,,,no_catalog_period
254933232,1.108610359807925,0.0410943597669241,564.0593501808714,22.0,False,KNOWN_OTHER_TYPE,False,True,Gaia DR3 5987774096788619904,SR|M,120.1,True,True,J155108.08-462810.7,L,--,False,,True,LPV,0.942781,False,,,False,,,,,vsx,disagrees(ratio=0.0092)
258100056,0.6662781811377773,0.0122007868994129,96.98958858151676,18.0,False,NOVEL,False,False,,,,False,True,,,,False,,False,,,False,,,False,,,,,,no_catalog_period
259447502,2.835498799969489,0.009504940473227,65.15043367105388,8.0,False,NOVEL,False,False,,,,False,True,,,,False,,False,,,False,,,False,,,,,,no_catalog_period
261459139,3.0425596129013845,0.141175056744584,411.8876939747959,8.0,False,KNOWN_OTHER_TYPE,False,True,Gaia DR3 6363529171886592512,RS,,False,True,,,,False,,True,RS,0.51418763,False,,,False,,,,,,no_catalog_period
262333755,4.169256466654864,0.0342989161599034,259.5269090088995,6.0,False,NOVEL,False,False,,,,False,True,,,,False,,False,,,False,,,False,,,,,,no_catalog_period
263612641,1.1075414988304717,0.0193027162846006,61.597074279563046,21.0,False,NOVEL,False,False,,,,False,True,,,,False,,False,,,False,,,False,,,,,,no_catalog_period
264133387,13.21941496202406,0.0010912201068786,16.081633549573624,3.0,False,NOVEL,False,False,,,,False,True,,,,False,,False,,,False,,,False,,,,,,no_catalog_period
265511532,2.1763092949715848,0.0556975985660695,399.1603114297457,10.0,False,NOVEL,False,False,,,,False,True,,,,False,,False,,,False,,,False,,,,,,no_catalog_period
271178354,0.9130812426574136,0.007903546801449,59.286075227839206,43.0,False,NOVEL,False,False,,,,False,True,,,,False,,False,,,False,,,False,,,,,,no_catalog_period
271922636,0.6795347198392128,0.0080904466050289,26.561357222455115,25.0,False,KNOWN_OTHER_TYPE,False,True,Gaia DR3 5645020966211682560,ROT,,False,True,,,,False,,True,SOLAR_LIKE,0.6004809,False,,,False,,,,,,no_catalog_period
272406383,2.341817026803754,0.0078906282198603,55.12105330681332,12.0,False,NOVEL,False,False,,,,False,True,,,,False,,False,,,False,,,False,,,,,,no_catalog_period
273978059,0.6989237060065335,0.0391059762186857,169.17672595457364,24.0,False,NOVEL,False,False,,,,False,True,,,,False,,False,,,False,,,False,,,,,,no_catalog_period
274027639,6.592412616080541,0.4315554506535232,289.11599918330484,27.0,False,KNOWN_OTHER_TYPE,False,True,Gaia DR3 2078582618712977920,ROT,,False,True,,,,False,,True,SOLAR_LIKE,0.11423782,False,,,False,,,,,,no_catalog_period
274870517,7.239419010975823,0.0837986155092792,176.77687422328717,4.0,False,NOVEL,False,False,,,,False,True,,,,False,,False,,,False,,,False,,,,,,no_catalog_period
279151949,3.004538567313316,0.018278780440648,130.4263476521565,10.0,False,NOVEL,False,False,,,,False,True,,,,False,,False,,,False,,,False,,,,,,no_catalog_period
279938210,8.044796184214627,0.0400167066186874,31.952394951504672,3.0,False,NOVEL,False,False,,,,False,True,,,,False,,False,,,False,,,False,,,,,,no_catalog_period
280381818,4.5672146412696994,0.0442520661634078,206.1508458259561,10.0,False,NOVEL,False,False,,,,False,True,,,,False,,False,,,False,,,False,,,,,,no_catalog_period
28645197,2.552176372583778,0.0216336724058061,79.60174591621903,16.0,False,NOVEL,False,False,,,,False,True,,,,False,,False,,,False,,,False,,,,,,no_catalog_period
290526384,1.7103806931738277,0.0130899533685263,147.53877427662997,29.0,False,NOVEL,False,False,,,,False,True,,,,False,,False,,,False,,,False,,,,,,no_catalog_period
294700917,0.8613890393276591,0.016043605016378,71.10927676172477,52.0,False,NOVEL,False,False,,,,False,True,,,,False,,False,,,False,,,False,,,,,,no_catalog_period
294860388,3.0825736869418847,0.0123519562242063,88.20035633661158,15.0,False,NOVEL,False,False,,,,False,True,,,,False,,False,,,False,,,False,,,,,,no_catalog_period
296663178,2.163122745988212,0.0263581968524224,297.90352643208183,24.0,False,NOVEL,False,False,,,,False,True,,,,False,,False,,,False,,,False,,,,,,no_catalog_period
297484560,2.928128906588455,0.0384945121547949,337.906108396068,9.0,False,NOVEL,False,False,,,,False,True,,,,False,,False,,,False,,,False,,,,,,no_catalog_period
306295635,3.0856944321586823,0.0152686737808606,34.29953445142653,14.0,False,NOVEL,False,False,,,,False,True,,,,False,,False,,,False,,,False,,,,,,no_catalog_period
310306741,0.6577128769042788,0.0003591988718952,90.17671563411292,132.0,False,NOVEL,False,False,,,,False,True,,,,False,,False,,,False,,,False,,,,,,no_catalog_period
310865046,16.109458478985385,0.0014463965879489,35.95119087109666,4.0,False,NOVEL,False,False,,,,False,True,,,,False,,False,,,False,,,False,,,,,,no_catalog_period
3126131,19.44072274635086,0.084415302399807,47.33468440433544,3.0,True,NOVEL,False,False,,,,False,True,,,,False,,False,,,False,,,False,,,,,,no_catalog_period
313372824,2.727044154543866,0.0154740544194897,163.82344981166142,9.0,False,NOVEL,False,False,,,,False,True,,,,False,,False,,,False,,,False,,,,,,no_catalog_period
318440584,2.0885789427367483,0.0697377534371059,407.57312280611546,56.0,False,NOVEL,False,False,,,,False,True,,,,False,,False,,,False,,,False,,,,,,no_catalog_period
323596833,3.453290811990538,0.0004240167039993,25.011567574406648,7.0,False,NOVEL,False,False,,,,False,True,,,,False,,False,,,False,,,False,,,,,,no_catalog_period
327737085,13.865213183464569,0.1399369951722368,159.86075480275778,4.0,False,KNOWN_OTHER_TYPE,False,True,Gaia DR3 5852334055494821632,VAR,0.0835613,False,True,,,,False,,False,,,False,,,False,,,,,vsx,disagrees(ratio=165.9286)
330436328,1.0295600093126975,0.004975319167906,189.1821219724837,26.0,False,NOVEL,False,False,,,,False,True,,,,False,,False,,,False,,,False,,,,,,no_catalog_period
330959037,0.9005024568821706,0.0791267660571174,14.393074850391338,28.0,False,KNOWN_OTHER_TYPE,False,False,,,,False,True,,,,False,,True,RR,0.90725964,False,,,False,,,,,,no_catalog_period
331072761,8.09839255463973,0.1204563471462517,186.7133398839124,23.0,False,NOVEL,False,False,,,,False,True,,,,False,,False,,,False,,,False,,,,,,no_catalog_period
331288937,10.20696538756915,0.0215768060196482,48.82938655100562,3.0,False,NOVEL,False,False,,,,False,True,,,,False,,False,,,False,,,False,,,,,,no_catalog_period
338202658,2.923584321146523,0.1321489032525705,211.7276855132949,17.0,False,NOVEL,False,False,,,,False,True,,,,False,,False,,,False,,,False,,,,,,no_catalog_period
342512314,17.574488132550727,0.031369574728591,64.98775266428683,3.0,True,NOVEL,False,False,,,,False,True,,,,False,,False,,,False,,,False,,,,,,no_catalog_period
349318274,2.656752069891604,0.0102779097597211,117.09146995670682,8.0,False,NOVEL,False,False,,,,False,True,,,,False,,False,,,False,,,False,,,,,,no_catalog_period
358653682,25.716589645086444,0.174869555383766,976.6043178879928,3.0,True,NOVEL,False,False,,,,False,True,,,,False,,False,,,False,,,False,,,,,,no_catalog_period
365726727,2.2027434116026368,0.0494663126837784,759.6045291271633,23.0,False,NOVEL,False,False,,,,False,True,,,,False,,False,,,False,,,False,,,,,,no_catalog_period
365892258,4.897222945453205,0.0842807653024819,126.16654594497356,4.0,False,KNOWN_OTHER_TYPE,False,True,Gaia DR3 6437404533524927872,VAR,0.0146392,False,True,,,,False,,False,,,False,,,False,,,,,vsx,disagrees(ratio=334.5280)
36625707,13.220872201367326,0.0355212326507112,105.47356104896927,3.0,True,NOVEL,False,False,,,,False,True,,,,False,,False,,,False,,,False,,,,,,no_catalog_period
369503682,3.0278534306574945,0.0147837564686453,118.46407552023584,9.0,False,NOVEL,False,False,,,,False,True,,,,False,,False,,,False,,,False,,,,,,no_catalog_period
373371535,1.1614807715793762,0.0016245270087737,119.62083713596806,116.0,False,NOVEL,False,False,,,,False,True,,,,False,,False,,,False,,,False,,,,,,no_catalog_period
381674124,1.235695908364569,0.0106180015993098,37.94418610743873,18.0,False,NOVEL,False,False,,,,False,True,,,,False,,False,,,False,,,False,,,,,,no_catalog_period
382672765,19.51508053311079,0.1694928342800624,734.3187818509551,3.0,False,NOVEL,False,False,,,,False,True,,,,False,,False,,,False,,,False,,,,,,no_catalog_period
382739220,11.57145007978136,0.0216196062391881,90.08320743945237,3.0,True,NOVEL,False,False,,,,False,True,,,,False,,False,,,False,,,False,,,,,,no_catalog_period
383092073,1.0536077631065366,0.017528200838667,50.77752665536243,44.0,False,NOVEL,False,False,,,,False,True,,,,False,,False,,,False,,,False,,,,,,no_catalog_period
383785428,9.530420895920845,0.3565949340110352,482.8569568944823,3.0,False,NOVEL,False,False,,,,False,True,,,,False,,False,,,False,,,False,,,,,,no_catalog_period
384550724,2.1848482975233074,0.1239959143826046,903.8214676343822,27.0,False,NOVEL,False,False,,,,False,True,,,,False,,False,,,False,,,False,,,,,,no_catalog_period
386034732,3.100542071939047,0.0114233318281657,19.767420601581957,7.0,False,NOVEL,False,False,,,,False,True,,,,False,,False,,,False,,,False,,,,,,no_catalog_period
390961343,1.0079336850875742,0.012991713490421,44.164671415710565,44.0,False,NOVEL,False,False,,,,False,True,,,,False,,False,,,False,,,False,,,,,,no_catalog_period
394218463,3.053306365310147,0.0241385788614552,149.46317408761328,6.0,False,NOVEL,False,False,,,,False,True,,,,False,,False,,,False,,,False,,,,,,no_catalog_period
400888649,1.003023620901575,0.0015220226912931,26.67604890500473,26.0,False,NOVEL,False,False,,,,False,True,,,,False,,False,,,False,,,False,,,,,,no_catalog_period
401936263,2.201020545320941,0.0578748482903159,271.23482700053705,22.0,False,NOVEL,False,False,,,,False,True,,,,False,,False,,,False,,,False,,,,,,no_catalog_period
40467148,1.2079499444016972,0.0083295789491165,75.58326088513512,132.0,False,KNOWN_OTHER_TYPE,False,True,ASASSN-V J193319.03+332636.9,SRS,20.971,False,True,,,,False,,False,,,False,,,False,,,,,vsx,disagrees(ratio=0.0576)
409085933,1.0113957728010243,0.0234205558208296,86.14269735195046,22.0,False,NOVEL,False,False,,,,False,True,,,,False,,False,,,False,,,False,,,,,,no_catalog_period
410510762,2.971562150677661,0.0043051876347375,16.14090795554341,6.0,False,NOVEL,False,False,,,,False,True,,,,False,,False,,,False,,,False,,,,,,no_catalog_period
410519226,1.398481789735691,0.002018567684599,46.78861985923973,17.0,False,NOVEL,False,False,,,,False,True,,,,False,,False,,,False,,,False,,,,,,no_catalog_period
411305220,21.59343174594404,0.018200608042727,133.09469808136882,4.0,False,NOVEL,False,False,,,,False,True,,,,False,,False,,,False,,,False,,,,,,no_catalog_period
423023686,1.3710238295684836,0.0027240465446577,22.238287189296376,14.0,False,NOVEL,False,False,,,,False,True,,,,False,,False,,,False,,,False,,,,,,no_catalog_period
430660654,0.98145215853919,0.0222312530541084,72.73272312541796,32.0,False,NOVEL,False,False,,,,False,True,,,,False,,False,,,False,,,False,,,,,,no_catalog_period
431383650,4.422414622629105,0.0076169739311712,33.041557089153656,6.0,False,NOVEL,False,False,,,,False,True,,,,False,,False,,,False,,,False,,,,,,no_catalog_period
435102166,1.02016011477107,0.0423343667316034,237.8801811974566,26.0,False,NOVEL,False,False,,,,False,True,,,,False,,False,,,False,,,False,,,,,,no_catalog_period
437022904,0.7155040503724707,0.0048530799774058,572.9571159354144,64.0,False,NOVEL,False,False,,,,False,True,,,,False,,False,,,False,,,False,,,,,,no_catalog_period
450868904,4.07459511489974,0.0034684626883587,185.95248323805225,6.0,False,NOVEL,False,False,,,,False,True,,,,False,,False,,,False,,,False,,,,,,no_catalog_period
452066691,1.032526681734988,0.191985621462655,172.04731403929267,101.0,False,NOVEL,False,False,,,,False,True,,,,False,,False,,,False,,,False,,,,,,no_catalog_period
454486191,10.747604730580797,0.0808440849891824,493.0234416327565,3.0,False,NOVEL,False,False,,,,False,True,,,,False,,False,,,False,,,False,,,,,,no_catalog_period
455753037,4.484307464242878,0.0046977781506145,61.88651393127216,5.0,False,NOVEL,False,False,,,,False,True,,,,False,,False,,,False,,,False,,,,,,no_catalog_period
463349042,15.566920003119192,0.1078251585708263,524.7264316582094,3.0,False,NOVEL,False,False,,,,False,True,,,,False,,False,,,False,,,False,,,,,,no_catalog_period
465706172,1.6770661903294275,0.0048663748218139,79.59637042833225,29.0,False,NOVEL,False,False,,,,False,True,,,,False,,False,,,False,,,False,,,,,,no_catalog_period
465865855,0.7097116972377779,0.0196548844482887,192.39025452051115,67.0,False,NOVEL,False,False,,,,False,True,,,,False,,False,,,False,,,False,,,,,,no_catalog_period
467242246,1.5355841529312426,0.0222076153758154,170.7464361860275,32.0,False,NOVEL,False,False,,,,False,True,,,,False,,False,,,False,,,False,,,,,,no_catalog_period
467957872,2.6663142587961004,0.0551366625997133,162.60999265026953,10.0,False,NOVEL,False,False,,,,False,True,,,,False,,False,,,False,,,False,,,,,,no_catalog_period
469280994,1.732411812158824,0.0057150974422755,34.88151262652168,29.0,False,NOVEL,False,False,,,,False,True,,,,False,,False,,,False,,,False,,,,,,no_catalog_period
469332012,7.917791879891149,0.0271307669577965,136.49826947121252,6.0,False,NOVEL,False,False,,,,False,True,,,,False,,False,,,False,,,False,,,,,,no_catalog_period
469456762,2.3953815395087057,0.0133947808308153,36.47449726712902,12.0,False,NOVEL,False,False,,,,False,True,,,,False,,False,,,False,,,False,,,,,,no_catalog_period
47513530,0.7169605135847964,0.0118286175345126,91.95999697693462,42.0,False,NOVEL,False,False,,,,False,True,,,,False,,False,,,False,,,False,,,,,,no_catalog_period
48187699,7.509228766187793,0.1391916324724536,1757.921349113892,4.0,False,KNOWN_OTHER_TYPE,False,True,Gaia DR3 6202421783220503168,RS,,False,True,,,,False,,True,RS,0.45998168,False,,,False,,,,,,no_catalog_period
52777206,8.836589638846517,0.0098725819597964,13.230783448526552,3.0,True,NOVEL,False,False,,,,False,True,,,,False,,False,,,False,,,False,,,,,,no_catalog_period
53373150,13.109320345381658,0.0577153624957975,248.6504842180625,3.0,True,NOVEL,False,False,,,,False,True,,,,False,,False,,,False,,,False,,,,,,no_catalog_period
54701519,4.025424158951684,0.0062472165198544,31.272756697113035,5.0,False,NOVEL,False,False,,,,False,True,,,,False,,False,,,False,,,False,,,,,,no_catalog_period
54849037,6.716543801325376,0.0878798913507057,39.86098547681769,19.0,False,NOVEL,False,False,,,,False,True,,,,False,,False,,,False,,,False,,,,,,no_catalog_period
57497895,1.0001868246979593,0.0343118297964852,121.19867207393108,157.0,False,NOVEL,False,False,,,,False,True,,,,False,,False,,,False,,,False,,,,,,no_catalog_period
59323022,1.054569012739044,0.0882469878811743,55.39621358999968,89.0,False,NOVEL,False,False,,,,False,True,,,,False,,False,,,False,,,False,,,,,,no_catalog_period
59516141,5.181316408001498,0.1076025497339749,644.996679641544,30.0,False,NOVEL,False,False,,,,False,True,,,,False,,False,,,False,,,False,,,,,,no_catalog_period
60755710,10.680961136581445,0.0004703325005403,62.848341038562914,5.0,False,NOVEL,False,False,,,,False,True,,,,False,,False,,,False,,,False,,,,,,no_catalog_period
64454699,1.552028421925334,0.0395937192322996,126.83913385646804,14.0,False,NOVEL,False,False,,,,False,True,,,,False,,False,,,False,,,False,,,,,,no_catalog_period
65716420,5.569300079212368,0.00994387931957,60.08640522333506,3.0,False,NOVEL,False,False,,,,False,True,,,,False,,False,,,False,,,False,,,,,,no_catalog_period
66602850,1.380486267124426,0.0333474971689076,171.98094678549523,16.0,False,NOVEL,False,False,,,,False,True,,,,False,,False,,,False,,,False,,,,,,no_catalog_period
711891231,5.819309308019808,0.0620271117452588,132.41826911534,4.0,False,NOVEL,False,False,,,,False,True,,,,False,,False,,,False,,,False,,,,,,no_catalog_period
71933705,2.6566602851098327,0.2340113947005549,170.20882932522463,28.0,False,NOVEL,False,False,,,,False,True,,,,False,,False,,,False,,,False,,,,,,no_catalog_period
72729777,28.67554362946531,0.2154732505130613,1480.2637822581162,3.0,False,NOVEL,False,False,,,,False,True,,,,False,,False,,,False,,,False,,,,,,no_catalog_period
77210120,1.5344313502902909,0.0462052267550474,250.29037245260105,16.0,False,NOVEL,False,False,,,,False,True,,,,False,,False,,,False,,,False,,,,,,no_catalog_period
86657793,36.87757531431515,0.47558061385749,1143.253828681783,4.0,False,NOVEL,False,False,,,,False,True,,,,False,,False,,,False,,,False,,,,,,no_catalog_period
86848751,1.8930984487821592,0.0241820843866333,199.14851315471475,13.0,False,NOVEL,False,False,,,,False,True,,,,False,,False,,,False,,,False,,,,,,no_catalog_period
86880482,2.828371442604729,0.0358847135006237,150.14492243532172,8.0,False,NOVEL,False,False,,,,False,True,,,,False,,False,,,False,,,False,,,,,,no_catalog_period
942471837,7.145157619243591,0.051365114606827,209.18590250272848,4.0,False,NOVEL,False,False,,,,False,True,,,,False,,False,,,False,,,False,,,,,,no_catalog_period
9586662,1.1130671370396392,0.0276812765049984,84.11635654026043,13.0,False,NOVEL,False,False,,,,False,True,,,,False,,False,,,False,,,False,,,,,,no_catalog_period
96795030,1.7095398841694094,0.0475803475920066,1037.4093630814018,47.0,False,NOVEL,False,False,,,,False,True,,,,False,,False,,,False,,,False,,,,,,no_catalog_period
1005163163,5.396714063236711,0.0721153526872374,204.21532268171515,9.0,False,NOVEL,False,False,,,,False,True,,,,False,,False,,,False,,,False,,,,,,no_catalog_period
120197871,0.8301799206734196,0.0225512539955673,113.50782557542038,34.0,False,KNOWN_OTHER_TYPE,False,True,Gaia DR3 6637217991367171456,RS,0.1112117,False,True,,,,False,,True,RS,0.090514235,False,,,False,,,,,vsx,disagrees(ratio=7.4649)
173038741,5.352165891597692,0.0329711707406784,63.959757330621,8.0,False,KNOWN_OTHER_TYPE,False,True,Gaia DR3 2919341261675976704,VAR,0.0246234,False,True,,,,False,,False,,,False,,,False,,,,,vsx,disagrees(ratio=217.3610)
187920815,4.505290747161138,0.0694957521442678,100.17933155945391,6.0,False,NOVEL,False,False,,,,False,True,,,,False,,False,,,False,,,False,,,,,,no_catalog_period
220168302,1.182224896671481,0.0043222709899737,33.15987646057926,40.0,False,NOVEL,False,False,,,,False,True,,,,False,,False,,,False,,,False,,,,,,no_catalog_period
221089693,1.72870579292804,0.0416772328198615,78.16661028108109,15.0,False,NOVEL,False,False,,,,False,True,,,,False,,False,,,False,,,False,,,,,,no_catalog_period
229473505,11.197015697418236,0.0002845060440909,11.3492440207174,30.0,False,NOVEL,False,False,,,,False,True,,,,False,,False,,,False,,,False,,,,,,no_catalog_period
230248835,1.6096175272361462,0.0171306844935095,63.38776276052423,14.0,False,NOVEL,False,False,,,,False,True,,,,False,,False,,,False,,,False,,,,,,no_catalog_period
257747010,2.1174241299046823,0.2537898261341388,208.1352480459448,23.0,False,NOVEL,False,False,,,,False,True,,,,False,,False,,,False,,,False,,,,,,no_catalog_period
258569221,1.2602301955059925,0.0460702150954926,164.34675338499454,18.0,False,NOVEL,False,False,,,,False,True,,,,False,,False,,,False,,,False,,,,,,no_catalog_period
273162473,0.7224070416099069,0.0051155353193075,498.5072027112857,147.0,False,NOVEL,False,False,,,,False,True,,,,False,,False,,,False,,,False,,,,,,no_catalog_period
285487188,7.664306351340767,0.051970437416205,595.718331382899,3.0,False,NOVEL,False,False,,,,False,True,,,,False,,False,,,False,,,False,,,,,,no_catalog_period
302593752,1.1726864266479806,0.1101715875246682,397.14425467614296,41.0,False,KNOWN_OTHER_TYPE,False,True,Gaia DR3 5222061657864953600,VAR,0.0185397,False,True,,,,False,,False,,,False,,,False,,,,,vsx,disagrees(ratio=63.2527)
317230361,1.0559704815432496,0.0070978849228822,105.47534430083856,46.0,False,NOVEL,False,False,,,,False,True,,,,False,,False,,,False,,,False,,,,,,no_catalog_period
318756174,3.373342881379405,0.0055523721254228,36.89101893067455,6.0,False,KNOWN_TOI,True,False,,,,False,True,,,,False,,False,,,False,,,True,7564.01,PC,PC,3.379987918095583,toi,agrees_1x
320067018,3.3522179798999243,0.0008411063802605,16.71780307355888,11.0,False,NOVEL,False,False,,,,False,True,,,,False,,False,,,False,,,False,,,,,,no_catalog_period
349321638,4.00499503266184,0.0102492787173027,84.55816243400551,6.0,False,NOVEL,False,False,,,,False,True,,,,False,,False,,,False,,,False,,,,,,no_catalog_period
349478177,39.65831534229043,0.0005003823305417,10.77382036598774,6.0,True,NOVEL,False,False,,,,False,True,,,,False,,False,,,False,,,False,,,,,,no_catalog_period
373850893,1.1247486982648969,0.0005953728993419,15.5214615461557,17.0,False,NOVEL,False,False,,,,False,True,,,,False,,False,,,False,,,False,,,,,,no_catalog_period
388686985,13.225315282685711,0.0176124058179106,35.46461134841259,3.0,False,NOVEL,False,False,,,,False,True,,,,False,,False,,,False,,,False,,,,,,no_catalog_period
391729898,14.192463051745548,0.0754119620302643,49.5926811922311,3.0,True,NOVEL,False,False,,,,False,True,,,,False,,False,,,False,,,False,,,,,,no_catalog_period
411950353,0.6880935825334846,0.0052053185980594,34.273663589274534,27.0,False,NOVEL,False,False,,,,False,True,,,,False,,False,,,False,,,False,,,,,,no_catalog_period
441173491,0.9802849162508052,0.0067293244144918,23.855298343698983,24.0,False,NOVEL,False,False,,,,False,True,,,,False,,False,,,False,,,False,,,,,,no_catalog_period
44650107,2.463107926636146,0.0609520663524631,59.171672031146834,7.0,False,NOVEL,False,False,,,,False,True,,,,False,,False,,,False,,,False,,,,,,no_catalog_period
446916392,2.614821402372458,0.0049777467828175,42.51363840091352,18.0,False,NOVEL,False,False,,,,False,True,,,,False,,False,,,False,,,False,,,,,,no_catalog_period
54221323,2.028824888668392,0.0135708231441287,44.18937099207358,11.0,False,NOVEL,False,False,,,,False,True,,,,False,,False,,,False,,,False,,,,,,no_catalog_period
94321101,3.0776013057399547,0.0547621286750878,152.85691761944014,8.0,False,NOVEL,False,False,,,,False,True,,,,False,,False,,,False,,,False,,,,,,no_catalog_period
96947054,0.7800832674822348,0.0193241680380829,59.77344893797,67.0,False,NOVEL,False,False,,,,False,True,,,,False,,False,,,False,,,False,,,,,,no_catalog_period
1004610369,1.2125199574708658,0.0043299209246304,85.3245493130077,20.0,False,KNOWN_OTHER_TYPE,False,True,Gaia DR3 5793173384880104832,DSCT|GDOR|SXPHE,,False,True,,,,False,,True,DSCT|GDOR|SXPHE,0.4008097,False,,,False,,,,,,no_catalog_period
187920845,4.500007961458794,0.1946757347787094,2063.4115028152205,6.0,False,NOVEL,False,False,,,,False,True,,,,False,,False,,,False,,,False,,,,,,no_catalog_period
258569654,2.3640805946065497,0.0218635129780197,84.46762395736984,11.0,False,NOVEL,False,False,,,,False,True,,,,False,,False,,,False,,,False,,,,,,no_catalog_period
287667987,8.811949423401161,0.0732636536259407,196.38588057135604,3.0,False,NOVEL,False,False,,,,False,True,,,,False,,False,,,False,,,False,,,,,,no_catalog_period
317235396,0.8136607847995271,0.0342777245541025,28.337208260226763,63.0,False,NOVEL,False,False,,,,False,True,,,,False,,False,,,False,,,False,,,,,,no_catalog_period
348757977,8.518621157446027,0.0054591637787428,16.773929248571267,3.0,True,NOVEL,False,False,,,,False,True,,,,False,,False,,,False,,,False,,,,,,no_catalog_period
373846934,1.1440878283370712,0.0002704617621946,39.258760232265296,527.0,False,NOVEL,False,False,,,,False,True,,,,False,,False,,,False,,,False,,,,,,no_catalog_period
394710986,1.6836755491406517,0.019383107943492,84.58540309854278,14.0,False,NOVEL,False,False,,,,False,True,,,,False,,False,,,False,,,False,,,,,,no_catalog_period
40476994,3.0783202869681388,0.0011184792300723,51.00051494820572,30.0,False,NOVEL,False,False,,,,False,True,,,,False,,False,,,False,,,False,,,,,,no_catalog_period
411978234,8.562174876104944,0.0298272524110758,132.81573534393863,5.0,False,NOVEL,False,False,,,,False,True,,,,False,,False,,,False,,,False,,,,,,no_catalog_period
441164508,1.2670995882339475,0.0051724060902844,26.94894529247136,18.0,False,NOVEL,False,False,,,,False,True,,,,False,,False,,,False,,,False,,,,,,no_catalog_period
446931958,1.039732467864391,0.0796956735078412,1342.5508172540178,21.0,False,KNOWN_OTHER_TYPE,False,False,,,,True,True,J153105.69-661544.0,SR,72.668,False,,False,,,False,,,False,,,,,asassn,disagrees(ratio=0.0143)
80729017,0.9427618510956104,0.0089515094933286,60.31396926713055,27.0,False,NOVEL,False,False,,,,False,True,,,,False,,False,,,False,,,False,,,,,,no_catalog_period
1003150980,4.776509139203011,0.027108118252583,176.63028030404496,10.0,False,NOVEL,False,False,,,,False,True,,,,False,,False,,,False,,,False,,,,,,no_catalog_period
197010332,0.8726982402345507,0.0100010033765033,248.39186527891528,29.0,False,NOVEL,False,False,,,,False,True,,,,False,,False,,,False,,,False,,,,,,no_catalog_period
220140821,0.8896567371647951,0.1172488319179229,1031.8143346003776,20.0,False,NOVEL,False,False,,,,False,True,,,,False,,False,,,False,,,False,,,,,,no_catalog_period
221111038,7.591085173486103,0.0184470288390189,30.996267955311517,4.0,False,NOVEL,False,False,,,,False,True,,,,False,,False,,,False,,,False,,,,,,no_catalog_period
290258514,17.568138640680125,0.0288032727483453,45.222579398408975,3.0,False,NOVEL,False,False,,,,False,True,,,,False,,False,,,False,,,False,,,,,,no_catalog_period
295094339,3.872501036089843,0.0093593821431474,24.85503607004289,12.0,False,NOVEL,False,False,,,,False,True,,,,False,,False,,,False,,,False,,,,,,no_catalog_period
307473318,3.4926737968927744,0.0095502213394872,30.01218425789037,5.0,False,NOVEL,False,False,,,,False,True,,,,False,,False,,,False,,,False,,,,,,no_catalog_period
317235564,0.8126485266965188,0.0193073028069992,95.852666373248,57.0,False,NOVEL,False,False,,,,False,True,,,,False,,False,,,False,,,False,,,,,,no_catalog_period
318747664,20.02984146327103,0.0017479079885988,28.87715889358069,4.0,False,NOVEL,False,False,,,,False,True,,,,False,,False,,,False,,,False,,,,,,no_catalog_period
320078048,1.3789986579097,0.0005015566387419,125.13775415044576,33.0,False,KNOWN_OTHER_TYPE,False,True,Gaia DR3 5236524049737814016,RS,,False,True,,,,False,,True,RS,0.72686625,False,,,False,,,,,,no_catalog_period
341165515,10.943335919532712,0.0091030649758024,35.83658104794142,4.0,False,NOVEL,False,False,,,,False,True,,,,False,,False,,,False,,,False,,,,,,no_catalog_period
373843857,1.516405609121253,0.0016242882858123,73.781135616377,181.0,False,KNOWN_OTHER_TYPE,False,True,LMC V2562,WR,,True,True,J052604.11-672956.5,WR,--,False,,True,BE|GCAS|SDOR|WR,0.8587753,False,,,False,,,,,,no_catalog_period
378322169,32.15969115821781,0.1403221144248483,298.8986807074557,5.0,False,KNOWN_OTHER_TYPE,False,True,GDS_J1021068-602359,VAR,,True,True,J102106.82-602357.2,ROT:,--,False,,True,DSCT|GDOR|SXPHE,0.14813778,False,,,False,,,,,,no_catalog_period
446932700,0.9972781336411738,0.0040859134215587,20.956849631723784,23.0,False,NOVEL,False,False,,,,False,True,,,,False,,False,,,False,,,False,,,,,,no_catalog_period
469515133,4.435710199208248,0.0079878986209185,64.29865886538728,6.0,False,NOVEL,False,False,,,,False,True,,,,False,,False,,,False,,,False,,,,,,no_catalog_period
65403233,3.8363419473660656,0.014697721601267,68.8467965671548,6.0,False,NOVEL,False,False,,,,False,True,,,,False,,False,,,False,,,False,,,,,,no_catalog_period
82302820,13.19617909907062,0.0451329091360068,55.01973758427281,3.0,False,KNOWN_OTHER_TYPE,False,True,Gaia DR3 5519835039043057792,ROT,,False,True,,,,False,,True,SOLAR_LIKE,0.32135454,False,,,False,,,,,,no_catalog_period
86903184,32.2922984956881,0.1669415869180384,340.52146988591585,3.0,False,NOVEL,False,False,,,,False,True,,,,False,,False,,,False,,,False,,,,,,no_catalog_period
96655793,1.105518173226519,0.0295177327539979,46.57376571574613,37.0,False,NOVEL,False,False,,,,False,True,,,,False,,False,,,False,,,False,,,,,,no_catalog_period
151962530,1.384583793812776,0.0152690232473588,35.011387363415935,12.0,False,NOVEL,False,False,,,,False,True,,,,False,,False,,,False,,,False,,,,,,no_catalog_period
156780644,2.510346235183578,0.2207986350142382,447.9732833177132,10.0,False,NOVEL,False,False,,,,False,True,,,,False,,False,,,False,,,False,,,,,,no_catalog_period
165591133,1.3077411472224345,0.0108389550813956,391.7007137515114,16.0,False,NOVEL,False,False,,,,False,True,,,,False,,False,,,False,,,False,,,,,,no_catalog_period
172996930,0.8733352537424318,0.0392501546681305,286.87598412840475,48.0,False,NOVEL,False,False,,,,False,True,,,,False,,False,,,False,,,False,,,,,,no_catalog_period
220113236,5.759542530202038,0.021731592744645,119.4512201495964,4.0,False,NOVEL,False,False,,,,False,True,,,,False,,False,,,False,,,False,,,,,,no_catalog_period
221111641,1.6816512726945467,0.0050844637912285,26.991337483906836,16.0,False,NOVEL,False,False,,,,False,True,,,,False,,False,,,False,,,False,,,,,,no_catalog_period
246650797,7.273384335038109,0.0575471398658789,168.0498540386229,3.0,False,NOVEL,False,False,,,,False,True,,,,False,,False,,,False,,,False,,,,,,no_catalog_period
251846918,14.804237736125591,0.0593899144228157,206.11979420452747,3.0,True,KNOWN_OTHER_TYPE,False,True,Gaia DR3 2318464754161406208,ROT,,False,True,,,,False,,True,SOLAR_LIKE,0.31597677,False,,,False,,,,,,no_catalog_period
258578541,6.618889461025504,0.0067531494124294,31.169420662451078,4.0,False,NOVEL,False,False,,,,False,True,,,,False,,False,,,False,,,False,,,,,,no_catalog_period
285452370,7.982974296964541,0.0034778656848865,11.1110020364463,3.0,True,NOVEL,False,False,,,,False,True,,,,False,,False,,,False,,,False,,,,,,no_catalog_period
300220017,9.29388171926906,0.0033033600215905,43.0775863380626,3.0,False,NOVEL,False,False,,,,False,True,,,,False,,False,,,False,,,False,,,,,,no_catalog_period
320078290,1.3772830538930136,0.0062525673625714,28.977673223692587,34.0,False,NOVEL,False,False,,,,False,True,,,,False,,False,,,False,,,False,,,,,,no_catalog_period
330563772,6.364078360628888,0.0092624240438529,45.09490618010015,4.0,False,NOVEL,False,False,,,,False,True,,,,False,,False,,,False,,,False,,,,,,no_catalog_period
334430361,6.397675299166484,0.0275864775436299,88.53074929848377,7.0,False,NOVEL,False,False,,,,False,True,,,,False,,False,,,False,,,False,,,,,,no_catalog_period
342569756,4.85885367566395,0.2849705126041236,628.0047785112178,6.0,False,NOVEL,False,False,,,,False,True,,,,False,,False,,,False,,,False,,,,,,no_catalog_period
394722182,3.5318526160303523,0.0018720989580666,62.443362963373744,24.0,False,KNOWN_TOI,True,False,,,,False,True,,,,False,,False,,,False,,,True,2236.01,PC,CP,3.5315897,toi,agrees_1x
411992127,7.931297511495392,0.0042993217864845,31.80325845889679,3.0,False,NOVEL,False,False,,,,False,True,,,,False,,False,,,False,,,False,,,,,,no_catalog_period
42614843,4.276587857285374,0.0136987700681483,487.8177831542964,7.0,False,NOVEL,False,False,,,,False,True,,,,False,,False,,,False,,,False,,,,,,no_catalog_period
441162975,1.1407489125720458,0.0310062516412294,110.94408514369404,21.0,False,NOVEL,False,False,,,,False,True,,,,False,,False,,,False,,,False,,,,,,no_catalog_period
447021399,3.7475625311416296,0.034347009706067,57.54387524174732,5.0,False,NOVEL,False,False,,,,False,True,,,,False,,False,,,False,,,False,,,,,,no_catalog_period
469515142,4.431224660859951,0.0515377764100288,436.7928708803617,6.0,False,KNOWN_OTHER_TYPE,False,True,Gaia DR3 4035680537027708288,RS,,False,True,,,,False,,True,RS,0.5170022,False,,,False,,,,,,no_catalog_period
54255072,8.26958129285803,0.0374932118321793,30.865727778183945,3.0,False,NOVEL,False,False,,,,False,True,,,,False,,False,,,False,,,False,,,,,,no_catalog_period
60441135,7.169669614457018,0.0121998375558279,18.201524621762545,4.0,False,NOVEL,False,False,,,,False,True,,,,False,,False,,,False,,,False,,,,,,no_catalog_period
86901854,0.8365808389587719,0.0039526673212914,114.17124623642668,80.0,False,NOVEL,False,False,,,,False,True,,,,False,,False,,,False,,,False,,,,,,no_catalog_period
124543614,3.137043332279199,0.0591278429262531,1272.2520129323548,15.0,False,NOVEL,False,False,,,,False,True,,,,False,,False,,,False,,,False,,,,,,no_catalog_period
156773571,6.869024082527074,0.1647783476690457,136.61612333846782,3.0,False,NOVEL,False,False,,,,False,True,,,,False,,False,,,False,,,False,,,,,,no_catalog_period
162744580,1.2248481684138202,0.1110116658024971,402.4657209894351,18.0,False,NOVEL,False,False,,,,False,True,,,,False,,False,,,False,,,False,,,,,,no_catalog_period
188718305,0.8764108781215807,0.0182873082852697,56.68495259388256,28.0,False,NOVEL,False,False,,,,False,True,,,,False,,False,,,False,,,False,,,,,,no_catalog_period
220101399,1.1701860362370684,0.020552507891353,115.13771303602805,21.0,False,NOVEL,False,False,,,,False,True,,,,False,,False,,,False,,,False,,,,,,no_catalog_period
229462172,39.62569057701244,0.0009514867310571,19.646178234515727,6.0,True,NOVEL,False,False,,,,False,True,,,,False,,False,,,False,,,False,,,,,,no_catalog_period
246650866,7.26897048912941,0.0265821291539681,44.83508843360024,3.0,False,NOVEL,False,False,,,,False,True,,,,False,,False,,,False,,,False,,,,,,no_catalog_period
258578879,3.076658925337415,0.0028957581403402,68.02186313173111,8.0,False,NOVEL,False,False,,,,False,True,,,,False,,False,,,False,,,False,,,,,,no_catalog_period
314481253,0.739652869899758,0.0971119920181121,69.82159765909623,140.0,False,NOVEL,False,False,,,,False,True,,,,False,,False,,,False,,,False,,,,,,no_catalog_period
317237858,19.06763661703594,0.017627276633844,57.71859471032153,3.0,False,NOVEL,False,False,,,,False,True,,,,False,,False,,,False,,,False,,,,,,no_catalog_period
329691262,0.9101075748123384,0.010887996001674,103.63673681142912,27.0,False,NOVEL,False,False,,,,False,True,,,,False,,False,,,False,,,False,,,,,,no_catalog_period
334422203,2.4911631829855043,0.095827544677833,180.6986602265379,7.0,False,NOVEL,False,False,,,,False,True,,,,False,,False,,,False,,,False,,,,,,no_catalog_period
342993728,1.0058993385030577,0.0185596968998917,146.19637426873444,45.0,False,NOVEL,False,False,,,,False,True,,,,False,,False,,,False,,,False,,,,,,no_catalog_period
348762141,17.938392839112876,0.1209214989581837,571.4005485391324,4.0,False,NOVEL,False,False,,,,False,True,,,,False,,False,,,False,,,False,,,,,,no_catalog_period
390364642,3.499098797278461,0.0098354640388471,54.10757767557826,11.0,False,NOVEL,False,False,,,,False,True,,,,False,,False,,,False,,,False,,,,,,no_catalog_period
40461967,1.0308285720428585,0.0008787669564862,32.77547527331054,40.0,False,NOVEL,False,False,,,,False,True,,,,False,,False,,,False,,,False,,,,,,no_catalog_period
411992913,2.309169768685567,0.0593340009610601,831.8381808702262,39.0,False,KNOWN_OTHER_TYPE,False,True,Gaia DR3 3394545720431180288,RS,,False,True,,,,False,,True,RS,0.31415707,False,,,False,,,,,,no_catalog_period
43791794,16.267224802213295,0.0004741185173533,23.836551889136388,3.0,False,NOVEL,False,False,,,,False,True,,,,False,,False,,,False,,,False,,,,,,no_catalog_period
447009411,2.0893861276483485,0.0201944017373644,52.2663304625145,9.0,False,NOVEL,False,False,,,,False,True,,,,False,,False,,,False,,,False,,,,,,no_catalog_period
458527904,1.1716167211084096,0.0111872073128753,79.00319882166428,21.0,False,KNOWN_OTHER_TYPE,False,True,Gaia DR3 5351234860898342016,RS,,False,True,,,,False,,True,RS,0.12367097,False,,,False,,,,,,no_catalog_period
467882325,1.5049271881747504,0.0205751262501487,81.51457604122703,30.0,False,NOVEL,False,False,,,,False,True,,,,False,,False,,,False,,,False,,,,,,no_catalog_period
468245775,1.687117960835935,0.0122942741911064,118.48535789520146,27.0,False,NOVEL,False,False,,,,False,True,,,,False,,False,,,False,,,False,,,,,,no_catalog_period
91921528,1.0757015515197066,0.0364609196484027,33.083523003682195,18.0,False,NOVEL,False,False,,,,False,True,,,,False,,False,,,False,,,False,,,,,,no_catalog_period
