TIC,pixel_verdict,bls_period,bls_duration,bls_depth,bls_snr,n_eclipses_observed,depth_ratio,robust_sigma,robust_depth,odd_even_z,depth_odd,depth_even,secondary_detected,secondary_phase,secondary_sigma,novelty_verdict,Tmag,n_sectors,n_points,author_used,on_target
287846593,OFF_TARGET,1.7622511272952033,0.084,0.0846077443033173,3076.457002581413,11.0,1.0561145590958023,99.0308235778364,0.0893554705709883,0.9041952938113136,0.089283052419393,0.0827066311065441,1,-0.375,5.074687970565202,NOVEL,,,,,0
146204013,OFF_TARGET,14.190971289039512,0.17,0.2063522345940655,2793.690762175509,4.0,1.087124863462223,977.4194220755886,0.2243306448581981,5.330265610600372,0.1948169444238828,0.2137315593557923,1,-0.435,8.295702468482165,NOVEL,14.7,2.0,1966.0,GSFC-ELEANOR-LITE,0
437150434,ON_TARGET,5.285343164440589,0.17,0.1500325939135055,1081.0130168195617,4.0,1.175610348840142,891.5965536494464,0.1763798700680475,1.0960817177325444,0.0048307732122754,0.0029707883968129,0,0.125,3.083322912938171,NOVEL,11.94,1.0,3368.0,TESS-SPOC,1
118352931,INCONCLUSIVE,27.0405710547776,0.084,0.3329912019049989,1035.8642633975048,3.0,0.9643011197626542,488.97493694144936,0.3211037888681025,0.6984433712395796,0.3085527043048583,0.316708097215041,1,-0.485,5.023713603381406,NOVEL,11.96,3.0,30841.0,QLP,0
426236217,OFF_TARGET,3.7338081468256674,0.244,0.3589824217873917,894.8374121331576,5.0,1.0663329746943706,101.37491605162022,0.3827947936875386,5.616341371914385,0.400302374879306,0.3514013288181176,0,-0.495,3.740480804422476,NOVEL,14.9,1.0,1086.0,GSFC-ELEANOR-LITE,0
136191877,OFF_TARGET,0.9021624954798596,0.12,0.5656905815020541,555.2885829234801,171.0,1.1884207433788745,909.151433623349,0.6722784213910987,4.427325011002559,0.5939352322564146,0.5848383147041802,0,-0.485,2.7625656018603952,NOVEL,13.14,6.0,39395.0,QLP,0
421566477,OFF_TARGET,1.110034236550112,0.17,0.0441018363772221,541.5146106696648,22.0,0.991028722030216,85.4583609429273,0.0437061865441041,7.824535051430276,0.0374629220551268,0.0443980770021865,0,-0.185,2.429939387972561,NOVEL,14.93,1.0,1086.0,GSFC-ELEANOR-LITE,0
237115819,ON_TARGET,14.79205908513923,0.084,0.088832292054031,506.9717837496276,75.0,1.2308077790666716,413.99870969774673,0.1093354760924238,1.6058555515305766,0.0991315825797818,0.0976871121901139,1,-0.495,7.896422016234693,NOVEL,13.38,42.0,253891.0,QLP,1
464765654,OFF_TARGET,1.745460232020874,0.244,0.046196883600501,460.780956732253,15.0,1.0380408622893442,57.542647822027895,0.0479542528877445,1.4581580689045364,0.0381940577647487,0.0458115299669303,0,-0.385,2.206785759397733,NOVEL,14.2,1.0,1070.0,GSFC-ELEANOR-LITE,0
73561499,OFF_TARGET,1.9571084460973944,0.244,0.0213216788763715,390.4322176762722,67.0,0.8501636196673571,205.36602487381828,0.018126915690921,3.346457933857713,0.0167203627154296,0.0150249245703063,0,-0.1649999999999999,2.303838822918365,NOVEL,11.46,5.0,23163.0,QLP,0
329832608,INCONCLUSIVE,13.945488523013434,0.5,0.0396381064565958,386.2556267008232,3.0,0.7410562777704469,157.08019703027708,0.0293740676285936,36.366107419512645,0.0489208862056358,0.0022170452896225,0,0.055,3.9857498828690345,NOVEL,14.73,2.0,2164.0,GSFC-ELEANOR-LITE,0
318928219,OFF_TARGET,2.7149268133440856,0.17,0.0418325279225744,383.1461845522305,10.0,1.0658146938240494,67.76216708836618,0.0445857229396846,0.9269063835471342,0.0410228445986441,0.0426346589380457,0,0.495,3.824561481710549,NOVEL,12.98,1.0,1081.0,GSFC-ELEANOR-LITE,0
76879277,OFF_TARGET,0.655911057081352,0.058,0.0749384754400554,380.0923082697573,172.0,1.2517520684524222,394.5132203162726,0.0938043916387604,5.448425706070758,0.0835415189030941,0.0862210593591458,0,-0.495,2.807523375593227,NOVEL,11.61,5.0,28021.0,QLP,0
66732476,ON_TARGET,3.1087371204482817,0.084,0.098141164207321,369.6589519011568,8.0,1.0590383453140175,247.5635400708196,0.1039352561493125,2.6023980300093927,0.0983680037905696,0.1015686353291609,0,-0.385,1.6413826786325303,NOVEL,12.48,1.0,3316.0,TESS-SPOC,1
294852916,OFF_TARGET,2.546779832363934,0.244,0.0144593405933424,357.39540457810057,19.0,1.0212266711838678,85.06221369498391,0.0147662642616528,0.1466799748674205,0.0139982243322551,0.0133623362164351,0,0.0949999999999999,2.433835685166613,NOVEL,,,,,0
806803694,INCONCLUSIVE,21.86264635797429,0.5,0.0510637464363392,340.48280100376246,3.0,0.8175222706752907,23.73557250889976,0.0417457499358233,2.380430236066925,0.0417355446525486,0.0078877786456309,0,-0.145,2.7941598137222496,NOVEL,14.82,3.0,3038.0,GSFC-ELEANOR-LITE,0
29495157,ON_TARGET,5.147448543522719,0.17,0.0857856252931797,333.23644002774006,4.0,1.0495381397713357,86.0129619933826,0.0900352855893247,20.17096867093843,0.06724264570699,0.004361145008695,0,0.055,2.16700202980484,NOVEL,12.71,1.0,1175.0,TESS-SPOC,1
119459681,ON_TARGET,5.944205171807016,0.244,0.1597707075177683,310.5707953376803,3.0,1.093423121648632,199.76239615843235,0.1746969857620888,1.192454016369135,0.1439770093522112,0.1719142541540148,0,-0.415,2.664221709781496,NOVEL,14.09,1.0,903.0,GSFC-ELEANOR-LITE,1
309240602,UNRESOLVED,4.119454357700242,0.17,0.0706914616810379,234.36121843983744,13.0,1.5701543881124305,296.37949334172424,0.1109965087605634,4.18950086161204,0.0993788614958202,0.096594780025376,0,-0.495,4.620670348557699,NOVEL,12.91,2.0,12795.0,QLP,0
304889252,OFF_TARGET,0.7932578257742319,0.058,0.0567387241544411,230.28107172110185,42.0,1.0354648239389552,26.134749085292725,0.0587509530170993,1.245262624274636,0.0566030512057091,0.0518880832875479,0,-0.495,3.9462568391942177,NOVEL,14.71,2.0,2188.0,GSFC-ELEANOR-LITE,0
313569577,OFF_TARGET,0.9025875981330648,0.084,0.0167141688738997,205.25053185791583,24.0,1.0830443547601554,36.64178955811549,0.018102186243385,0.6309761509828398,0.0178709329127715,0.016953245015304,0,0.0949999999999999,3.227397692182453,NOVEL,14.49,1.0,1081.0,GSFC-ELEANOR-LITE,0
412633548,OFF_TARGET,1.0168616335497216,0.12,0.0850527512443017,199.49707093160563,23.0,1.003174101897965,59.87202569992024,0.0853227173434534,1.868497278124948,0.0852389651739263,0.0776401858618056,0,0.155,3.210897991961923,NOVEL,14.99,1.0,1081.0,GSFC-ELEANOR-LITE,0
411434067,ON_TARGET,1.353604313972901,0.12,0.0428867735512509,192.9009286180517,39.0,0.9185510050874064,162.8349246902202,0.0393936889504575,9.798273240972716,0.0378385757080202,0.0334041123710194,0,-0.315,1.0641141712076294,NOVEL,12.91,2.0,22258.0,QLP,1
387142107,INCONCLUSIVE,1.7165187147790577,0.084,0.0457525891663695,184.35170617405257,11.0,1.0089891395009496,132.56339619683902,0.0461638655729156,1.8652091622193008,0.0435391179148676,0.0417190919374521,0,0.345,2.1354043836914967,NOVEL,12.7,1.0,904.0,GSFC-ELEANOR-LITE,0
91599324,OFF_TARGET,7.011139459958951,0.17,0.0624009737728471,147.27486856777858,3.0,0.9357798714869544,97.88337085998188,0.0583935752178157,1.0963063334094096,0.0438118708724584,0.0599272516094548,0,-0.2249999999999999,1.6983522840575005,NOVEL,14.21,1.0,904.0,GSFC-ELEANOR-LITE,0
208358448,UNRESOLVED,1.678437364059726,0.058,0.0150610035627843,118.66098785556149,8.0,0.9479183915829152,22.523035337399527,0.014276602272859,0.3495350273371891,0.0128979110982494,0.0134675074173338,0,-0.495,2.8528928812353858,NOVEL,12.82,1.0,1081.0,GSFC-ELEANOR-LITE,0
154831114,OFF_TARGET,1.582454434959247,0.12,0.0321311863896544,114.75730765267308,25.0,1.208661886316772,61.163025732065655,0.0388357403513155,0.6591550903470326,0.0207119788747659,0.0159033589323561,0,0.0949999999999999,3.5327321360943698,NOVEL,13.59,2.0,1934.0,GSFC-ELEANOR-LITE,0
153080360,INCONCLUSIVE,0.7825225996516298,0.058,0.0065641126907423,111.9771643914806,28.0,1.005760495124847,84.26182590623763,0.0066019252298963,3.732873451641797,0.0061449590937407,0.0057165690264116,0,-0.495,3.2626241084998497,NOVEL,10.74,1.0,14902.0,SPOC,0
231260455,INCONCLUSIVE,1.1126977080058151,0.084,0.0884634213696254,109.0356776339106,23.0,1.0543467865124727,34.61187085251201,0.0932711240449634,0.5085519263125143,0.0828195490438343,0.0918838681877727,0,0.495,4.436872109738915,NOVEL,13.62,1.0,1054.0,GSFC-ELEANOR-LITE,0
467851846,OFF_TARGET,2.184099430441886,0.244,0.0070885348569819,102.36013145710108,23.0,0.6530601055946106,29.30511836899225,0.0046292393222117,0.7718202466793769,0.004954472884306,0.0027492006660819,0,-0.375,2.4762437879384,NOVEL,14.58,2.0,2188.0,GSFC-ELEANOR-LITE,0
142841561,OFF_TARGET,0.7550291699559759,0.058,0.0309780403043623,96.8776297735366,23.0,1.0890648677941352,25.27903403340353,0.0337370953685918,0.2656703862980616,0.0310847474839646,0.032523269117387,0,0.475,2.7360202092101225,NOVEL,14.01,1.0,1072.0,GSFC-ELEANOR-LITE,0
458301068,OFF_TARGET,0.8726687256218794,0.17,0.0108876301318767,94.97506605038768,28.0,0.9656172971460204,51.90318103241637,0.0105132839802684,0.4307899080883536,0.0098633994513027,0.0091423930681542,0,0.205,1.9458456647881184,NOVEL,14.71,1.0,1107.0,GSFC-ELEANOR-LITE,0
378067576,OFF_TARGET,1.1061276196860994,0.17,0.0604560919642945,91.20615401682365,120.0,1.1958609979459165,123.24248165628636,0.0722970824683313,0.8242031162292747,0.0692816650477226,0.0683019975497343,0,-0.495,2.9057132561533665,NOVEL,12.62,5.0,23440.0,QLP,0
59656329,OFF_TARGET,0.879620332288007,0.084,0.0082401928551672,71.04230286649613,46.0,0.6810866808850253,27.87213167928837,0.0056122856015783,0.0235362896797745,0.0047868325213189,0.0050472186010593,0,-0.495,2.7200072007277285,NOVEL,,,,,0
122328031,INCONCLUSIVE,24.60005074464305,0.5,0.0125579914506316,70.26337245360904,3.0,0.9703385782616668,48.51288796467929,0.0121855035700281,0.8985236549682267,0.0001871079474332,0.0196611830597243,0,-0.0949999999999999,4.192298630549693,NOVEL,,,,,0
160130060,OFF_TARGET,3.105666960115145,0.084,0.0591262341718899,67.71893756567215,8.0,0.7576335414970699,20.493820231900976,0.044796018191034,1.2957402669114702,0.0396658228846011,0.0506576083137341,0,-0.495,2.7871598904005195,NOVEL,14.84,1.0,1029.0,GSFC-ELEANOR-LITE,0
67408849,OFF_TARGET,3.3548600700239417,0.17,0.0158375653531966,62.32888585164957,15.0,0.7831962089147294,31.317327067802857,0.0124039211430628,0.6329157641382537,0.0114063126964245,0.0105833898582355,0,0.305,2.5563351659783407,NOVEL,13.95,2.0,2165.0,GSFC-ELEANOR-LITE,0
323961620,OFF_TARGET,1.5750813413094311,0.084,0.0043311300626525,61.19139479354838,27.0,0.6070716624425099,17.692031747730145,0.0026293063273892,1.7079226168215682,0.0023768263689956,0.0029587540984089,0,-0.375,2.0968475050666004,NOVEL,13.43,2.0,2188.0,GSFC-ELEANOR-LITE,0
330901906,ON_TARGET,3.732068126022025,0.244,0.0049831981812006,60.09782681820708,29.0,1.188312617109852,58.61620181131445,0.0059215972722795,0.3601110578418418,0.0048435550562679,0.0049287180252403,0,0.495,4.275511893820856,NOVEL,12.15,4.0,34792.0,QLP,1
23259249,INCONCLUSIVE,3.9740155961235786,0.17,0.0391535931649554,59.74630065357756,5.0,0.8847264054752314,31.05123831716664,0.0346402177422706,16.074528797342108,0.0511084488286091,0.0240597562726452,0,-0.475,2.566694232320161,NOVEL,,,,,0
35727587,INCONCLUSIVE,0.7470882998160427,0.35,0.0019910663231604,58.19149981825976,37.0,0.9640110381276132,20.54865424791945,0.0019194099131708,0.5444262328650106,0.0020063080149973,0.0018035440562705,0,,,NOVEL,,,,,0
303470667,ON_TARGET,5.431909907725591,0.12,0.0221977249554096,56.9755696599801,4.0,1.0302692430290266,38.62829264950972,0.0228696332867763,2.6054124599335258,0.0222565719305007,0.0196579569258504,0,0.495,3.4446827838608707,NOVEL,14.52,1.0,1177.0,GSFC-ELEANOR-LITE,1
1326118009,OFF_TARGET,6.034863511026644,0.244,0.0350042744208291,56.07358787081197,5.0,1.0623386340154857,20.35509631230584,0.0371863930729268,0.2262951848951537,0.0372130147381828,0.032643338643457,0,0.485,1.960714010226327,NOVEL,14.87,1.0,1048.0,GSFC-ELEANOR-LITE,0
253168781,OFF_TARGET,3.7402726304851774,0.35,0.0081922718239505,54.98500105540781,7.0,0.9481131622798714,20.83646600047997,0.007767200745262,0.2476535210906919,0.0075130123696482,0.0067288531642738,0,0.475,2.627020675934272,NOVEL,13.43,1.0,1081.0,GSFC-ELEANOR-LITE,0
87175731,OFF_TARGET,0.8567099095358135,0.058,0.0231636507815942,53.1928150802693,19.0,0.9391870886838206,29.001828292442724,0.0217550017408542,6.326539363914184,0.0106903823447154,0.0278049142283949,0,-0.455,2.036966403234264,NOVEL,13.36,1.0,1177.0,GSFC-ELEANOR-LITE,0
3516691,INCONCLUSIVE,0.9593438431486404,0.12,0.0133155272651564,50.16086867429706,43.0,0.8930086472791972,31.86518221637978,0.0118908809908666,1.1096164985870502,0.008930004012049,0.0162120277149314,0,0.185,2.166317060956485,NOVEL,14.84,2.0,1962.0,GSFC-ELEANOR-LITE,0
458340718,OFF_TARGET,3.5064747119505983,0.12,0.0205926840581518,48.787422904593946,8.0,1.043777946089658,31.00982762428112,0.0214941894706909,1.0135697843931566,0.0191763068017238,0.0217416004534274,1,0.415,5.79554305419436,NOVEL,14.73,1.0,1107.0,GSFC-ELEANOR-LITE,0
273158289,ON_TARGET,1.151882938585293,0.084,0.0125462734332341,41.26919130495207,19.0,1.0258035481507557,28.6022683928438,0.0128700118038811,1.416465585937647,0.0127233266830443,0.0098763108253479,0,-0.415,2.182265849216227,NOVEL,12.92,1.0,1081.0,GSFC-ELEANOR-LITE,1
81551538,OFF_TARGET,2.978437376482449,0.5,0.0022092639516128,39.27430753225786,7.0,0.7286849264216716,9.992986897304624,0.001609857340027,0.0114731646577764,0.0015880237545917,0.0015443968572783,0,0.245,2.043934759238868,NOVEL,,,,,0
146608979,OFF_TARGET,3.687471924797949,0.35,0.0096821746189435,36.47146913521904,13.0,0.8765731320568143,20.864386626544743,0.0084871341308483,0.2149432934688349,0.007721099818314,0.0065131052286779,0,-0.475,2.52482170197452,NOVEL,14.16,2.0,2189.0,GSFC-ELEANOR-LITE,0
220148279,INCONCLUSIVE,3.6427614196385134,0.12,0.0156983523137653,35.864218316498786,5.0,0.8946685633196557,27.14520725554669,0.0140448223110422,0.1741151078100499,0.0112773986959752,0.0139045649257892,0,-0.0349999999999999,2.8295692960450336,NOVEL,14.02,1.0,904.0,GSFC-ELEANOR-LITE,0
459536921,INCONCLUSIVE,2.725047516858224,0.058,0.0311563494790435,32.903109424360174,8.0,1.06203133629663,19.95572231696816,0.0330890194713534,0.5620270624220838,0.0330890194713534,0.0296226590332608,0,0.495,3.850616119357188,NOVEL,,,,,0
203279104,INCONCLUSIVE,1.2344142866893872,0.12,0.0002040231467662,32.51581597281258,21.0,1.005279644515917,16.680232466137337,0.0002051003164541,1.7683636178680222,0.0002016129190782,0.0001697525509336,0,-0.425,2.859908431306428,NOVEL,7.26,2.0,10678.0,TESS-SPOC,0
343034455,OFF_TARGET,3.110793937829511,0.12,0.0398908938207056,27.58901255002687,5.0,1.0441151962126096,18.239277408658985,0.0416506884287024,2.5015230903228,0.0321968003904498,0.0416506884287024,0,0.245,2.9602219736990367,NOVEL,,,,,0
417861102,INCONCLUSIVE,2.514278332071979,0.17,0.0194097209347311,27.07948562962417,19.0,0.9555021502725128,29.54154479237896,0.0185460300893249,2.410433868570929,0.0183742961667261,0.015985378912331,0,0.485,2.2161591806586496,NOVEL,13.84,2.0,2229.0,PATHOS,0
309672362,OFF_TARGET,1.8162914726229744,0.12,0.0041137198726922,23.285909148859467,14.0,1.0751597864121536,15.506787598752966,0.0044229061796832,0.2231215388473356,0.0040827447495377,0.0039766845715181,0,0.445,2.0884718902004904,NOVEL,12.6,1.0,1081.0,GSFC-ELEANOR-LITE,0
320474615,OFF_TARGET,4.584394125843311,0.244,0.0154674647474779,21.722492785169344,4.0,0.6872540620181324,12.884416417036226,0.0106300779768264,1.0882779925294617,0.0152596353234858,0.0067870955173762,0,-0.125,2.3592667518083226,NOVEL,14.4,1.0,1072.0,GSFC-ELEANOR-LITE,0
402613330,UNRESOLVED,9.050034267510537,0.12,0.0004915445103502,19.737580811956462,3.0,0.9978195635770548,13.184420470048272,0.0004904727287964,0.4019777351469968,0.0004326806882166,0.0004560432827183,0,-0.0349999999999999,3.482383556285969,NOVEL,8.2,2.0,25377.0,SPOC,0
366749440,INCONCLUSIVE,20.49675969432868,0.244,0.0004139979884085,19.208539822537823,4.0,1.0379559490876655,12.852472226303645,0.0004297116749789,5.353092404656596,0.0005828633138653,0.0003026475590174,0,-0.135,2.226741954500532,NOVEL,8.29,4.0,27824.0,TESS-SPOC,0
464366239,INCONCLUSIVE,22.038158416233543,0.12,0.0185895476290496,16.93403470414399,3.0,1.0108728622775265,11.34618923305519,0.0187916692202217,0.2325821898700565,0.0124247537498584,0.0164674655451733,0,-0.435,0.4361839925584526,NOVEL,13.77,2.0,2211.0,GSFC-ELEANOR-LITE,0
298215657,OFF_TARGET,3.0975897908114414,0.17,0.0036197085661879,16.34983997169683,8.0,0.956547963981246,11.183092658671129,0.0034624248591925,1.3817499749623965,0.0036436235841664,0.002396093028364,0,0.335,2.526516789520741,NOVEL,13.31,1.0,1104.0,GSFC-ELEANOR-LITE,0
207754858,INCONCLUSIVE,10.197636246489369,0.5,0.0028047412999111,14.044313028566512,3.0,1.0698886282570237,7.460377113103576,0.0030007608219777,2.9752567072396547,0.0047281087667812,0.0018469047141655,0,-0.195,3.115325268505015,NOVEL,14.76,1.0,1086.0,GSFC-ELEANOR-LITE,0
125900581,INCONCLUSIVE,3.265462365578779,0.084,0.0258281203990943,13.374851242380425,7.0,0.872416065054918,8.86097645847107,0.0225328671663425,0.4786765655377711,0.0212974853485297,0.0179604062018087,0,0.475,3.8030288719308256,NOVEL,14.88,1.0,1072.0,GSFC-ELEANOR-LITE,0
43333100,INCONCLUSIVE,0.8084676331326976,0.12,0.0002380657932495,12.213604720524106,24.0,1.0883688532536628,9.90994703848834,0.0002591033943979,0.9858137853833036,0.0001871801051864,0.0002256367686235,0,-0.495,2.3094179373013928,NOVEL,9.46,1.0,7633.0,TESS-SPOC,0
230275619,INCONCLUSIVE,3.1561343130066786,0.35,0.0004485323326751,11.45843335931336,25.0,1.0254139042315575,9.48866038434424,0.0004599312904225,0.1010434253381235,0.0003759005308048,0.0003683492772986,0,-0.215,1.923778989127272,NOVEL,11.62,3.0,8089.0,TESS-SPOC,0
111149941,ON_TARGET,5.240091764822175,0.35,0.0004546419920715,10.185398171399184,3.0,1.0247932950174297,8.482366054394404,0.0004659140651083,2.290615552673525,0.0002330383630907,0.0004215401190679,0,0.475,2.770256984780163,NOVEL,10.05,1.0,1521.0,TESS-SPOC,1
251898081,ON_TARGET,27.308941821683568,0.5,0.1863041391168927,5534.523510196895,5.0,1.070752709143055,1819.741416817388,0.1994856616839775,198.85422415951297,-7.479308159996645e-05,0.2537584896307975,1,-0.0949999999999999,9.92880505617635,NOVEL,10.41,5.0,45998.0,TESS-SPOC,1
467214801,ON_TARGET,0.7608504295646796,0.084,0.009504972458957,2133.735287899865,329.0,1.1103995589453115,104.63647003640314,0.0105543172262132,5.400321394895222,0.0105059373427019,0.0098024289718068,0,0.335,1.961069417658092,NOVEL,9.0,11.0,104789.0,TESS-SPOC,1
86966148,OFF_TARGET,0.8181485501593181,0.084,0.0869072518004786,575.5381485381514,27.0,1.0058089256015916,108.2965741377844,0.0874120895604264,1.945098189092756,0.0786782875733821,0.0825707579868559,0,-0.495,3.023654165845781,NOVEL,12.78,1.0,1177.0,GSFC-ELEANOR-LITE,0
29454613,INCONCLUSIVE,4.422794521149218,0.17,0.065433708631412,545.6333542732605,30.0,0.9703975046786246,354.4101067923381,0.0634967075777904,15.634399351479802,0.0687724231983322,0.0374333069862654,0,-0.405,1.336658045299419,NOVEL,12.34,5.0,30312.0,QLP,0
383101733,OFF_TARGET,16.445230198545072,0.12,0.1568498307817311,526.9871658617137,4.0,1.0879169330648315,204.9869527195561,0.1706395868557988,1.9346264128799355,0.1544574669883922,0.1764033196603784,1,0.295,7.52006411404164,NOVEL,14.33,2.0,2164.0,GSFC-ELEANOR-LITE,0
399770041,ON_TARGET,1.5801885652386525,0.084,0.0429056219128949,488.6485399391096,30.0,1.0388385523926047,283.5720978551387,0.0445720141574962,0.8604602059789997,0.0431265288812318,0.0416739443124243,0,0.295,1.805355454664364,NOVEL,12.01,2.0,2188.0,GSFC-ELEANOR-LITE,1
282344989,INCONCLUSIVE,26.61373217528412,0.084,0.3542417296442593,471.1469792476249,3.0,1.0624730964067044,253.07934518449392,0.3763723073716029,2.344857414234211,0.3686889507511613,0.34323039989456,0,0.015,4.1300557632067205,NOVEL,12.87,5.0,33002.0,QLP,0
414257425,OFF_TARGET,0.9046249679321476,0.084,0.0780041080401229,431.8702016412568,22.0,1.1366132346405975,48.32010877532165,0.0886605015547388,0.9622919980942932,0.0768337379732885,0.0822079251868552,0,-0.495,3.834364610496211,NOVEL,13.81,1.0,1086.0,GSFC-ELEANOR-LITE,0
31165161,OFF_TARGET,1.11148415910788,0.244,0.0910692166884198,412.897759198804,23.0,1.036865612384726,28.81274896023012,0.0944265391310357,0.6881863091330341,0.085092414000213,0.0883149195175132,0,-0.495,1.943655191133112,NOVEL,14.85,1.0,1123.0,GSFC-ELEANOR-LITE,0
79414156,OFF_TARGET,2.2996872335593306,0.244,0.0305453189074298,407.98645000574726,42.0,0.7246238716260077,234.44896327559505,0.0221338672467529,0.2909844796509984,0.0187724949207446,0.0195094882258803,0,0.195,1.1192463302761029,NOVEL,12.03,4.0,20047.0,QLP,0
80886802,OFF_TARGET,0.9677973275382268,0.17,0.1568408468193328,382.7669344845568,124.0,1.0467866385934934,251.56077146507096,0.1641789028361664,1.3927437904738802,0.1528550123549411,0.1505856959337814,0,-0.485,1.0924511975545967,NOVEL,13.11,5.0,30280.0,QLP,0
387142213,OFF_TARGET,0.9038053548483824,0.12,0.0249827103845678,364.553755478572,21.0,0.910104840567311,49.34711859080763,0.0227368856514864,1.6054207175081003,0.0177374484503574,0.023329425001577,0,0.155,1.9316975590727985,NOVEL,12.41,1.0,904.0,GSFC-ELEANOR-LITE,0
349701853,ON_TARGET,30.342708642712942,0.12,0.28445208271133,343.46043198791466,4.0,1.0279965674253222,252.45014539955943,0.2924157646242311,0.8715658463286295,0.2676778525672125,0.2722178880228012,1,0.325,10.02040798833655,NOVEL,13.06,4.0,22012.0,QLP,1
437162640,UNRESOLVED,1.4735136925026235,0.084,0.0179011843506832,331.24223102868467,29.0,0.9675631309085684,105.0271585125876,0.0173205259773185,0.6455661412643583,0.0156717676716208,0.0163392655280529,0,0.495,4.816605377014729,NOVEL,11.15,2.0,2211.0,GSFC-ELEANOR-LITE,0
330871525,OFF_TARGET,1.2694428203354196,0.12,0.1027129696724762,329.69298098251613,59.0,1.1124358377076442,289.50073978719973,0.1142615884610409,6.807043073671182,0.10988991983859,0.0998873689886029,0,0.485,3.247196650475368,NOVEL,12.55,3.0,25360.0,QLP,0
100424264,INCONCLUSIVE,1.3228437147457428,0.17,0.0140513869181793,317.36829543381776,17.0,1.0939078016701984,44.125270262355976,0.0153709217740829,0.7201826707353964,0.0158783837999844,0.0128130682212763,0,-0.305,2.119328549395182,NOVEL,14.98,1.0,1029.0,GSFC-ELEANOR-LITE,0
394111941,INCONCLUSIVE,27.211724282125395,0.058,0.3350742966987372,309.0067108088376,3.0,0.659241496365137,55.66838133298312,0.2208948807491714,22.08230491864119,0.2603199162368443,0.017046473604831,0,-0.0349999999999999,3.264779306122508,NOVEL,13.21,4.0,29392.0,QLP,0
344493385,INCONCLUSIVE,14.506737269634511,0.5,0.067060248644215,285.9861973979182,3.0,0.9201009825266,133.65557192229136,0.0617022006660203,4.059192773205671,0.0755962193214911,0.00431806964087,1,0.035,5.932200273222606,NOVEL,14.94,3.0,3274.0,GSFC-ELEANOR-LITE,0
90130748,OFF_TARGET,1.6198618108684262,0.17,0.0144325005165,258.45508630639864,26.0,1.5407755567693977,195.4268332232405,0.022237244018885,18.013784929205023,0.0212047057675233,0.003415793005751,0,0.415,2.2231825208661298,NOVEL,14.54,2.0,1966.0,GSFC-ELEANOR-LITE,0
402641241,UNRESOLVED,0.776041355847002,0.17,0.0082896127359635,256.9514791925314,35.0,0.8309719118542519,74.08331146795265,0.0068884353437349,32.727352198874804,0.0107154788479089,0.005189500675639,0,-0.3249999999999999,1.8005836388226295,NOVEL,11.04,1.0,1086.0,GSFC-ELEANOR-LITE,0
154831865,OFF_TARGET,4.149911125016282,0.12,0.0861595001300866,254.98950809912017,9.0,1.0307129952328138,118.71015955215992,0.0888057164468436,0.3374256501618089,0.0779730480298794,0.0818691110565698,1,0.495,6.213992926984882,NOVEL,13.2,2.0,1934.0,GSFC-ELEANOR-LITE,0
371603115,INCONCLUSIVE,7.719363292396075,0.5,0.062562400625086,251.5780844066604,7.0,1.0977293830451125,150.60000043891097,0.0686765854399968,2.39269334675112,0.0666213120482517,0.0501018389763917,0,0.235,2.461717632985607,NOVEL,14.29,2.0,2188.0,GSFC-ELEANOR-LITE,0
233459038,ON_TARGET,25.33843893363065,0.17,0.0831463073204632,236.6169478798572,6.0,1.3682290730622737,274.3210690108912,0.1137631949936284,89.17146976802051,0.1518446026970898,0.0626799868150599,1,0.255,8.284746520239624,NOVEL,13.26,6.0,14763.0,TESS-SPOC,1
333569585,INCONCLUSIVE,11.605889954030934,0.17,0.0398616187184792,229.18536526079944,4.0,1.0385665332696892,97.54751186716582,0.0413989431629691,14.729416363030424,0.0335784338624042,0.0511783161131343,0,0.405,4.6621782277198776,NOVEL,12.46,2.0,2160.0,GSFC-ELEANOR-LITE,0
273148514,UNRESOLVED,0.9613139022087518,0.17,0.0033705797919588,222.5955971521154,27.0,1.0915579998609384,47.688749880426165,0.0036791833360823,2.2634415365369205,0.003683730926925,0.0034599702503057,0,-0.485,2.091101470532692,NOVEL,9.35,1.0,11275.0,TESS-SPOC,0
298231916,OFF_TARGET,0.7804951527384956,0.17,0.0422542225817544,221.65324097645257,33.0,1.061921717166057,60.72398648368102,0.0448706766015334,11.12691018706959,0.0359716226548675,0.0472173188904602,0,-0.285,2.324645665358484,NOVEL,13.38,1.0,1086.0,GSFC-ELEANOR-LITE,0
452557937,INCONCLUSIVE,15.92054584764415,0.084,0.1377191983537152,192.4640953980194,4.0,1.0383309802237783,160.33980344553694,0.142998110222246,1.035886737391022,0.1182960504485686,0.1352523149834087,1,0.4649999999999999,5.9661458980827735,NOVEL,13.99,3.0,3274.0,GSFC-ELEANOR-LITE,0
281310348,ON_TARGET,1.7702142184960212,0.12,0.0727297763991251,179.71717247011716,11.0,0.9756710790830506,114.91423049139443,0.0709603394208033,0.1583891988127561,0.066191278914646,0.0664721259473029,0,0.445,2.7259799278707617,NOVEL,13.49,1.0,904.0,GSFC-ELEANOR-LITE,1
87926466,OFF_TARGET,0.978475574230071,0.244,0.1194779529816039,169.08721638471758,189.0,1.0427839780935426,201.84846906935093,0.1245896951046302,5.977161879791884,0.1030757277250764,0.1104946549682611,0,0.425,0.8181187814883055,NOVEL,13.49,7.0,46184.0,QLP,0
135330868,INCONCLUSIVE,2.3080699852011786,0.12,0.066781109840227,161.69653810564594,11.0,0.9613248838187518,22.15815138289568,0.0641983426584436,0.6354022277308383,0.0595458575619451,0.0655915889999636,0,0.485,3.240850140774039,NOVEL,13.37,1.0,1077.0,GSFC-ELEANOR-LITE,0
80644534,INCONCLUSIVE,0.9726428014091496,0.058,0.0497883351058787,160.16925589044678,15.0,1.1723660084374052,13.512190041901755,0.0583701516948229,0.0607593521547768,0.0532471410799316,0.0520348541378732,0,-0.3349999999999999,2.571592968793024,NOVEL,14.87,1.0,1072.0,GSFC-ELEANOR-LITE,0
229494598,INCONCLUSIVE,0.9741902095880742,0.12,0.0020298333573652,153.3257672739347,161.0,1.003377170375533,58.56434907610212,0.002036688450447,1.1105702138381082,0.0018357924471701,0.0018914581877125,0,0.325,1.733812440899866,NOVEL,10.62,7.0,111924.0,SPOC,0
346535587,OFF_TARGET,6.093094634117019,0.5,0.0151622854763167,150.04725490876726,5.0,1.0054318272201703,29.791867787866583,0.015244644391287,3.063582772171284,0.0154523315104124,0.0087544266125147,0,-0.495,4.395700836374888,NOVEL,14.82,1.0,1048.0,GSFC-ELEANOR-LITE,0
73190461,OFF_TARGET,0.7697876035682693,0.058,0.0469336322190994,150.01285765436344,28.0,0.9715611047159934,63.00116832061672,0.0455988915671223,1.0844395955804866,0.0438999672377283,0.0473947958219596,0,-0.485,3.175591750495386,NOVEL,14.34,1.0,1072.0,GSFC-ELEANOR-LITE,0
318887646,ON_TARGET,14.281663889625127,0.12,0.0360494851192526,149.87732244709204,3.0,1.1980513785507108,143.36532918471892,0.0431891353431639,1.5204450654119233,0.0361481247350106,0.0352651171206908,0,-0.1649999999999999,3.582620863812944,NOVEL,12.3,2.0,4138.0,TESS-SPOC,1
444465823,ON_TARGET,18.513330110923107,0.12,0.0347550982913245,146.60658281070934,8.0,1.0075728175312526,95.69327353282593,0.0350182923089654,14.96330230279938,0.0364505810920565,0.0243480634434379,0,-0.495,0.0,NOVEL,12.44,6.0,22700.0,QLP,1
333569564,INCONCLUSIVE,11.62314302219762,0.17,0.0173530714567269,146.31239779941296,4.0,1.0368292570451354,63.53370166948613,0.0179921721859293,0.3128247561470624,0.0168540561305912,0.0194353206759257,0,0.405,2.421818625872986,NOVEL,11.81,2.0,2160.0,GSFC-ELEANOR-LITE,0
411536289,OFF_TARGET,2.827333748610149,0.244,0.0150769600546131,124.65114190787088,17.0,0.78387172454346,35.21773532379908,0.0118184026788824,0.2666373598291858,0.010283418432907,0.0099205698827583,0,-0.135,2.501485314883904,NOVEL,12.37,2.0,2165.0,GSFC-ELEANOR-LITE,0
465390277,OFF_TARGET,6.383815212004594,0.244,0.0207924913718205,121.4470901133744,8.0,1.184726152077629,57.59677759233605,0.0246334082950442,3.32349222595659,0.0259981212769233,0.0204992106943847,1,0.385,6.9614630237869,NOVEL,13.68,2.0,2188.0,GSFC-ELEANOR-LITE,0
222705458,INCONCLUSIVE,8.930101999659563,0.04,0.1022785516309667,121.3795262904901,3.0,1.0139328393854177,84.37938945180714,0.1037035822634141,26.012481546009703,-0.0006044024933933,0.1738923362094125,0,-0.1549999999999999,1.7098067860968664,NOVEL,12.36,2.0,10384.0,QLP,0
299139880,UNRESOLVED,10.08738470409955,0.17,0.0455831582994897,110.3176001204469,6.0,1.1072954460449989,77.31945109831561,0.0504740236013733,0.3768988036432388,0.0474431456036994,0.0462033432555289,0,0.415,4.977812896353753,NOVEL,13.35,2.0,2211.0,GSFC-ELEANOR-LITE,0
810800604,UNRESOLVED,3.112962565979254,0.12,0.0078814002913503,107.38952722643744,20.0,0.9712108745876245,61.42585264677968,0.0076545016699375,0.1282864273942211,0.0071457263322525,0.0063471126042189,0,0.485,3.640926350053748,NOVEL,14.73,3.0,3073.0,GSFC-ELEANOR-LITE,0
237507898,OFF_TARGET,3.695844096360272,0.17,0.0468143392549513,104.10800026056394,6.0,1.0072496978554497,78.56260424799837,0.0471537290698522,0.3990040250614965,0.037982842456504,0.0422161421324023,1,-0.495,5.693030931669228,NOVEL,14.88,1.0,904.0,GSFC-ELEANOR-LITE,0
380943251,ON_TARGET,0.7209347459493273,0.058,0.0766701880813365,100.95096880973294,14.0,1.0275587258661203,27.76827059498025,0.0787831207767739,1.8873665432619755,0.0612993215711743,0.0697060273389637,0,-0.0849999999999999,1.317408894209663,NOVEL,14.53,1.0,798.0,GSFC-ELEANOR-LITE,1
329814247,OFF_TARGET,1.7888355121697397,0.12,0.080007100252554,99.93723848423453,12.0,1.0070603770019937,51.48513999763964,0.0805719805431733,0.3234264466996186,0.0690173320974065,0.0753771737315218,0,0.495,4.0551336364885975,NOVEL,14.96,1.0,1081.0,GSFC-ELEANOR-LITE,0
273150032,OFF_TARGET,3.5470907738817847,0.17,0.0260029719632163,94.88238556844028,6.0,1.0504499063529953,42.6550534602744,0.0273148194636602,1.60947681480393,0.0215602120346327,0.0256216948789688,0,0.415,4.863857556221561,NOVEL,12.52,1.0,1081.0,GSFC-ELEANOR-LITE,0
87175640,OFF_TARGET,1.7126228801185852,0.058,0.0533172177337626,90.82026005298492,11.0,1.0071748262155868,44.693646288435225,0.053699759505301,0.5647210298328204,0.0471854307562858,0.0499313212083547,0,-0.495,4.045547248240336,NOVEL,13.65,1.0,1177.0,GSFC-ELEANOR-LITE,0
127263318,OFF_TARGET,3.3850934888121875,0.12,0.030948932810048,85.99470849438636,8.0,1.0046169173830597,55.65529521297992,0.0310918214759259,0.4014464895927964,0.0294849507107057,0.030837890385063,0,-0.495,1.9105152616171523,NOVEL,14.62,1.0,1072.0,GSFC-ELEANOR-LITE,0
315681366,UNRESOLVED,1.1625208308040975,0.12,0.0194407150606133,82.098374397933,20.0,0.6790743531726167,17.57902975110074,0.0132016910049991,1.5783953998231235,0.0135448736266395,0.0098343723041238,0,0.155,2.6405524214865133,NOVEL,14.78,1.0,1086.0,GSFC-ELEANOR-LITE,0
308628103,OFF_TARGET,2.6209643374095326,0.12,0.0685510758389176,79.93675623358139,8.0,1.0834954128318244,51.80349122918779,0.0742747762161537,1.0080487091182733,0.0641442077472977,0.0595550428830562,0,0.495,4.733591357467608,NOVEL,13.66,1.0,1081.0,GSFC-ELEANOR-LITE,0
111381330,OFF_TARGET,2.239914316732505,0.12,0.0161697265128179,79.8373098073775,48.0,1.0436849031674411,66.68844718492382,0.0168760994497744,0.5374312236741308,0.0155021482181377,0.0152838382398912,0,-0.485,1.0990719630371109,NOVEL,12.75,4.0,37182.0,QLP,0
323764927,INCONCLUSIVE,1.452583852349482,0.12,0.0077297186652595,76.56479646119588,19.0,1.0317829156395038,23.13354541878552,0.0079753916615146,0.9433217956618268,0.0067561358477222,0.0072987840756235,0,0.485,2.2844219038709483,NOVEL,14.67,1.0,1147.0,GSFC-ELEANOR-LITE,0
348345578,OFF_TARGET,2.318967492949814,0.12,0.0524130509137125,75.95854419655619,10.0,0.9756437186487588,13.579591830003944,0.0511364638991812,0.3618962751016179,0.0467624102765258,0.0439721274394824,0,0.155,1.7498707526290322,NOVEL,13.86,1.0,1048.0,GSFC-ELEANOR-LITE,0
465334170,OFF_TARGET,0.7855927844280166,0.084,0.0065277981276859,75.37200776141937,55.0,0.8515492006696614,12.883815755261168,0.0055587412777639,0.0835565977029255,0.0050160156506551,0.0053003766181882,0,0.355,2.4937794584425887,NOVEL,14.58,2.0,2188.0,GSFC-ELEANOR-LITE,0
247637164,INCONCLUSIVE,4.102612525828581,0.12,0.0263011406318284,72.46006206422604,4.0,0.7290562022837769,42.35495880231175,0.0191750097047723,1.6623589565011878,0.0121284400920678,0.0312991493956619,0,0.165,2.116355551309199,NOVEL,14.69,1.0,904.0,GSFC-ELEANOR-LITE,0
66716482,ON_TARGET,8.028258931278463,0.12,0.0332873069707548,64.88516548097682,3.0,1.0255842105825022,55.95246589506513,0.034138936442019,0.6351933485040671,0.0333640332751197,0.0340136222269753,0,-0.495,3.344087706219277,NOVEL,12.91,1.0,3315.0,TESS-SPOC,1
233666475,OFF_TARGET,1.1859403791758476,0.17,0.0161249124060782,62.63374900680092,19.0,1.026605083129243,15.25078176497034,0.0165539170410937,0.5821770352166669,0.015519102620834,0.0134938629504759,0,-0.2249999999999999,1.7308871836688455,NOVEL,14.91,1.0,1054.0,GSFC-ELEANOR-LITE,0
295348592,OFF_TARGET,0.7118155612785168,0.12,0.0069873355023653,61.04780725279149,67.0,0.914387429215246,31.697373365441297,0.0063891317470722,4.114648395500365,0.0088306051407771,0.0036602364514207,0,0.185,2.512274928779259,NOVEL,13.31,2.0,2167.0,GSFC-ELEANOR-LITE,0
313365243,OFF_TARGET,2.1012404531797464,0.244,0.0203149163954044,57.46347585064022,13.0,0.9627816342542412,31.174777942335897,0.0195588284069058,0.1792943207134203,0.0180218031022169,0.0182248853234072,0,-0.1149999999999999,3.716711285276187,NOVEL,13.18,1.0,1081.0,GSFC-ELEANOR-LITE,0
125941416,OFF_TARGET,2.159830069365802,0.17,0.0102954030317123,53.02911950145998,10.0,1.0376833413915083,30.5517335230508,0.0106833682189195,0.767423492646139,0.0099343525853674,0.009391814025629,0,-0.0849999999999999,2.923743825427921,NOVEL,14.95,1.0,1072.0,GSFC-ELEANOR-LITE,0
410907337,OFF_TARGET,6.231133174816255,0.244,0.0171988840160771,52.122884714760666,4.0,0.8161054506152091,21.5304419437092,0.0140361029900193,0.1325687966797682,0.012979506750378,0.0112598072844128,0,-0.345,2.80772666386708,NOVEL,13.94,1.0,1107.0,GSFC-ELEANOR-LITE,0
93622174,OFF_TARGET,1.0549032747619749,0.17,0.0154905454443943,50.65516322301078,22.0,1.0680030222742134,14.36439383431456,0.0165439493512892,1.4467908883937115,0.0120473591353424,0.0149239220358282,0,0.235,2.6345334789445896,NOVEL,13.54,1.0,1084.0,GSFC-ELEANOR-LITE,0
54282826,UNRESOLVED,0.8382950463606561,0.084,0.0159413998991685,50.51995258998735,26.0,1.0690118331147829,27.61221258268065,0.0170415451286259,0.5023810299307309,0.0128304720779839,0.0151058975698123,0,-0.495,3.877097330351731,NOVEL,14.32,1.0,1072.0,GSFC-ELEANOR-LITE,0
365996460,OFF_TARGET,5.895115943088325,0.12,0.0073657834365039,44.74404144866233,5.0,1.0788259756623373,26.732617208106344,0.0079463985024038,0.7335359304742397,0.0068432953861001,0.0073132816030091,0,-0.235,1.9661350261244093,NOVEL,11.94,1.0,1177.0,GSFC-ELEANOR-LITE,0
294658624,INCONCLUSIVE,12.634188400660546,0.244,0.0218178270406439,38.67877886705848,4.0,0.8187293084078208,21.71097314300128,0.0178628944439478,0.7308413187247101,0.0310535952190857,0.0108848196249433,1,-0.455,6.615298812572636,NOVEL,13.6,2.0,2188.0,GSFC-ELEANOR-LITE,0
360088761,OFF_TARGET,1.6810190119851482,0.12,0.0125967166487498,36.50522425187919,29.0,0.9636821406415697,25.53781503347369,0.0121392308651225,0.2782227142415655,0.0123482845883791,0.0099791152510935,0,-0.0949999999999999,2.7183448721343653,NOVEL,14.61,2.0,2167.0,GSFC-ELEANOR-LITE,0
309223749,INCONCLUSIVE,4.47332957643921,0.5,0.0033844474747381,35.76623966566716,6.0,0.9664849739405064,12.712174241804568,0.0032710176294252,0.7162227412323852,0.0029134480317001,0.0035054485327021,0,-0.135,3.899226010442864,NOVEL,12.72,1.0,1107.0,GSFC-ELEANOR-LITE,0
402630334,INCONCLUSIVE,1.3114770562776166,0.084,0.001254865353365,35.714387922811724,17.0,0.9664421411206664,27.31603187854025,0.0012127547589242,0.8259248187159711,0.0010342419989486,0.0010890829435319,0,-0.455,2.3608383003531754,NOVEL,9.91,1.0,9434.0,TESS-SPOC,0
313371518,OFF_TARGET,1.5338735100528418,0.084,0.0070839218664799,35.54743755608732,15.0,0.8469168321269052,14.570341141943246,0.0059994926661937,1.1393096583371054,0.006569284509981,0.0047663505436023,0,-0.285,2.543759912952256,NOVEL,13.66,1.0,1081.0,GSFC-ELEANOR-LITE,0
111122174,UNRESOLVED,1.3747277442257522,0.17,0.0003540693232247,33.27088068936675,18.0,0.9357947878585552,16.92893303845617,0.0003313362272143,0.1172997452568111,0.0002931835619337,0.0002965395257662,0,-0.305,2.1783730663934286,NOVEL,8.44,1.0,9467.0,TESS-SPOC,0
453947125,OFF_TARGET,3.988905643806901,0.12,0.0076853914782657,32.39615851260734,5.0,1.0091297669380492,22.157662144693017,0.0077555573112899,0.936010137062736,0.0063304146968741,0.0068963238722857,0,-0.345,2.688584668874152,NOVEL,12.76,1.0,1081.0,GSFC-ELEANOR-LITE,0
339901386,OFF_TARGET,1.041345479842832,0.084,0.0114874117407563,27.56462311594321,42.0,1.093311452789375,18.527698048908267,0.012559318819076,0.1996475099142094,0.010847969816104,0.0115744482031936,0,0.305,2.8510841994233806,NOVEL,14.84,2.0,2167.0,GSFC-ELEANOR-LITE,0
333732585,OFF_TARGET,1.2330604906162843,0.244,0.0004061754793286,27.22695939265904,232.0,1.012978091026626,24.87966311851984,0.0004114468616721,1.9391298604961484,0.0003642016564554,0.0004113075193314,0,0.485,2.217540056380533,NOVEL,11.58,13.0,118182.0,TESS-SPOC,0
120017739,OFF_TARGET,10.49014469075967,0.5,0.0246961188118027,25.547916887953768,3.0,0.8557304743985392,13.648757515187189,0.0211332214666266,0.1975042482448865,0.0139406838712439,0.0200937246744419,0,0.455,2.074142426773056,NOVEL,14.67,1.0,1086.0,GSFC-ELEANOR-LITE,0
309656476,ON_TARGET,28.920445384241564,0.17,0.0004954977074599,24.60608357338353,6.0,0.9799068612488758,14.07324280765636,0.000485541603273,1.970090273600698,0.0003543489762848,0.0004548457555114,0,0.325,1.90356826202846,NOVEL,8.84,7.0,62989.0,TESS-SPOC,1
297350195,OFF_TARGET,1.3767316372249678,0.17,0.0087023838923125,20.988624373735213,17.0,1.0231264440199572,16.277039447159662,0.0089036390862382,2.9927108230352144,0.0087719332421922,0.0060405811735086,0,0.475,2.204809450862274,NOVEL,14.56,1.0,1081.0,GSFC-ELEANOR-LITE,0
121490919,OFF_TARGET,2.46324919067918,0.12,0.0137039352817923,19.961480493786684,9.0,1.018474812386262,17.802236348786547,0.0139571129150769,0.3963072918868884,0.0127057278222795,0.0132855072992875,0,0.325,2.2086212942514774,NOVEL,14.53,1.0,1062.0,GSFC-ELEANOR-LITE,0
430253781,OFF_TARGET,3.013155493660133,0.17,0.0025248403654742,18.27943383834713,8.0,0.961252530504196,11.113185888091811,0.0024270091904312,0.8819846051666983,0.0019861121818658,0.0022939211878003,0,0.355,2.1293724035714625,NOVEL,12.94,1.0,1086.0,GSFC-ELEANOR-LITE,0
451041955,INCONCLUSIVE,8.043791805313102,0.084,0.0082081169147247,15.695979650342576,3.0,1.2130501222983336,10.606527471490644,0.0099568572272459,2.429024400639445,0.0055411219457215,0.0099553316077625,0,-0.425,2.8733440822810064,NOVEL,14.49,1.0,1107.0,GSFC-ELEANOR-LITE,0
397004906,INCONCLUSIVE,1.004862170132626,0.35,0.0005268330102768,15.333653405095518,92.0,0.9645324879145916,14.129079291162896,0.0005081475541178,1.1184672556491,0.0004665077699734,0.000532714115767,0,0.355,1.991724489613052,NOVEL,11.82,4.0,9010.0,TESS-SPOC,0
229494833,ON_TARGET,15.383868064542838,0.12,0.0003716524502771,14.90248105384826,19.0,0.99600872126131,11.245139293971398,0.0003701690817541,4.315876167521892,0.0004033103178781,0.0001950496060523,0,-0.0849999999999999,2.729461102425528,NOVEL,9.98,14.0,125728.0,TESS-SPOC,1
399552998,INCONCLUSIVE,0.9267535093385034,0.17,0.0004230240234117,13.050927955560846,19.0,0.9178018402553318,10.177703475484355,0.0003882522271595,2.137571384123541,0.0004327927181789,0.0003128091193307,0,-0.435,2.475153294326081,NOVEL,10.51,1.0,7010.0,TESS-SPOC,0
44533527,ON_TARGET,14.5951886483809,0.12,0.0010129590172977,11.99140867125008,3.0,0.9415819700049474,8.583758948872541,0.0009537839470414,1.179434981525676,0.0009399235974181,0.0007382883106447,0,-0.3249999999999999,4.2035377576915645,NOVEL,10.43,2.0,13990.0,TESS-SPOC,1
139850283,OFF_TARGET,1.2958316643057688,0.12,0.6186081745466384,659.6974002303643,59.0,1.1837129507238189,410.68446786335846,0.7322545076344765,0.6230268095423109,0.6525808788512162,0.6574450492134916,0,0.495,3.5104245987224627,NOVEL,13.27,3.0,24457.0,QLP,0
349702481,INCONCLUSIVE,27.09998016748735,0.058,0.2509319710238842,28.35142797095017,3.0,1.0191878608179257,23.736623649512605,0.2557468187586582,,,,0,-0.005,3.1909307687663704,NOVEL,13.38,4.0,22010.0,QLP,0
42256323,INCONCLUSIVE,1.153858841587889,0.17,0.000462194840594,27.59639385423237,98.0,0.8598981524967799,17.527727944558492,0.0003974404895203,0.5076842965012299,0.0003688738661333,0.0003503908761448,0,0.495,3.063364158147808,NOVEL,10.48,5.0,12793.0,TESS-SPOC,0
42256493,OFF_TARGET,1.1570285483814955,0.12,0.0166288003081468,1057.4645308998647,127.0,0.9110305181961188,122.82288283108603,0.0151493445617107,11.89356012592193,0.0120787844393098,0.0150406160350847,0,-0.495,3.157193735470378,NOVEL,10.27,6.0,104286.0,SPOC,0
230907580,UNRESOLVED,9.400124276763387,0.12,0.0469284918313638,141.82993616344297,3.0,1.0642388510787557,51.86710239130929,0.0499431242294694,5.099695197877722,0.0015611879941596,0.0579220032460952,0,-0.385,4.174603743660117,NOVEL,14.46,1.0,1054.0,GSFC-ELEANOR-LITE,0
379653933,OFF_TARGET,14.192600763486334,0.5,0.1001386488483784,116.66379331613356,3.0,1.0138890130032547,81.2250326298838,0.1015294758443619,3.186676279694228,0.0719116796936955,0.0950326678704884,0,0.055,3.370101157178797,NOVEL,13.74,2.0,2188.0,GSFC-ELEANOR-LITE,0
330569407,OFF_TARGET,3.602843082491972,0.35,0.0304795861923836,97.30692061841158,6.0,1.0376613434343531,42.80936885335739,0.0316274883557119,1.18374720195283,0.0354336767121142,0.0244968557318622,0,0.495,3.52351478368982,NOVEL,14.29,1.0,1078.0,GSFC-ELEANOR-LITE,0
230376393,UNRESOLVED,38.416173835260345,0.35,0.0286212209306009,22.00666889078472,19.0,0.5033116187038313,8.694896710627575,0.0144053930358607,1.5439354129851692,0.0105639262171132,0.0148079415648666,0,0.025,3.883645355837561,NOVEL,14.78,28.0,220633.0,QLP,0
46896701,OFF_TARGET,2.591558972696179,0.35,0.193152995148222,2496.6845906388726,10.0,0.9627301587653112,69.71543500667562,0.1859542136850431,5.736945816515887,0.1469730088901767,0.1925143093676954,0,-0.365,3.0104156746111266,NOVEL,14.81,1.0,1032.0,GSFC-ELEANOR-LITE,0
383287412,INCONCLUSIVE,21.74344091190656,0.244,0.1711521545599789,924.0715714444258,3.0,1.0358810963906333,378.24732089375175,0.17729328151521,8.169364026748305,0.2021351578034435,0.0028571358347576,1,0.015,9.328092356420902,NOVEL,14.73,3.0,3073.0,GSFC-ELEANOR-LITE,0
218193457,OFF_TARGET,7.596041180805007,0.5,0.1514796287202492,864.8179882598915,4.0,1.0856833744523804,117.06708660600988,0.1644589144697938,2.920412708097392,0.1589614995303362,0.1407662517763037,0,0.495,2.957942761046732,NOVEL,13.83,1.0,1056.0,GSFC-ELEANOR-LITE,0
220423668,ON_TARGET,3.651055395353677,0.12,0.0452465275230349,755.375924778826,55.0,1.2725658570467753,215.4563113393104,0.0575791860757415,8.941895001984829,0.0505435565227467,0.055019050465443,0,0.445,4.727468045470822,NOVEL,12.42,9.0,20358.0,TESS-SPOC,1
244978644,OFF_TARGET,4.128504947931621,0.17,0.1440640101130285,546.1551757626027,37.0,0.9319624983816276,411.0266587911091,0.1342622547918142,1.5453704258366936,0.1045556669284474,0.1057547199519181,1,-0.495,6.655263035692596,NOVEL,13.43,6.0,49202.0,QLP,0
365998904,ON_TARGET,1.2493575875979597,0.12,0.023984161764587,375.00703950353017,22.0,1.1243460440070956,87.40534876547163,0.0269664973988397,0.2719847542760842,0.0255432950770932,0.0258037439582183,0,0.165,1.830806458550909,NOVEL,11.72,1.0,1177.0,GSFC-ELEANOR-LITE,1
102509246,OFF_TARGET,2.562883002632999,0.17,0.2455373910465728,330.58380800539624,61.0,0.9901065472052328,273.08155907056573,0.2431081784589032,0.5006917790695016,0.2050369488006775,0.2059731298719052,0,-0.205,1.0304689186220657,NOVEL,14.59,6.0,52015.0,QLP,0
378070153,INCONCLUSIVE,1.8694705810796843,0.35,0.0309127854904923,325.94690023752247,74.0,0.6103192370481076,166.34208846537146,0.018866667655589,1.2783627126863404,0.0148646572852152,0.0179713053928413,0,0.295,1.5153407031273982,NOVEL,12.3,5.0,23446.0,QLP,0
217028234,OFF_TARGET,1.1356687957644538,0.244,0.0548477030258158,258.3104074550125,25.0,1.0295423020506704,57.67801925798593,0.0564680304353899,1.999708278751524,0.0451641147045688,0.0543268917680536,0,-0.285,2.695245927069014,NOVEL,14.32,1.0,1049.0,GSFC-ELEANOR-LITE,0
135324633,OFF_TARGET,13.056635067421462,0.244,0.2157417897259192,252.4512615129776,3.0,0.6318501081155086,109.86386597218257,0.1363164731633553,17.341178944243026,0.0243144181865281,0.2789682065299388,0,-0.0449999999999999,1.6801876205768056,NOVEL,13.77,2.0,2211.0,GSFC-ELEANOR-LITE,0
309657355,INCONCLUSIVE,0.9229396991809732,0.35,0.0042380757525843,238.1158179919524,564.0,0.7769111975623569,104.87195647387776,0.0032926085083002,0.8464225803135395,0.0014251335747031,0.001467189354148,0,-0.415,1.076263825124114,NOVEL,12.81,22.0,359147.0,SPOC,0
192855779,OFF_TARGET,10.290781728205788,0.17,0.118835941423882,235.23733356553507,5.0,0.8519071578922752,93.04155845832152,0.1012371891138722,0.2478134223382135,0.1005952552240209,0.098501493615831,1,0.375,7.160989593063387,NOVEL,14.12,2.0,2167.0,GSFC-ELEANOR-LITE,0
462781859,OFF_TARGET,0.785005223391878,0.12,0.0145088427546195,230.37363749369177,60.0,0.6508228944337826,54.16377382517637,0.0094426870364461,2.370491660843629,0.0103277370946621,0.0070498909002891,0,-0.195,2.7709924062995093,NOVEL,13.79,2.0,2211.0,GSFC-ELEANOR-LITE,0
457855575,OFF_TARGET,1.160076027788903,0.084,0.0340871289339503,211.40048036994096,19.0,1.0543791510001996,101.21369886925312,0.0359407580654128,0.389434535930169,0.0323232733793106,0.0335871858409614,0,0.485,3.4109162048461927,NOVEL,14.02,1.0,1081.0,GSFC-ELEANOR-LITE,0
233452636,ON_TARGET,1.9063211046429025,0.35,0.054672925498727,202.45204275073417,14.0,1.080228466566574,56.5200127773231,0.0590592504741984,0.0195243004337437,0.0519877045292138,0.0518449273829423,0,-0.195,2.136904486575532,NOVEL,13.87,1.0,1054.0,GSFC-ELEANOR-LITE,1
308626244,OFF_TARGET,3.996189428305452,0.5,0.033531791410783,178.40897066456748,7.0,0.9403800042068102,13.752906914957508,0.031532626147934,1.8897558910400336,0.0368824674796732,0.0308011852401512,0,0.135,1.9667493059593568,NOVEL,13.63,1.0,1081.0,GSFC-ELEANOR-LITE,0
57135731,UNRESOLVED,4.080101471632431,0.5,0.0016712133146214,167.58063215829145,6.0,0.9756866779817662,16.07357764704157,0.0016305805671419,4.7890133072186,0.0006541815785354,0.0016109337994233,0,0.135,1.54307705321524,NOVEL,14.84,1.0,1147.0,GSFC-ELEANOR-LITE,0
371605670,UNRESOLVED,2.6285424807291244,0.35,0.026700030252985,163.4186982112155,19.0,1.0002768465382852,58.37332162748014,0.0267074220639327,0.0536689204001942,0.0244699447553672,0.0240507420937108,0,0.495,3.06189154612136,NOVEL,14.09,2.0,2188.0,GSFC-ELEANOR-LITE,0
403676355,OFF_TARGET,2.641200838548084,0.244,0.0903301922335358,160.0868158456103,10.0,1.0177451344311266,99.8502700625119,0.0919331136379094,0.7290110229652236,0.0828830643677543,0.0783406417876493,0,-0.485,3.3224757213889573,NOVEL,14.05,1.0,1072.0,GSFC-ELEANOR-LITE,0
369395377,OFF_TARGET,2.430864241911104,0.12,0.0166119555851038,157.81406629977923,7.0,1.0381023101914468,55.36257207394597,0.017244909469694,6.14821347343469,0.0134767391843287,0.0182205841779399,0,-0.245,4.171048557065155,NOVEL,14.78,1.0,798.0,GSFC-ELEANOR-LITE,0
356500024,INCONCLUSIVE,34.26360365946508,0.02,0.1960182857388698,143.239276215993,3.0,1.4918284756809008,153.79316079990917,0.2924256604194014,2.13790529084138,0.2837040426952791,0.2165526392785633,0,0.405,3.472860290343915,NOVEL,13.26,7.0,25987.0,QLP,0
465390333,INCONCLUSIVE,14.062318742275014,0.5,0.0693431654123152,139.9070202900882,3.0,1.187857523503571,88.65443148937946,0.0823698007385712,38.389411518743024,1.0149194989539367e-05,0.0870147739911367,0,-0.0949999999999999,2.9346155730845664,NOVEL,13.88,2.0,2188.0,GSFC-ELEANOR-LITE,0
146612348,OFF_TARGET,1.547228084204541,0.12,0.0184104343860854,130.56087670027617,31.0,1.0098270310528734,74.84787215845294,0.0185913542964943,1.5444845995227312,0.015874571590814,0.0187365808555073,0,0.4649999999999999,2.210616050309876,NOVEL,13.91,2.0,2189.0,GSFC-ELEANOR-LITE,0
237514076,INCONCLUSIVE,5.1331730614326725,0.244,0.0404948100835356,117.45635569388408,3.0,1.0675978774651742,67.2686307583405,0.043232173293538,0.4163420185702647,0.0325421797839882,0.0409644636019749,1,-0.315,5.447993286722488,NOVEL,14.86,1.0,904.0,GSFC-ELEANOR-LITE,0
239727281,INCONCLUSIVE,7.791125307702467,0.17,0.0057720916469008,117.17194131548818,11.0,0.9311844490387752,86.98730711516356,0.0053748819800206,3.942404150333685,0.0044365489988114,0.0048211827835936,1,0.495,5.755025631627855,NOVEL,10.72,5.0,37450.0,TESS-SPOC,0
123508954,INCONCLUSIVE,2.202588410447408,0.17,0.0369711000167947,116.0740523433189,13.0,0.9420657703972656,30.74592442576325,0.034829207819756,0.0586787827453663,0.0317054053768948,0.0325529002824416,0,-0.245,3.679270267505602,NOVEL,14.91,1.0,1048.0,GSFC-ELEANOR-LITE,0
383801019,OFF_TARGET,2.48990040198025,0.244,0.0116112364113856,115.70117006970904,28.0,1.0014456256321558,63.98794120308472,0.011628021912363,0.1395584182137576,0.0110639129258821,0.0100373021676225,0,0.495,3.7368516606620528,NOVEL,13.82,3.0,3073.0,GSFC-ELEANOR-LITE,0
234065903,UNRESOLVED,4.040734211513496,0.17,0.0327442538761846,114.8542401960932,5.0,0.9948908896803424,62.29031696655067,0.0325769598707963,0.2956640563731509,0.029383921365424,0.0305594397811191,0,0.325,1.785696004587537,NOVEL,13.68,1.0,904.0,GSFC-ELEANOR-LITE,0
467851810,OFF_TARGET,2.1851872491231936,0.244,0.0079137188695589,111.7221662782529,23.0,0.7457563305143857,37.34791647381771,0.0059017059448847,0.9923489120903888,0.0067961135600878,0.0039658966376261,0,0.195,2.496224453652584,NOVEL,14.5,2.0,2188.0,GSFC-ELEANOR-LITE,0
421567487,INCONCLUSIVE,3.6047913633031774,0.244,0.0246895636744611,108.17383631114777,7.0,1.0202709332888946,67.9261227239951,0.025190044172638,10.192542176140638,0.0255139252689176,0.0177035378878157,0,0.2249999999999999,2.401731702449695,NOVEL,14.76,1.0,1086.0,GSFC-ELEANOR-LITE,0
435411138,OFF_TARGET,1.868496733591966,0.17,0.0086485158442018,99.57844399745872,13.0,0.9227813325086344,18.55451146613221,0.0079806889749346,0.4946724727005626,0.0068792656567677,0.0076379775446768,0,0.485,2.658306078026253,NOVEL,14.91,1.0,1081.0,GSFC-ELEANOR-LITE,0
54280159,OFF_TARGET,7.552494349506187,0.17,0.0435301339144888,98.40691577284436,3.0,0.983492305258725,70.77339866898076,0.0428115517517816,0.8286866422207896,0.0455784473349167,0.0410316613921655,0,-0.485,4.131166046584203,NOVEL,14.35,1.0,1072.0,GSFC-ELEANOR-LITE,0
308473058,OFF_TARGET,0.8013137507567636,0.058,0.0278381514795036,90.44832381309335,23.0,1.0318520402280011,15.338912466083377,0.0287248534003019,1.1665925056387347,0.0254023597519975,0.0302178458102142,0,-0.3349999999999999,2.705023517678315,NOVEL,14.27,1.0,1081.0,GSFC-ELEANOR-LITE,0
277917453,INCONCLUSIVE,1.9423316431065507,0.12,0.0947924475393268,86.73418278616953,12.0,1.0556677810939936,63.643221416289634,0.1000693327583099,0.2711633864635605,0.0967859802919065,0.0959457159572579,0,0.065,4.4370594068416525,NOVEL,14.46,1.0,1086.0,GSFC-ELEANOR-LITE,0
102566477,OFF_TARGET,6.69398051721121,0.5,0.0022891902844508,83.3174291743009,4.0,0.9099753066359302,10.730848830818855,0.0020831066310411,2.312026783966522,0.0009601347787966,0.0024982164003126,0,0.145,1.894283949009129,NOVEL,14.6,1.0,1101.0,GSFC-ELEANOR-LITE,0
145599024,INCONCLUSIVE,17.57453692042574,0.244,0.0216594526261377,82.44323395676957,3.0,0.9766158278282404,51.507419722424046,0.021152964256782,6.237301747485152,0.0272163394896488,0.0012281472662448,0,0.015,2.5315204329065124,NOVEL,14.27,2.0,1966.0,GSFC-ELEANOR-LITE,0
87168144,OFF_TARGET,1.1734159418340429,0.12,0.0163354906901946,79.81569642788718,21.0,0.9934228617293324,15.693437764548609,0.016228049909206,0.0979060557595699,0.0152597336876032,0.0150556722770008,0,0.495,3.2390165088409417,NOVEL,13.67,1.0,1177.0,GSFC-ELEANOR-LITE,0
316215136,UNRESOLVED,1.8026363076423648,0.12,0.0340159372316684,79.08932683967755,14.0,0.8671547791625542,35.466494620731375,0.0294970825381347,0.2535898725904829,0.0241637869087492,0.028281911182738,0,-0.285,2.313448458450692,NOVEL,14.51,1.0,1120.0,GSFC-ELEANOR-LITE,0
96982201,UNRESOLVED,0.9445068374756564,0.084,0.0085451420899806,76.72413159692469,44.0,0.6247517072611182,35.08646342511338,0.0053385921095042,0.6341041413510922,0.0036089658758355,0.00551790980384,0,-0.485,2.4874452971586427,NOVEL,12.5,2.0,1975.0,GSFC-ELEANOR-LITE,0
142837844,OFF_TARGET,6.736161129412147,0.12,0.055656936197492,76.61963733055721,4.0,1.0363239439467344,47.39900852145678,0.0576786156281767,0.0078577570250672,0.0505829874950253,0.0505222708197603,0,-0.495,4.931624562022599,NOVEL,14.21,1.0,1072.0,GSFC-ELEANOR-LITE,0
87926353,OFF_TARGET,0.978475574230071,0.244,0.0240373696492477,76.26855905800903,189.0,0.8644766566538694,57.37440340308455,0.0207797449491349,0.6299014415116647,0.0185317714633985,0.0180071534854517,0,0.415,0.7256507320151584,NOVEL,13.36,7.0,46146.0,QLP,0
458340700,OFF_TARGET,3.509284725412064,0.12,0.0511139571585478,74.55128805958493,8.0,1.024975632980611,43.9128919233518,0.0523905605927264,0.6698596359026845,0.0487074438565112,0.053448436875828,1,0.415,5.459108711237528,NOVEL,14.74,1.0,1107.0,GSFC-ELEANOR-LITE,0
376808346,INCONCLUSIVE,0.7710597454831566,0.12,0.0022317172685963,73.60699060573485,64.0,0.8402520192001074,8.955044393133479,0.0018752049412218,0.2622391069985635,0.001579284640738,0.0013989191441849,0,-0.345,2.0454131910487563,NOVEL,10.91,2.0,2188.0,GSFC-ELEANOR-LITE,0
247637169,INCONCLUSIVE,4.102612531348586,0.12,0.0263011181410637,72.4600011470638,4.0,0.7290568249700298,42.354963807797,0.0191750096850855,1.6623649406594414,0.0121284593479191,0.0312991493956633,0,0.165,2.116174451842165,NOVEL,14.48,1.0,904.0,GSFC-ELEANOR-LITE,0
180187028,UNRESOLVED,0.8900678291550078,0.35,0.0020806534882296,66.26187237755265,30.0,0.8794534750398326,19.87210085484832,0.0018298379405773,1.8596412822022863,0.0015737419222365,0.0018518385307275,0,-0.405,2.4763055533517124,NOVEL,11.53,1.0,1081.0,GSFC-ELEANOR-LITE,0
304803946,OFF_TARGET,4.926321401946884,0.5,0.0037235082241019,63.07976309863465,10.0,0.7190372592052482,18.71386860572304,0.0026773411480864,2.7477268960263235,0.0029199642849904,0.0021324233725514,0,-0.485,3.082299131426077,NOVEL,14.28,2.0,2188.0,GSFC-ELEANOR-LITE,0
464366281,OFF_TARGET,0.813199949881453,0.084,0.0293050152228156,60.24358410328973,57.0,0.7647558562526686,30.95157751073856,0.0224111820092218,5.133044282031372,0.0238522412972929,0.0099748970253394,0,0.1049999999999999,2.1988910669984008,NOVEL,13.85,2.0,2211.0,GSFC-ELEANOR-LITE,0
12079324,INCONCLUSIVE,28.94425626876261,0.12,0.071384835749972,59.46161732421727,6.0,0.7355668052251781,28.34698104228134,0.052508315574131,14.162558086809865,0.0272773023345225,0.1222005613673197,0,0.025,2.7957427991975954,NOVEL,13.17,6.0,44923.0,QLP,0
425071197,INCONCLUSIVE,33.926200320852665,0.084,0.0065513554337724,58.74786293487179,3.0,1.132653711610636,27.52965001792185,0.0074204170481428,8.981369851807736,-2.1018289837915205e-05,0.0083076492708469,0,-0.495,3.536658967415344,NOVEL,14.27,1.0,3165.0,K2,0
73928199,OFF_TARGET,4.001768959899281,0.084,0.0289270539068796,57.29797525650623,4.0,0.9758963673288594,36.286068410127136,0.0282298068252498,0.4556176638923295,0.0255834201140817,0.0265515550506953,0,0.495,3.102568182674688,NOVEL,14.8,1.0,1086.0,GSFC-ELEANOR-LITE,0
449836001,INCONCLUSIVE,3.24816419967992,0.244,0.0078195381122442,57.25488887354913,7.0,0.7548257612462067,20.85048353617543,0.0059023888081685,3.0308938631100766,0.0025831824811659,0.0059260941109097,0,0.385,2.826250233341923,NOVEL,14.87,1.0,1081.0,GSFC-ELEANOR-LITE,0
323965420,INCONCLUSIVE,16.25910716085501,0.244,0.0324175733569704,55.12769509127365,4.0,0.9623632198359928,29.943947235450008,0.0311974802750836,1.3666922144502491,0.0316804255378107,0.0281277353378291,1,0.205,6.9683290536363085,NOVEL,13.59,2.0,2188.0,GSFC-ELEANOR-LITE,0
160147252,OFF_TARGET,9.737790015907317,0.12,0.0521386283048908,53.75628815590207,26.0,0.6760508272481036,27.1503433871987,0.0352483627971028,24.665820077825845,0.0005965176702213,0.0756772012407981,0,-0.455,3.913199878190839,NOVEL,14.87,9.0,74943.0,QLP,0
80996206,INCONCLUSIVE,1.2146890404759534,0.5,0.0102475614189907,52.922588875990456,35.0,0.6126033551223256,28.18441485821416,0.0062776905070958,0.1482552847869503,0.0052281437073771,0.0062971160889601,0,0.475,1.7032130039879911,NOVEL,14.9,2.0,1934.0,GSFC-ELEANOR-LITE,0
158493845,INCONCLUSIVE,0.7989251224357521,0.084,0.0006119808539859,52.35994020823438,127.0,1.030125266836604,29.74346972828927,0.0006304169405111,0.7077800758062038,0.0005816334489203,0.0006037855395609,0,0.335,1.8023378265343244,NOVEL,9.83,4.0,72411.0,SPOC,0
3933500,OFF_TARGET,10.91637036738487,0.17,0.0531464255388583,49.62503292818191,3.0,0.9232904696204716,13.632398471101336,0.0490695881944219,0.7386630877102704,0.0399485480957533,0.0490695881944219,1,-0.455,6.39841241778478,NOVEL,14.01,1.0,1059.0,GSFC-ELEANOR-LITE,0
33986702,INCONCLUSIVE,8.892529430616571,0.084,0.0206138901281379,49.52028395021655,5.0,1.1245991937691755,42.95980090146323,0.0231823642185503,0.7393547905767552,0.0205439129705988,0.0198131146553033,1,-0.455,8.690075935019836,NOVEL,13.27,2.0,4011.0,TESS-SPOC,0
333569592,OFF_TARGET,11.657725627421408,0.12,0.0136940639524613,48.24951841863693,4.0,0.8439205409359966,21.23403771164657,0.0115567018583733,0.1822779088138041,0.0114846768744035,0.0108224883614473,0,0.1049999999999999,2.6518088785971834,NOVEL,12.59,2.0,2160.0,GSFC-ELEANOR-LITE,0
386205667,OFF_TARGET,1.4547582105247114,0.17,0.0133237891918476,42.44030319896291,16.0,0.9356045014173664,27.43518911383466,0.0124657971438286,2.787817402513777,0.0059940172852612,0.0150559872942926,0,-0.1149999999999999,2.80377230327112,NOVEL,14.08,1.0,1072.0,GSFC-ELEANOR-LITE,0
345086748,INCONCLUSIVE,10.304179356032474,0.35,0.0348266920506995,39.45967406830544,3.0,1.1409060924954022,27.546776029420023,0.0397339851421043,6.318250025624409,0.0645990741522608,0.0082076961651113,0,0.345,3.138892060607227,NOVEL,14.45,1.0,1177.0,GSFC-ELEANOR-LITE,0
468888299,INCONCLUSIVE,5.839751580079744,0.17,0.0370585695800195,37.524810942325054,4.0,1.3705456109429943,44.14062967758193,0.0507904598857213,2.402023214485389,0.003574366429014,0.051844465391286,0,-0.285,2.1896249805878347,NOVEL,14.19,1.0,1119.0,GSFC-ELEANOR-LITE,0
188855091,INCONCLUSIVE,6.385454838025522,0.17,0.0081349060527109,35.663361211225535,5.0,1.0423140332027252,20.3917636079738,0.0084791267375263,2.784330244677492,0.0052362526274604,0.008651641649003,1,0.415,6.128764339102859,NOVEL,14.57,1.0,1086.0,GSFC-ELEANOR-LITE,0
297357238,INCONCLUSIVE,3.8345574579503774,0.12,0.0119939870400014,33.30194961485299,6.0,1.0003714213588315,23.53696609586649,0.0119984418629656,1.3149560483838398,0.0108723568903492,0.0096744386398109,1,0.495,5.5038243166458924,NOVEL,14.47,1.0,1081.0,GSFC-ELEANOR-LITE,0
299138242,INCONCLUSIVE,1.742253292931907,0.084,0.0053164505096314,30.65474646213637,25.0,0.8470284360274111,17.204997614717293,0.0045031847603902,1.100209804549665,0.0024756634969119,0.0056706893725372,0,0.1049999999999999,1.9583106284196168,NOVEL,13.16,2.0,2211.0,GSFC-ELEANOR-LITE,0
338685900,INCONCLUSIVE,3.5299092927824343,0.5,0.002174363681317,30.53277794408261,6.0,0.7406512740319995,10.651127661676718,0.0016104452307763,0.3752784422723478,0.0017259444062758,0.0009645602310383,0,-0.2249999999999999,1.869191553840173,NOVEL,14.49,1.0,1081.0,GSFC-ELEANOR-LITE,0
307380812,INCONCLUSIVE,2.871828951010736,0.12,0.0222937495368333,30.131721343095755,7.0,0.8855021863381694,19.880800759099657,0.0197411639565414,0.019986258027522,0.0187596484487337,0.0192627787869443,0,0.1049999999999999,2.825106215291711,NOVEL,14.46,1.0,904.0,GSFC-ELEANOR-LITE,0
516402299,OFF_TARGET,1.270436060545716,0.12,0.0053143582546946,26.704826743258693,18.0,1.0236089427457191,17.336658882667244,0.00543982463446,2.1352761808029403,0.0054641526251723,0.0044744560249321,0,0.2149999999999999,2.7563107377492213,NOVEL,14.7,1.0,1081.0,GSFC-ELEANOR-LITE,0
398475596,INCONCLUSIVE,14.005159116599415,0.084,0.0370270976302257,23.402260150848058,3.0,0.8270065975528154,16.732580855625173,0.0306216540284288,0.7928627353509008,0.033512691319939,0.0268706475160646,1,0.0949999999999999,5.287114950452857,NOVEL,14.93,2.0,2160.0,GSFC-ELEANOR-LITE,0
1966164973,INCONCLUSIVE,0.7752202551795369,0.35,0.0095042671234073,21.409414160433364,66.0,0.9687988471850628,47.12322228225454,0.0092077230324959,0.8467391269348596,0.0092217283193586,0.0088197161561847,0,0.455,1.8659229832183544,NOVEL,14.95,2.0,2427.0,PATHOS,0
43796360,INCONCLUSIVE,10.17112462645766,0.12,0.0006396872431256,12.787900547937785,3.0,0.9853552883614218,9.32686583747262,0.0006303192079112,0.0722460088561823,0.0005257158686619,0.0005181465373356,0,-0.1149999999999999,3.064236037710859,NOVEL,9.53,2.0,14193.0,TESS-SPOC,0
300359095,OFF_TARGET,8.112001786341326,0.5,0.1283461227066501,1961.023637573556,3.0,0.949179139745142,47.9511663686325,0.1218234623403226,24.907991717481703,0.0276520097603285,0.1890291153167229,0,-0.065,3.4091044240802604,NOVEL,14.96,1.0,1081.0,GSFC-ELEANOR-LITE,0
246552692,OFF_TARGET,1.954839094090856,0.35,0.0289755499304881,350.4548824645254,13.0,1.0013720422091394,51.95314411608949,0.0290153056080257,0.948150121731284,0.0275796765007447,0.0252536952337939,0,-0.195,2.2489552587384405,NOVEL,13.74,1.0,1054.0,GSFC-ELEANOR-LITE,0
65504442,OFF_TARGET,0.7319777043041997,0.12,0.0194155427516741,148.7657684317472,34.0,1.0484593266013718,68.97897957636124,0.0203564068790204,0.9422885954252528,0.0194820327949156,0.017957209449863,0,0.195,2.462185279749815,NOVEL,13.55,1.0,1147.0,GSFC-ELEANOR-LITE,0
468353260,OFF_TARGET,11.741224131957171,0.04,0.2168915619873067,127.27308475623568,7.0,1.051745645924756,135.24096148639947,0.2281147559579691,2.9844831839231416,0.2057709833136607,0.218098185720685,1,-0.495,5.857910180985591,NOVEL,14.6,8.0,29337.0,TESS-SPOC,0
469444192,OFF_TARGET,0.808272710620047,0.12,0.0141542012736508,127.108460240202,31.0,1.0291605742974177,41.58240667391141,0.0145669459115117,0.593345156725031,0.0140478479451161,0.0136609526945793,0,-0.495,2.695926183384917,NOVEL,12.46,1.0,1148.0,GSFC-ELEANOR-LITE,0
317639628,OFF_TARGET,5.629618717619599,0.35,0.0367415821336391,115.98429727484302,8.0,0.9837243041091996,53.557380529163886,0.0361435873162852,0.8471695146781291,0.0363312825813399,0.0295665996848961,0,0.495,3.808136632392468,NOVEL,14.76,2.0,2188.0,GSFC-ELEANOR-LITE,0
418883686,INCONCLUSIVE,9.407641173642922,0.17,0.1262806480902242,96.03644032347673,5.0,0.667161509865023,54.17666069544317,0.0842495878466076,2.938789217324585,0.079819993665242,-0.0229126338719825,1,-0.485,5.364928141410422,NOVEL,14.17,2.0,2167.0,GSFC-ELEANOR-LITE,0
467847068,OFF_TARGET,2.2447413620975625,0.17,0.0085727817866398,93.31019154898686,21.0,0.9356677388518154,42.28622522859919,0.0080212753499753,0.0084576357682143,0.0069976139432557,0.0070309452482001,0,-0.485,3.062221306796816,NOVEL,13.74,2.0,2188.0,GSFC-ELEANOR-LITE,0
469136093,INCONCLUSIVE,2.4041191246247178,0.12,0.049087703771265,90.01024896658535,19.0,0.6742979492355464,25.475329167580448,0.033099737985646,0.1508849797978955,0.0293679986917726,0.028525645702903,0,0.495,4.463929267236078,NOVEL,14.49,2.0,2211.0,GSFC-ELEANOR-LITE,0
378112774,OFF_TARGET,2.435109665721203,0.17,0.0450247420616119,85.94611814218366,11.0,1.0536084670780108,51.74928057540253,0.0474384494641177,0.2669735930439489,0.0473980823575272,0.0415690308851597,0,0.495,3.1136459295503536,NOVEL,14.68,1.0,1107.0,GSFC-ELEANOR-LITE,0
173381003,INCONCLUSIVE,14.365732234670734,0.5,0.0191577456774523,80.07284235473227,4.0,0.5877749983777497,26.570829289523683,0.0112604439344858,0.6153713534354677,0.0113505010386835,0.0052505498006113,0,-0.0549999999999999,1.1501847223534318,NOVEL,14.7,2.0,1934.0,GSFC-ELEANOR-LITE,0
186430453,INCONCLUSIVE,9.557366747952786,0.04,0.2746930455740624,74.31294623739961,3.0,0.6099713279012798,34.45083030652071,0.1675548817740576,19.910865621666687,0.0087925565650405,0.4143724317265922,0,-0.005,2.895277218614564,NOVEL,13.27,1.0,10347.0,QLP,0
178331790,UNRESOLVED,1.8201616943799543,0.12,0.0219234784852023,66.4741699490644,14.0,1.004924710556793,44.91269485243277,0.02203144527114,0.1662117172118455,0.0211500604651548,0.0218126329550008,0,-0.495,3.9625689886389206,NOVEL,14.01,1.0,1072.0,GSFC-ELEANOR-LITE,0
45663447,OFF_TARGET,0.7731183973957789,0.058,0.0315511131414779,59.569498857362895,22.0,1.070464026553568,10.881196156536054,0.0337743316156736,0.012257539215504,0.0321508850988727,0.0318968512937098,0,-0.255,2.2709757100625327,NOVEL,14.38,1.0,1100.0,GSFC-ELEANOR-LITE,0
233662516,INCONCLUSIVE,5.585155517297195,0.5,0.0276822902425247,54.47861740822915,5.0,0.9420154707779969,10.92569564127698,0.026077145675025,0.1557454268568011,0.0213020195025255,0.0227079574959406,0,0.195,3.284908531361844,NOVEL,14.61,1.0,1054.0,GSFC-ELEANOR-LITE,0
378232913,INCONCLUSIVE,1.4425587052941695,0.12,0.0020881862769999,51.086089861671375,35.0,0.9531809295094258,20.703449287548928,0.0019904193364996,2.1163129215185736,0.0021893916768948,0.0013530499137235,0,-0.2249999999999999,2.2813164824071603,NOVEL,10.91,2.0,2188.0,GSFC-ELEANOR-LITE,0
308498714,INCONCLUSIVE,0.6770407148325107,0.084,0.0146763722312752,38.58592895997756,28.0,0.97487344855716,23.238242791273667,0.0143076056094118,0.613125436546978,0.0152408026418922,0.0125538284473319,0,-0.475,3.4615096012583937,NOVEL,14.63,1.0,904.0,GSFC-ELEANOR-LITE,0
259073145,OFF_TARGET,2.516181667598921,0.17,0.0098511284238682,37.350994890636926,8.0,0.8850143741293205,24.40533412451645,0.0087183902565173,0.5900152812522947,0.0076143537078123,0.0098119617001223,0,0.185,1.973074991350226,NOVEL,14.83,1.0,1072.0,GSFC-ELEANOR-LITE,0
446737326,OFF_TARGET,2.8918888574400787,0.084,0.0075432015536124,25.79804966502478,13.0,1.0683350250319712,14.223546446364756,0.0080586664205997,0.0772503553522672,0.0074524018325752,0.0068286487021966,0,0.205,2.158063800082411,NOVEL,12.94,2.0,2167.0,GSFC-ELEANOR-LITE,0
152404913,INCONCLUSIVE,0.9866410557739074,0.5,0.0026575352461251,14.41845802092007,43.0,0.531655356096303,7.631552982007868,0.0014128928476171,0.047327110773717,0.0010663373831931,0.0011500193311735,0,,,NOVEL,14.72,2.0,1934.0,GSFC-ELEANOR-LITE,0
437171483,ON_TARGET,1.4735136951378769,0.084,0.0494718958371457,922.830837410917,30.0,1.0552806957018288,173.54001511768314,0.0522067366567116,1.650032050247022,0.0483523430328262,0.0507439355175225,0,-0.485,4.041733169935065,NOVEL,12.42,2.0,2211.0,GSFC-ELEANOR-LITE,1
318850005,OFF_TARGET,2.4873826561550683,0.12,0.1447463382215527,696.925954827272,55.0,1.1187901816055963,519.4057195503657,0.1619407820256361,8.673449467851446,0.1565620647567542,0.1447721326018898,1,0.425,5.122410635290395,NOVEL,12.75,6.0,47644.0,QLP,0
421580853,OFF_TARGET,1.110034235924102,0.17,0.0441018324988918,541.5145469531594,22.0,0.9910253053799034,85.45763932023515,0.0437060320200276,7.825069358546933,0.0374624199673216,0.0443979581984906,0,-0.185,2.430050452668871,NOVEL,14.8,1.0,1086.0,GSFC-ELEANOR-LITE,0
193558729,OFF_TARGET,0.7969239238302226,0.04,0.0150344869136867,491.28178172331377,53.0,0.8873573780068279,53.3386892702647,0.013340962887407,0.8427651684865998,0.012387466960837,0.0127527129777219,0,-0.3349999999999999,2.204963290546103,NOVEL,10.05,2.0,28931.0,SPOC,0
411457490,ON_TARGET,2.4323523376532443,0.17,0.0553127154389459,431.2242737028826,12.0,1.0552790423372225,243.61156423463703,0.0583703493774822,4.701723531061886,0.0507908815407074,0.0526943561813315,0,-0.345,2.0736667865736806,NOVEL,12.84,1.0,1081.0,GSFC-ELEANOR-LITE,1
369341817,OFF_TARGET,1.0919797697093605,0.244,0.0257308473640863,421.5605072252927,24.0,1.014936202657183,32.63328344434935,0.0261151685148574,3.1000422875462315,0.0260619117576978,0.0208380726239152,0,0.255,2.6196645201984685,NOVEL,14.94,1.0,1056.0,GSFC-ELEANOR-LITE,0
230267345,INCONCLUSIVE,27.278991797127446,0.028,0.3241587195870666,252.4203906186632,3.0,0.511061026363408,81.09113880254709,0.1656648879368144,11.997659396933654,0.1407103298619176,0.3775946184652067,0,0.125,3.949361272243861,NOVEL,13.02,3.0,17522.0,QLP,0
295373509,ON_TARGET,5.42187167334061,0.17,0.0802592717574074,246.8174049814097,6.0,1.0102352532457086,86.44616752564077,0.0810807457291606,0.0184729384682898,0.0781970865990558,0.0784870369637229,0,0.495,4.6293624581316974,NOVEL,13.21,1.0,1177.0,GSFC-ELEANOR-LITE,1
217024538,INCONCLUSIVE,2.668984937988,0.244,0.0350348251222295,241.45432323224205,10.0,1.063416464194508,101.0140836502999,0.0372566098551542,1.8365448598118528,0.0288635168409109,0.0353496277277207,0,-0.1549999999999999,4.44790885932878,NOVEL,13.93,1.0,1049.0,GSFC-ELEANOR-LITE,0
466504538,OFF_TARGET,3.628621875922687,0.12,0.0778248128223836,214.35339811945428,12.0,0.8699628026347384,81.66216421243598,0.0677046922774847,0.6771573407108675,0.0643159145777362,0.0632010637766788,0,0.335,2.541016702891396,NOVEL,14.12,2.0,2188.0,GSFC-ELEANOR-LITE,0
256521802,OFF_TARGET,2.1390257387884435,0.17,0.1607462318807278,206.71374727793648,36.0,0.9373462814872096,130.33999998441516,0.150674882716481,3.46526183230877,0.1432340127340684,0.1333479824649276,0,0.485,3.475092743918286,NOVEL,13.36,3.0,18266.0,QLP,0
379012394,OFF_TARGET,4.739841104655057,0.5,0.0187981330337571,203.4270717442174,9.0,0.9881997309421156,26.625463432792827,0.0185763100061728,0.6843816204468006,0.0167570718409784,0.0175773234054394,0,0.485,2.1521221172037865,NOVEL,14.59,2.0,2188.0,GSFC-ELEANOR-LITE,0
250598318,INCONCLUSIVE,6.83507335375776,0.04,0.196856678718492,200.51372718961008,4.0,0.8847928487725067,136.98775072362815,0.1741773815632287,42.3319762619964,0.4441572735441287,0.0004638347060591,0,0.275,3.519760362313027,NOVEL,12.57,1.0,10818.0,QLP,0
296483158,INCONCLUSIVE,1.4948528795851803,0.17,0.0125790374592413,185.33389818119045,16.0,1.0021365784674805,31.653754968140618,0.0126059135598184,5.986311915136048,0.0145087891465711,0.0081740427788294,0,-0.495,2.2453008641830365,NOVEL,13.59,1.0,1075.0,GSFC-ELEANOR-LITE,0
33973845,OFF_TARGET,0.9680628581312926,0.12,0.049212642375744,180.3357123632841,180.0,1.487816482676956,176.00175214334624,0.0732193804827183,1.194462112217274,0.0585017825452731,0.0567819335581467,0,0.495,4.118495344581289,NOVEL,13.35,7.0,59617.0,QLP,0
374158907,ON_TARGET,14.656290352177676,0.12,0.0497398369862315,178.62095409326457,4.0,1.1416927442428877,124.95484207965532,0.0567876109870045,14.898853578430492,-0.0009682632695848,0.0935178773008371,1,0.255,7.418168072781604,NOVEL,13.06,2.0,2189.0,GSFC-ELEANOR-LITE,1
146617448,OFF_TARGET,4.907689942383161,0.35,0.0130855657199238,146.92656921126058,8.0,0.8145351918018381,40.4972475416123,0.0106586537835137,0.0001697314466509,0.0100253479229799,0.0100232180604453,0,-0.475,3.396882341202867,NOVEL,14.02,2.0,1934.0,GSFC-ELEANOR-LITE,0
399788046,OFF_TARGET,0.7067256110682727,0.084,0.0021029294825227,145.82442813739976,439.0,1.05495915583736,84.87984510647539,0.0022185047116677,2.4985991186217853,0.0019796466512314,0.0018866602499285,0,-0.495,2.100037423442084,NOVEL,11.38,15.0,131227.0,TESS-SPOC,0
308629571,INCONCLUSIVE,2.870889280709937,0.244,0.0339146111555269,142.2475439686495,8.0,1.0255057274076154,35.393561039655296,0.0347796279827951,1.370288191491157,0.0311015284479166,0.0359920518964138,0,0.485,2.9397645689762526,NOVEL,13.18,1.0,1081.0,GSFC-ELEANOR-LITE,0
70366294,OFF_TARGET,1.085387030828482,0.17,0.0376022186185479,137.797147175784,197.0,1.05655302841069,138.43044967285144,0.0397287379563876,6.309718682687866,0.0327734567900349,0.0370447385020725,0,-0.405,0.761713475519002,NOVEL,13.45,8.0,50104.0,QLP,0
810681765,INCONCLUSIVE,5.945139970992995,0.17,0.0603346766920732,136.4103584367195,7.0,0.9114610861948576,69.87351592479233,0.0549927099529726,1.6761387707165036,0.0458292140635666,0.0780559415373036,0,-0.205,3.5390287593125302,NOVEL,14.81,2.0,1969.0,GSFC-ELEANOR-LITE,0
64256419,OFF_TARGET,2.167006574876605,0.17,0.0462971011177412,134.19681327117678,10.0,1.1615207625239827,75.41004468570225,0.0537750441929287,3.921332177925984,0.0143496409617809,0.0293424577667018,0,0.485,3.486173178880743,NOVEL,13.85,1.0,1072.0,GSFC-ELEANOR-LITE,0
251896439,OFF_TARGET,1.244273861300581,0.12,0.0235320466705152,130.66204913522245,111.0,1.120400949915835,134.57211582810146,0.026365327443109,1.7927636766670934,0.0248776668424499,0.0243374014361114,0,-0.485,3.1745635466148823,NOVEL,13.01,6.0,47644.0,QLP,0
29445056,OFF_TARGET,2.309169768685567,0.12,0.0475636060065345,128.93167068096776,30.0,0.964675514067356,94.28225346595144,0.0458834460752508,0.9581109591203272,0.0384586038046042,0.0411355122924387,1,-0.305,5.041327040717763,NOVEL,13.02,3.0,23480.0,QLP,0
465392301,OFF_TARGET,1.0152373256982603,0.17,0.0091082642195962,125.3512694723361,48.0,1.0331819414616767,58.73011758292772,0.0094104941097483,0.367279968730328,0.0083954030705402,0.0085106585860723,0,-0.185,2.0193142931087515,NOVEL,13.47,2.0,2188.0,GSFC-ELEANOR-LITE,0
512887979,INCONCLUSIVE,1.3309964949165485,0.12,0.011366799792478,122.57830646734524,19.0,0.98286347619962,37.24708497047058,0.0111720123573001,0.6072858060291125,0.0105979457043116,0.0101628731297024,0,-0.1649999999999999,3.303388889001273,NOVEL,14.11,1.0,1148.0,GSFC-ELEANOR-LITE,0
73994520,OFF_TARGET,0.7898044753567087,0.058,0.0099987584835952,116.338010321347,17.0,1.0767027816843693,36.888594370995904,0.0107656910726772,0.332107995369137,0.0101185334067759,0.0098921590637663,0,0.495,4.198401980915936,NOVEL,14.73,1.0,1086.0,GSFC-ELEANOR-LITE,0
338106162,OFF_TARGET,0.7264807816764804,0.244,0.0309513634680069,114.22548852859563,33.0,0.9241437035242296,25.572872606123365,0.0286035076644485,0.715311027252094,0.0237713955403269,0.032495559639628,0,0.495,2.6854685708517843,NOVEL,14.99,1.0,1049.0,GSFC-ELEANOR-LITE,0
348884775,ON_TARGET,6.73163073924306,0.17,0.1475115431689847,111.31355076481832,3.0,1.038742364872946,80.03729639823698,0.1532264891974089,0.3900435148510848,0.1360614272124299,0.1503054763684103,1,0.435,7.324653893496428,NOVEL,14.71,1.0,862.0,GSFC-ELEANOR-LITE,1
442691390,OFF_TARGET,2.8695471965596244,0.12,0.0380016039774175,100.7690158124919,6.0,0.9641455589654024,37.9342741762835,0.0366390777083891,5.933180327812951,0.0456856491899233,0.0210532151713539,0,0.385,2.8863428317773154,NOVEL,13.62,1.0,1081.0,GSFC-ELEANOR-LITE,0
51894332,UNRESOLVED,2.1677168537262883,0.12,0.0339150207167714,96.8131433962675,19.0,0.9765513820480456,81.52415408578348,0.0331197603531512,3.068110230399708,0.0259017706265067,0.0416859065481859,0,0.135,2.425364763498586,NOVEL,14.78,2.0,1975.0,GSFC-ELEANOR-LITE,0
386539709,OFF_TARGET,1.901823505275696,0.5,0.0151867315362485,95.08845732272547,10.0,0.6024100417084449,21.573950067386384,0.0091486395781664,0.056162939055742,0.0089169750967964,0.0097296615906188,0,-0.265,2.1844579798214654,NOVEL,14.91,1.0,862.0,GSFC-ELEANOR-LITE,0
154168756,OFF_TARGET,2.571069166839897,0.17,0.0185293480248782,93.4628395614131,14.0,0.8876776734710236,22.819518946912027,0.0164480885456588,0.193633457471786,0.0155251168212289,0.0132947012270062,0,-0.475,1.373726665099542,NOVEL,14.77,2.0,1934.0,GSFC-ELEANOR-LITE,0
172779889,OFF_TARGET,3.8507549829001366,0.17,0.0174937323269185,91.47024216857574,11.0,1.089917054247211,62.98756168860212,0.0190667172055443,0.2688255004196938,0.0175813937046505,0.0168981092686117,0,-0.495,3.826533939722984,NOVEL,14.72,2.0,1975.0,GSFC-ELEANOR-LITE,0
411553811,INCONCLUSIVE,7.000609920743285,0.058,0.0176410210346135,80.92681011472897,8.0,0.980849356098874,68.5494419753885,0.0173031841227273,7.215367706106138,0.0175857203993039,0.0147485258355712,1,-0.495,7.517205770531089,NOVEL,12.05,3.0,20273.0,TESS-SPOC,0
457550536,OFF_TARGET,0.777824608004996,0.058,0.0370142558525342,80.31136402331083,26.0,1.067657747982749,38.4760018644743,0.0395185570467739,0.78114114650074,0.0379718643389805,0.0346904078984375,0,0.495,4.001926431327854,NOVEL,14.11,1.0,1081.0,GSFC-ELEANOR-LITE,0
222608562,OFF_TARGET,1.197063924116345,0.17,0.035630449905574,79.21250841228027,44.0,1.2013922179044565,115.58240210644313,0.0428061452369912,1.1695859167496934,0.0393649968784926,0.0379300157368799,0,-0.495,3.0674307046160703,NOVEL,11.99,2.0,14619.0,QLP,0
162918014,OFF_TARGET,4.551011860153593,0.35,0.0206715201576001,78.4033254281419,6.0,0.9690149002708676,23.131474846843144,0.020031011043964,0.0516117481518638,0.0152859672131178,0.0145339452636398,0,0.265,1.9940991333109384,NOVEL,14.6,1.0,1086.0,GSFC-ELEANOR-LITE,0
322079215,OFF_TARGET,2.1061379249858563,0.5,0.0113917350509815,72.84054850875228,26.0,0.8970641942426142,34.68859701343561,0.010219117624534,6.746174131112384,0.0106446930800085,0.0060932477167017,0,0.455,2.188143024362833,NOVEL,14.37,2.0,2188.0,GSFC-ELEANOR-LITE,0
262755917,OFF_TARGET,3.1934318852085304,0.084,0.0388604506527195,72.43569030407755,8.0,0.8769699654016642,39.15581107273317,0.0340794480644085,0.1752267611181211,0.0334519876843362,0.0308680520555492,1,-0.495,5.3827641078380815,NOVEL,14.44,1.0,1072.0,GSFC-ELEANOR-LITE,0
382059023,OFF_TARGET,1.1626729291757023,0.17,0.0177221388377934,72.3609152310482,41.0,0.9073349208520628,25.19406197279035,0.0160799154397185,0.257503330143251,0.0153519527026569,0.014396785907881,0,0.155,2.6869452500422586,NOVEL,13.33,2.0,2188.0,GSFC-ELEANOR-LITE,0
90456042,OFF_TARGET,3.678447472080482,0.17,0.0047839539441225,70.04676686469794,11.0,0.740541922840695,25.58845257458148,0.0035427184525618,0.4938655048008299,0.0018976450981246,0.003708161326037,0,-0.495,3.4954170984255324,NOVEL,11.72,2.0,1966.0,GSFC-ELEANOR-LITE,0
117150608,OFF_TARGET,1.4973540369937886,0.12,0.0765227744284646,68.5776362248387,18.0,0.9467616551798004,40.49161621768892,0.0724488285768436,1.6402101083466636,0.0720278556110636,0.0618588836349511,0,0.495,3.1720832350808856,NOVEL,14.01,1.0,1190.0,QLP,0
70762350,ON_TARGET,3.7910850223245527,0.12,0.071472099803254,66.17481245441121,7.0,1.0366775857682815,51.14719485180505,0.074093523873827,0.7035826614144559,0.0719840393710685,0.0738366197807598,0,-0.495,3.758838473997815,NOVEL,14.65,1.0,1028.0,GSFC-ELEANOR-LITE,1
331043325,OFF_TARGET,17.267249878353592,0.17,0.0297345196863163,65.21842265352086,10.0,1.3729096567680903,69.86586547892495,0.0408228092167045,0.3622067142818418,0.0359966233286266,0.0356573978913332,1,0.005,8.61635192165064,NOVEL,13.24,8.0,65221.0,QLP,0
450458029,OFF_TARGET,0.7670365971331629,0.12,0.0057802551739124,62.10635651929211,29.0,0.9519298991577432,24.009322716219213,0.0055023977248085,1.6030706495426084,0.0039854411252422,0.0058749483900187,0,-0.285,1.954857144754065,NOVEL,14.73,1.0,1081.0,GSFC-ELEANOR-LITE,0
154818955,INCONCLUSIVE,12.844658945265545,0.5,0.0391748139361311,60.01773883047935,4.0,0.954723130362262,24.52879253078296,0.0374011009924623,4.54642063386405,0.0169777077396462,0.0370903873317105,0,0.425,1.8685393505576908,NOVEL,13.37,2.0,2244.0,QLP,0
72388084,INCONCLUSIVE,0.964881293571148,0.084,0.0132793859381486,59.66475254713736,187.0,1.062972219663617,51.3852813181704,0.0141156183464437,15.68863584116414,0.0172406144361195,0.0087684709051072,0,0.345,2.878408678182045,NOVEL,13.06,7.0,55717.0,QLP,0
394600714,OFF_TARGET,1.3967315041593538,0.12,0.0124416553825222,54.48708879762083,34.0,0.9224856945405484,32.299551291600025,0.0114772491067801,0.0280284707725972,0.0103405732069195,0.0105085136785223,0,0.485,3.8225513009478247,NOVEL,14.94,2.0,2167.0,GSFC-ELEANOR-LITE,0
313372676,OFF_TARGET,2.7264922976833685,0.12,0.0160605135198477,52.46792392295549,9.0,0.969632510845424,22.750779945998904,0.0155727960497168,3.491784598385339,0.0119103179486556,0.0183928201011409,0,-0.425,2.965772195252209,NOVEL,13.55,1.0,1081.0,GSFC-ELEANOR-LITE,0
207760490,INCONCLUSIVE,1.7446797705456063,0.12,0.0110730026214407,49.67630095560904,13.0,1.0697929531419803,30.071763320014348,0.0118458201745399,3.281043764870557,0.0089324933059035,0.0119768506728576,0,0.295,2.0237216217610454,NOVEL,14.95,1.0,1086.0,GSFC-ELEANOR-LITE,0
64728461,UNRESOLVED,3.793816869480004,0.12,0.0307897481602619,47.0185859998804,6.0,0.8970386294493996,27.39833228649487,0.0276195934907735,0.292958255985561,0.0280337418542535,0.0214262494399373,1,0.435,6.085815932171415,NOVEL,14.91,1.0,1072.0,GSFC-ELEANOR-LITE,0
457804419,INCONCLUSIVE,7.123049574065749,0.244,0.010966062802687,45.2906176100134,4.0,0.9066546638090722,26.49569833358208,0.0099424319836793,2.9658759239077472,0.0082520924797092,0.012873741998414,0,-0.385,2.355034531483996,NOVEL,13.83,1.0,1107.0,GSFC-ELEANOR-LITE,0
457631456,INCONCLUSIVE,0.9995780340937231,0.12,0.018350426449804,43.66828670316747,26.0,0.975293792397728,21.6047255298985,0.0178970570043449,1.3432478342274807,0.0147112937300851,0.0170429168569131,0,0.495,3.1246279143128994,NOVEL,14.35,1.0,1107.0,GSFC-ELEANOR-LITE,0
261575656,INCONCLUSIVE,0.8750780952029387,0.17,0.0196109926097188,42.25610209635816,54.0,0.8901479718874372,21.883016816104103,0.0174566852982407,0.8084606367376312,0.0171547401848433,0.0146628904081976,0,0.485,1.0327697772520743,NOVEL,14.54,2.0,2165.0,GSFC-ELEANOR-LITE,0
435411143,OFF_TARGET,0.9332376718077976,0.17,0.0048394335991287,38.66067192201138,26.0,0.9093884259229614,15.631725903841518,0.0044009249030704,1.5188645477988492,0.0062314045791416,0.0024641643755608,0,0.315,1.422561243206982,NOVEL,14.99,1.0,1081.0,GSFC-ELEANOR-LITE,0
459439463,INCONCLUSIVE,4.931568512273567,0.12,0.0096745728864433,37.07374163023094,5.0,0.9276381667708355,17.693857947999998,0.0089745030566711,1.848963315858252,0.0071797293113231,0.0113822633447537,0,0.405,2.585594741457846,NOVEL,14.7,1.0,1107.0,GSFC-ELEANOR-LITE,0
170084761,OFF_TARGET,1.6123581042788182,0.5,0.0071046178945446,27.5288260161537,14.0,0.6363395246457925,17.25806325818971,0.0045209491738045,1.054789579222726,0.0028462309955457,0.0044053013340307,0,-0.495,1.7167948061287166,NOVEL,14.16,1.0,1072.0,GSFC-ELEANOR-LITE,0
458342304,OFF_TARGET,4.6888609873360085,0.35,0.0119339754578714,27.474199269297053,4.0,0.9691678465749258,17.4846486219147,0.0115660252955832,2.0549108182742297,0.01218686763252,0.0095364473877206,0,0.475,2.582590141542283,NOVEL,14.86,1.0,1107.0,GSFC-ELEANOR-LITE,0
427344176,UNRESOLVED,5.280325839943536,0.12,0.0015391110002812,26.49857365475564,22.0,1.003230989546934,22.3440631678096,0.0015440838518346,3.7893872341632457,0.0015471790528874,0.0011333668801682,0,0.495,2.0514413200739017,NOVEL,11.24,5.0,7428.0,TESS-SPOC,0
294659582,OFF_TARGET,0.7348856817205882,0.058,0.0034624293241613,25.79982427285678,40.0,0.8894535412864712,13.898265892457044,0.0030796700238294,0.2503830477829226,0.0030688867854827,0.0024903118297954,0,-0.495,3.519231794692671,NOVEL,13.17,2.0,2188.0,GSFC-ELEANOR-LITE,0
358411347,INCONCLUSIVE,29.84736465275586,0.02,0.2016393326824896,25.73467889007042,3.0,0.9898123130011558,19.84203216088685,0.1995850942744645,13.00814495387605,0.3277982383096904,0.0263461774156992,0,-0.395,3.742505238053814,NOVEL,12.62,6.0,41641.0,QLP,0
329787152,INCONCLUSIVE,3.9527725836812855,0.5,0.0049506024938806,23.2436909521826,7.0,0.527724378031941,7.156677188830066,0.0026125536219665,0.1917109652977612,0.0014700537751368,0.002577939396148,0,0.155,2.095599859711049,NOVEL,14.79,1.0,1081.0,GSFC-ELEANOR-LITE,0
63206894,INCONCLUSIVE,1.8158914091851264,0.5,0.0001432277278743,23.229219517727525,55.0,0.9678324960850696,12.637892456338388,0.0001386204493771,0.9289991901267834,0.0001395116387201,0.0001241661539155,0,-0.285,2.7374807337038134,NOVEL,13.9,2.0,4819.0,Kepler,0
298242897,INCONCLUSIVE,10.416636707835265,0.5,0.0012267483338372,23.086310805916312,3.0,0.8965650436398515,9.271411560019017,0.0010998596734619,3.8112711297866406,0.0015506802143455,0.0007446152385032,0,0.485,1.978511287966944,NOVEL,13.06,1.0,1086.0,GSFC-ELEANOR-LITE,0
43795649,OFF_TARGET,0.9080433402608816,0.02,0.0008222090208551,20.273145721277626,30.0,0.904876945152246,8.136639579522237,0.000743997987068,0.696024199605558,0.0004302087635489,0.0005214472217111,0,-0.315,2.042881829608461,NOVEL,9.56,2.0,19110.0,SPOC,0
311025334,OFF_TARGET,2.0337351141892905,0.058,0.0017737649977794,17.633833004496974,43.0,0.8830996558702605,12.744821879607525,0.0015664112591337,0.3690948003691193,0.0014646672156639,0.0013966027991614,0,-0.495,4.104201442409114,NOVEL,12.27,4.0,32381.0,TESS-SPOC,0
176245581,OFF_TARGET,2.926207736351486,0.12,0.0049730926550276,16.56350806086495,8.0,0.8780587069207193,11.023261642356108,0.0043666673060704,1.1604295907936533,0.0028780736223497,0.0045108458547449,0,0.475,3.833222874948592,NOVEL,13.59,1.0,1072.0,GSFC-ELEANOR-LITE,0
146159655,INCONCLUSIVE,10.655715473119775,0.5,0.0021050881175802,14.491025558035338,3.0,0.9721391613214254,7.74273502829514,0.0020464385971321,1.7183764773790846,0.0021417510795855,0.0013068742800346,0,-0.205,2.7724119672942007,NOVEL,14.54,1.0,1086.0,GSFC-ELEANOR-LITE,0
446502638,ON_TARGET,1.1079572971866851,0.12,0.002309848927742,12.46710893532115,16.0,0.9059073721073178,9.860445952922452,0.0020925091720956,0.1845408658695901,0.0017097872103351,0.0016226374232291,0,-0.485,2.7802688586746727,NOVEL,12.33,1.0,12137.0,SPOC,1
467216111,OFF_TARGET,27.24907461910109,0.244,0.0002438336288434,11.360993432455434,9.0,0.8449922184815938,7.535610394847547,0.0002060375189768,3.638952142241109,0.0001093430000349,0.0002559961586834,0,0.495,2.2766027833817555,NOVEL,9.68,11.0,100013.0,TESS-SPOC,0
326225355,ON_TARGET,15.291302611570758,0.244,0.0776166335611695,1242.8458206026323,4.0,1.1243566583512783,424.9191608006638,0.0872687787433122,3.555440316418827,0.0761313561979816,0.0838728119449651,1,0.365,6.843760703865931,NOVEL,10.34,2.0,4591.0,TESS-SPOC,1
230253564,OFF_TARGET,4.592254266954784,0.35,0.042808346407771,871.8196514925163,6.0,1.0758438316695031,54.80491746771831,0.0460550954267717,2.453576855499836,0.0404120926401455,0.0447440551871252,0,0.495,3.3609204032488305,NOVEL,12.89,1.0,1054.0,GSFC-ELEANOR-LITE,0
250549396,ON_TARGET,2.1928961891401686,0.17,0.0689506005364732,837.7843574177585,9.0,1.0571753829999386,107.73893090813866,0.0728928775302218,2.510680199518647,0.0643900342848984,0.0542269584107182,0,-0.2249999999999999,2.765482915096113,NOVEL,11.7,1.0,904.0,GSFC-ELEANOR-LITE,1
430314843,ON_TARGET,1.144288653404174,0.058,0.0674361580409785,638.6066684953811,39.0,1.0814792505695745,74.60099197314823,0.0729308056594488,1.1730262859278422,0.0725540603774773,0.0708209016090835,0,-0.485,2.39957434001558,NOVEL,12.19,2.0,6223.0,TESS-SPOC,1
383296680,OFF_TARGET,21.534276034187283,0.35,0.103814365849316,628.877349504083,4.0,1.2700603936888022,502.0934044291348,0.1318505143611357,26.749756083155148,-0.0001306557041773,0.1464716469973959,0,0.365,4.430961184159733,NOVEL,12.53,3.0,3344.0,GSFC-ELEANOR-LITE,0
118307212,INCONCLUSIVE,6.390616169778137,0.17,0.1563298157536593,615.8566244571542,8.0,1.1012049261552757,332.4779341438288,0.1721511632128762,10.518149875618157,0.1384110958872145,0.0758063396891175,1,-0.485,6.909432081419956,NOVEL,12.93,3.0,3073.0,GSFC-ELEANOR-LITE,0
33945481,OFF_TARGET,1.0660955337880775,0.12,0.1194534493264148,564.4160759814092,22.0,1.0175315095945376,361.8033007672885,0.1215476486193815,8.596892202544481,0.1076256981822859,0.1010049309618532,0,-0.175,3.2770562313135985,NOVEL,13.59,1.0,1028.0,GSFC-ELEANOR-LITE,0
341126060,OFF_TARGET,1.4473104855166836,0.17,0.0319333782905147,550.066454134944,137.0,1.1858030431285358,598.7671210335092,0.0378666971542671,156.85619542721142,0.0211047592681332,0.0391381050886513,0,-0.3349999999999999,1.5693807563482702,NOVEL,12.12,8.0,65221.0,QLP,0
100129572,INCONCLUSIVE,13.309447238932682,0.058,0.2892422595605021,502.5397784300758,4.0,0.7561317445664487,121.95615505772028,0.218705254323824,1.5811709319555756,0.2212674205940046,0.1723577222166078,1,0.005,6.375076755346411,NOVEL,13.04,2.0,13324.0,QLP,0
387858879,OFF_TARGET,6.108346551571646,0.5,0.1082416830857494,399.63651321889085,30.0,0.7968245838078467,325.9362823895865,0.0862496340754631,15.2441231075561,0.0722517900591043,0.0785910720030715,0,0.495,2.8621229367881185,NOVEL,13.27,7.0,64095.0,QLP,0
111365249,OFF_TARGET,2.133165827703776,0.084,0.1426779222710294,377.5999361390265,48.0,0.8312043852066964,293.48280457407265,0.1185945146638598,1.6385145578043732,0.0992750061014978,0.1031775123591983,0,-0.495,3.180516190705235,NOVEL,12.49,4.0,36558.0,QLP,0
370553309,ON_TARGET,11.540027868452151,0.35,0.0262062863846356,355.36004492683264,5.0,1.0559126320039451,178.95560544402332,0.0276715488314497,1.973531037271228,0.0176845365978088,0.0267606171198759,1,-0.365,5.696678207198898,NOVEL,11.9,2.0,2188.0,GSFC-ELEANOR-LITE,1
467847973,OFF_TARGET,0.7824696173601369,0.084,0.0310696975574075,325.7515315598569,56.0,1.1283611348326028,48.80702766513215,0.0350578391947821,0.1901368581386895,0.0329247686267382,0.0324774449900131,0,-0.495,3.4500449217645253,NOVEL,14.4,2.0,2188.0,GSFC-ELEANOR-LITE,0
66702756,OFF_TARGET,1.0563062306529818,0.17,0.2231298790369308,313.0662771344452,175.0,1.239553017298607,382.3967608527113,0.2765813148097007,5.296632189161921,0.2387526498574683,0.2317255430914986,0,0.455,2.612221065581033,NOVEL,12.04,7.0,53950.0,QLP,0
299182924,OFF_TARGET,1.0366049530101298,0.244,0.0258862659190663,306.00945702767353,24.0,1.007752354103138,55.67990468264598,0.0260869454188789,8.806891629029337,0.0207984780758101,0.0277816569980455,0,-0.265,2.182819170141642,NOVEL,13.86,1.0,1081.0,GSFC-ELEANOR-LITE,0
264345632,UNRESOLVED,12.052585111190574,0.35,0.0033401503425898,287.84161327521053,3.0,1.337550751170856,16.045708922018054,0.0044676205997545,12.782609260578743,0.0057643766291232,-9.599037879670648e-05,0,0.455,2.8609575107357776,NOVEL,14.95,1.0,1148.0,GSFC-ELEANOR-LITE,0
76873434,OFF_TARGET,1.084644028532855,0.17,0.0115542557084465,279.6174979941003,43.0,1.009176435284435,89.27149162234842,0.0116602825882149,0.1537682677260577,0.010593845489581,0.0105655530830565,0,0.475,2.6541742661161023,NOVEL,11.47,2.0,6419.0,TESS-SPOC,0
126971563,OFF_TARGET,4.489442915620061,0.244,0.1284800093581914,278.29396871921426,5.0,1.1602496300664382,211.3883133264449,0.1490688833287741,2.256400469491844,0.1280771972158636,0.1490688833287741,0,0.2249999999999999,2.875636486816721,NOVEL,14.3,1.0,1081.0,GSFC-ELEANOR-LITE,0
230244165,OFF_TARGET,4.590378008406698,0.35,0.0114883938325703,254.59024818964224,6.0,1.089579707024833,29.31591268665875,0.0125175207862778,2.99520969545348,0.0127537261040275,0.0088554372283692,0,0.495,3.497381741373362,NOVEL,13.02,1.0,1054.0,GSFC-ELEANOR-LITE,0
52030981,OFF_TARGET,3.3286527609048817,0.244,0.6008842749504794,248.44603496339715,14.0,1.0235816998986793,330.58845925235227,0.615054147596197,9.688664594513885,0.5513558077770269,0.5190855951862234,0,0.495,2.694572329995306,NOVEL,14.8,2.0,18058.0,QLP,0
183479054,INCONCLUSIVE,6.842035163047055,0.04,0.1279138912774172,244.1376926456389,4.0,0.9400039965388458,160.89820257207813,0.1202395690136076,61.74192413782658,0.2292114713766292,0.0009931308562236,0,0.015,2.755575169557911,NOVEL,11.7,1.0,10396.0,QLP,0
309622406,INCONCLUSIVE,35.36177465990205,0.5,0.051892611704658,227.49197276293884,3.0,0.926853952751402,162.2730906810604,0.0480968722770559,1.8623182724225893,0.0026954570998346,0.0328857152205487,0,-0.065,3.4278432291041088,NOVEL,12.99,5.0,5216.0,GSFC-ELEANOR-LITE,0
86956236,ON_TARGET,35.42002699584757,0.12,0.049742381339327,225.5067041329775,3.0,1.0740556968372656,200.3068736706045,0.0534260880517558,6.263918699315454,0.0451106777195149,0.0476991818773007,0,0.475,2.2632866660032387,NOVEL,11.79,4.0,10594.0,TESS-SPOC,1
153332970,UNRESOLVED,4.313912729511634,0.12,0.1474476991224978,220.31707608699253,7.0,1.0533669509918344,158.1425889727541,0.1553165332554269,0.3948424300310747,0.1480171283735458,0.1531529577915319,1,0.495,5.412967205891396,NOVEL,13.66,2.0,1934.0,GSFC-ELEANOR-LITE,0
86951579,INCONCLUSIVE,2.8180647249668302,0.244,0.0333401385548953,216.1924944753982,43.0,0.9450193765055304,159.43905714836686,0.0315070769497551,8.065716107872312,0.0299269577455605,0.022890409746745,0,-0.185,1.3714258315554635,NOVEL,12.78,5.0,30160.0,QLP,0
192860401,OFF_TARGET,2.913007961571275,0.244,0.0421690858538409,208.98296698737136,20.0,1.0308725603026996,100.88052381427032,0.0434709534997733,3.198448142402857,0.0422622948443487,0.0348202772917259,0,0.315,2.739838049892602,NOVEL,14.02,2.0,2167.0,GSFC-ELEANOR-LITE,0
76863005,OFF_TARGET,1.2690946240358556,0.12,0.003531285323969,205.0528020634193,79.0,0.8720258141063533,131.03509888924012,0.0030793719594759,2.204501104654021,0.0027453817372198,0.0028245910953808,0,0.495,3.7673995340262736,NOVEL,10.2,4.0,42692.0,TESS-SPOC,0
464738698,OFF_TARGET,1.5651187232315484,0.244,0.057413920021114,199.1671412196251,16.0,1.0517171560063838,60.927848190995405,0.060383204679784,1.322801079614065,0.055542577780536,0.0610729196398082,0,0.295,2.5329819624949828,NOVEL,14.11,1.0,1107.0,GSFC-ELEANOR-LITE,0
261459141,UNRESOLVED,3.039433370977413,0.12,0.074770429846947,191.3425770082468,8.0,1.1025902539122865,123.68278228920778,0.0824411472300761,1.5485722792288528,0.0816592488983054,0.0791423112861181,1,0.495,5.331095920759806,NOVEL,14.62,1.0,1177.0,GSFC-ELEANOR-LITE,0
264245944,INCONCLUSIVE,9.26240084520664,0.058,0.1202238723983484,188.0610409983588,3.0,1.0499765360083415,139.2104995572059,0.1262322450863268,26.371642848743523,0.0013885720477364,0.1702979041096519,0,-0.125,3.141569457301751,NOVEL,12.61,1.0,10639.0,QLP,0
329718159,INCONCLUSIVE,2.0460590580738587,0.244,0.1119418327859632,184.3176219935618,13.0,0.9692507914194236,58.65032807355937,0.1084997100207356,2.5173359943859706,0.0933186475167751,0.1095806849627092,0,-0.475,2.70025501407842,NOVEL,14.94,1.0,1148.0,GSFC-ELEANOR-LITE,0
383306124,INCONCLUSIVE,17.806016464333464,0.12,0.0806181937768074,183.1903231009044,5.0,1.000321900879516,128.3091910476572,0.0806441448442891,0.1042348559187753,0.0723146174472811,0.0729390745086819,0,0.2249999999999999,3.0379480192491988,NOVEL,13.01,3.0,25270.0,QLP,0
360003037,INCONCLUSIVE,14.725959997534796,0.5,0.1136955760296814,180.46868472472343,3.0,1.3174281782761406,156.31987833547802,0.1497857556068397,12.89976473660314,0.1746786773628138,0.0567535677418081,1,0.035,5.336727329188054,NOVEL,14.48,2.0,2167.0,GSFC-ELEANOR-LITE,0
367154070,OFF_TARGET,1.825380975509165,0.084,0.0330524490354047,178.7150084743951,65.0,0.9894323821257536,132.42115053352643,0.0327031633841905,0.0943209756897586,0.0304101786941393,0.0303157966329823,0,0.295,1.3760923348950636,NOVEL,13.02,5.0,21422.0,QLP,0
349725115,ON_TARGET,16.2203202005104,0.17,0.1686651772644185,177.10765736737392,4.0,1.0941812657413836,149.16606933078555,0.1845502771456763,6.650845415653905,0.1393232084830264,0.1735477752251176,0,-0.1549999999999999,2.3648707275192296,NOVEL,13.23,2.0,14634.0,QLP,1
235512374,ON_TARGET,3.744060356550739,0.084,0.034100219267513,173.8001738740093,4.0,1.0737648352238056,132.80536042085814,0.0366156163228768,1.7901214843385955,0.0263563944704343,0.0365851327769072,1,-0.495,6.555171669714138,NOVEL,12.14,1.0,904.0,GSFC-ELEANOR-LITE,1
235517749,OFF_TARGET,4.7139474067721965,0.5,0.0218754972367131,169.30922460909488,6.0,1.0210986748865212,31.99685664162671,0.0223370412408915,0.4984522580642752,0.0207293278851524,0.0183176970091945,0,0.485,2.495185640915583,NOVEL,12.88,1.0,1054.0,GSFC-ELEANOR-LITE,0
207812312,OFF_TARGET,2.8304511838046094,0.244,0.0429881046990599,163.47377399336924,10.0,1.028971295183969,73.41007165493001,0.0442335257696957,6.75991002433397,0.0474223730661808,0.0386670532176708,0,0.175,1.931456986286597,NOVEL,14.86,1.0,1086.0,GSFC-ELEANOR-LITE,0
244999763,ON_TARGET,1.764116102594366,0.12,0.0363842908462792,159.79578250033538,13.0,1.0952380155234185,46.01733364805168,0.0398494585027057,1.6451637277112023,0.0349070453005891,0.0385104098076329,0,-0.495,2.782129700864624,NOVEL,13.06,1.0,1081.0,GSFC-ELEANOR-LITE,1
250568183,OFF_TARGET,4.585884842647417,0.244,0.0059647181789347,158.8728992121273,11.0,0.9445238920513224,103.77959922030304,0.0056338188293567,10.578610197718502,0.0056163193358295,0.0047233931111478,0,0.295,2.0167519989192075,NOVEL,10.78,2.0,4461.0,TESS-SPOC,0
453692800,OFF_TARGET,1.0782644471705594,0.244,0.0108312383879278,156.51075368939917,68.0,0.8779293642384471,56.49907618077589,0.0095090622318285,0.1369053207152179,0.0089466349018195,0.0086308349396032,0,0.485,1.5884038251531116,NOVEL,13.92,3.0,3274.0,GSFC-ELEANOR-LITE,0
73532606,INCONCLUSIVE,4.69021297658455,0.244,0.0119985299637728,155.67458464608112,8.0,1.147719243024683,113.34435571097669,0.0137709437274303,1.0187521862794422,0.012754786247024,0.0129796107458267,0,0.485,4.694324036521986,NOVEL,11.62,2.0,4069.0,TESS-SPOC,0
462785412,OFF_TARGET,1.17092087728016,0.35,0.0040975921400865,155.23644715918772,41.0,0.7792773917572017,25.351181216414123,0.0031931609154114,3.952176034399264,0.0021047439850228,0.0043822482469444,0,-0.305,2.282072395743072,NOVEL,13.44,2.0,2211.0,GSFC-ELEANOR-LITE,0
458340637,OFF_TARGET,3.507879364415242,0.12,0.0545327181684507,153.0948845945498,8.0,1.0176188222382858,71.62447328687443,0.0554935204360311,0.2791560613496569,0.0539720871813018,0.0546134085945942,1,0.415,5.71616558305185,NOVEL,14.81,1.0,1107.0,GSFC-ELEANOR-LITE,0
146628522,OFF_TARGET,2.649979052744812,0.12,0.0856052527809092,152.82392277462574,15.0,1.031776255573726,100.5236266306255,0.0883254671717288,0.1742404737712974,0.0829556641160647,0.0810713263052185,0,-0.415,2.734523112236894,NOVEL,14.32,2.0,1934.0,GSFC-ELEANOR-LITE,0
342232987,OFF_TARGET,1.4019791492734857,0.17,0.0183901059573072,148.25799247968445,133.0,0.7032351499079165,98.26106203372744,0.0129325689197093,5.6135901566602415,0.0126808117656702,0.0085308619900349,0,0.355,0.8775261709329515,NOVEL,12.2,7.0,69921.0,QLP,0
267516382,ON_TARGET,6.8173435922485455,0.5,0.0190852479563965,134.67436737428312,8.0,0.9959322483143888,43.20515348876825,0.0190076139068515,1.0409475669962034,0.0148134808476912,0.0201979691579694,0,-0.485,2.55524275921673,NOVEL,14.61,2.0,2160.0,GSFC-ELEANOR-LITE,1
260342124,OFF_TARGET,1.6165908936057491,0.12,0.0181500636258139,132.92973711744648,14.0,1.0874142311732795,95.66334995281058,0.0197366374834105,3.516132038004156,0.0179933999212652,0.0192327002006804,0,-0.475,2.60118315473963,NOVEL,14.08,1.0,1086.0,GSFC-ELEANOR-LITE,0
451022388,UNRESOLVED,2.364395642713065,0.35,0.0144207046986912,129.5031104692941,10.0,1.016757832473425,27.44682799866892,0.0146623644521806,0.3424368008737702,0.0114846695967916,0.0137989988139919,0,-0.485,2.7978881686352266,NOVEL,14.53,1.0,1081.0,GSFC-ELEANOR-LITE,0
333696426,OFF_TARGET,5.081474257965129,0.5,0.0115125519507285,124.49164176754758,6.0,0.8838785508985755,9.184415279144504,0.0101756977353545,0.260853283591016,0.0074879239130912,0.0110360669787,0,0.1149999999999999,1.6577859764063818,NOVEL,11.86,1.0,1078.0,GSFC-ELEANOR-LITE,0
326172757,OFF_TARGET,2.5328473974391947,0.12,0.0319980483863855,121.40693707346068,9.0,1.0527793155028224,42.24325214451796,0.0336868834776451,1.28835600988097,0.028251453655493,0.0320414328128865,0,-0.3349999999999999,4.521656865607612,NOVEL,13.03,1.0,1081.0,GSFC-ELEANOR-LITE,0
151718783,OFF_TARGET,2.018799415825682,0.12,0.0343592301510297,117.91443188706448,20.0,0.8487212260710058,59.69513643619932,0.0291614079406378,0.0693963004267994,0.0265933785104935,0.0254023921251298,0,-0.495,4.198407276006543,NOVEL,14.15,2.0,1934.0,GSFC-ELEANOR-LITE,0
398397960,UNRESOLVED,3.722487167890119,0.17,0.0421969913487275,116.77858675005156,13.0,1.0487088438001966,57.359442521823546,0.0442523580091709,0.3730712437293933,0.0398828786188816,0.0428106750673712,0,0.165,2.057083660782195,NOVEL,14.94,2.0,2165.0,GSFC-ELEANOR-LITE,0
256541183,OFF_TARGET,2.46970443201544,0.12,0.2141788108897006,115.9612411657829,30.0,1.0856178327190624,103.91116188590718,0.2325163364924227,22.29127910497109,0.2797853133389638,0.1806409556063811,0,0.195,0.677842497578574,NOVEL,13.07,5.0,30428.0,QLP,0
366725821,OFF_TARGET,0.6677117270400738,0.058,0.0922622411966673,111.41499205918196,273.0,1.240543178881219,126.08436287177224,0.1144552939848194,1.5874180893137375,0.1114767530276519,0.1133388602225723,0,0.0849999999999999,2.1932992328674445,NOVEL,12.96,7.0,63489.0,QLP,0
58674267,OFF_TARGET,1.0258371415098513,0.084,0.0249021540754749,109.7802909912901,21.0,1.0546677219342842,17.97355973715568,0.0262634981100376,0.5857387793609916,0.0231241283949683,0.0251220932509007,0,0.495,3.249782881072288,NOVEL,14.73,1.0,1147.0,GSFC-ELEANOR-LITE,0
313659902,OFF_TARGET,0.899123269523998,0.12,0.0104998870459471,109.52940436409176,28.0,1.0068703374176784,30.872894833849426,0.0105720248128002,1.4421344775568,0.0082175120825873,0.0110510995267669,0,0.485,3.329223465280073,NOVEL,11.51,1.0,1081.0,GSFC-ELEANOR-LITE,0
72384776,INCONCLUSIVE,3.788804722185859,0.17,0.0520275048255905,100.06244646193016,42.0,1.0749863843153646,86.42540111345498,0.0559288592974117,4.145037557731595,0.0537195905724955,0.0488139840595769,0,0.485,4.109894124983797,NOVEL,13.37,6.0,44949.0,QLP,0
466069938,UNRESOLVED,0.6503237416620311,0.35,0.0075445253261451,99.22794473571818,79.0,0.8907481125245954,26.38520418135928,0.0067202716941577,0.372734172014866,0.0067747250662969,0.0063670001075749,0,,,NOVEL,10.28,2.0,2188.0,GSFC-ELEANOR-LITE,0
457534991,INCONCLUSIVE,0.7249821125280497,0.058,0.0403069507947994,98.26375742437617,48.0,1.0207946444065723,56.401454064815965,0.0411451195036904,4.50267001979312,0.0416727547880968,0.0333389275547527,0,-0.125,2.560786978642814,NOVEL,14.08,2.0,2211.0,GSFC-ELEANOR-LITE,0
309141465,OFF_TARGET,5.316663871640427,0.17,0.02326625693146,96.20200491468572,9.0,1.3730282235329705,99.92006280450605,0.0319452274228642,10.525299673316107,0.0252375923434375,0.031004314056991,1,0.495,5.554862689545285,NOVEL,12.6,2.0,12795.0,QLP,0
170149900,OFF_TARGET,1.1853195295072274,0.244,0.0155222817890708,95.44391290351888,22.0,0.9942921024785966,43.17848685516966,0.0154336821953204,6.641387894817444,0.0112451218696785,0.0162908691276437,0,-0.205,4.784923081637173,NOVEL,14.02,1.0,1086.0,GSFC-ELEANOR-LITE,0
1324191533,UNRESOLVED,7.63018730229835,0.17,0.0356479944825628,92.85481668525313,3.0,1.0508674122847157,14.999205983524057,0.0374613157150306,3.006193435001755,0.0088282231616574,0.0450312125856939,0,-0.355,3.648738219299284,NOVEL,14.95,1.0,1054.0,GSFC-ELEANOR-LITE,0
142785734,OFF_TARGET,2.7493398729926866,0.12,0.0040075391192507,85.9149986228901,68.0,1.0437171620413743,79.26005416464908,0.0041827373563141,39.59269454596874,0.0018237102382233,0.0056622921629277,0,-0.495,0.0,NOVEL,11.79,8.0,26409.0,TESS-SPOC,0
425067915,INCONCLUSIVE,1.7236671911612436,0.35,0.0023250676419818,85.64722797311089,166.0,0.6643905435021873,38.46360736883496,0.0015447529543356,0.0694437043758336,0.0013283135071154,0.0014044859803996,0,-0.255,1.9390492153551704,NOVEL,14.28,12.0,12404.0,GSFC-ELEANOR-LITE,0
173814613,INCONCLUSIVE,0.7738239218571173,0.058,0.006875312409044,84.05411416866072,18.0,1.037015077600832,26.4639665601896,0.0071298026313947,0.6954556312441188,0.006236149990192,0.0066406741221292,0,0.495,3.834486666441415,NOVEL,12.46,1.0,1086.0,GSFC-ELEANOR-LITE,0
193548084,ON_TARGET,0.9530432727144372,0.244,0.0051710135318989,83.10519074337638,252.0,0.9657215365489592,61.38910950407702,0.0049937591335409,3.3917971518173213,0.0047351339312781,0.0042624538908376,0,-0.485,0.9899038271285776,NOVEL,11.67,9.0,65918.0,QLP,1
437226603,INCONCLUSIVE,1.6927398729215692,0.12,0.013809428320191,83.0987164568643,45.0,0.9690471182468238,64.88576648770238,0.0133819867183172,2.331282586603008,0.0111067108746942,0.0119938201435099,0,-0.295,1.8947520644935445,NOVEL,12.83,3.0,25846.0,QLP,0
330774804,OFF_TARGET,0.8835480753849678,0.12,0.0010808227781482,77.69088705339286,86.0,1.0064518100232298,57.42869568530635,0.0010877960413816,4.185025215248793,0.0009024510675812,0.0010184669662405,0,0.495,2.793649703775709,NOVEL,9.93,3.0,31059.0,TESS-SPOC,0
133688675,ON_TARGET,2.8524264709579223,0.12,0.0195079887811705,71.6828538514573,14.0,0.9596454407118798,48.267881759085306,0.0187207524913087,0.3733015488568197,0.0177666684838615,0.0172758687838014,0,0.145,2.422576987409938,NOVEL,13.78,2.0,1934.0,GSFC-ELEANOR-LITE,1
76861285,OFF_TARGET,2.6749284417755246,0.17,0.0041712763927911,67.47582798043061,6.0,0.9935505282508182,48.901922101813646,0.0041443738635378,4.211175412745932,0.0035833829184294,0.0041428786039674,0,0.365,2.1775348857049632,NOVEL,10.64,1.0,2659.0,TESS-SPOC,0
457822202,INCONCLUSIVE,0.9268896890186558,0.084,0.0139861842708899,66.69211955613008,23.0,0.932742253098538,27.84154151848964,0.0130455050290811,0.1867394216300584,0.0126190684489126,0.0127864370901137,0,-0.185,2.53283319819388,NOVEL,13.81,1.0,1107.0,GSFC-ELEANOR-LITE,0
341077131,OFF_TARGET,2.5416165880281687,0.17,0.0055328368235953,62.939095627390486,10.0,1.060471962373456,38.23481575613327,0.0058674183238103,2.345299018609333,0.0053436110011654,0.0060104968721589,0,-0.495,2.5878773353656688,NOVEL,11.38,1.0,1177.0,GSFC-ELEANOR-LITE,0
22300053,INCONCLUSIVE,5.70899298691973,0.12,0.0447557009020011,62.125250211569416,5.0,1.0466592319593566,35.05728602634613,0.0468439675318912,0.1650142172268103,0.0376903218798562,0.0333829851078403,0,-0.495,4.249532634246303,NOVEL,14.97,1.0,1177.0,GSFC-ELEANOR-LITE,0
326169163,OFF_TARGET,7.790194786571147,0.244,0.0106354642448603,60.900871890384536,3.0,1.0009045958023362,20.511151659484547,0.0106450850411721,7.854085199007839,0.0010391591394047,0.0117832861577737,0,0.195,2.161950482346557,NOVEL,11.24,1.0,1081.0,GSFC-ELEANOR-LITE,0
307299562,INCONCLUSIVE,5.722737719582767,0.084,0.0561136122813135,57.89945573867173,3.0,0.8877007797151517,28.055046882194286,0.0498120973747557,0.0344551862294219,0.044804179808394,0.0466197962793688,0,-0.0549999999999999,1.9191661688308967,NOVEL,14.52,1.0,1072.0,GSFC-ELEANOR-LITE,0
331084390,INCONCLUSIVE,0.9280173851228632,0.058,0.0790205934742544,56.84759830312089,82.0,1.1518771180577985,61.5695882921155,0.091022013478341,2.073286910786864,0.0900308498213986,0.0800956005237969,0,0.195,2.255493894178193,NOVEL,13.07,3.0,25360.0,QLP,0
145599063,INCONCLUSIVE,13.22863733470855,0.244,0.0330236044882858,53.74891797551112,3.0,0.9764627581009409,54.12358917680721,0.0322463199210661,8.660791738700688,-0.0036858916384179,0.0436253665497228,0,0.025,0.2639179568504701,NOVEL,14.15,2.0,1966.0,GSFC-ELEANOR-LITE,0
224215371,ON_TARGET,5.49309077514592,0.084,0.0143113322652091,52.19420517999145,5.0,0.8786159145200112,34.51120038129496,0.0125741642861965,6.360509160438331,0.0136050633048367,0.0096875379987279,1,0.495,6.67436131352678,NOVEL,12.58,2.0,10049.0,TESS-SPOC,1
220115262,INCONCLUSIVE,6.364804540215625,0.244,0.0183306097002806,51.77801846042067,4.0,1.0230940968121691,34.70129895752852,0.018753938575325,20.18925992625767,0.000389708694505,0.0339899438649553,0,-0.185,4.826819841341566,NOVEL,13.98,1.0,904.0,GSFC-ELEANOR-LITE,0
239711580,INCONCLUSIVE,0.6584349899853145,0.35,0.0003376736167482,48.27805859412143,104.0,1.020440966250359,44.7501437415061,0.0003445759917518,0.3260232154023457,0.000310344711248,0.0003139948913764,0,,,NOVEL,9.44,4.0,27824.0,TESS-SPOC,0
139783888,OFF_TARGET,2.9822154661029634,0.5,0.0073704059218797,46.57189995888107,8.0,0.7644459890266763,19.432591237345363,0.0056342772444794,0.9510299998973096,0.0063458015985491,0.0049103069906945,0,0.195,1.8210149103978703,NOVEL,14.91,1.0,1072.0,GSFC-ELEANOR-LITE,0
218135121,INCONCLUSIVE,2.453006010989355,0.244,0.0169310290073739,46.43360297054812,9.0,1.0186969034897235,23.048864720938333,0.0172475868227065,0.3471880928914417,0.0164757605150633,0.0125607877251459,0,-0.485,2.622760944533585,NOVEL,13.25,1.0,1056.0,GSFC-ELEANOR-LITE,0
64781731,OFF_TARGET,1.8380476585295928,0.084,0.0259927407038771,46.27881129267087,12.0,0.8712417966691608,27.953584552383763,0.0226459621112015,0.1459400903194038,0.0218499114091533,0.0200785661346836,0,-0.455,2.845306859031264,NOVEL,14.92,1.0,1072.0,GSFC-ELEANOR-LITE,0
158436333,INCONCLUSIVE,0.6832811160215566,0.5,0.0001666355575048,39.15032947588658,62.0,0.9518691113553328,33.51141107638834,0.0001586152400423,0.5387962303505135,0.0002062923201044,0.0002103685443259,0,,,NOVEL,7.75,2.0,16789.0,TESS-SPOC,0
297089673,OFF_TARGET,1.094485995647827,0.084,0.008370685347066,36.4761472466196,22.0,0.9445358993971236,15.771848479100164,0.0079064128128613,0.3259029527488783,0.0073347972229977,0.0069586746404781,0,-0.495,4.253312117628962,NOVEL,14.44,1.0,1086.0,GSFC-ELEANOR-LITE,0
123580762,OFF_TARGET,1.0000994740818985,0.244,0.0041150873705314,30.81702756435354,20.0,0.921975787988282,16.30978426329985,0.0037940109210863,4.514455507655598,0.0049622807667785,0.0028940987059283,0,-0.255,2.092391863926729,NOVEL,14.74,1.0,903.0,GSFC-ELEANOR-LITE,0
304790516,OFF_TARGET,0.9103341159250372,0.084,0.0151838175635161,30.24684300478168,26.0,0.9776469943433196,17.59883474416609,0.0148444136036288,1.3159802251586254,0.015595220472778,0.0109972713298394,0,0.265,2.949070786600545,NOVEL,14.24,1.0,1107.0,GSFC-ELEANOR-LITE,0
42143884,INCONCLUSIVE,11.563596007988346,0.17,0.0119459887891133,28.60985724158289,3.0,1.2149646424158411,21.24439086895713,0.0145139539974686,11.689565706617476,-0.0014585421034114,0.0182776963203767,1,-0.285,6.065489676062484,NOVEL,12.8,1.0,1086.0,GSFC-ELEANOR-LITE,0
419744983,OFF_TARGET,7.0044519051284295,0.35,0.0198014115188272,26.97850782024229,8.0,0.931741153214314,14.386722568754646,0.0184497900038232,1.8098754755581152,0.017050659790686,0.013380810799594,0,-0.435,4.803242692416631,NOVEL,14.92,2.0,2239.0,GSFC-ELEANOR-LITE,0
453840224,OFF_TARGET,1.6162604697575569,0.084,0.0066846384167159,24.3930093623594,14.0,0.9380807401882874,14.94611132363622,0.0062707305538439,0.3538619968078216,0.0059984791433779,0.006241648972032,0,-0.425,2.258517416879453,NOVEL,14.12,1.0,1086.0,GSFC-ELEANOR-LITE,0
139805341,ON_TARGET,2.931490939119338,0.084,0.0108343547351491,22.572282756087496,4.0,0.9664129333837708,20.3623896084221,0.0104704605409158,2.884511715724108,0.0087705123051171,0.0112613601800444,0,0.455,3.191482262826477,NOVEL,13.77,1.0,1062.0,GSFC-ELEANOR-LITE,1
442703447,INCONCLUSIVE,12.022794581750064,0.5,0.0029618156097423,20.53378953094361,3.0,0.8773639857396391,9.246349316120751,0.0025985903483893,2.9996030264884905,0.0004430016150301,0.0026332944010498,0,0.045,2.85295547629065,NOVEL,13.69,1.0,1081.0,GSFC-ELEANOR-LITE,0
423202567,INCONCLUSIVE,1.1525846205149612,0.5,0.0040259464151593,17.136726529742923,22.0,0.5506127652505507,22.24020399701244,0.0022167374884014,0.7598444209981684,0.002434121140406,0.0027551266685297,0,0.4649999999999999,0.5986574278112915,NOVEL,14.24,1.0,3478.0,CDIPS,0
127107006,OFF_TARGET,3.031988899022804,0.12,0.0098111600098376,16.498904730454846,7.0,0.8943430416881706,13.491161115007603,0.0087745426856875,0.0321325787572192,0.0077825555680237,0.0085845992406334,0,-0.175,2.5714777366354875,NOVEL,14.53,1.0,904.0,GSFC-ELEANOR-LITE,0
43330648,ON_TARGET,14.285582291313856,0.17,0.0003118545316607,15.149472654521274,6.0,0.9433065401785844,10.89436431246044,0.0002941744192999,0.621473481699111,0.0002565658519153,0.0002315022074943,0,-0.405,1.8616779691440613,NOVEL,8.58,5.0,70071.0,SPOC,1
315531484,INCONCLUSIVE,2.0267060633383323,0.5,0.001458083150234,14.49604284313756,13.0,0.8952088311614099,8.395652997026847,0.0013052889126571,0.4804742932741819,0.0009836073078994,0.0011374186017174,0,-0.285,2.776020320791788,NOVEL,14.79,1.0,1086.0,GSFC-ELEANOR-LITE,0
449823787,OFF_TARGET,6.427463455560626,0.5,0.0034247405185493,12.665013775394012,4.0,1.0034303507311415,7.963122974068428,0.0034364885796911,2.3681230779350275,0.0026010317740106,0.0046467136529183,0,-0.375,1.9200620648204167,NOVEL,14.87,1.0,1081.0,GSFC-ELEANOR-LITE,0
411495979,INCONCLUSIVE,14.963475665057882,0.35,0.0006174737383145,11.51984372074583,6.0,0.9653158974106296,7.008006818481539,0.0005960572158285,0.2402801379101145,0.0003806884203774,0.000409849799751,0,0.2149999999999999,2.6342328873146816,NOVEL,10.93,4.0,26639.0,TESS-SPOC,0
441262791,OFF_TARGET,9.885659710893044,0.5,0.2941574111072943,1553.35562168324,3.0,1.0221507735927766,248.9439769613382,0.3006732253213693,3.608719680091428,0.2542165086191691,0.2722081085720234,0,-0.285,1.870418901598549,NOVEL,13.53,1.0,1081.0,GSFC-ELEANOR-LITE,0
446758441,ON_TARGET,2.299835954484418,0.12,0.1427863690710786,1216.7427616738262,20.0,1.0270441984022187,528.5592017171984,0.1466479119653693,1.431210298408626,0.1324025575344176,0.1267061855678701,0,-0.235,2.211760283012468,NOVEL,12.31,2.0,2211.0,GSFC-ELEANOR-LITE,1
330431529,OFF_TARGET,6.488941494358636,0.17,0.1006758117651011,524.8365513546387,3.0,1.0405383426550852,129.0574755636907,0.1047570423195136,6.055604262421004,0.0877843571920868,0.107078943936305,0,0.195,1.629172780555803,NOVEL,14.21,1.0,1081.0,GSFC-ELEANOR-LITE,0
87448561,OFF_TARGET,1.6737595379986938,0.17,0.0195416988956516,409.59283666852406,15.0,0.99287568289879,28.55290243379437,0.0194024776360226,0.977946873436422,0.0190064751587812,0.0181825531227953,0,-0.405,2.4248629564891035,NOVEL,14.92,1.0,1086.0,GSFC-ELEANOR-LITE,0
391708053,OFF_TARGET,1.5697674040112226,0.12,0.0222184379050827,154.60166864845863,25.0,0.9070610607435856,58.31798342670875,0.0201534798542498,0.1551429540951461,0.0172458545740489,0.0190244034741192,0,-0.495,4.30933996224291,NOVEL,14.94,2.0,1966.0,GSFC-ELEANOR-LITE,0
178335238,OFF_TARGET,0.9591955612459946,0.17,0.0227202960794273,149.9867504953823,24.0,0.8264711544428668,88.85176186419704,0.018777669330048,3.625275901778303,0.0142831893272089,0.0292895573650731,0,0.4649999999999999,2.3982265041348727,NOVEL,13.96,1.0,1072.0,GSFC-ELEANOR-LITE,0
221066214,OFF_TARGET,1.0769552324016702,0.12,0.0311597024549261,109.29337016582537,23.0,0.8626979604750846,47.52240944777202,0.0268814117568753,0.5072329186362462,0.0186491842660037,0.0214684628076951,0,-0.1549999999999999,4.612578738784615,NOVEL,14.78,1.0,1086.0,GSFC-ELEANOR-LITE,0
469447216,INCONCLUSIVE,8.584378351415625,0.17,0.0115048671577333,85.54247522149649,4.0,0.9829171425413544,17.365403874677025,0.0113083311519971,6.407890064985285,0.0144542430176879,0.0054944227963645,0,0.445,3.901369212579932,NOVEL,12.18,1.0,1148.0,GSFC-ELEANOR-LITE,0
290146135,OFF_TARGET,1.353756083676965,0.12,0.0323234788946172,66.0188093314419,16.0,1.0250449573104456,34.41707966163864,0.033133019043658,0.1538354219790137,0.030826446213839,0.0305316661477262,0,0.485,3.385192409713236,NOVEL,14.16,1.0,1086.0,GSFC-ELEANOR-LITE,0
373896170,ON_TARGET,2.038473459614416,0.04,0.0064316750365575,61.04972614360216,13.0,0.9795613986514572,48.20087128052927,0.0063002205944819,2.891007191821122,0.0059226574624311,0.0053743435739032,0,0.495,1.8425752857273283,NOVEL,11.15,1.0,19475.0,SPOC,1
318511155,OFF_TARGET,14.122057794717218,0.35,0.0249450521368512,45.373338120106446,3.0,1.0089481790705217,19.555869257575427,0.0251682649302953,0.8880745000396061,0.0268321970161979,0.02406269215306,0,0.0949999999999999,3.0967602985844334,NOVEL,14.98,2.0,2188.0,GSFC-ELEANOR-LITE,0
450674516,OFF_TARGET,0.977408512558526,0.17,0.0020034424299545,34.844049805140294,24.0,0.999066091954432,19.43519667106858,0.0020015713989504,0.0459250625043585,0.0018605075779157,0.0018512412953846,0,-0.305,2.148504416957864,NOVEL,13.11,1.0,1107.0,GSFC-ELEANOR-LITE,0
313731012,INCONCLUSIVE,13.519198868663947,0.5,0.0015886097236632,29.41433704437639,3.0,0.8636714044229314,12.728886292770309,0.0013720367911161,0.320871635293242,0.0011182613847595,0.0012286052491656,0,0.185,0.2342119306589426,NOVEL,10.55,2.0,9438.0,TESS-SPOC,0
377770027,INCONCLUSIVE,9.364535209100085,0.17,0.0117943354751795,16.16175569268681,5.0,0.9287570949287144,9.447745609129138,0.0109540727525424,2.5877886013172504,0.0159398439093998,0.0084941398856717,0,0.475,3.198946042949303,NOVEL,13.89,2.0,2188.0,GSFC-ELEANOR-LITE,0
229506826,INCONCLUSIVE,0.6842146955189059,0.12,7.343203371554567e-05,15.11758461025725,413.0,1.028031020464386,12.465292156451127,7.54904085553676e-05,2.840501058356063,5.367430963942876e-05,7.886592139705328e-05,0,0.255,2.048142268134033,NOVEL,9.64,13.0,119391.0,TESS-SPOC,0
65497458,INCONCLUSIVE,3.968352694857305,0.35,0.1000084770501684,285.0773202885194,6.0,0.958534293319323,127.27054303141084,0.0958615548752249,7.331225455004588,0.0265066210082496,0.0888636158412807,0,-0.135,2.139563696805447,NOVEL,13.84,1.0,1134.0,GSFC-ELEANOR-LITE,0
378273145,OFF_TARGET,0.8596392953606395,0.084,0.0033450421944214,210.87595000907493,80.0,1.1760033696030785,81.75289774068608,0.003933780892104,1.253129050068801,0.0037541913587963,0.0036597479710585,0,0.325,2.477154613442881,NOVEL,9.65,3.0,28910.0,TESS-SPOC,0
367266138,OFF_TARGET,1.1164929147935334,0.12,0.0492087814515912,165.43190887998486,127.0,1.1139905740906249,137.9960585897147,0.0548181186995582,1.3446205939775238,0.0484002735467963,0.050166953143194,0,-0.405,1.1507539590750455,NOVEL,13.12,6.0,40141.0,QLP,0
78957274,INCONCLUSIVE,1.399763103376001,0.084,0.1331195099782222,152.25785861742983,33.0,0.8287545934599493,81.92615698960593,0.1103234053735892,28.75174341320833,0.0565530611302851,0.1792255868929506,0,-0.395,2.570655659173896,NOVEL,14.71,2.0,1975.0,GSFC-ELEANOR-LITE,0
251936538,OFF_TARGET,1.182522533392842,0.058,0.0107271038910508,128.77806794421312,10.0,1.1380687111666874,47.79052279516342,0.0122081812998393,0.2842730950956694,0.0117294068583249,0.0115309492300522,0,-0.495,4.208207926995304,NOVEL,10.81,1.0,1823.0,TESS-SPOC,0
330435841,OFF_TARGET,1.2647955482988418,0.244,0.0108011254504613,110.10834513392705,20.0,0.8766644502080323,20.982807708419926,0.0094689627046566,1.7873083220051094,0.0067737632360042,0.0084856843449443,0,0.205,2.53366583825708,NOVEL,14.1,1.0,1081.0,GSFC-ELEANOR-LITE,0
337529045,INCONCLUSIVE,0.7258954129174382,0.17,0.0461842512967967,104.18919696168774,31.0,0.9363421687565062,22.717442624171586,0.0432442620216381,1.4768225414022549,0.0355516938045136,0.0521316266859686,0,0.285,1.76191368120535,NOVEL,14.06,1.0,1049.0,GSFC-ELEANOR-LITE,0
153038604,OFF_TARGET,1.2206231498026612,0.084,0.0210553332104212,60.99138694023047,33.0,0.7912945653628946,31.97485131654991,0.0166609707413112,0.3364192241232083,0.0131710857229703,0.0160582094749626,0,0.165,2.723052574448681,NOVEL,14.87,2.0,1934.0,GSFC-ELEANOR-LITE,0
120152239,INCONCLUSIVE,2.0878522352251427,0.12,0.0132670854930391,58.657075386173325,12.0,0.9116046244486522,9.63226113277556,0.01209433648841,0.2453129841821094,0.008461082126447,0.0132967117344896,0,0.445,2.409814416945171,NOVEL,14.2,1.0,1086.0,GSFC-ELEANOR-LITE,0
307424361,OFF_TARGET,2.6406907510690814,0.17,0.0132134608863197,58.06662752817883,8.0,0.9957393903025864,24.433056167240355,0.0131571634867311,0.7160125626611251,0.0133375014972805,0.0086590165050957,0,0.315,2.594793251078435,NOVEL,14.11,1.0,962.0,GSFC-ELEANOR-LITE,0
91690216,OFF_TARGET,3.918104677757568,0.17,0.0431597557998251,54.04001762298747,4.0,0.9949951562952754,33.817057275510955,0.0429437479677129,0.8635747815568059,0.0457607012558977,0.0376765163849472,0,-0.315,2.836839676001985,NOVEL,14.88,1.0,904.0,GSFC-ELEANOR-LITE,0
97017864,INCONCLUSIVE,0.6543091613795686,0.244,0.0002786808007222,49.17413955300434,33.0,0.9807189656450744,29.53855425658995,0.0002733075466294,0.2104515938980331,0.0002680691503667,0.0002708943039706,0,0.385,1.860337380337244,NOVEL,7.74,1.0,8864.0,TESS-SPOC,0
246561638,INCONCLUSIVE,2.2154071940446904,0.084,0.0120374260556423,48.97585569096533,9.0,0.9970162600173847,22.629645039654488,0.0120015095062323,0.814658727204816,0.0118797787893534,0.0108976782044221,0,0.495,3.802243718413505,NOVEL,13.47,1.0,1148.0,GSFC-ELEANOR-LITE,0
43796424,INCONCLUSIVE,1.354347181622552,0.5,0.0009121413525253,38.75814494588515,40.0,0.8399140200022557,21.69704327718691,0.0007661203102098,0.7995070351924252,0.0007110045682745,0.0007542000192775,0,-0.395,2.000465393041478,NOVEL,10.86,3.0,4967.0,TESS-SPOC,0
273212554,ON_TARGET,6.264834344303526,0.17,0.0002579678712187,33.43239499680072,5.0,0.8832188701791053,10.990494973130309,0.0002278420917602,4.51323903295298,0.000272156319989,0.0001111272771967,0,0.185,3.052144240821228,NOVEL,6.6,1.0,11271.0,TESS-SPOC,1
469449874,INCONCLUSIVE,3.717454080632783,0.5,0.0007728782900351,31.63751974076731,7.0,0.9071234140292582,8.477929695118661,0.0007010959930857,1.6355176883196427,0.0008093113277619,0.000506020276568,0,-0.185,1.902507215851576,NOVEL,11.24,1.0,1148.0,GSFC-ELEANOR-LITE,0
418888630,OFF_TARGET,1.762052246529063,0.5,0.0023136807771349,27.863872204811223,24.0,0.5557397576094472,11.12305128952113,0.0012858043942706,1.7466315589916708,0.0007832182555023,0.0017134342760857,0,-0.295,2.245847009822056,NOVEL,14.07,2.0,1934.0,GSFC-ELEANOR-LITE,0
377519200,INCONCLUSIVE,27.54217219595766,0.084,0.5360564225822682,330.7148368372926,3.0,1.1606251910251266,193.0762308160286,0.622160587859791,20.39863336109799,0.0228308457122832,0.6704142075417471,0,0.1049999999999999,3.347481100591884,NOVEL,13.41,3.0,17452.0,QLP,0
411767966,UNRESOLVED,11.066518177762836,0.244,0.0683925095450785,302.02587129258006,3.0,1.0075068063478343,177.1712435478845,0.0689059188698758,2.7732788762413136,0.065607791977807,0.0676109935471191,1,0.4649999999999999,6.354145062303714,NOVEL,12.46,1.0,1086.0,GSFC-ELEANOR-LITE,0
391729889,INCONCLUSIVE,11.772126552217337,0.17,0.0456717186849279,262.967996522668,5.0,1.1385350150292628,168.46297422538925,0.0519988509193567,14.831929906701918,0.0520001621805875,0.0406475316540899,1,-0.495,7.83196763336186,NOVEL,14.79,2.0,2188.0,GSFC-ELEANOR-LITE,0
287652215,OFF_TARGET,13.534041804983106,0.084,0.0664022962161319,157.45154387386157,9.0,1.0875711032915782,133.86317371500877,0.0722172185568728,0.6453110951532135,0.0661823713935869,0.065446689766792,1,-0.215,6.468120452056798,NOVEL,13.04,4.0,33974.0,QLP,0
75204054,INCONCLUSIVE,10.270858617679115,0.17,0.0831450534736346,140.40391178698806,5.0,1.0526171392314925,108.2985141310245,0.0875199083286667,0.0263909803950803,0.0759434624195023,0.0753636274271085,1,-0.275,6.653305279943189,NOVEL,14.94,2.0,1966.0,GSFC-ELEANOR-LITE,0
290187330,INCONCLUSIVE,13.350697377424074,0.5,0.0523523750107755,109.84067293449267,4.0,1.0956860537819748,139.58691288529374,0.0573617671816707,1.3361083989464024,0.0392330107189498,0.0508071120425508,1,-0.075,5.076273902682903,NOVEL,13.89,3.0,3073.0,GSFC-ELEANOR-LITE,0
318520774,OFF_TARGET,1.2010110792561242,0.17,0.1329136666436118,109.82482022782618,58.0,1.0355090125694226,123.48048442284131,0.1376332997031079,5.463922842900085,0.1226436123578098,0.132199690390484,0,-0.355,0.6879969064748807,NOVEL,14.73,3.0,29303.0,QLP,0
388766570,INCONCLUSIVE,2.9826009935430404,0.058,0.0378991941628632,104.4891664640648,12.0,1.0110936338583765,38.73381801597415,0.0383196339464335,1.6769177040686845,0.0359171078245362,0.0382856867376207,0,-0.495,2.568660987538668,NOVEL,13.22,2.0,4851.0,TESS-SPOC,0
446777359,OFF_TARGET,6.118209433081071,0.12,0.0372121979487463,101.57131198889196,6.0,0.9463539579171946,49.83957706564421,0.0352159108115942,0.8564496741146501,0.0386046763915429,0.0297290876914742,1,0.495,6.69889759813869,NOVEL,12.64,2.0,2167.0,GSFC-ELEANOR-LITE,0
450663300,UNRESOLVED,1.0526712922690744,0.244,0.0077363490687053,100.49991176597678,22.0,1.0231125557931624,38.32412787102898,0.0079151558681911,0.238393952433316,0.0069851554302324,0.0068672942423941,0,0.4649999999999999,2.2732020487698685,NOVEL,13.15,1.0,1081.0,GSFC-ELEANOR-LITE,0
343785964,OFF_TARGET,0.9728791425359006,0.12,0.011570630350956,86.46085432420334,48.0,0.8091242273151176,29.59945492654835,0.0093620773422661,0.3122615500616724,0.0084818224763925,0.007820120096051,0,-0.495,3.43758478885854,NOVEL,14.46,2.0,2164.0,GSFC-ELEANOR-LITE,0
378273307,OFF_TARGET,0.9229396991809732,0.17,0.000727671028246,62.13782835138744,75.0,0.9243374353104722,31.68179535078813,0.0006726135719986,2.035605906904822,0.0006394938590679,0.0005722482037439,0,-0.485,2.3348312713623462,NOVEL,9.49,3.0,28892.0,TESS-SPOC,0
78955414,ON_TARGET,1.99668584600498,0.084,0.0316913197056352,59.51176907657997,21.0,1.2159711459767495,45.40302406890428,0.0385357303399768,0.0880415470335621,0.0374305197626059,0.0365161543228617,0,-0.0949999999999999,2.1237871184124355,NOVEL,14.5,2.0,1975.0,GSFC-ELEANOR-LITE,1
319039733,INCONCLUSIVE,1.0171472918737363,0.12,0.0066252775723348,57.2557872567237,22.0,0.8241300272638534,33.193594161642565,0.0054600901863188,0.8410481571753062,0.0042883758523944,0.0058579097013102,0,-0.285,2.610116463164107,NOVEL,12.96,1.0,1072.0,GSFC-ELEANOR-LITE,0
46032792,INCONCLUSIVE,13.686984058561496,0.5,0.1456836096664776,55.79724245494368,3.0,1.0290464155068215,83.73476664023507,0.1499151963253837,0.5832820803217036,0.1460910208259717,0.1333662472498671,0,0.205,3.19773514231993,NOVEL,14.33,3.0,3073.0,GSFC-ELEANOR-LITE,0
162825247,INCONCLUSIVE,2.740582040544599,0.244,0.0392541765324788,35.0229240831323,9.0,0.7466486890305232,19.70027772382628,0.029309079446948,6.324548738930613,0.0120572233940733,0.0420265246907567,0,0.495,1.3406712693159943,NOVEL,13.17,1.0,11081.0,QLP,0
377776359,OFF_TARGET,6.428461677231733,0.17,0.0091670141831239,34.596540506855355,7.0,0.8301348180034641,17.553078622645796,0.0076098576505427,1.9571913562500864,0.0049688944626605,0.0090335738346841,1,0.435,5.166774286792902,NOVEL,14.27,2.0,2188.0,GSFC-ELEANOR-LITE,0
469447206,INCONCLUSIVE,8.123032120438111,0.5,0.0053107275956213,33.27490736034245,3.0,0.9245033966357068,8.145804404356221,0.0049097857007589,2.987574660085555,0.0078464655111912,0.0044286287863822,0,0.065,2.4515546354892743,NOVEL,12.41,1.0,1148.0,GSFC-ELEANOR-LITE,0
169863685,OFF_TARGET,6.706647762993174,0.5,0.0009241310393777,24.25447232940872,4.0,1.0017921458858168,11.09837089177302,0.0009257872170179,3.125107811414478,0.0009174441073438,0.0004509642876127,0,0.1149999999999999,2.249562438276271,NOVEL,14.88,1.0,1086.0,GSFC-ELEANOR-LITE,0
441227343,INCONCLUSIVE,2.901312087044489,0.5,0.0020323639421421,20.300061965458006,9.0,0.7766957011716543,8.853727542891692,0.001578528337078,0.3791841500676006,0.0015801918922969,0.0010263469559431,0,0.175,2.773798870577708,NOVEL,13.19,1.0,1107.0,GSFC-ELEANOR-LITE,0
221088464,OFF_TARGET,1.169911747385383,0.084,0.0037176299510094,19.104887129416827,16.0,1.0026114952370175,9.712002246505676,0.0037273385239194,0.588077225608004,0.0034487935222357,0.003811537393653,0,-0.405,2.2817573983448,NOVEL,14.8,1.0,1086.0,GSFC-ELEANOR-LITE,0
94249335,OFF_TARGET,6.758984978985197,0.12,0.0140989024550877,18.602383715752733,4.0,0.9244477809737668,10.95462234688321,0.0130336990887715,4.270943405093038,0.0034156812332923,0.0319328550533762,0,-0.3349999999999999,3.723901077629459,NOVEL,13.37,1.0,1085.0,GSFC-ELEANOR-LITE,0
285490479,OFF_TARGET,1.9783977923838587,0.35,0.0047073684249691,18.4391193496048,14.0,0.9648213582050764,11.265038242284604,0.0045417695973504,0.4185146455749824,0.003753971455804,0.0040081369612602,0,-0.345,2.2665283767769044,NOVEL,14.35,1.0,1086.0,GSFC-ELEANOR-LITE,0
447134694,OFF_TARGET,4.111179974022796,0.17,0.0160769443024394,17.499749737859357,6.0,0.9213487832406774,7.106734840882464,0.0148124730712807,1.446185672189121,0.0065182405215916,0.0158239783392714,0,-0.315,2.6049821432750417,NOVEL,14.62,1.0,1086.0,GSFC-ELEANOR-LITE,0
1007466710,OFF_TARGET,2.1243331943146533,0.17,0.0379317096623005,494.56155141711525,11.0,0.9675938432639324,27.89303683738413,0.036702488733717,0.032150674361393,0.0342048356700346,0.0342735046156481,0,-0.485,2.840540983364083,NOVEL,14.06,1.0,1081.0,GSFC-ELEANOR-LITE,0
214681795,OFF_TARGET,0.8660816924820491,0.17,0.126337807378358,422.3778926472288,27.0,0.9982583623954248,77.22936565051315,0.1261177727021483,1.1281253251286996,0.1149500696881336,0.1203532404967271,0,-0.345,2.9144856421021617,NOVEL,14.19,1.0,1086.0,GSFC-ELEANOR-LITE,0
257824366,OFF_TARGET,0.9518806290295828,0.17,0.2560206164007337,276.7583056077896,27.0,0.911411155308364,39.57761471698112,0.2333400457765522,1.068518411494031,0.2212574730368053,0.2066616613805016,0,0.495,2.606064697931424,NOVEL,14.69,1.0,1082.0,GSFC-ELEANOR-LITE,0
165591122,OFF_TARGET,1.3077411528082858,0.084,0.0126269801750224,218.20682281249185,16.0,1.0393812732023768,39.87026629132282,0.0131242467310159,0.8073160606074605,0.0122164383436977,0.0127543200195181,0,0.495,4.011650830294281,NOVEL,13.47,1.0,1081.0,GSFC-ELEANOR-LITE,0
318907244,ON_TARGET,1.023331473215669,0.084,0.0194858220169253,154.21722893762987,20.0,1.0220076827535094,84.7516931045424,0.0199146598060652,0.9091956248099272,0.0183124005440982,0.0163589427158132,0,0.1049999999999999,2.155357355473108,NOVEL,12.41,1.0,1072.0,GSFC-ELEANOR-LITE,1
298866749,OFF_TARGET,2.9632924231616418,0.17,0.0214594784644749,152.15865079052958,9.0,1.0162259706532142,25.18588032536688,0.0218076793322727,0.1418138640844023,0.019401316358121,0.0191647692906051,0,0.495,3.422592193570853,NOVEL,14.74,1.0,1082.0,GSFC-ELEANOR-LITE,0
294976780,ON_TARGET,0.9586186729310926,0.12,0.0489952069792047,133.08687555806452,48.0,1.0462776877113602,58.98233483153984,0.0512625918671418,1.5330864114132692,0.0491129675430067,0.0434536502904557,0,-0.485,2.820548362044001,NOVEL,13.92,2.0,2211.0,GSFC-ELEANOR-LITE,1
318465653,OFF_TARGET,0.6978573304137674,0.12,0.010431112901401,122.1000456526885,37.0,1.0296323832294216,27.397706213779703,0.0107402116364047,0.9148007760634927,0.0105363059666913,0.0096851358945855,0,-0.475,2.3103329461390647,NOVEL,14.77,1.0,1081.0,GSFC-ELEANOR-LITE,0
246576538,OFF_TARGET,1.119091428719091,0.12,0.0150575866650437,106.55096477184586,20.0,1.0284328797429807,36.72069046798985,0.0154857172159104,1.4615588771393069,0.0151916912904814,0.0142809439740483,0,0.475,2.340930787070015,NOVEL,13.8,1.0,1148.0,GSFC-ELEANOR-LITE,0
114872594,OFF_TARGET,29.96221672748513,0.028,0.1735784206137106,84.9749924623151,4.0,1.496149190909,96.80380813040644,0.2596992135604652,22.26113239647,0.3631620700088949,0.0119594269344234,1,0.0949999999999999,5.291626156019111,NOVEL,13.3,5.0,33155.0,QLP,0
80717380,OFF_TARGET,0.6748937943935455,0.058,0.0522712254505667,68.6109161952632,223.0,1.2825743294126726,83.29349349020899,0.0670417319298393,0.4154335214403999,0.0626330262676017,0.0620620202858457,0,0.495,2.433179662202458,NOVEL,13.18,6.0,50872.0,QLP,0
290218819,INCONCLUSIVE,14.486154854303392,0.35,0.020257521369456,67.82667634860664,4.0,1.1350710074632129,70.81387080906505,0.022993725189536,0.2822550610351134,0.0039850903288721,0.0043438861539663,0,0.025,4.4030762351709845,NOVEL,14.07,2.0,2263.0,GSFC-ELEANOR-LITE,0
230116482,UNRESOLVED,0.9643520503250488,0.058,0.02198144744239,67.75293641934176,216.0,1.0168194747537889,59.61779115998775,0.022351163842699,6.24647008463913,0.0213545737995897,0.0178415561546019,0,-0.435,1.0582108952180334,NOVEL,14.93,11.0,151037.0,SPOC,0
40574102,OFF_TARGET,1.7276003322847278,0.17,0.0026594552753201,67.32986332350704,12.0,1.0023565048225465,48.464953362638816,0.0026657222945017,1.843023730371168,0.0024454501335502,0.0022922342023543,0,-0.495,2.820710060646533,NOVEL,10.17,1.0,8198.0,TESS-SPOC,0
330423835,OFF_TARGET,2.169525474936183,0.244,0.0224088636071127,67.27392027562708,11.0,1.031749443206042,27.156768835807792,0.0231203325495187,0.8242544772819455,0.0211083014003323,0.0187215299316466,0,-0.485,3.1017416022903275,NOVEL,14.17,1.0,1081.0,GSFC-ELEANOR-LITE,0
285475473,INCONCLUSIVE,6.793500483121117,0.5,0.0324340630835244,51.77168156912099,4.0,1.0645930626066362,27.278217680136223,0.0345290785508661,2.810873548717544,0.0299361405745607,0.0355005489405659,0,-0.475,3.382289336314477,NOVEL,13.91,1.0,1086.0,GSFC-ELEANOR-LITE,0
418883704,INCONCLUSIVE,16.74512154643544,0.244,0.0238413396474174,47.59136133816717,3.0,1.4560114664573192,37.03388838127757,0.0347132639023433,9.56045396749474,0.0360464142466334,0.0144349992764054,1,-0.265,6.054970156745091,NOVEL,14.01,2.0,2167.0,GSFC-ELEANOR-LITE,0
388576061,INCONCLUSIVE,8.774512120858525,0.244,0.0264794971319079,32.79181436588198,3.0,0.796740238776585,24.930296748934868,0.0210972808675602,22.899395856085352,-7.466999711702726e-05,0.0334388775340926,0,-0.275,2.762084205517677,NOVEL,14.82,1.0,862.0,GSFC-ELEANOR-LITE,0
467855166,INCONCLUSIVE,1.080436509064712,0.17,0.0027382802284995,23.155859273343783,46.0,0.793555200333964,11.09148482861712,0.0021729765152974,0.0156598399215833,0.0020459467255529,0.0020675232472813,0,-0.445,2.518339813078033,NOVEL,13.05,2.0,2188.0,GSFC-ELEANOR-LITE,0
258290731,INCONCLUSIVE,1.9093799510547649,0.17,0.0005692959011777,22.88430429678017,20.0,0.959962385460396,15.613328011473486,0.0005465026513273,2.6962634902668707,0.00043732474916,0.0005751417141408,0,0.2149999999999999,2.2034806730731047,NOVEL,10.19,2.0,15266.0,TESS-SPOC,0
356014887,INCONCLUSIVE,0.8148620729126356,0.17,0.0001163758730234,18.92011531581008,491.0,1.0064405682463953,16.46905260187443,0.0001171253997759,0.0033341493473364,0.0001008597051012,0.0001008249364322,0,-0.445,1.8767713936812815,NOVEL,10.51,18.0,166504.0,TESS-SPOC,0
341241815,UNRESOLVED,0.9724153288385038,0.12,0.0001759497794947,14.926787774972484,45.0,0.9459187171855066,10.92159093594677,0.0001664341897087,2.909431326288618,0.0001107189631324,0.0001755213218359,0,-0.445,2.1145387278046366,NOVEL,9.19,2.0,18483.0,TESS-SPOC,0
334485117,OFF_TARGET,0.8655551423953826,0.17,0.1126092107255432,571.1672434520002,182.0,1.0393316201854643,583.5422549921794,0.1170383134311852,39.12496091132376,0.0681608310333056,0.0896273321364274,0,0.195,3.031786267122153,NOVEL,13.2,7.0,39160.0,QLP,0
59603820,ON_TARGET,7.689930310792376,0.12,0.1735312094343877,547.4853031337055,3.0,1.0986691043017156,150.06513363510888,0.1906533784376721,48.38956109540347,0.1976423926877495,-1.1044250200634531,1,-0.295,5.988137652150987,NOVEL,12.37,1.0,862.0,GSFC-ELEANOR-LITE,1
229490432,ON_TARGET,1.1643519577055024,0.12,0.015931843115379,325.8784302647218,216.0,0.9749661945458822,251.06613718652704,0.0155330084543031,80.04218031798263,0.0108009006019875,0.018284245973497,0,0.235,0.8813537520160731,NOVEL,12.9,11.0,175597.0,SPOC,1
78817261,OFF_TARGET,17.772186366277932,0.35,0.0457492290050524,295.64936442704726,3.0,0.9617602112446316,171.4122669637483,0.0439997881521783,8.512187457129144,0.0076071429357519,0.0548841995042697,1,0.125,8.419941775670296,NOVEL,14.47,2.0,1975.0,GSFC-ELEANOR-LITE,0
446838667,OFF_TARGET,2.940894250170659,0.17,0.0209020114886192,265.76248665665787,17.0,1.0626877748071455,182.5662670294689,0.0222123120778341,0.1833533393965613,0.0200585600925837,0.0202031844250345,0,0.255,2.491023567108269,NOVEL,12.05,2.0,2211.0,GSFC-ELEANOR-LITE,0
319988008,OFF_TARGET,2.3884547018237643,0.5,0.0735935394351329,254.5995776997944,12.0,1.0223960895708792,32.16720983827947,0.0752417469361602,6.535039345563607,0.0671019374955128,0.0873917755939716,0,-0.245,2.051456294754438,NOVEL,14.3,1.0,1081.0,GSFC-ELEANOR-LITE,0
221066136,OFF_TARGET,1.0765150176824358,0.12,0.0305879411817095,142.25505801288037,22.0,0.996044334068258,72.46371077788618,0.0304669455048549,0.540288933257299,0.0263621524933029,0.0245118374236916,0,-0.125,3.095502109559665,NOVEL,14.9,1.0,1086.0,GSFC-ELEANOR-LITE,0
290114000,OFF_TARGET,1.5789899550402664,0.17,0.0350611128927076,131.81171505785775,16.0,0.991243358132881,50.37559417511616,0.0347540952836435,0.5711602864068824,0.0345965070781375,0.0295529085974027,0,0.305,2.8174476815211924,NOVEL,14.12,1.0,1077.0,GSFC-ELEANOR-LITE,0
313684677,ON_TARGET,3.316590296010634,0.17,0.0090648523279167,83.14866852109088,7.0,1.0001621360046051,44.94314566591008,0.0090663220668555,0.9616919215128136,0.0087675832658302,0.0078098838479874,0,-0.285,2.1098290751397424,NOVEL,12.52,1.0,1081.0,GSFC-ELEANOR-LITE,1
87538041,UNRESOLVED,0.9763918078185936,0.244,0.0087272834293671,68.3372710933526,28.0,0.8469227693325816,9.848528022720044,0.0073913350507499,0.9383001105511452,0.0053857895441087,0.0066142007161709,0,-0.425,1.088975013710319,NOVEL,14.98,1.0,1177.0,GSFC-ELEANOR-LITE,0
230458415,OFF_TARGET,0.8080104040855984,0.12,0.0226683433870688,66.07209721695443,27.0,1.120036015682342,13.166921186608288,0.0253893610093717,1.5903413331827518,0.0221484439627288,0.0168626773711151,0,-0.395,2.0603851779217086,NOVEL,13.89,1.0,1054.0,GSFC-ELEANOR-LITE,0
214672965,INCONCLUSIVE,10.989838772599798,0.5,0.0239695744150968,64.78983051764774,3.0,0.9670473048727783,27.147140171761592,0.0231797123370669,1.4120309820942334,0.0201105443033355,0.0232563128901019,0,-0.4649999999999999,4.895928480731016,NOVEL,14.15,1.0,1086.0,GSFC-ELEANOR-LITE,0
442551080,INCONCLUSIVE,3.062906174018789,0.17,0.0064155473195189,62.5499247950554,16.0,0.6594323209654993,17.349714851831042,0.0042306192591743,0.1509614205517337,0.0035763270212976,0.0031113924438725,0,-0.265,1.937306590751113,NOVEL,14.57,2.0,2211.0,GSFC-ELEANOR-LITE,0
1007259218,ON_TARGET,2.507064853656417,0.084,0.0158681642486315,61.35069165000128,18.0,0.9733799373166508,28.586332325128,0.0154457527216632,1.3872827337852711,0.0159966267799824,0.0129646798325271,0,-0.495,2.730111055153816,NOVEL,14.09,2.0,2167.0,GSFC-ELEANOR-LITE,1
48178046,OFF_TARGET,0.7439912147897919,0.084,0.0085652190464133,56.55304083449125,56.0,0.5281189757997179,17.275745473695277,0.004523454710292,0.3243726321091862,0.0034833427481648,0.0043071917143413,0,0.475,2.723120052004889,NOVEL,13.31,2.0,1975.0,GSFC-ELEANOR-LITE,0
467854305,INCONCLUSIVE,3.5420430698491168,0.12,0.0131423309023388,51.22663104013896,15.0,0.9852692194512798,25.000913032094047,0.0129487341099178,0.4728273495032918,0.012286057385203,0.0104432293387415,0,0.285,2.289505976497986,NOVEL,13.82,2.0,2188.0,GSFC-ELEANOR-LITE,0
411838663,OFF_TARGET,1.1775218843008628,0.084,0.0016218583765755,49.82448492501275,19.0,1.0629046194578862,35.024760017243906,0.0017238807605686,0.3457959312843864,0.0015280790301331,0.0015541491915223,0,-0.495,4.027718258989254,NOVEL,10.01,2.0,9789.0,TESS-SPOC,0
157654826,OFF_TARGET,7.05147755628503,0.17,0.0268330266182485,36.1790664948008,4.0,0.9414334251475605,26.86462209824684,0.0252615081562933,0.0901427669003043,0.0239611501551227,0.0252675506864675,1,-0.445,7.03967254300485,NOVEL,14.94,1.0,1072.0,GSFC-ELEANOR-LITE,0
169949222,INCONCLUSIVE,5.335333030439449,0.244,0.0070688503287692,35.39335603908785,6.0,0.9772930629177702,20.643740708729027,0.0069083383891102,1.8462399780933607,0.0055381416240553,0.0069562744313285,0,-0.215,2.2815330101366698,NOVEL,14.87,1.0,1086.0,GSFC-ELEANOR-LITE,0
153816845,OFF_TARGET,0.811633818692771,0.17,0.0722900384476634,849.2843165228874,29.0,0.7680891285529734,23.747377693124875,0.0555251926343267,3.4037267699930123,0.0758188514889153,0.0453127305575802,0,0.425,2.785935538887918,NOVEL,14.16,1.0,1032.0,GSFC-ELEANOR-LITE,0
82378781,INCONCLUSIVE,6.822843165887423,0.084,0.4626586274360602,762.3573771589928,4.0,0.9420601137646828,262.5858841065645,0.4358522391966268,21.94242109055514,-0.0006237344753361,0.564271762584247,1,0.025,5.653932813383774,NOVEL,14.5,1.0,1085.0,GSFC-ELEANOR-LITE,0
376905285,OFF_TARGET,4.496683004053996,0.244,0.0278435361012126,569.9818285879737,6.0,1.1450043592890786,246.11050253328668,0.0318809702139113,10.384969774746873,0.0249941520088332,0.0336678934925613,0,-0.3249999999999999,1.857932487453791,NOVEL,10.68,1.0,1107.0,GSFC-ELEANOR-LITE,0
290129286,ON_TARGET,0.8890204583576605,0.084,0.1556412216254199,256.7079076190405,26.0,0.8618170828436281,54.91596661297555,0.1341342635914379,12.382364122845075,0.1010723591793248,0.1789054949696765,0,-0.145,2.94222077207134,NOVEL,14.33,1.0,1062.0,GSFC-ELEANOR-LITE,1
342586820,ON_TARGET,1.9511295290376067,0.17,0.0292607419006102,196.91842366448935,28.0,1.0341478473100545,141.89282383318923,0.0302599332472112,0.3187913355504946,0.0285807413469991,0.0276407059781446,0,0.305,2.4376230312359017,NOVEL,13.17,2.0,2167.0,GSFC-ELEANOR-LITE,1
153227379,UNRESOLVED,2.6215011326804967,0.17,0.0694152299532287,188.8851835892945,10.0,1.0821851120613566,53.13283138287509,0.0751201284056997,4.451078354223436,0.076965255044432,0.0626421038925553,0,-0.475,3.364601968598288,NOVEL,14.93,1.0,1032.0,GSFC-ELEANOR-LITE,0
229488142,UNRESOLVED,0.8731868709996559,0.04,0.0085395135637683,102.73760474717604,244.0,1.0123024248944612,86.25368296377653,0.0086445702880217,0.6122998830722137,0.0079695798975402,0.0080604446902678,0,0.495,4.756465332018614,NOVEL,12.91,10.0,146769.0,SPOC,0
308473067,OFF_TARGET,0.8013137507907284,0.058,0.0278375491965141,90.44632021765946,23.0,1.0318553464421178,15.3381346015218,0.0287243239702685,1.1669611620991966,0.0254011839366183,0.0302182033797892,0,-0.3349999999999999,2.705001322629382,NOVEL,14.46,1.0,1081.0,GSFC-ELEANOR-LITE,0
237307453,INCONCLUSIVE,21.849658639786227,0.244,0.0518608468043357,89.4318125336502,22.0,0.9135678807154448,65.31663272888136,0.0473784039071453,0.6287553430354575,0.0398320829361247,0.0384479148200078,1,0.245,8.135614069949206,NOVEL,14.42,17.0,139761.0,QLP,0
230458181,INCONCLUSIVE,2.0293130623346527,0.084,0.0246161223060648,81.5279679980035,8.0,0.9808191729349832,26.80265481128096,0.0241439647211009,0.1878273174218726,0.023717750424966,0.0226626033160022,0,0.485,2.43398078910479,NOVEL,14.13,1.0,1054.0,GSFC-ELEANOR-LITE,0
457555870,OFF_TARGET,4.488543802138297,0.12,0.0216436669851949,69.73169936058396,4.0,1.0664026212354338,38.87780386395478,0.0230808632061587,0.0133052649735428,0.0212957897154058,0.0213439765541578,1,0.355,6.527279792397787,NOVEL,14.96,1.0,1081.0,GSFC-ELEANOR-LITE,0
447076072,OFF_TARGET,1.3509941256865146,0.12,0.0362621310078669,66.78270880563355,19.0,0.9408430836684524,19.34498828637979,0.0341169751578309,0.1075260925626095,0.0301492089570593,0.0293716480574915,0,-0.4649999999999999,2.1555984122218605,NOVEL,14.72,1.0,1086.0,GSFC-ELEANOR-LITE,0
441263248,INCONCLUSIVE,7.036805006431723,0.244,0.1242743271032511,66.0608569488154,4.0,0.6422436088640766,39.584449605283474,0.0798143923279467,110.85551863593916,0.0011481720235817,0.3519555072120596,0,-0.0349999999999999,2.8658772626425923,NOVEL,13.29,1.0,17222.0,SPOC,0
442550825,OFF_TARGET,12.188617420651584,0.17,0.0463826750069929,62.60822275679243,4.0,0.7846375076809624,28.954390991088488,0.036393586517063,0.4594109129450957,0.0281944662012012,0.0354764284379993,1,0.315,7.5651271565892175,NOVEL,14.47,2.0,2211.0,GSFC-ELEANOR-LITE,0
341471277,UNRESOLVED,3.673231728547696,0.244,0.0172144703404922,60.45937508170069,6.0,1.074409362314242,35.508586982197286,0.0184953881011057,0.5422936909681491,0.0169893970345441,0.0174709504471671,0,-0.495,3.76769043865772,NOVEL,13.11,1.0,1086.0,GSFC-ELEANOR-LITE,0
221066179,OFF_TARGET,1.0751954480554742,0.17,0.0050494695160717,54.82504954124327,23.0,0.8899175396238861,24.054151288484668,0.0044936114881484,1.389191588763137,0.0043796067084087,0.0032424454032538,0,0.185,2.419093062186862,NOVEL,14.93,1.0,1086.0,GSFC-ELEANOR-LITE,0
300267162,OFF_TARGET,2.4838479176622936,0.244,0.011243279600852,50.80553209697903,11.0,0.947552120933244,24.78901237519668,0.0106535934320328,3.1471374974422432,0.0086533725654927,0.0107131827908764,0,0.475,3.7838792808073536,NOVEL,14.79,1.0,1086.0,GSFC-ELEANOR-LITE,0
65409906,INCONCLUSIVE,4.006542529323842,0.12,0.0131508979069521,29.53781320943388,6.0,0.937423090725394,20.47268774601977,0.0123279553617492,0.7664625130524588,0.0096106169801069,0.0127743087872185,0,-0.385,2.1437065348327144,NOVEL,13.64,1.0,1072.0,GSFC-ELEANOR-LITE,0
467856038,INCONCLUSIVE,1.727497588032914,0.084,0.0034622419404874,28.482141881873996,26.0,0.6413957685360225,8.554401628086689,0.0022206673302765,0.4338051914687644,0.001678145562096,0.001945823345043,0,0.435,2.3636154902827258,NOVEL,13.11,2.0,2188.0,GSFC-ELEANOR-LITE,0
446838709,OFF_TARGET,2.3283432887331457,0.17,0.0014865383378887,18.36095763966117,21.0,0.8297057546055399,10.544918458816989,0.001233389413388,0.2939682649154869,0.0011991830747904,0.0008986018875666,0,-0.425,3.239061601175892,NOVEL,12.09,2.0,2211.0,GSFC-ELEANOR-LITE,0
365764494,ON_TARGET,0.780297295736665,0.084,0.0077820837005417,1042.20681859676,166.0,1.040479843396462,737.0177106333705,0.0080971012300378,41.91633940113047,0.006936263345462,0.0076944619342647,0,0.445,2.186440076550827,NOVEL,9.18,5.0,56190.0,TESS-SPOC,1
399544063,ON_TARGET,0.6929035773293827,0.04,0.0312950171813291,947.4382960135472,66.0,1.2598356184660715,58.01147212302216,0.0394265773255461,1.8196876316642123,0.034548086698426,0.0366228727060229,0,-0.405,2.5342640498001305,NOVEL,10.66,2.0,19214.0,TESS-SPOC,1
62280901,OFF_TARGET,2.4168095536560354,0.35,0.11757609759587,797.210062682133,11.0,0.7935259056236762,37.38556160858217,0.0932996793244604,1.247068889758164,0.0822413345119554,0.0707265198996854,0,-0.495,3.572095085357985,NOVEL,13.47,1.0,1147.0,GSFC-ELEANOR-LITE,0
430672525,OFF_TARGET,2.4384426729414868,0.17,0.3074476055555368,620.4017654697798,20.0,1.058226650579849,294.1859362957089,0.3253492498558302,1.1882565531614016,0.3084486663164774,0.3125294949984203,0,0.485,3.049104186578512,NOVEL,13.32,2.0,2308.0,QLP,0
302615789,OFF_TARGET,1.199958354321887,0.084,0.092728304999174,603.9406742209615,14.0,0.9983125090170708,19.98401051981917,0.0925718268206255,0.7499767658173003,0.0872061651610178,0.0781887504009576,0,-0.495,3.711204385807616,NOVEL,13.09,1.0,904.0,GSFC-ELEANOR-LITE,0
229146166,ON_TARGET,1.9951285454044425,0.058,0.1542638591521045,446.2872545591662,13.0,1.0297354672520374,103.128785399495,0.1588509670840948,10.397312146206032,0.1702409356502474,0.1331854661203756,0,-0.295,3.4666067389845443,NOVEL,13.6,2.0,1826.0,GSFC-ELEANOR-LITE,1
27127246,OFF_TARGET,8.586654415100085,0.35,0.1451395998265356,387.7252470415151,3.0,1.1092143868790727,52.4797007750465,0.1609909322334647,6.730194020467039,0.0221778426099734,0.1539930623145627,1,-0.475,5.401096555180039,NOVEL,14.69,1.0,1054.0,GSFC-ELEANOR-LITE,0
1512685244,INCONCLUSIVE,12.240172879308435,0.5,0.0062012562784924,377.6173609867933,3.0,0.6780350760779486,15.39208220609786,0.0042046692725664,11.534458301254285,0.0120443683191193,0.0025692081205177,0,0.045,4.1606796669767006,NOVEL,11.15,1.0,1086.0,GSFC-ELEANOR-LITE,0
238618726,ON_TARGET,3.166692115967953,0.17,0.1182350209180049,374.2399218194366,19.0,1.0198096256740234,259.269368587409,0.1205772124239509,0.283673781010396,0.1235278850724542,0.1205164050547157,0,0.455,2.469469706066579,NOVEL,14.36,3.0,3038.0,GSFC-ELEANOR-LITE,1
465865896,OFF_TARGET,0.7095350220474798,0.12,0.0372726161542532,344.3008508062397,66.0,0.644685237976764,29.44617292163208,0.0240291054154213,0.2817869627792663,0.0218114673183564,0.0210633114900551,0,0.495,2.497775953208897,NOVEL,14.76,2.0,2188.0,GSFC-ELEANOR-LITE,0
467244068,OFF_TARGET,0.7448322317402876,0.12,0.0116184091350375,326.7198736116117,66.0,0.9392533688995366,70.38962418125628,0.0109126299213371,5.007940035518328,0.0116902541803789,0.0075828901332098,0,-0.405,2.024993643115637,NOVEL,14.21,2.0,2188.0,GSFC-ELEANOR-LITE,0
60829240,INCONCLUSIVE,0.688308121043817,0.058,0.0164717902981945,315.62760482567984,27.0,1.0494799099732532,10.164447983930708,0.0172868129992475,0.7109213959142995,0.0159793286827725,0.0174066927680869,0,0.495,2.087360010228097,NOVEL,10.8,1.0,1134.0,GSFC-ELEANOR-LITE,0
23822834,OFF_TARGET,2.0030987580991804,0.244,0.0710650538426613,288.97372970211416,14.0,1.029896359148639,50.686345203656565,0.0731896402152588,1.3413163134414752,0.0715722741369238,0.0672153102363364,0,0.495,2.7797373222903103,NOVEL,14.16,1.0,1177.0,GSFC-ELEANOR-LITE,0
238931334,INCONCLUSIVE,8.167556388920461,0.12,0.1975123980308152,288.5623599451535,10.0,1.051427839804035,162.34792070469086,0.2076700339960548,1.525407752627573,0.2076853627940358,0.1810902288122808,1,-0.405,9.2048971604385,NOVEL,14.95,4.0,3961.0,GSFC-ELEANOR-LITE,0
216935767,ON_TARGET,0.98593046869713,0.12,0.0299972556811979,281.8684678923618,21.0,1.012324378486775,60.49856324728855,0.0303669532137775,1.1002524404963088,0.0251936979755145,0.0228593456624615,0,0.345,1.8405332182762093,NOVEL,14.79,1.0,1049.0,GSFC-ELEANOR-LITE,1
115207613,INCONCLUSIVE,8.082856150138609,0.17,0.2293195425384769,281.5081857227673,11.0,0.8381675631280318,191.87700668567743,0.1922082021471102,4.291915443304594,0.1849051413064961,0.1658175252009055,1,-0.485,6.899270167847059,NOVEL,12.53,3.0,30852.0,QLP,0
164320544,UNRESOLVED,28.424916903585267,0.12,0.45109110557574,278.0362663193802,7.0,1.1567471192703729,247.3899646721907,0.5217983369032249,8.743959744299035,0.4264407405243769,0.4703227752733834,1,0.435,9.64610726776417,NOVEL,14.43,7.0,50244.0,QLP,0
333145823,ON_TARGET,0.8984577927468811,0.04,0.0118303054548303,270.01500880292184,28.0,1.1805473291702324,113.2205965211065,0.013966235507968,0.4852520871511425,0.0130787227309093,0.0128332115065313,0,0.495,4.184715739390167,NOVEL,10.79,2.0,4398.0,TESS-SPOC,1
118191063,OFF_TARGET,2.650972382759148,0.17,0.0152610391845517,262.9502074933413,8.0,1.0564337758600773,208.53645072842028,0.0161222772492846,17.476114146998647,0.0130218596365635,0.0151553400781108,0,-0.385,1.5140761957151698,NOVEL,10.74,1.0,8646.0,TESS-SPOC,0
247221656,OFF_TARGET,5.8110011806767385,0.35,0.1386837060534262,262.5341856401444,5.0,1.0239664514035385,39.340495982782585,0.1420074623550182,0.7411411512017354,0.1259232853910765,0.1176371758907065,0,0.445,4.47591635649616,NOVEL,14.48,1.0,1048.0,GSFC-ELEANOR-LITE,0
431589382,INCONCLUSIVE,32.23919007144426,0.12,0.1583139835286923,258.20405986134534,5.0,1.033581990725316,186.50377863303717,0.1636304822552406,1.4343354572255018,0.1618430430379293,0.1439054318225053,1,-0.495,8.956223797885867,NOVEL,14.06,5.0,5274.0,GSFC-ELEANOR-LITE,0
29340725,UNRESOLVED,1.055138836196695,0.244,0.0099852782082814,225.0971500570108,41.0,0.8881325152552128,32.87113377174893,0.008868250250644,1.085719475440145,0.0081890844127454,0.0074808610912606,0,0.295,1.1827664290034496,NOVEL,12.75,2.0,1966.0,GSFC-ELEANOR-LITE,0
383092059,OFF_TARGET,1.0533693455283817,0.084,0.0443707503101053,217.6763201048992,43.0,1.2071865531310646,72.88708829686063,0.0535637731266951,2.5523486345126822,0.0404460763473182,0.0457635595396311,0,0.485,4.039550500209716,NOVEL,14.96,2.0,2165.0,GSFC-ELEANOR-LITE,0
1338994390,UNRESOLVED,1.1433499678975267,0.12,0.0218221415449003,210.7057163225982,18.0,1.0722428123100405,42.23400455755908,0.0233986344207317,2.84557772014459,0.0232321676542146,0.0203454229960103,0,0.135,2.545942145369813,NOVEL,14.69,1.0,1054.0,GSFC-ELEANOR-LITE,0
456850805,UNRESOLVED,7.281288745837919,0.17,0.0140010944668619,208.42013884930097,4.0,1.126832751323662,93.97956650842974,0.0157768917996365,30.46443288289437,-0.0004526084673267,0.027745523362007,0,-0.0849999999999999,2.416194058693601,NOVEL,14.77,1.0,1072.0,GSFC-ELEANOR-LITE,0
941531396,OFF_TARGET,2.0828665441259195,0.244,0.028861837441226,202.34920333465936,22.0,0.9798612463641336,40.57106399163405,0.0282805960075187,0.1547071581784177,0.0264102814887511,0.0259166098503421,0,-0.485,2.463462218507873,NOVEL,13.45,2.0,2189.0,GSFC-ELEANOR-LITE,0
459533211,ON_TARGET,2.065815213882426,0.12,0.0884160692650078,185.39047477682848,13.0,0.9907085502222504,105.69878018531276,0.087594555797886,0.1483595308009961,0.0834620279213382,0.0831870519840889,0,0.355,2.422094279314503,NOVEL,13.94,1.0,1107.0,GSFC-ELEANOR-LITE,1
306294675,ON_TARGET,2.982219390805787,0.12,0.0243414942309125,179.77388933287932,14.0,1.0013670735491584,81.43528635605426,0.0243747708438226,0.1518796154040615,0.0232253071923226,0.0225335722988773,1,-0.435,5.642892717807614,NOVEL,13.6,2.0,2188.0,GSFC-ELEANOR-LITE,1
88740497,OFF_TARGET,2.523254876359608,0.17,0.057016767378195,171.7125042441379,10.0,1.058713639108617,114.82481888648866,0.0603644292811783,5.549751760304696,0.0505046108022025,0.0556124870071745,0,-0.405,1.9712769557016885,NOVEL,14.91,1.0,1086.0,GSFC-ELEANOR-LITE,0
271944854,INCONCLUSIVE,14.502745189417755,0.5,0.0605274655949478,168.9250090397065,3.0,0.7864146308447694,138.96800706435832,0.0475996845118203,33.20100627368918,-0.0030802649309904,0.0621843314488861,1,-0.0949999999999999,5.280772190591168,NOVEL,14.89,2.0,2165.0,GSFC-ELEANOR-LITE,0
263662928,OFF_TARGET,1.0302254354015885,0.084,0.1113322641141066,166.88015739151965,21.0,1.033485772017658,16.29918512362908,0.1150603109284412,0.3610607144231593,0.0983145928644962,0.1026829454845674,0,-0.495,3.95105826897496,NOVEL,14.78,1.0,1086.0,GSFC-ELEANOR-LITE,0
1331731163,INCONCLUSIVE,9.488927852364789,0.244,0.0547028951538785,166.08283531967174,3.0,1.067018695597339,33.135268258784805,0.0583690118324894,8.046114786862871,0.0015837511163472,0.0647841907537727,0,-0.0449999999999999,3.24200187604678,NOVEL,14.49,1.0,1048.0,GSFC-ELEANOR-LITE,0
342489895,OFF_TARGET,2.697680908880315,0.244,0.0356995159007821,161.90570719099154,19.0,0.8029501852487073,48.98620005949229,0.0286649329058221,0.1973861237051558,0.027237573702198,0.0277553901129936,0,-0.475,3.323030878502015,NOVEL,14.13,2.0,2167.0,GSFC-ELEANOR-LITE,0
124321784,OFF_TARGET,0.8743852429181991,0.084,0.0453312093421202,160.9852434937682,47.0,0.9460503464873667,65.46693856497282,0.0428856063048042,0.1724675430140297,0.0387617060961023,0.0407728901630413,0,0.495,4.0278582929718425,NOVEL,13.69,2.0,1975.0,GSFC-ELEANOR-LITE,0
43785616,ON_TARGET,8.955650838999206,0.35,0.0114645742584605,160.826292375051,3.0,1.2826389092860209,175.34739282154706,0.0147049090223004,137.1481516188775,-7.93115874874184e-05,0.0177640441730458,0,0.235,3.141678969692318,NOVEL,11.16,1.0,17562.0,SPOC,1
176348607,ON_TARGET,1.482622152914936,0.058,0.0836111835977301,160.70533080261015,14.0,0.8099426357487207,69.46427876046417,0.0677202624212157,5.866513596229931,0.0532205278559752,0.1005421237076261,0,-0.185,2.348377865645784,NOVEL,14.45,1.0,1072.0,GSFC-ELEANOR-LITE,1
152676628,ON_TARGET,5.259928596056072,0.17,0.0101210458805747,159.0932292472716,4.0,1.0263334179852834,128.12842487137422,0.0103875676121961,1.3433977700679314,0.010052741322271,0.009896046361651,0,0.1149999999999999,3.262471674226992,NOVEL,10.2,1.0,9341.0,TESS-SPOC,1
377014052,OFF_TARGET,0.8470996522521583,0.35,0.0180889772934549,155.1594408163689,58.0,0.9892751320131828,53.95166702307117,0.017894975399966,6.173824886158729,0.0246357882142768,0.0129960525782923,0,0.415,1.7186596276644652,NOVEL,14.37,2.0,2211.0,GSFC-ELEANOR-LITE,0
408730508,OFF_TARGET,23.6264974973692,0.244,0.0623459694856848,153.41697305209595,9.0,0.7860687525615419,93.89864670893807,0.0490082184608522,47.50296754471517,0.0900531221184467,-0.0004520137170118,0,-0.3349999999999999,3.881012903388597,NOVEL,13.59,7.0,57539.0,QLP,0
434321668,ON_TARGET,5.563850297806913,0.12,0.1847873942835782,151.5792409412038,3.0,1.330409037261772,131.6387727158704,0.2458428193269267,3.817252644378671,0.257699526429883,0.1099034984030129,0,0.205,2.7010902439388813,NOVEL,14.12,1.0,904.0,GSFC-ELEANOR-LITE,1
296423618,OFF_TARGET,0.7063929061042659,0.084,0.0468332302231448,144.92698527231266,31.0,1.0109909124356218,35.871450972647615,0.0473479701556047,0.1870462981838631,0.0423284159034355,0.0427018835203334,0,-0.485,3.005853851212466,NOVEL,14.14,1.0,1086.0,GSFC-ELEANOR-LITE,0
437613680,OFF_TARGET,2.464065181369967,0.12,0.0376837456889718,135.88767292880712,10.0,0.9921411644267784,74.11446849961175,0.0373875953278191,7.401291798938399,0.0415981153678146,0.0291237908940044,0,-0.0949999999999999,2.84655606810803,NOVEL,14.66,1.0,1081.0,GSFC-ELEANOR-LITE,0
329412831,UNRESOLVED,0.916763187433866,0.12,0.03610416092664,134.16619603094745,24.0,0.9988088348809088,47.69142731288652,0.0360611549094901,0.3816780583626877,0.0309790918855024,0.029492599357382,0,-0.495,3.25429605959806,NOVEL,14.07,1.0,1081.0,GSFC-ELEANOR-LITE,0
313397687,UNRESOLVED,0.910116996568493,0.058,0.047324430794444,129.17859594545024,165.0,1.2791307046449678,137.55619573252798,0.0605341325090192,1.9964129564563653,0.0520248970818381,0.0538413987893042,0,-0.495,4.494926557311862,NOVEL,12.41,6.0,49863.0,QLP,0
10535986,OFF_TARGET,3.197189331318876,0.244,0.0224097210155758,122.36979096818676,8.0,1.0244659418238171,53.11460950328389,0.0229579959462309,3.9408466612458057,0.0228754807450202,0.0199539806174263,0,0.455,2.953036337172185,NOVEL,12.64,1.0,1086.0,GSFC-ELEANOR-LITE,0
1370863228,OFF_TARGET,4.723690836017955,0.244,0.0186453939191552,121.78942396768616,4.0,1.0260436027325477,31.148329280591117,0.0191309871511775,0.1131159814410695,0.0172449543022166,0.0178742393017272,0,0.125,1.5339304258931294,NOVEL,14.69,1.0,1046.0,GSFC-ELEANOR-LITE,0
42548988,INCONCLUSIVE,34.31063328277799,0.084,0.1417708533468687,117.57557241279018,5.0,2.0955723976767087,167.3137830274188,0.2970910870687708,16.586491164118605,0.2083477215320287,0.381616115471923,0,0.405,4.842406609872685,NOVEL,13.42,8.0,49293.0,QLP,0
450924355,OFF_TARGET,9.66792704072849,0.12,0.0889415526583592,116.3181291891196,3.0,0.9222807942915072,37.70958684150252,0.0820290858312714,0.1943375638896171,0.0749105860384853,0.0815740317682001,0,-0.495,2.234056149146013,NOVEL,14.77,1.0,1081.0,GSFC-ELEANOR-LITE,0
1109500987,OFF_TARGET,0.8685642260070428,0.084,0.0515024869415102,114.81098199651466,26.0,1.0351715014131522,56.31148436558094,0.0533139067337544,0.836373061154661,0.0467904569271332,0.0448324318545152,0,0.325,3.187232118987421,NOVEL,14.59,1.0,1086.0,GSFC-ELEANOR-LITE,0
301151548,OFF_TARGET,8.30217872214257,0.5,0.0234577002732887,113.73525606748,3.0,1.0467955939399398,56.80873796097446,0.0245554172900424,23.718672821763487,0.1007705990092082,0.0164051910912277,0,-0.455,1.715672422897951,NOVEL,14.38,1.0,1086.0,GSFC-ELEANOR-LITE,0
327422997,OFF_TARGET,1.7089443589098496,0.12,0.0574001647015663,110.0680221131818,12.0,1.0994982608884978,60.10920675732249,0.0631113812640855,1.2484563684681331,0.0481071348760098,0.0621496594860051,0,0.485,3.4265075282457587,NOVEL,14.91,1.0,1081.0,GSFC-ELEANOR-LITE,0
323617591,OFF_TARGET,1.6079696821636185,0.17,0.0061503516183689,108.90964738660492,30.0,0.9713324095661472,52.16083394487696,0.0059740358571493,2.9231205349410176,0.0061769711153257,0.0050986376353505,0,-0.255,2.975099933416581,NOVEL,12.0,2.0,2188.0,GSFC-ELEANOR-LITE,0
463144593,INCONCLUSIVE,3.113117337451329,0.17,0.0111496807596144,108.87081999023523,15.0,0.956253908124296,33.15450157024183,0.0106619258007195,0.1695822933353221,0.0100516358838113,0.010453828811101,0,-0.295,1.1112409559374423,NOVEL,13.08,2.0,2211.0,GSFC-ELEANOR-LITE,0
445266372,ON_TARGET,5.806269683814529,0.12,0.0884411877422305,106.37572164907024,4.0,1.1096476730474296,65.89393853075939,0.0981385581797169,3.6160005987023567,-0.0002091069814915,0.1363595609081833,1,0.415,6.738722657680612,NOVEL,14.11,1.0,903.0,GSFC-ELEANOR-LITE,1
469456984,OFF_TARGET,1.1980654922462632,0.17,0.026747166101416,103.52849523494564,23.0,1.127037161161301,62.69584024192405,0.0301450501520497,7.668947992214548,0.0234643441198151,0.031357683613581,0,0.275,2.292488742589476,NOVEL,14.46,1.0,1148.0,GSFC-ELEANOR-LITE,0
265511935,INCONCLUSIVE,7.198719261711497,0.5,0.0195438448321857,103.09720649139209,4.0,1.004049794322302,38.029736125944986,0.019622993384023,6.0036707206440925,0.0170377433081089,0.0106774810792649,0,-0.3349999999999999,4.842923573858093,NOVEL,13.99,1.0,1148.0,GSFC-ELEANOR-LITE,0
409083544,OFF_TARGET,1.6110890893942795,0.12,0.0100425368346452,99.38460743885172,14.0,0.9576659254813384,66.32295687091589,0.0096173953319309,0.9064675621774726,0.0095215473478396,0.0079915269140609,0,-0.485,2.5031393723707502,NOVEL,13.89,1.0,1072.0,GSFC-ELEANOR-LITE,0
42099404,OFF_TARGET,1.1116030847496297,0.244,0.0125909886783892,97.98536611010095,168.0,0.7896904157914091,55.392993457534295,0.0099429830846621,0.6755292108786521,0.0092145771655179,0.0097752341626748,0,-0.425,1.106953937490459,NOVEL,12.81,7.0,45663.0,QLP,0
246561671,INCONCLUSIVE,2.2154071910239543,0.12,0.0243763077038196,97.87361753831595,10.0,1.0952327353195714,44.72194756167452,0.0266977301634459,1.5405754110350702,0.0257331425846232,0.0228039033755992,0,-0.495,4.829744079814613,NOVEL,13.94,1.0,1148.0,GSFC-ELEANOR-LITE,0
465348431,OFF_TARGET,3.45236107141026,0.244,0.0095717032711684,97.46440216816372,16.0,0.961186242884353,36.95364839165366,0.0092001895052182,0.5340765607541372,0.0080687455853305,0.0085641262669033,0,0.495,4.071347545425052,NOVEL,14.42,2.0,2188.0,GSFC-ELEANOR-LITE,0
109310537,INCONCLUSIVE,1.648699889981913,0.12,0.0181450942660332,93.74013522107866,14.0,1.2494393992340116,85.17222525408766,0.022671195678797,8.411822264837276,0.0236527619121545,0.0152065037018873,0,0.2149999999999999,3.024920901159383,NOVEL,14.86,1.0,1072.0,GSFC-ELEANOR-LITE,0
145410279,INCONCLUSIVE,2.148275185689311,0.17,0.0193323648434633,92.72352051061162,18.0,0.8886829944720183,57.77221333921284,0.0171803438793145,0.1867446332865932,0.0131457182979914,0.0152623175710011,0,0.1049999999999999,2.349392555594868,NOVEL,13.74,2.0,1934.0,GSFC-ELEANOR-LITE,0
392559026,ON_TARGET,2.6712762850435774,0.084,0.0430247330356917,90.06196608179383,48.0,1.045367307083353,75.83779908558608,0.0449766493115012,2.9673718299535663,0.0434348458263492,0.0396952255643963,1,0.495,5.683859683723584,NOVEL,13.43,5.0,41247.0,QLP,1
258490713,ON_TARGET,4.240042174407837,0.12,0.0729516442431114,89.5218427148586,6.0,0.9809239493269925,21.99806372492853,0.0715600149808506,0.8857839248843917,0.0613610184540808,0.0672348942510185,0,0.495,3.4622982856942164,NOVEL,14.45,1.0,1086.0,GSFC-ELEANOR-LITE,1
237230115,INCONCLUSIVE,0.827476945753968,0.17,0.0001300941088602,82.22248945803017,446.0,1.0562241379703816,39.86129251386235,0.0001374085379859,5.0151715216971855,0.00014799480893,0.0001065624898887,0,0.475,2.0394064727030776,NOVEL,7.79,16.0,153491.0,TESS-SPOC,0
145794123,UNRESOLVED,0.942591490942854,0.058,0.0097950392926597,81.70022474940899,34.0,1.0313326515757784,54.32468873988692,0.0101019438459877,0.7237083821006218,0.0099463955076755,0.007936687378809,0,0.495,3.108673201210957,NOVEL,14.27,2.0,1966.0,GSFC-ELEANOR-LITE,0
234721268,INCONCLUSIVE,3.363897919398707,0.12,0.0081939605445483,78.29355534871684,5.0,0.9960477515059776,49.13592896448581,0.008161575976326,0.7768773625332499,0.0065661145673946,0.0079710933410199,0,-0.495,3.574101263441281,NOVEL,14.74,1.0,904.0,GSFC-ELEANOR-LITE,0
14877230,INCONCLUSIVE,8.438212287600935,0.02,0.1752052980841853,78.23734961188285,3.0,0.6817554669366434,40.29235693765475,0.1194471698051575,21.930236732491725,4.182733318280896e-05,0.2780034191728306,0,0.035,2.1307115291455205,NOVEL,12.64,1.0,10826.0,QLP,0
65701415,OFF_TARGET,2.5319732268903103,0.12,0.05975338299896,77.62817192892065,10.0,0.9146004808359446,55.547407179273904,0.0546504728224231,2.498334652774686,0.0366413646986847,0.0622058034460851,0,-0.1549999999999999,2.725503544416853,NOVEL,14.99,1.0,1072.0,GSFC-ELEANOR-LITE,0
237305366,OFF_TARGET,1.4236831765956417,0.058,0.0044081418456081,77.42801966787452,426.0,1.2168447444584825,67.97801684235432,0.0053640242376558,21.20213919179932,0.0013454115269939,0.0087475098383152,0,0.315,0.2975999523714907,NOVEL,12.79,27.0,164072.0,QLP,0
290524602,OFF_TARGET,1.0011814150022689,0.058,0.0313558669504499,77.24264713621925,36.0,0.7773126084799928,14.263711951938207,0.0243733107304058,0.8815370813647819,0.0178719552681617,0.023788886383504,0,0.495,2.4370010526387165,NOVEL,14.3,2.0,2188.0,GSFC-ELEANOR-LITE,0
103833883,INCONCLUSIVE,4.911902996301569,0.5,0.0060013058117675,76.9696758177322,6.0,0.7916358638418941,10.409055132808016,0.0047508489104779,0.1844963948562399,0.0034698831996331,0.0054706103810825,0,-0.135,1.9449563108978716,NOVEL,14.78,1.0,1073.0,GSFC-ELEANOR-LITE,0
300297733,INCONCLUSIVE,13.796682528186716,0.5,0.1293667191463482,75.42889240503355,3.0,0.8458954861815383,64.11733651848283,0.1094307237880107,2.565804969845605,0.1906550792442815,0.0904868686016978,0,0.2249999999999999,0.1857569548913918,NOVEL,14.94,2.0,2190.0,GSFC-ELEANOR-LITE,0
299478287,OFF_TARGET,0.7215719595162183,0.058,0.0042500194491182,75.12361651177255,45.0,0.8016190661974064,21.18773038891354,0.003406896622123,0.2108621693390617,0.0031080554095697,0.0028631155397884,0,-0.485,2.946359197591472,NOVEL,11.23,2.0,2211.0,GSFC-ELEANOR-LITE,0
22991394,OFF_TARGET,4.103510072402741,0.35,0.023242320340478,75.04577137074774,7.0,0.9505867067189808,30.01602592798995,0.0220938407489625,1.3925617972893385,0.0232633399082149,0.017949769999587,0,0.4649999999999999,2.407431474392958,NOVEL,13.54,1.0,1177.0,GSFC-ELEANOR-LITE,0
157329268,OFF_TARGET,1.1428330943097766,0.04,0.1169445895986481,74.22334705910133,67.0,1.014694050356291,55.491375491289546,0.1186629792871064,0.0460360723507526,0.1112425244447428,0.1108513699670301,1,-0.495,5.598231556234081,NOVEL,14.91,3.0,17433.0,QLP,0
152160223,ON_TARGET,3.333216328494999,0.084,0.048147761429672,73.55553664689731,11.0,1.0554882078298091,48.01810423803513,0.0508193944224217,0.1884801548067071,0.0458985443933588,0.0481564394901654,0,0.355,2.848488258878401,NOVEL,14.32,2.0,1934.0,GSFC-ELEANOR-LITE,1
246634639,INCONCLUSIVE,5.813372532804136,0.5,0.0103771470332551,72.84371221883715,5.0,0.8029252716285903,9.01152941589232,0.0083320736004062,0.0271237888339697,0.0074614165695502,0.007359947401905,0,0.365,2.0641744963820283,NOVEL,14.3,1.0,1054.0,GSFC-ELEANOR-LITE,0
280385022,UNRESOLVED,2.280798260874291,0.084,0.0117169854579577,71.32731615957461,19.0,0.9996163742310478,35.27668478189286,0.0117124905204016,3.802213743707134,0.0126457034892329,0.0095794149517423,0,0.415,2.1109887952794617,NOVEL,14.29,2.0,2188.0,GSFC-ELEANOR-LITE,0
246254072,OFF_TARGET,1.837985974407076,0.12,0.0557389527541737,69.25543437087552,13.0,1.0127821940432715,39.13060960773426,0.0564514188640463,2.254449762544439,0.0475234069793371,0.0540466542952093,0,0.485,2.352692912335972,NOVEL,13.79,1.0,1148.0,GSFC-ELEANOR-LITE,0
236300238,INCONCLUSIVE,1.8232741138397743,0.244,0.0091030801822974,69.06391102342668,13.0,0.979099222517698,12.255092860233022,0.0089128187290037,0.2054358062313277,0.008570762459202,0.0089267704262896,0,-0.345,2.2409441030421555,NOVEL,12.62,1.0,1054.0,GSFC-ELEANOR-LITE,0
438456488,OFF_TARGET,2.860526565940023,0.17,0.0333559596253087,66.90919342480322,7.0,0.9173158335755284,46.313074278965175,0.0305979499084018,0.8782818195134927,0.0312446902579002,0.0246600751211661,0,0.325,2.228733547161269,NOVEL,14.99,1.0,904.0,GSFC-ELEANOR-LITE,0
219265042,OFF_TARGET,1.2489934375195162,0.244,0.0201323317505245,65.33438982282239,39.0,1.008987604421815,38.2491585779428,0.020313273184387,0.9447958357485716,0.0166378148343721,0.0181126667277866,0,0.4649999999999999,3.1934485194434763,NOVEL,14.47,2.0,2211.0,GSFC-ELEANOR-LITE,0
125290702,OFF_TARGET,1.2504414517568594,0.058,0.0222416572171501,65.23614974529418,17.0,0.8554836320594027,17.59455875401301,0.0190273736991478,0.5134751714943786,0.0190344056785888,0.0155604008262736,1,-0.495,5.321644578559811,NOVEL,13.04,1.0,1072.0,GSFC-ELEANOR-LITE,0
928771178,OFF_TARGET,1.8270332553724928,0.17,0.0211747871532085,64.6482875309846,26.0,0.8060620450523303,27.37291193911902,0.0170681922362631,0.1884223133296726,0.0154230142836091,0.0147915061923472,0,0.495,2.893507312945084,NOVEL,14.49,2.0,2165.0,GSFC-ELEANOR-LITE,0
403515554,OFF_TARGET,1.714626330495049,0.12,0.009667477795605,62.92985001532978,15.0,0.8761760488114058,32.27150979480683,0.0084704124969252,2.2835670901783582,0.0072063306473137,0.0087018091991175,0,0.395,2.1614785434975605,NOVEL,11.89,1.0,1086.0,GSFC-ELEANOR-LITE,0
290735904,INCONCLUSIVE,0.7339192292915634,0.17,0.0049385111333868,61.25079265510344,34.0,0.9148390698582768,29.148332659171764,0.0045179429317523,4.622212083319156,0.0029356055632027,0.0063820548528833,0,0.255,2.895440310674578,NOVEL,13.1,1.0,1086.0,GSFC-ELEANOR-LITE,0
443410478,OFF_TARGET,4.229221017456746,0.17,0.0100356205044405,56.71179752177714,6.0,0.9943823285158454,16.840148644373738,0.009979243685307,0.0628666187226322,0.0099756960167454,0.0100898031782605,0,-0.485,2.878952942786626,NOVEL,14.51,1.0,1081.0,GSFC-ELEANOR-LITE,0
383233440,OFF_TARGET,1.904379721163293,0.12,0.0064253030882985,56.08801262251294,13.0,0.9307151089160994,12.654365249803476,0.0059801266636447,2.134710202085868,0.0041019171490473,0.0058417207783023,0,0.135,2.460517529904518,NOVEL,14.23,1.0,1081.0,GSFC-ELEANOR-LITE,0
311762942,OFF_TARGET,0.7801889094785078,0.244,0.0140655204775867,54.94624442292088,31.0,1.0562553160845511,11.992524562909058,0.0148567807779471,1.3058981397818084,0.0097584878414389,0.01661212694091,0,-0.395,2.1321350838256743,NOVEL,13.98,1.0,1081.0,GSFC-ELEANOR-LITE,0
452951173,OFF_TARGET,9.335673924310427,0.17,0.0089397405162484,53.46340902336965,3.0,1.1902166284779183,50.92047789557076,0.0106402278167166,21.43622973866701,0.0146342453546294,0.002192915479475,0,0.405,1.9916780895132875,NOVEL,12.35,1.0,1072.0,GSFC-ELEANOR-LITE,0
65970288,ON_TARGET,1.370533916643225,0.084,0.0116942947615862,52.78190014747944,16.0,0.9697774219912698,36.800549349556,0.011340863025897,0.1825093087960808,0.0098593298199882,0.0103539883107695,0,-0.1149999999999999,2.717959986040841,NOVEL,13.51,1.0,1072.0,GSFC-ELEANOR-LITE,1
286434343,OFF_TARGET,1.1368907291796089,0.17,0.0084183146997184,52.59704102958342,37.0,0.8744717698971364,32.407781646062176,0.0073615785550138,0.9392008268456596,0.0052372177472388,0.0067031915221023,0,-0.205,1.968729893184648,NOVEL,14.93,2.0,1966.0,GSFC-ELEANOR-LITE,0
336926907,OFF_TARGET,0.9988558348896232,0.058,0.017759659931465,50.415201935054256,33.0,1.0184783344573307,22.168044925589296,0.0180878288675271,0.7015569563846196,0.0180778541278996,0.015404552829375,0,0.475,2.2703584265095498,NOVEL,14.86,2.0,2164.0,GSFC-ELEANOR-LITE,0
470039605,INCONCLUSIVE,1.3090515234715314,0.12,0.0301944139130153,48.57514006736245,80.0,0.5949834151798178,31.30891556532578,0.0179651755093188,0.7200201395846252,0.0156313476573493,0.0170464350998635,0,-0.4649999999999999,3.908034160716681,NOVEL,13.21,4.0,36143.0,QLP,0
467962259,ON_TARGET,4.061581565072715,0.12,0.0389325509268103,48.20231028389544,6.0,0.9973873671014164,37.92250098768733,0.0388308344634331,0.3961305146264394,0.0319534812299991,0.02919159478647,1,0.495,5.040444263514596,NOVEL,14.82,1.0,1177.0,GSFC-ELEANOR-LITE,1
435110418,OFF_TARGET,2.6379971853852315,0.12,0.0081903457750444,48.07306081481693,9.0,1.0420583238420345,21.83206510534064,0.0085348179900295,1.1629046704110422,0.0085709577012447,0.0064872620163957,0,0.135,2.483251866248908,NOVEL,13.4,1.0,1081.0,GSFC-ELEANOR-LITE,0
316371627,OFF_TARGET,0.6762471820675904,0.084,0.007716399396578,47.81866049891635,68.0,1.0245960459662518,30.76212944462348,0.0079061923108302,1.2902435267087342,0.0073759277908725,0.0066507087795698,0,-0.485,2.979546529445047,NOVEL,13.48,2.0,2188.0,GSFC-ELEANOR-LITE,0
308347760,OFF_TARGET,1.352141143143821,0.35,0.0021514344100462,47.61769860476412,36.0,0.9488513733124542,21.848333274373605,0.002041391494564,0.2913529522892256,0.0020872158679878,0.0016624433483538,0,0.485,2.6712554015992933,NOVEL,13.96,2.0,2188.0,GSFC-ELEANOR-LITE,0
157099355,OFF_TARGET,1.2010110792561242,0.12,0.0020028516026571,47.227353994602765,60.0,0.7686352113173216,29.87265067036374,0.0015394622648455,0.7554185357195023,0.001332109757528,0.0012738715697855,0,0.265,2.4226637424149344,NOVEL,11.46,3.0,8111.0,TESS-SPOC,0
360082593,OFF_TARGET,3.4733038778636094,0.12,0.0222967527979662,46.95043823117551,10.0,0.812514147211929,14.79848124106719,0.0181164270852347,0.7957051507455082,0.018177540607041,0.0129828773337146,0,-0.205,3.021206953675868,NOVEL,14.86,2.0,2167.0,GSFC-ELEANOR-LITE,0
138988784,OFF_TARGET,0.9798708657301446,0.084,0.0150901017798697,46.616143712268,47.0,0.8472788195366515,26.57716363057052,0.0127855236227359,0.2591487926994886,0.0109416119803688,0.0117979616949035,0,-0.485,3.748620761181874,NOVEL,13.56,2.0,2211.0,GSFC-ELEANOR-LITE,0
313868305,INCONCLUSIVE,4.707168122116789,0.084,0.0374387310475679,44.95721008471475,3.0,0.9907378330719416,21.13093608829994,0.0370919672710307,0.4902787412416266,0.0361732825887232,0.0241841556024786,0,0.0949999999999999,2.5288738918071063,NOVEL,14.55,1.0,1081.0,GSFC-ELEANOR-LITE,0
304891773,OFF_TARGET,4.058806454516402,0.12,0.01310776812379,44.713778004578096,13.0,1.3269961282550975,30.256637237105764,0.017393957550335,2.700328719187532,0.0087902261419623,0.0188210431163367,0,0.245,2.5053311798975137,NOVEL,14.84,2.0,2188.0,GSFC-ELEANOR-LITE,0
711891238,OFF_TARGET,5.819309362091764,0.12,0.0132630251857534,44.028643775388296,4.0,0.9782002795387572,32.793306714501576,0.0129738949442336,0.1265295295374758,0.0131136964215879,0.0121170735279214,1,-0.415,5.766752015807177,NOVEL,14.44,1.0,904.0,GSFC-ELEANOR-LITE,0
340729559,OFF_TARGET,4.250695205712849,0.17,0.0060485376728637,43.416000826395965,5.0,0.8832372900236776,21.065536659615887,0.0053422940227862,0.9515847618888648,0.0047432719934901,0.0068809561146778,0,-0.295,2.149185574064437,NOVEL,12.51,1.0,1081.0,GSFC-ELEANOR-LITE,0
176761575,INCONCLUSIVE,3.929159919542584,0.5,0.0120619923983828,41.73496744649078,5.0,0.7224558947472681,11.689334275632792,0.0087142575106083,0.0747796076372217,0.0078270721802188,0.0089658910522841,0,-0.245,1.837882681062096,NOVEL,14.66,1.0,904.0,GSFC-ELEANOR-LITE,0
73331789,INCONCLUSIVE,7.322363212639402,0.35,0.0140273806201055,41.38639433301179,3.0,1.1064334626407926,35.56949097682608,0.0155203633112837,1.995406321465054,0.0171727344525134,0.0008035287591044,0,-0.295,1.9162486974280768,NOVEL,13.51,1.0,1080.0,GSFC-ELEANOR-LITE,0
403014725,INCONCLUSIVE,4.935531331080767,0.5,0.0186129109666848,39.00808377235954,6.0,0.7415383639657085,7.96511031982071,0.0138021875468749,0.4684376943203745,0.0147320699113742,0.010791806656659,0,0.2149999999999999,2.29878117909264,NOVEL,14.44,1.0,1086.0,GSFC-ELEANOR-LITE,0
56143903,OFF_TARGET,1.2358515047391831,0.244,0.0079723545497781,36.41099746040363,18.0,0.8670908865459929,21.72124190990735,0.006912755974426,0.5842507840888362,0.0068341947298273,0.0056146789853431,0,-0.365,2.31613550372516,NOVEL,14.21,1.0,1072.0,GSFC-ELEANOR-LITE,0
468006524,INCONCLUSIVE,16.15417438551474,0.12,0.0354704828639435,36.1915019305191,3.0,1.0882337340057018,27.38423405679263,0.0386001760140145,0.6756313233832222,0.0362947852258345,0.0342738823092736,0,-0.195,1.881275988797108,NOVEL,14.6,2.0,2188.0,GSFC-ELEANOR-LITE,0
314011819,OFF_TARGET,1.4643984427915004,0.084,0.0056858182398519,35.84172249743534,14.0,0.9993834770706742,16.533309700602743,0.005682312802535,0.2017072709454781,0.0053362524542425,0.0052184283870603,0,0.1149999999999999,2.077777605950227,NOVEL,14.91,1.0,1081.0,GSFC-ELEANOR-LITE,0
411399308,OFF_TARGET,0.7876461357794535,0.12,0.0077285368087049,35.42842976147952,28.0,1.0236391366204187,16.54201975490763,0.0079112327462018,4.841429842749368,0.0092802567931633,0.0053678221819661,0,0.255,3.089877539933954,NOVEL,14.84,1.0,1081.0,GSFC-ELEANOR-LITE,0
331098807,INCONCLUSIVE,1.3678473856430573,0.058,0.0178836505070594,34.67900071347078,10.0,0.9568446707294792,21.23950448021258,0.0171118756808683,0.2835394060047188,0.0154631497658528,0.0136591357052761,0,0.485,2.845009809158541,NOVEL,14.19,1.0,1081.0,GSFC-ELEANOR-LITE,0
145338418,INCONCLUSIVE,0.6669794400568634,0.35,0.000431094020773,34.326488283286544,129.0,1.2675310017211914,25.460238132739647,0.0005464250359864,1.1032397254417556,0.0005956954457203,0.0005615273791924,0,,,NOVEL,10.6,4.0,8041.0,TESS-SPOC,0
437003164,OFF_TARGET,0.9892533299783371,0.12,0.0047951626770735,29.23925115256926,22.0,0.9121175373115388,9.446213812444997,0.0043737519720205,0.014852072953887,0.0039160993989164,0.0038173540754843,0,-0.245,1.72124006924653,NOVEL,12.69,1.0,1081.0,GSFC-ELEANOR-LITE,0
283952911,OFF_TARGET,3.7246302125311104,0.12,0.0228850187382258,29.156461320212,6.0,1.0003747490795358,19.334834585191864,0.0228935948779331,0.1935360806817128,0.0221763948483871,0.0217875009119417,0,0.065,2.229208156811153,NOVEL,14.4,1.0,1086.0,GSFC-ELEANOR-LITE,0
313372757,OFF_TARGET,2.730910600247772,0.12,0.0068782095658372,28.658862174708005,9.0,1.0059177521875489,13.626199563096495,0.0069189131055419,1.4421439109867742,0.0041367780748914,0.0069491447031088,0,0.395,1.993326278013145,NOVEL,14.58,1.0,1081.0,GSFC-ELEANOR-LITE,0
338210132,OFF_TARGET,2.140074737504316,0.084,0.0121676278818316,28.63996444161939,11.0,0.9963633898197668,19.946983860219557,0.0121233789624073,0.2326689488723347,0.0090526686865759,0.0123520506155758,0,0.245,2.7786008481619406,NOVEL,13.73,1.0,1120.0,GSFC-ELEANOR-LITE,0
220864349,UNRESOLVED,3.003322313365441,0.5,0.0050969886533474,28.27891259757041,9.0,0.894510899838829,12.199601124274482,0.0045593119067741,0.7214887254781459,0.0037991798569545,0.0042292853752006,0,-0.235,2.283982821194492,NOVEL,14.5,1.0,1086.0,GSFC-ELEANOR-LITE,0
141644050,OFF_TARGET,0.7252198714942897,0.35,0.003720105026162,27.99425351693257,32.0,0.5657820985006138,16.022969052499562,0.0021047688283446,0.3017401805698051,0.0019263127102293,0.0016833548414155,0,,,NOVEL,14.31,1.0,1072.0,GSFC-ELEANOR-LITE,0
190367347,OFF_TARGET,2.17657177965559,0.35,0.0032970351915109,27.735782400274186,13.0,0.8510376066227113,16.954720342946036,0.0028059009383343,1.526722110793619,0.0029545042973229,0.0024614127062928,0,-0.1649999999999999,2.6736765033794114,NOVEL,13.28,1.0,1086.0,GSFC-ELEANOR-LITE,0
244872990,OFF_TARGET,6.664538252120011,0.12,0.0137116697457771,27.642983819448663,4.0,0.9290714761031682,11.991506181921029,0.0127391212505483,0.2865851997656073,0.0115520742167054,0.0101946954483824,0,-0.185,2.252924231254491,NOVEL,14.78,1.0,1081.0,GSFC-ELEANOR-LITE,0
377549741,INCONCLUSIVE,1.052036603694537,0.02,0.0016523196142441,25.9627621215184,18.0,0.9050143123517896,8.890015917897026,0.0014953728994705,1.7030465413403109,0.0011537761237441,0.001560047791612,0,0.475,2.372297552126456,NOVEL,9.89,1.0,7670.0,TESS-SPOC,0
261367380,INCONCLUSIVE,0.9000469989532629,0.17,0.011396161674952,25.326941611847964,30.0,0.9176438180202942,8.634373243209552,0.0104576173101795,1.8443109001327025,0.0062649226021842,0.0103514248141785,0,0.455,2.2130269104910094,NOVEL,14.62,1.0,1175.0,GSFC-ELEANOR-LITE,0
220043101,INCONCLUSIVE,14.013873705503832,0.058,0.0096748069858088,24.086396466803087,3.0,1.014142110389075,19.63170297546572,0.0098116291741952,2.211090807308294,0.0087074314108276,0.01051773987561,0,-0.495,4.09695492472246,NOVEL,12.56,2.0,6790.0,TESS-SPOC,0
245486169,OFF_TARGET,0.9832639344372306,0.244,0.002414382853984,23.47799969077539,26.0,0.7976205817145557,15.03012845808638,0.0019257614564763,0.791672934435484,0.001076905122888,0.0023278467893059,0,0.455,3.0992252558925766,NOVEL,14.98,1.0,1081.0,GSFC-ELEANOR-LITE,0
178534308,OFF_TARGET,2.1135095053993536,0.5,0.0010369373339118,23.065851218704932,12.0,0.5210582895900738,7.728746763002522,0.0005403047936202,0.1154374542039779,0.0004128421444581,0.00052676833298,0,-0.315,1.9026356809696072,NOVEL,11.69,1.0,1086.0,GSFC-ELEANOR-LITE,0
384773438,INCONCLUSIVE,4.90591112705379,0.244,0.0081702958404748,21.47390724997757,4.0,0.8885986553219125,8.958656961792068,0.0072601138974282,0.9734876068026144,0.0030722310006587,0.0071057782069406,0,0.195,2.349469485774881,NOVEL,14.88,1.0,1107.0,GSFC-ELEANOR-LITE,0
144012229,INCONCLUSIVE,6.594399744925219,0.35,0.0180348383397887,21.048525222561885,4.0,1.045557423965693,105.66748550418444,0.0188564591161872,64.19888404415593,0.0331260335400327,-0.0004376127038953,1,-0.0549999999999999,6.399635093589042,NOVEL,13.77,1.0,1124.0,CDIPS,0
274871756,INCONCLUSIVE,0.9608560840806982,0.5,0.0014534358909627,20.129516499170027,29.0,1.019291136971233,17.727849596288177,0.0014814743218142,0.974475035517994,0.0012771041653342,0.0014185292787129,0,,,NOVEL,13.97,1.0,1086.0,GSFC-ELEANOR-LITE,0
426453055,INCONCLUSIVE,8.487416846357048,0.17,0.0177687759173917,18.2397720217906,4.0,0.9257983454624285,10.816035510995496,0.0164503033452139,1.848460688598552,0.0123847467702149,0.0167089656757184,0,-0.375,2.588723376426944,NOVEL,14.68,1.0,1086.0,GSFC-ELEANOR-LITE,0
1228495160,INCONCLUSIVE,9.948485738897451,0.5,0.003447371161688,17.24777272409831,3.0,0.970867349029624,7.591661463419052,0.0033469401008692,4.673290305701271,0.0055920182106423,0.0017610406891943,0,-0.305,2.161418663413225,NOVEL,14.87,1.0,1086.0,GSFC-ELEANOR-LITE,0
96825049,OFF_TARGET,6.893781891401014,0.17,0.0004796799235933,14.159745705900146,4.0,0.9925427198531348,10.20559901661705,0.0004761028160222,2.2927081960519837,0.0005049645133197,0.0003491641360657,0,0.315,2.687087997136529,NOVEL,9.43,1.0,10134.0,TESS-SPOC,0
193192746,INCONCLUSIVE,32.83722531625467,0.084,0.000359680288779,13.055786506987536,5.0,0.9789990309732074,9.583391680000735,0.0003521266541748,1.4054848227597734,0.0002813189420983,0.0003597907035699,0,0.415,2.157754997546115,NOVEL,8.57,6.0,103454.0,SPOC,0
79792004,ON_TARGET,15.246228632581948,0.17,0.0009171866860897,12.640927148189965,3.0,0.9098860922598178,8.975479764392793,0.0008345354096789,1.2962624587416254,0.0005682492424501,0.0007556504580978,0,0.145,2.090184472364724,NOVEL,10.38,2.0,19287.0,TESS-SPOC,1
394178348,OFF_TARGET,32.82821837229477,0.35,0.0022447504617332,11.998678654655013,3.0,0.9498363293519616,10.148828419931794,0.0021321455388838,3.791905371077973,0.0018720993974322,-0.0001330019985539,0,0.445,3.356815455071505,NOVEL,12.08,5.0,15669.0,TESS-SPOC,0
223831061,UNRESOLVED,1.067522502542577,0.17,0.0002998202113948,10.889875109195662,16.0,0.9459908306286507,8.448238337610592,0.0002836271708166,2.9522966909209427,0.000190693131749,0.0003382789109513,0,0.305,1.8893732856887215,NOVEL,9.86,1.0,7349.0,TESS-SPOC,0
325229396,INCONCLUSIVE,1.2093320238494845,0.12,0.000462183394788,10.773712331768898,13.0,0.9848165652980018,8.46476236156226,0.0004551658633928,1.1746226667827684,0.0004300631605147,0.0003377507297975,0,0.375,1.8069549860382792,NOVEL,10.31,1.0,7009.0,TESS-SPOC,0
284657696,INCONCLUSIVE,17.733565514334867,0.17,0.8696990939683917,16184.819883487104,3.0,0.6117155999874495,529.3931776041543,0.532008503075416,35.58758513006771,0.5738272043974937,0.0007115872116096,1,0.015,9.112891175932887,NOVEL,14.95,2.0,1934.0,GSFC-ELEANOR-LITE,0
230151048,UNRESOLVED,1.1095192463684476,0.17,0.1535251997381218,3678.932584850526,23.0,1.0180714294222786,54.23567533029192,0.1562996195497304,6.805798533545025,0.1284575647046761,0.1556464883092312,0,0.475,2.5390675074050093,NOVEL,13.83,1.0,1054.0,GSFC-ELEANOR-LITE,0
111240209,ON_TARGET,33.245105807413445,0.244,0.1621372087724966,1156.614635433787,4.0,1.0643215666735604,903.5439973965784,0.1725661280568217,39.49210453163102,0.1349708410107528,0.1642220535771364,0,0.415,3.597549164298994,NOVEL,11.58,4.0,37184.0,QLP,1
239661046,ON_TARGET,1.0539905752346004,0.058,0.0624883941002692,889.2489012248482,36.0,1.3226868999865158,248.57035447778904,0.0826525802776207,0.5013501196607482,0.0737164405055039,0.0745042004652624,0,0.495,4.569191689366203,NOVEL,11.25,2.0,10271.0,TESS-SPOC,1
31409371,INCONCLUSIVE,36.22582684631796,0.12,0.0547363244786813,709.5383372800521,6.0,0.903521879223226,132.6528474870592,0.0494554667547504,4.468663567541765,0.0586607099864064,0.0376096839913464,0,-0.455,2.516147102094324,NOVEL,14.99,7.0,7188.0,GSFC-ELEANOR-LITE,0
47148579,OFF_TARGET,5.718090950009,0.5,0.1642483621990347,666.9903009314538,4.0,1.090046417764021,45.17056140457628,0.1790383388386652,2.566902741989945,0.1461108207427954,0.1771832538532423,0,0.495,3.346260705544735,NOVEL,13.4,1.0,1032.0,GSFC-ELEANOR-LITE,0
397061058,OFF_TARGET,2.0695879196029905,0.5,0.0315496690563869,662.1713506894147,12.0,0.8142197919436143,47.97005736185572,0.0256883649749812,1.3367340296490784,0.0209870720415781,0.0311583084526527,0,0.265,2.153693716185453,NOVEL,11.87,1.0,1117.0,GSFC-ELEANOR-LITE,0
231055671,ON_TARGET,15.26146190982091,0.12,0.3257270396231462,652.2280577436619,3.0,1.0341547315840394,302.852247245159,0.3368521592311385,6.419331881259327,0.2981785721536727,0.2361987658686588,1,0.335,7.5113776651820015,NOVEL,13.31,2.0,1826.0,GSFC-ELEANOR-LITE,1
273787849,ON_TARGET,2.1425494093940736,0.084,0.0280299382026068,402.6696104039655,54.0,1.0105358384083467,154.44733293607192,0.0283252571021054,2.0596627197088937,0.0260917481794351,0.026992628471551,0,-0.485,3.9780447324304986,NOVEL,12.28,5.0,12286.0,TESS-SPOC,1
453692345,ON_TARGET,0.8146385638629187,0.058,0.0970768913977311,397.785769507827,59.0,1.0960368440563135,58.848563967218986,0.1063998496783666,1.8536334638067893,0.1003127049569569,0.0902708086031605,0,-0.4649999999999999,0.7862270193713884,NOVEL,14.21,3.0,3274.0,GSFC-ELEANOR-LITE,1
373035530,INCONCLUSIVE,13.826307142383186,0.5,0.0294244179570407,385.0637316467841,3.0,1.0754398308241144,70.988300774906,0.0316441910698179,19.27729631431686,0.0041996820124885,0.0342969283452604,0,0.265,4.784507252328384,NOVEL,14.95,2.0,2188.0,GSFC-ELEANOR-LITE,0
410951497,OFF_TARGET,2.4883215981649256,0.244,0.0391130592330359,344.60750414108975,11.0,0.9604083222390092,72.27348447417458,0.037564507595635,2.508550486659244,0.0349829305328731,0.0289585842468215,0,0.495,3.805117109073043,NOVEL,14.0,1.0,1073.0,GSFC-ELEANOR-LITE,0
1423111080,UNRESOLVED,2.051104106549152,0.084,0.1046115551111559,305.1957778581205,48.0,0.9560676493227068,211.06843848267704,0.1000157235871156,55.214378798462285,0.1698519884952278,0.0700327935871726,0,0.245,0.5991808086381227,NOVEL,13.08,4.0,35126.0,QLP,0
262664113,INCONCLUSIVE,6.46665266591704,0.5,0.0021643763447337,275.4720660927182,5.0,0.8852150357522053,12.775959158649195,0.0019159384833846,6.827846040831528,0.0022149405572244,0.0006420834300711,0,0.1149999999999999,2.4270214476742105,NOVEL,14.7,1.0,1148.0,GSFC-ELEANOR-LITE,0
318730680,OFF_TARGET,7.478097095968489,0.5,0.1096452107513083,267.2442832025629,3.0,0.8125378725353707,81.49835013845926,0.0890908862775604,16.14716876061407,0.0981291909739658,-0.0045449496257743,0,-0.455,1.9240503532740905,NOVEL,14.67,1.0,1081.0,GSFC-ELEANOR-LITE,0
326070891,OFF_TARGET,4.936261627022057,0.5,0.0368548426545425,253.13467459469683,6.0,1.087346850134371,35.7890384151892,0.0400739970726147,1.0006249469434272,0.0339180146640287,0.0254802144088467,0,-0.275,2.504365971844059,NOVEL,12.73,1.0,1032.0,GSFC-ELEANOR-LITE,0
150230753,ON_TARGET,2.3341523164057696,0.12,0.1645493773960543,235.73179949137648,7.0,1.0110343212596455,53.03103545514038,0.166365068089317,4.172712394499874,0.164038422019897,0.1326922867567237,0,-0.285,2.4099019331568736,NOVEL,13.75,1.0,1077.0,GSFC-ELEANOR-LITE,1
457801269,OFF_TARGET,3.1561343130066777,0.12,0.1243145765569508,227.05625778774333,48.0,0.8991235689438336,154.00870446272023,0.111774165745627,0.3968656369978848,0.104243392470895,0.1036033499446247,0,-0.215,1.0837924844058922,NOVEL,13.08,6.0,49311.0,QLP,0
304768365,UNRESOLVED,12.309858925645525,0.35,0.0018971472146394,213.17024647683857,3.0,0.6900429769734158,9.93787878221719,0.0013091131117466,2.109460725427916,0.0008454418350465,0.0017168728103656,0,0.415,2.9042889936481355,NOVEL,14.71,1.0,1177.0,GSFC-ELEANOR-LITE,0
458362081,OFF_TARGET,5.563419296337553,0.17,0.026178204974216,194.69913508858144,4.0,1.0622561284597665,86.20744920147324,0.0278079586659369,0.1055627624418478,0.0278079586659369,0.0279229369320684,1,-0.455,6.066657447027633,NOVEL,14.93,1.0,1107.0,GSFC-ELEANOR-LITE,0
29341425,INCONCLUSIVE,17.574498416651334,0.244,0.0202135245457849,175.6758924429735,3.0,0.8759034043491647,76.96832886835996,0.0177050949635484,24.397920969098912,0.0276109496001728,0.0015278857003464,0,0.015,3.966404028832271,NOVEL,11.39,2.0,1966.0,GSFC-ELEANOR-LITE,0
158398880,ON_TARGET,3.430730263392483,0.244,0.0516574065935399,174.0550642241122,8.0,1.101056885343955,87.97470404382938,0.0568777432088294,6.234014708161873,0.048142432722099,0.0559932733100929,0,0.395,2.763345517404521,NOVEL,14.07,1.0,1177.0,GSFC-ELEANOR-LITE,1
349408012,OFF_TARGET,1.004586545832258,0.12,0.0049379007901651,172.42468750553135,285.0,1.013347766593062,125.7119043682526,0.0050038107373719,0.1163686674688387,0.0042430396751782,0.0042503839419523,0,0.495,3.4095219359639035,NOVEL,12.37,13.0,23665.0,TESS-SPOC,0
119552727,OFF_TARGET,2.793626398209569,0.17,0.054775511533916,165.08449561591846,6.0,1.0016646611648792,129.63224649525617,0.0548666942007529,0.5856789825430543,0.0602322718275012,0.049684290471877,0,0.415,1.8007054459543983,NOVEL,14.14,1.0,904.0,GSFC-ELEANOR-LITE,0
73499448,OFF_TARGET,4.642400900522122,0.084,0.0247919040644517,140.55393545602706,5.0,1.0558660119400674,70.703785389051,0.0261769288729334,0.573953359514181,0.0240443689134211,0.0251118759410818,0,-0.475,3.1537835904646028,NOVEL,12.21,1.0,1101.0,GSFC-ELEANOR-LITE,0
43302206,OFF_TARGET,1.2259773821643374,0.084,0.0509956893422754,132.69055815932796,171.0,1.1192816459568162,121.80349334369036,0.0570785391037245,1.7352069169509172,0.049529857506295,0.0510778296627109,0,0.495,3.943652257539615,NOVEL,12.71,8.0,46877.0,QLP,0
299181668,OFF_TARGET,1.770205891212911,0.244,0.0616689763080875,127.21740433086882,14.0,1.007773189623958,54.98353346138805,0.0621483409548456,1.0241985784003955,0.0588181859301737,0.0561433898409785,0,0.145,2.741826735627571,NOVEL,13.78,1.0,1081.0,GSFC-ELEANOR-LITE,0
466091533,INCONCLUSIVE,8.855401814799244,0.35,0.0012345139938637,109.59104507964604,4.0,0.8741574282502276,8.428911291384262,0.0010791595780148,3.9947058168225738,0.0004409107289663,0.0012313778363971,0,-0.455,2.459587205305453,NOVEL,12.38,1.0,1177.0,GSFC-ELEANOR-LITE,0
146029257,INCONCLUSIVE,17.51895164609107,0.17,0.0552814528904455,98.38289379787749,3.0,0.8243534050138536,28.15093131760317,0.0455714539243516,16.719923614014125,0.1012120691776075,0.005412957460456,0,-0.0449999999999999,4.897356435277585,NOVEL,14.54,2.0,1934.0,GSFC-ELEANOR-LITE,0
12998390,OFF_TARGET,9.68982421789938,0.244,0.1709383465128161,92.3370233649837,11.0,1.0095660000805624,83.72641408133839,0.1725735427493289,2.3892230098657894,0.1568386984448313,0.1490679515588413,1,-0.415,7.013790211926984,NOVEL,14.91,4.0,37111.0,QLP,0
466456902,OFF_TARGET,4.973132048265268,0.35,0.0716413075164326,88.5240182560254,10.0,0.5354071900121078,27.15865968413459,0.0383572711461664,3.5770889589265886,0.0112758722792239,0.0320727846560433,0,-0.495,3.4364168384477725,NOVEL,13.97,2.0,2188.0,GSFC-ELEANOR-LITE,0
102637537,OFF_TARGET,1.1821497870075368,0.12,0.015161333255626,75.67699932844727,20.0,0.8759852157706399,19.79880420520989,0.0132811037833001,0.0109996946555704,0.0118717024144481,0.0119502157443814,0,-0.1049999999999999,2.8127459534225974,NOVEL,14.85,1.0,1029.0,GSFC-ELEANOR-LITE,0
260332994,OFF_TARGET,2.881229601519858,0.244,0.03083159526906,68.25777383072244,10.0,0.8712954404929437,25.025541337878224,0.0268634283810558,0.1492156470516198,0.0210892779557883,0.0218688808854989,0,0.135,2.120279202627468,NOVEL,14.28,1.0,1086.0,GSFC-ELEANOR-LITE,0
122962681,INCONCLUSIVE,4.950884248605022,0.12,0.0266059656197031,64.47047151629228,4.0,1.0868235469149816,13.88383078471275,0.0289159899239038,1.062563723454713,0.027067874483863,0.0201605338556263,0,-0.385,2.1120352651433905,NOVEL,14.87,1.0,1048.0,GSFC-ELEANOR-LITE,0
220168034,OFF_TARGET,2.1270559731586727,0.12,0.0035338812256279,60.699845126031775,22.0,0.9424830614359386,29.264561421875417,0.0033306231962808,0.294571772004258,0.0030825889268034,0.0027504989298586,0,0.165,2.990283377443215,NOVEL,12.32,2.0,2211.0,GSFC-ELEANOR-LITE,0
313374362,INCONCLUSIVE,2.4107957613353306,0.12,0.0180302783316289,59.34986133219466,8.0,0.9608494825769478,16.1342269412794,0.017324383605664,1.1029972169413254,0.0107033127010998,0.0161106201752266,0,0.055,4.183523848708581,NOVEL,13.8,1.0,1081.0,GSFC-ELEANOR-LITE,0
31595993,INCONCLUSIVE,9.229137950597591,0.058,0.1433609110107712,58.84632816860599,3.0,1.4766053509977144,66.87712658893949,0.2116874883224119,17.077830794560168,-0.0015135954541733,0.2409378052236558,0,0.005,3.8687962887558593,NOVEL,12.98,1.0,11077.0,QLP,0
348371932,OFF_TARGET,0.7276348037219281,0.058,0.0276019748546237,55.66990846307864,24.0,1.0716435325899292,30.9844810048714,0.0295794778396674,1.3865839285600137,0.0297337764771902,0.0225264214796891,0,0.495,3.5906599823237424,NOVEL,13.91,1.0,1072.0,GSFC-ELEANOR-LITE,0
125612555,OFF_TARGET,1.0877095296940558,0.12,0.104892228907431,54.63669452397677,20.0,1.048212071432855,43.36894883110317,0.1099493005402675,1.222678510669161,0.0945247933432931,0.1072504419724003,0,-0.135,2.7453324233274303,NOVEL,14.8,1.0,1072.0,GSFC-ELEANOR-LITE,0
394015874,OFF_TARGET,0.8930240450629428,0.12,0.014365854625679,53.80256895987755,28.0,0.9660456200923508,13.508650268712351,0.0138780709400206,0.5767697852560303,0.0127382803740794,0.0112661688129439,0,-0.455,2.6733213795825854,NOVEL,14.12,1.0,1062.0,GSFC-ELEANOR-LITE,0
464731955,OFF_TARGET,5.123847974090278,0.058,0.0129416796486186,49.67406408805415,4.0,0.9021683887335654,25.74819129944361,0.0116755742761002,0.1058767783970107,0.0119221510387613,0.0114724061932119,1,-0.485,6.450506777403196,NOVEL,14.23,1.0,1107.0,GSFC-ELEANOR-LITE,0
54279628,OFF_TARGET,3.41768130453353,0.12,0.0298038079428045,47.4396733208642,6.0,1.091783708256879,37.44219074615942,0.0325393119559709,0.5841519114934876,0.0251614672175413,0.0262002115284067,1,-0.495,5.821505537077072,NOVEL,14.26,1.0,1072.0,GSFC-ELEANOR-LITE,0
10066367,INCONCLUSIVE,8.326448942708128,0.12,0.0296485107823539,46.7444210080441,3.0,0.9470789659141884,34.118323773404946,0.0280794809326474,0.0600597135987934,0.0285310483303118,0.0265570904182532,0,0.165,2.206527149952269,NOVEL,14.12,1.0,1072.0,GSFC-ELEANOR-LITE,0
127008114,INCONCLUSIVE,1.119648259224896,0.12,0.0054725379542382,46.60345225387854,20.0,0.9900096009307432,24.51007638988257,0.0054178651161537,3.223426805288556,0.0044811319693535,0.0058283208708049,0,0.495,3.037346696095182,NOVEL,14.46,1.0,1072.0,GSFC-ELEANOR-LITE,0
304817303,OFF_TARGET,12.009009733343072,0.35,0.0151691810138572,39.443998113523726,4.0,0.9445986357847722,21.210039420854823,0.0143287876916617,0.5746153288206794,0.0094019903726582,0.0147023200571499,0,-0.395,4.441511846476597,NOVEL,14.13,2.0,2188.0,GSFC-ELEANOR-LITE,0
329718302,OFF_TARGET,2.046059052375737,0.244,0.0079830099987937,38.011599503581984,13.0,1.027390738376631,20.816017104714746,0.0082016705371287,2.7259705180193365,0.0066283270889004,0.0084670656639692,0,0.485,2.837100411650539,NOVEL,14.85,1.0,1148.0,GSFC-ELEANOR-LITE,0
139841201,OFF_TARGET,0.7441180817671407,0.084,0.0205122928226706,37.48285037611173,27.0,0.9982883124389156,25.032500029073045,0.0204771821861967,6.8440816526609725,0.0136847642125061,0.0228310992304112,0,-0.245,1.964996867585938,NOVEL,14.97,1.0,1062.0,GSFC-ELEANOR-LITE,0
399840488,INCONCLUSIVE,4.519711900745856,0.5,0.0016538136210739,37.06650373972728,11.0,0.7941168174830929,12.572435835008005,0.0013133212094774,0.0885922447943394,0.0012396178318898,0.001352473365896,0,0.175,2.839695084249512,NOVEL,11.44,2.0,2188.0,GSFC-ELEANOR-LITE,0
80735044,INCONCLUSIVE,3.2129009073709707,0.17,0.0057682931224552,36.93209144224375,8.0,1.092364048800286,23.46039280454433,0.006301076029912,5.024388198962625,0.0041763338302464,0.0068636383329812,1,0.285,5.7690720231667285,NOVEL,14.99,1.0,1086.0,GSFC-ELEANOR-LITE,0
139781950,INCONCLUSIVE,1.607944552384427,0.17,0.0040516201063073,34.96966156161853,14.0,0.9240662732385718,23.418823859811116,0.0037439654922138,0.4817991991271286,0.0036851460710081,0.0033482152212642,0,0.485,2.340844335826132,NOVEL,13.57,1.0,1072.0,GSFC-ELEANOR-LITE,0
183356036,UNRESOLVED,7.739473833419185,0.17,0.0011677575482406,33.674563706405685,7.0,1.0260986375798526,25.8170262868934,0.0011982344292733,2.155316481807135,0.0009123525936671,0.0010600135634295,1,0.355,6.851649827738406,NOVEL,9.8,2.0,19770.0,TESS-SPOC,0
165584982,INCONCLUSIVE,9.855556783978146,0.5,0.0027360529775089,31.878038682652114,3.0,1.1149587918548238,13.21975913254014,0.0030505863222541,4.155220622690972,0.0039424823727934,0.0016143896245426,0,-0.415,2.990316021252981,NOVEL,14.66,1.0,1081.0,GSFC-ELEANOR-LITE,0
216579879,INCONCLUSIVE,3.418209785653065,0.17,0.0102699947912747,22.91760062146268,8.0,0.994377274323516,13.035411413185116,0.0102122494278644,1.980883894935882,0.0096820387016615,0.0070799291596691,0,-0.0949999999999999,2.857486192820541,NOVEL,13.55,1.0,1086.0,GSFC-ELEANOR-LITE,0
383339032,OFF_TARGET,2.6109044604416964,0.084,0.0084234331096648,19.270093558217365,8.0,1.0264690000373164,11.158450759908376,0.0086463929609589,0.0213503980821621,0.0075882886495881,0.0074424428645412,0,-0.385,4.90031307936957,NOVEL,12.92,1.0,1081.0,GSFC-ELEANOR-LITE,0
458235655,INCONCLUSIVE,2.2327311655301068,0.5,0.0043662717637647,19.214136246227525,11.0,0.741148130456922,7.058765801130576,0.0032360541547811,0.3638946892902022,0.0033639740692646,0.0029885052587383,0,0.255,2.413256803248526,NOVEL,14.44,1.0,1107.0,GSFC-ELEANOR-LITE,0
159614865,UNRESOLVED,7.1031381224845775,0.17,0.0004760786996938,17.55451012877255,7.0,1.0478800177809129,12.650422068179545,0.0004988733563002,1.988134293371361,0.0003883241431654,0.0005539412011714,0,0.055,2.277649386440974,NOVEL,9.46,3.0,22403.0,TESS-SPOC,0
310710295,INCONCLUSIVE,0.7069556536215386,0.12,0.0320855354646189,12.35772847322735,31.0,0.9685523544340072,7.747075205253103,0.0310765209175325,0.1359525611656324,0.0280922850650962,0.0274944968372914,0,-0.3349999999999999,1.1231753723609148,NOVEL,14.53,1.0,1081.0,GSFC-ELEANOR-LITE,0
